ISO-10303-21;
HEADER;
FILE_DESCRIPTION((''),'2;1');
FILE_NAME('C-1565749-4','2010-08-27T',('workeradm'),('Tyco Electronics Ltd.'),
'PRO/ENGINEER BY PARAMETRIC TECHNOLOGY CORPORATION, 2009300',
'PRO/ENGINEER BY PARAMETRIC TECHNOLOGY CORPORATION, 2009300','');
FILE_SCHEMA(('AUTOMOTIVE_DESIGN { 1 0 10303 214 1 1 1 1 }'));
ENDSEC;
DATA;
#1=DRAUGHTING_PRE_DEFINED_COLOUR('black');
#2=COLOUR_RGB('',0.E0,0.E0,3.6E-1);
#3=COLOUR_RGB('',0.E0,0.E0,4.8E-1);
#4=DRAUGHTING_PRE_DEFINED_COLOUR('blue');
#5=COLOUR_RGB('',0.E0,3.6E-1,9.E-2);
#6=COLOUR_RGB('',0.E0,3.6E-1,2.7E-1);
#7=COLOUR_RGB('',0.E0,5.6E-1,6.4E-1);
#8=COLOUR_RGB('',0.E0,5.8E-1,8.E-1);
#9=COLOUR_RGB('',0.E0,7.1E-1,6.6E-1);
#10=COLOUR_RGB('',0.E0,7.13E-1,0.E0);
#11=COLOUR_RGB('',0.E0,9.5E-1,8.4E-1);
#12=DRAUGHTING_PRE_DEFINED_COLOUR('green');
#13=DRAUGHTING_PRE_DEFINED_COLOUR('cyan');
#14=COLOUR_RGB('',4.E-2,0.E0,1.6E-1);
#15=COLOUR_RGB('',9.E-2,0.E0,1.2E-1);
#16=COLOUR_RGB('',1.E-1,0.E0,2.5E-1);
#17=COLOUR_RGB('',1.6E-1,3.2E-2,0.E0);
#18=COLOUR_RGB('',1.6E-1,4.6E-1,6.5E-1);
#19=COLOUR_RGB('',1.6E-1,1.E0,1.6E-1);
#20=COLOUR_RGB('',2.E-1,3.2E-2,0.E0);
#21=COLOUR_RGB('',3.1E-1,3.1E-1,5.6E-1);
#22=COLOUR_RGB('',3.2E-1,1.5E-1,0.E0);
#23=COLOUR_RGB('',4.E-1,4.E-1,4.E-1);
#24=COLOUR_RGB('',4.2E-1,4.2E-1,1.E0);
#25=COLOUR_RGB('',4.4E-1,8.5E-1,1.E0);
#26=COLOUR_RGB('',4.9E-1,4.9E-1,0.E0);
#27=COLOUR_RGB('',4.9E-1,1.E0,0.E0);
#28=COLOUR_RGB('',5.E-1,0.E0,0.E0);
#29=COLOUR_RGB('',5.E-1,0.E0,2.3E-1);
#30=COLOUR_RGB('',5.E-1,5.E-1,5.E-1);
#31=COLOUR_RGB('',5.3E-1,0.E0,0.E0);
#32=COLOUR_RGB('',5.4E-1,0.E0,4.4E-1);
#33=COLOUR_RGB('',5.5E-1,3.E-1,0.E0);
#34=COLOUR_RGB('',5.6E-1,1.E-1,5.E-2);
#35=COLOUR_RGB('',5.8E-1,2.2E-1,1.E-2);
#36=COLOUR_RGB('',6.E-1,6.E-1,6.E-1);
#37=COLOUR_RGB('',6.2E-1,0.E0,5.5E-1);
#38=COLOUR_RGB('',6.4E-1,0.E0,2.5E-1);
#39=COLOUR_RGB('',6.4E-1,1.E-2,0.E0);
#40=COLOUR_RGB('',6.8E-1,7.5E-1,1.E0);
#41=COLOUR_RGB('',7.1E-1,3.1E-1,0.E0);
#42=COLOUR_RGB('',7.2E-1,7.2E-1,7.2E-1);
#43=COLOUR_RGB('',7.4E-1,1.E0,2.6E-1);
#44=COLOUR_RGB('',7.5E-1,3.E-2,0.E0);
#45=COLOUR_RGB('',7.6E-1,0.E0,4.7E-1);
#46=COLOUR_RGB('',8.1E-1,4.E-2,0.E0);
#47=COLOUR_RGB('',8.1E-1,6.1E-1,0.E0);
#48=COLOUR_RGB('',8.2E-1,4.E-2,6.6E-1);
#49=COLOUR_RGB('',8.5E-1,8.5E-1,8.5E-1);
#50=COLOUR_RGB('',8.784E-1,9.49E-1,1.E0);
#51=COLOUR_RGB('',9.E-1,1.E0,0.E0);
#52=COLOUR_RGB('',9.37E-1,7.85E-1,0.E0);
#53=COLOUR_RGB('',9.5E-1,2.2E-1,8.1E-1);
#54=COLOUR_RGB('',9.6E-1,3.7E-1,3.E-1);
#55=COLOUR_RGB('',9.6E-1,7.1E-1,3.75E-1);
#56=DRAUGHTING_PRE_DEFINED_COLOUR('red');
#57=COLOUR_RGB('',1.E0,0.E0,6.1E-1);
#58=COLOUR_RGB('',1.E0,4.E-2,0.E0);
#59=COLOUR_RGB('',1.E0,2.3E-1,0.E0);
#60=COLOUR_RGB('',1.E0,3.5E-1,5.2E-1);
#61=COLOUR_RGB('',1.E0,3.6E-1,0.E0);
#62=COLOUR_RGB('',1.E0,4.9E-1,3.7E-1);
#63=COLOUR_RGB('',1.E0,5.E-1,0.E0);
#64=COLOUR_RGB('',1.E0,5.6E-1,7.8E-1);
#65=COLOUR_RGB('',1.E0,6.4E-1,4.9E-1);
#66=COLOUR_RGB('',1.E0,6.7E-1,0.E0);
#67=COLOUR_RGB('',1.E0,7.6E-1,6.5E-1);
#68=COLOUR_RGB('',1.E0,8.6E-1,4.E-2);
#69=COLOUR_RGB('',1.E0,9.8E-1,7.2E-1);
#70=DRAUGHTING_PRE_DEFINED_COLOUR('yellow');
#71=DRAUGHTING_PRE_DEFINED_COLOUR('white');
#72=DIRECTION('',(0.E0,1.E0,0.E0));
#73=VECTOR('',#72,6.2E0);
#74=CARTESIAN_POINT('',(6.5E0,-1.925E0,0.E0));
#75=LINE('',#74,#73);
#76=CARTESIAN_POINT('',(5.E0,-1.925E0,0.E0));
#77=DIRECTION('',(0.E0,0.E0,-1.E0));
#78=DIRECTION('',(1.E0,0.E0,0.E0));
#79=AXIS2_PLACEMENT_3D('',#76,#77,#78);
#81=DIRECTION('',(1.E0,0.E0,0.E0));
#82=VECTOR('',#81,1.E1);
#83=CARTESIAN_POINT('',(-5.E0,-3.425E0,0.E0));
#84=LINE('',#83,#82);
#85=CARTESIAN_POINT('',(-5.E0,-1.925E0,0.E0));
#86=DIRECTION('',(0.E0,0.E0,-1.E0));
#87=DIRECTION('',(0.E0,-1.E0,0.E0));
#88=AXIS2_PLACEMENT_3D('',#85,#86,#87);
#90=DIRECTION('',(0.E0,-1.E0,0.E0));
#91=VECTOR('',#90,6.2E0);
#92=CARTESIAN_POINT('',(-6.5E0,4.275E0,0.E0));
#93=LINE('',#92,#91);
#94=CARTESIAN_POINT('',(-5.E0,4.275E0,0.E0));
#95=DIRECTION('',(0.E0,0.E0,1.E0));
#96=DIRECTION('',(0.E0,1.E0,0.E0));
#97=AXIS2_PLACEMENT_3D('',#94,#95,#96);
#99=DIRECTION('',(-1.E0,0.E0,0.E0));
#100=VECTOR('',#99,1.E1);
#101=CARTESIAN_POINT('',(5.E0,5.775E0,0.E0));
#102=LINE('',#101,#100);
#103=CARTESIAN_POINT('',(5.E0,4.275E0,0.E0));
#104=DIRECTION('',(0.E0,0.E0,1.E0));
#105=DIRECTION('',(1.E0,0.E0,0.E0));
#106=AXIS2_PLACEMENT_3D('',#103,#104,#105);
#108=DIRECTION('',(1.E0,0.E0,0.E0));
#109=VECTOR('',#108,1.082842712475E0);
#110=CARTESIAN_POINT('',(-5.782842712475E0,-2.275E0,0.E0));
#111=LINE('',#110,#109);
#112=DIRECTION('',(-1.E0,0.E0,0.E0));
#113=VECTOR('',#112,9.4E0);
#114=CARTESIAN_POINT('',(4.7E0,-2.775E0,0.E0));
#115=LINE('',#114,#113);
#116=DIRECTION('',(1.E0,0.E0,0.E0));
#117=VECTOR('',#116,1.082842712475E0);
#118=CARTESIAN_POINT('',(4.7E0,-2.275E0,0.E0));
#119=LINE('',#118,#117);
#120=DIRECTION('',(-7.071067811865E-1,-7.071067811865E-1,0.E0));
#121=VECTOR('',#120,5.899494936612E-1);
#122=CARTESIAN_POINT('',(6.2E0,-1.857842712475E0,0.E0));
#123=LINE('',#122,#121);
#124=DIRECTION('',(0.E0,-1.E0,0.E0));
#125=VECTOR('',#124,9.656854249492E-1);
#126=CARTESIAN_POINT('',(6.2E0,-8.921572875254E-1,0.E0));
#127=LINE('',#126,#125);
#128=DIRECTION('',(7.071067811866E-1,-7.071067811865E-1,0.E0));
#129=VECTOR('',#128,5.899494936612E-1);
#130=CARTESIAN_POINT('',(5.782842712475E0,-4.75E-1,0.E0));
#131=LINE('',#130,#129);
#132=DIRECTION('',(1.E0,0.E0,0.E0));
#133=VECTOR('',#132,5.828427124746E-1);
#134=CARTESIAN_POINT('',(5.2E0,-4.75E-1,0.E0));
#135=LINE('',#134,#133);
#136=DIRECTION('',(0.E0,-1.E0,0.E0));
#137=VECTOR('',#136,1.3E0);
#138=CARTESIAN_POINT('',(5.2E0,8.25E-1,0.E0));
#139=LINE('',#138,#137);
#140=DIRECTION('',(1.E0,0.E0,0.E0));
#141=VECTOR('',#140,2.E-1);
#142=CARTESIAN_POINT('',(5.E0,8.25E-1,0.E0));
#143=LINE('',#142,#141);
#144=DIRECTION('',(0.E0,-1.E0,0.E0));
#145=VECTOR('',#144,5.E-1);
#146=CARTESIAN_POINT('',(5.E0,1.325E0,0.E0));
#147=LINE('',#146,#145);
#148=DIRECTION('',(-1.E0,0.E0,0.E0));
#149=VECTOR('',#148,2.E-1);
#150=CARTESIAN_POINT('',(5.2E0,1.325E0,0.E0));
#151=LINE('',#150,#149);
#152=DIRECTION('',(0.E0,-1.E0,0.E0));
#153=VECTOR('',#152,9.5E-1);
#154=CARTESIAN_POINT('',(5.2E0,2.275E0,0.E0));
#155=LINE('',#154,#153);
#156=DIRECTION('',(1.E0,0.E0,0.E0));
#157=VECTOR('',#156,7.E-1);
#158=CARTESIAN_POINT('',(4.5E0,2.275E0,0.E0));
#159=LINE('',#158,#157);
#160=DIRECTION('',(0.E0,1.E0,0.E0));
#161=VECTOR('',#160,2.E-1);
#162=CARTESIAN_POINT('',(4.5E0,2.075E0,0.E0));
#163=LINE('',#162,#161);
#164=DIRECTION('',(1.E0,0.E0,0.E0));
#165=VECTOR('',#164,5.E-1);
#166=CARTESIAN_POINT('',(4.E0,2.075E0,0.E0));
#167=LINE('',#166,#165);
#168=DIRECTION('',(0.E0,-1.E0,0.E0));
#169=VECTOR('',#168,2.E-1);
#170=CARTESIAN_POINT('',(4.E0,2.275E0,0.E0));
#171=LINE('',#170,#169);
#172=DIRECTION('',(-1.E0,0.E0,0.E0));
#173=VECTOR('',#172,3.E-1);
#174=CARTESIAN_POINT('',(4.E0,2.275E0,0.E0));
#175=LINE('',#174,#173);
#176=DIRECTION('',(0.E0,1.E0,0.E0));
#177=VECTOR('',#176,2.6E0);
#178=CARTESIAN_POINT('',(3.7E0,2.275E0,0.E0));
#179=LINE('',#178,#177);
#180=DIRECTION('',(1.E0,0.E0,0.E0));
#181=VECTOR('',#180,5.860373568777E0);
#182=CARTESIAN_POINT('',(-2.930186784389E0,4.805186784389E0,0.E0));
#183=LINE('',#182,#181);
#184=DIRECTION('',(0.E0,-1.E0,0.E0));
#185=VECTOR('',#184,2.6E0);
#186=CARTESIAN_POINT('',(-3.7E0,4.875E0,0.E0));
#187=LINE('',#186,#185);
#188=DIRECTION('',(-1.E0,0.E0,0.E0));
#189=VECTOR('',#188,3.E-1);
#190=CARTESIAN_POINT('',(-3.7E0,2.275E0,0.E0));
#191=LINE('',#190,#189);
#192=DIRECTION('',(0.E0,1.E0,0.E0));
#193=VECTOR('',#192,2.E-1);
#194=CARTESIAN_POINT('',(-4.E0,2.075E0,0.E0));
#195=LINE('',#194,#193);
#196=DIRECTION('',(1.E0,0.E0,0.E0));
#197=VECTOR('',#196,5.E-1);
#198=CARTESIAN_POINT('',(-4.5E0,2.075E0,0.E0));
#199=LINE('',#198,#197);
#200=DIRECTION('',(0.E0,-1.E0,0.E0));
#201=VECTOR('',#200,2.E-1);
#202=CARTESIAN_POINT('',(-4.5E0,2.275E0,0.E0));
#203=LINE('',#202,#201);
#204=DIRECTION('',(1.E0,0.E0,0.E0));
#205=VECTOR('',#204,7.E-1);
#206=CARTESIAN_POINT('',(-5.2E0,2.275E0,0.E0));
#207=LINE('',#206,#205);
#208=DIRECTION('',(0.E0,1.E0,0.E0));
#209=VECTOR('',#208,9.5E-1);
#210=CARTESIAN_POINT('',(-5.2E0,1.325E0,0.E0));
#211=LINE('',#210,#209);
#212=DIRECTION('',(-1.E0,0.E0,0.E0));
#213=VECTOR('',#212,2.E-1);
#214=CARTESIAN_POINT('',(-5.E0,1.325E0,0.E0));
#215=LINE('',#214,#213);
#216=DIRECTION('',(0.E0,1.E0,0.E0));
#217=VECTOR('',#216,5.E-1);
#218=CARTESIAN_POINT('',(-5.E0,8.25E-1,0.E0));
#219=LINE('',#218,#217);
#220=DIRECTION('',(1.E0,0.E0,0.E0));
#221=VECTOR('',#220,2.E-1);
#222=CARTESIAN_POINT('',(-5.2E0,8.25E-1,0.E0));
#223=LINE('',#222,#221);
#224=DIRECTION('',(0.E0,1.E0,0.E0));
#225=VECTOR('',#224,1.3E0);
#226=CARTESIAN_POINT('',(-5.2E0,-4.75E-1,0.E0));
#227=LINE('',#226,#225);
#228=DIRECTION('',(1.E0,0.E0,0.E0));
#229=VECTOR('',#228,5.828427124746E-1);
#230=CARTESIAN_POINT('',(-5.782842712475E0,-4.75E-1,0.E0));
#231=LINE('',#230,#229);
#232=DIRECTION('',(7.071067811865E-1,7.071067811865E-1,0.E0));
#233=VECTOR('',#232,5.899494936612E-1);
#234=CARTESIAN_POINT('',(-6.2E0,-8.921572875254E-1,0.E0));
#235=LINE('',#234,#233);
#236=DIRECTION('',(0.E0,1.E0,0.E0));
#237=VECTOR('',#236,9.656854249492E-1);
#238=CARTESIAN_POINT('',(-6.2E0,-1.857842712475E0,0.E0));
#239=LINE('',#238,#237);
#240=DIRECTION('',(-7.071067811865E-1,7.071067811865E-1,0.E0));
#241=VECTOR('',#240,5.899494936612E-1);
#242=CARTESIAN_POINT('',(-5.782842712475E0,-2.275E0,0.E0));
#243=LINE('',#242,#241);
#244=CARTESIAN_POINT('',(6.5E0,4.275E0,-5.E-1));
#245=DIRECTION('',(0.E0,1.E0,0.E0));
#246=DIRECTION('',(0.E0,0.E0,1.E0));
#247=AXIS2_PLACEMENT_3D('',#244,#245,#246);
#249=CARTESIAN_POINT('',(5.E0,5.775E0,-5.E-1));
#250=DIRECTION('',(-1.E0,0.E0,0.E0));
#251=DIRECTION('',(0.E0,0.E0,1.E0));
#252=AXIS2_PLACEMENT_3D('',#249,#250,#251);
#254=CARTESIAN_POINT('',(-5.E0,5.775E0,-5.E-1));
#255=DIRECTION('',(-1.E0,0.E0,0.E0));
#256=DIRECTION('',(0.E0,0.E0,1.E0));
#257=AXIS2_PLACEMENT_3D('',#254,#255,#256);
#259=CARTESIAN_POINT('',(-6.5E0,4.275E0,-5.E-1));
#260=DIRECTION('',(0.E0,-1.E0,0.E0));
#261=DIRECTION('',(0.E0,0.E0,1.E0));
#262=AXIS2_PLACEMENT_3D('',#259,#260,#261);
#264=CARTESIAN_POINT('',(-6.5E0,-1.925E0,-5.E-1));
#265=DIRECTION('',(0.E0,-1.E0,0.E0));
#266=DIRECTION('',(0.E0,0.E0,1.E0));
#267=AXIS2_PLACEMENT_3D('',#264,#265,#266);
#269=DIRECTION('',(0.E0,1.E0,0.E0));
#270=VECTOR('',#269,1.999999999901E0);
#271=CARTESIAN_POINT('',(-7.E0,-3.924999999901E0,-1.06E1));
#272=LINE('',#271,#270);
#273=DIRECTION('',(0.E0,0.E0,-1.E0));
#274=VECTOR('',#273,2.549999999959E0);
#275=CARTESIAN_POINT('',(-7.E0,-5.725E0,-1.555000000004E1));
#276=LINE('',#275,#274);
#277=DIRECTION('',(0.E0,-1.E0,0.E0));
#278=VECTOR('',#277,1.2E0);
#279=CARTESIAN_POINT('',(-7.E0,-4.525E0,-1.81E1));
#280=LINE('',#279,#278);
#281=DIRECTION('',(0.E0,1.E0,0.E0));
#282=VECTOR('',#281,8.799999999665E0);
#283=CARTESIAN_POINT('',(-7.E0,-4.525E0,-1.65E1));
#284=LINE('',#283,#282);
#285=DIRECTION('',(0.E0,1.046318587328E-11,1.E0));
#286=VECTOR('',#285,1.6E1);
#287=CARTESIAN_POINT('',(-7.E0,4.274999999665E0,-1.65E1));
#288=LINE('',#287,#286);
#289=DIRECTION('',(0.E0,-1.E0,0.E0));
#290=VECTOR('',#289,6.199999999671E0);
#291=CARTESIAN_POINT('',(-7.E0,4.274999999833E0,-5.E-1));
#292=LINE('',#291,#290);
#293=DIRECTION('',(0.E0,-2.731618554897E-11,-1.E0));
#294=VECTOR('',#293,5.928427124746E0);
#295=CARTESIAN_POINT('',(-7.E0,-1.924999999838E0,-5.E-1));
#296=LINE('',#295,#294);
#297=DIRECTION('',(0.E0,7.071067811865E-1,7.071067811865E-1));
#298=VECTOR('',#297,2.828427124746E0);
#299=CARTESIAN_POINT('',(-7.E0,-3.925E0,-8.428427124746E0));
#300=LINE('',#299,#298);
#301=DIRECTION('',(0.E0,-4.559803653244E-11,1.E0));
#302=VECTOR('',#301,2.171572875254E0);
#303=CARTESIAN_POINT('',(-7.E0,-3.924999999901E0,-1.06E1));
#304=LINE('',#303,#302);
#305=CARTESIAN_POINT('',(-6.7E0,-3.925E0,-1.06E1));
#306=DIRECTION('',(0.E0,1.E0,0.E0));
#307=DIRECTION('',(0.E0,0.E0,-1.E0));
#308=AXIS2_PLACEMENT_3D('',#305,#306,#307);
#310=CARTESIAN_POINT('',(-6.7E0,-2.978565375285E0,-1.09E1));
#311=CARTESIAN_POINT('',(-6.731218307976E0,-2.928192494016E0,-1.09E1));
#312=CARTESIAN_POINT('',(-6.792528756312E0,-2.819183903461E0,
-1.089022726343E1));
#313=CARTESIAN_POINT('',(-6.874525148462E0,-2.632908558899E0,
-1.084965012013E1));
#314=CARTESIAN_POINT('',(-6.941636335187E0,-2.422475312E0,-1.078576628656E1));
#315=CARTESIAN_POINT('',(-6.987679102653E0,-2.188977310653E0,
-1.070212472364E1));
#316=CARTESIAN_POINT('',(-7.E0,-2.015645642864E0,-1.063510690652E1));
#317=CARTESIAN_POINT('',(-7.E0,-1.925E0,-1.06E1));
#319=DIRECTION('',(0.E0,1.E0,0.E0));
#320=VECTOR('',#319,9.464346247147E-1);
#321=CARTESIAN_POINT('',(-6.7E0,-3.925E0,-1.09E1));
#322=LINE('',#321,#320);
#323=CARTESIAN_POINT('',(-5.E0,-3.925E0,-1.09E1));
#324=DIRECTION('',(0.E0,0.E0,-1.E0));
#325=DIRECTION('',(-1.764728844113E-1,-9.843055018984E-1,0.E0));
#326=AXIS2_PLACEMENT_3D('',#323,#324,#325);
#328=DIRECTION('',(0.E0,-1.E0,0.E0));
#329=VECTOR('',#328,1.695942441683E0);
#330=CARTESIAN_POINT('',(-5.3E0,-3.902371993329E0,-1.09E1));
#331=LINE('',#330,#329);
#332=CARTESIAN_POINT('',(-5.000000007928E0,-3.925000009269E0,
-1.060004223437E1));
#333=CARTESIAN_POINT('',(-5.000000007928E0,-3.925000009269E0,
-1.062592654917E1));
#334=CARTESIAN_POINT('',(-5.006636294540E0,-3.925019658911E0,
-1.067788760559E1));
#335=CARTESIAN_POINT('',(-5.037625689802E0,-3.924776884956E0,
-1.075257982437E1));
#336=CARTESIAN_POINT('',(-5.085617453054E0,-3.923417103263E0,
-1.081456255971E1));
#337=CARTESIAN_POINT('',(-5.147650182886E0,-3.919944272407E0,
-1.086249980677E1));
#338=CARTESIAN_POINT('',(-5.222228922515E0,-3.913124906805E0,
-1.089338634500E1));
#339=CARTESIAN_POINT('',(-5.274160199676E0,-3.906292317943E0,-1.09E1));
#340=CARTESIAN_POINT('',(-5.3E0,-3.902371993329E0,-1.09E1));
#342=CARTESIAN_POINT('',(-5.3E0,-5.598320053068E0,-1.06E1));
#343=DIRECTION('',(0.E0,-1.E0,0.E0));
#344=DIRECTION('',(0.E0,0.E0,-1.E0));
#345=AXIS2_PLACEMENT_3D('',#342,#343,#344);
#347=CARTESIAN_POINT('',(-5.3E0,-5.598320053068E0,-1.06E1));
#348=DIRECTION('',(9.843059135695E-1,-1.764705882353E-1,0.E0));
#349=DIRECTION('',(-1.764705882353E-1,-9.843059135695E-1,0.E0));
#350=AXIS2_PLACEMENT_3D('',#347,#348,#349);
#352=CARTESIAN_POINT('',(-5.3E0,-5.598320053068E0,-1.06E1));
#353=DIRECTION('',(0.E0,0.E0,-1.E0));
#354=DIRECTION('',(1.E0,0.E0,0.E0));
#355=AXIS2_PLACEMENT_3D('',#352,#353,#354);
#357=CARTESIAN_POINT('',(-5.3E0,-5.598320053068E0,-7.735314894511E0));
#358=DIRECTION('',(0.E0,0.E0,-1.E0));
#359=DIRECTION('',(9.999999999991E-1,-1.333058152753E-6,0.E0));
#360=AXIS2_PLACEMENT_3D('',#357,#358,#359);
#362=DIRECTION('',(-3.644394740641E-13,-7.071070451913E-1,-7.071065171817E-1));
#363=VECTOR('',#362,2.366432033038E0);
#364=CARTESIAN_POINT('',(-5.E0,-3.925E0,-6.061995354499E0));
#365=LINE('',#364,#363);
#366=DIRECTION('',(4.737732329763E-9,-9.999999996815E-1,2.523986335775E-5));
#367=VECTOR('',#366,1.673320136046E0);
#368=CARTESIAN_POINT('',(-5.000000007928E0,-3.925000009269E0,
-1.060004223437E1));
#369=LINE('',#368,#367);
#370=DIRECTION('',(3.010527180642E-13,2.156417418902E-7,-1.E0));
#371=VECTOR('',#370,2.864685132472E0);
#372=CARTESIAN_POINT('',(-5.000000000001E0,-5.598320762528E0,
-7.735314867528E0));
#373=LINE('',#372,#371);
#374=CARTESIAN_POINT('',(-5.352941176471E0,-3.893611827139E0,
-5.613001406897E0));
#375=CARTESIAN_POINT('',(-5.331833103551E0,-3.897396173035E0,
-5.611433879502E0));
#376=CARTESIAN_POINT('',(-5.287514483075E0,-3.904626262808E0,
-5.614112111056E0));
#377=CARTESIAN_POINT('',(-5.218191821360E0,-3.913482508019E0,
-5.637988648676E0));
#378=CARTESIAN_POINT('',(-5.149265856509E0,-3.919774896770E0,
-5.684967918259E0));
#379=CARTESIAN_POINT('',(-5.090409483828E0,-3.923192906740E0,
-5.750739314364E0));
#380=CARTESIAN_POINT('',(-5.042252721183E0,-3.924697441089E0,
-5.835326377164E0));
#381=CARTESIAN_POINT('',(-5.008582194546E0,-3.925024231717E0,
-5.940532321184E0));
#382=CARTESIAN_POINT('',(-5.E0,-3.925E0,-6.020262539065E0));
#383=CARTESIAN_POINT('',(-5.E0,-3.925E0,-6.061995354499E0));
#385=CARTESIAN_POINT('',(-5.3E0,-5.598320206735E0,-7.735315418241E0));
#386=DIRECTION('',(0.E0,-7.071067811865E-1,-7.071067811865E-1));
#387=DIRECTION('',(9.999999999992E-1,-8.762417517498E-7,8.762417517498E-7));
#388=AXIS2_PLACEMENT_3D('',#385,#386,#387);
#390=CARTESIAN_POINT('',(-5.299980925668E0,-5.598324106194E0,
-7.735313585715E0));
#391=DIRECTION('',(9.816891983786E-1,-1.759895155371E-1,7.289724417094E-2));
#392=DIRECTION('',(-1.764589823164E-1,-6.960107590424E-1,6.960109559892E-1));
#393=AXIS2_PLACEMENT_3D('',#390,#391,#392);
#395=CARTESIAN_POINT('',(-7.E0,-3.925E0,-8.428427124746E0));
#396=CARTESIAN_POINT('',(-6.999959243957E0,-4.043040358064E0,
-8.386849441110E0));
#397=CARTESIAN_POINT('',(-6.979200449122E0,-4.279240741714E0,
-8.303712560251E0));
#398=CARTESIAN_POINT('',(-6.884430925149E0,-4.626299391792E0,
-8.181510068041E0));
#399=CARTESIAN_POINT('',(-6.730383334785E0,-4.948631658144E0,
-8.068026498905E0));
#400=CARTESIAN_POINT('',(-6.523919069632E0,-5.236015246502E0,
-7.966845159499E0));
#401=CARTESIAN_POINT('',(-6.274095218202E0,-5.479530955465E0,
-7.881105874603E0));
#402=CARTESIAN_POINT('',(-5.989670671213E0,-5.674241569405E0,
-7.812553692357E0));
#403=CARTESIAN_POINT('',(-5.678405670624E0,-5.816582234115E0,
-7.762435107126E0));
#404=CARTESIAN_POINT('',(-5.461949342368E0,-5.874073014573E0,
-7.742193856334E0));
#405=CARTESIAN_POINT('',(-5.352931490473E0,-5.893613934234E0,
-7.735314935995E0));
#407=CARTESIAN_POINT('',(-5.352929262010E0,-5.807124915807E0,
-7.526510948557E0));
#408=CARTESIAN_POINT('',(-5.461947190645E0,-5.788443590283E0,
-7.535465025491E0));
#409=CARTESIAN_POINT('',(-5.678407565986E0,-5.733477565922E0,
-7.561803975819E0));
#410=CARTESIAN_POINT('',(-5.989670397828E0,-5.597386978489E0,
-7.627012968484E0));
#411=CARTESIAN_POINT('',(-6.274095576182E0,-5.411233466864E0,
-7.716222158428E0));
#412=CARTESIAN_POINT('',(-6.523919122650E0,-5.178414689214E0,
-7.827786351941E0));
#413=CARTESIAN_POINT('',(-6.730383744943E0,-4.903659297544E0,
-7.959453613749E0));
#414=CARTESIAN_POINT('',(-6.884430907705E0,-4.595489857243E0,
-8.107129939441E0));
#415=CARTESIAN_POINT('',(-6.979200483381E0,-4.263672467643E0,
-8.266127715961E0));
#416=CARTESIAN_POINT('',(-6.999959243972E0,-4.037866957948E0,
-8.374359869145E0));
#417=CARTESIAN_POINT('',(-7.E0,-3.925E0,-8.428427124746E0));
#419=CARTESIAN_POINT('',(-5.E0,-3.925E0,-1.06E1));
#420=DIRECTION('',(0.E0,0.E0,-1.E0));
#421=DIRECTION('',(-1.764667983175E-1,-9.843065930347E-1,0.E0));
#422=AXIS2_PLACEMENT_3D('',#419,#420,#421);
#424=DIRECTION('',(-2.719684273497E-6,6.169481690081E-7,-9.999999999961E-1));
#425=VECTOR('',#424,2.864685064016E0);
#426=CARTESIAN_POINT('',(-5.352931490473E0,-5.893613934234E0,
-7.735314935995E0));
#427=LINE('',#426,#425);
#428=DIRECTION('',(4.402794002483E-6,-7.071074365487E-1,-7.071061258100E-1));
#429=VECTOR('',#428,2.706113653687E0);
#430=CARTESIAN_POINT('',(-5.352941176471E0,-3.893611827139E0,
-5.613001406897E0));
#431=LINE('',#430,#429);
#432=CARTESIAN_POINT('',(-5.352941176471E0,-3.893611827139E0,
-5.613001406897E0));
#433=CARTESIAN_POINT('',(-5.459782821430E0,-3.874456798530E0,
-5.620935679534E0));
#434=CARTESIAN_POINT('',(-5.669036532975E0,-3.818951030478E0,
-5.643926921452E0));
#435=CARTESIAN_POINT('',(-5.962045998550E0,-3.688044298217E0,
-5.698150265360E0));
#436=CARTESIAN_POINT('',(-6.227507674055E0,-3.514435259167E0,
-5.770061483885E0));
#437=CARTESIAN_POINT('',(-6.459813998281E0,-3.303866177945E0,
-5.857282053144E0));
#438=CARTESIAN_POINT('',(-6.654510824003E0,-3.062634302533E0,
-5.957203567616E0));
#439=CARTESIAN_POINT('',(-6.808295839422E0,-2.797359340564E0,
-6.067084054622E0));
#440=CARTESIAN_POINT('',(-6.918974777652E0,-2.514814954947E0,
-6.184117771117E0));
#441=CARTESIAN_POINT('',(-6.985383831842E0,-2.221661237583E0,
-6.305546016709E0));
#442=CARTESIAN_POINT('',(-7.E0,-2.023714745559E0,-6.387538138330E0));
#443=CARTESIAN_POINT('',(-7.E0,-1.925E0,-6.428427124746E0));
#445=DIRECTION('',(-3.415673252286E-11,0.E0,-1.E0));
#446=VECTOR('',#445,5.561995354499E0);
#447=CARTESIAN_POINT('',(-4.999999999810E0,-3.925E0,-5.E-1));
#448=LINE('',#447,#446);
#449=DIRECTION('',(-2.152251209114E-9,2.268760278285E-9,1.E0));
#450=VECTOR('',#449,4.538051666861E0);
#451=CARTESIAN_POINT('',(5.000000009767E0,-3.925000010296E0,-1.060004687837E1));
#452=LINE('',#451,#450);
#453=CARTESIAN_POINT('',(4.E0,-3.925E0,-1.555E1));
#454=DIRECTION('',(0.E0,1.E0,0.E0));
#455=DIRECTION('',(3.122498999200E-1,0.E0,9.5E-1));
#456=AXIS2_PLACEMENT_3D('',#453,#454,#455);
#458=DIRECTION('',(1.E0,0.E0,0.E0));
#459=VECTOR('',#458,1.873499399520E0);
#460=CARTESIAN_POINT('',(3.063250300240E0,-3.925E0,-1.27E1));
#461=LINE('',#460,#459);
#462=CARTESIAN_POINT('',(4.E0,-3.925E0,-1.555E1));
#463=DIRECTION('',(0.E0,1.E0,0.E0));
#464=DIRECTION('',(-1.E0,0.E0,0.E0));
#465=AXIS2_PLACEMENT_3D('',#462,#463,#464);
#467=DIRECTION('',(0.E0,0.E0,1.E0));
#468=VECTOR('',#467,1.45E0);
#469=CARTESIAN_POINT('',(9.999999999998E-1,-3.925E0,-1.7E1));
#470=LINE('',#469,#468);
#471=DIRECTION('',(0.E0,0.E0,1.E0));
#472=VECTOR('',#471,1.45E0);
#473=CARTESIAN_POINT('',(-9.999999999998E-1,-3.925E0,-1.7E1));
#474=LINE('',#473,#472);
#475=CARTESIAN_POINT('',(-4.E0,-3.925E0,-1.555E1));
#476=DIRECTION('',(0.E0,1.E0,0.E0));
#477=DIRECTION('',(3.122498999200E-1,0.E0,9.5E-1));
#478=AXIS2_PLACEMENT_3D('',#475,#476,#477);
#480=DIRECTION('',(1.E0,0.E0,0.E0));
#481=VECTOR('',#480,1.873499399520E0);
#482=CARTESIAN_POINT('',(-4.936749699760E0,-3.925E0,-1.27E1));
#483=LINE('',#482,#481);
#484=CARTESIAN_POINT('',(-4.E0,-3.925E0,-1.555E1));
#485=DIRECTION('',(0.E0,1.E0,0.E0));
#486=DIRECTION('',(-3.333333333334E-1,0.E0,9.428090415821E-1));
#487=AXIS2_PLACEMENT_3D('',#484,#485,#486);
#489=DIRECTION('',(-1.746950420841E-9,-2.042494119184E-9,-1.E0));
#490=VECTOR('',#489,4.538046879873E0);
#491=CARTESIAN_POINT('',(-5.E0,-3.925E0,-6.061995354499E0));
#492=LINE('',#491,#490);
#493=DIRECTION('',(1.E0,0.E0,0.E0));
#494=VECTOR('',#493,9.999999999648E0);
#495=CARTESIAN_POINT('',(-4.999999999810E0,-3.925E0,-5.E-1));
#496=LINE('',#495,#494);
#497=DIRECTION('',(-2.911573367214E-11,0.E0,1.E0));
#498=VECTOR('',#497,5.561995211506E0);
#499=CARTESIAN_POINT('',(5.E0,-3.925E0,-6.061995211506E0));
#500=LINE('',#499,#498);
#501=DIRECTION('',(3.382238402934E-6,7.071073014455E-1,7.071062609191E-1));
#502=VECTOR('',#501,2.706113546754E0);
#503=CARTESIAN_POINT('',(5.352932023749E0,-5.807124474590E0,-7.526511238565E0));
#504=LINE('',#503,#502);
#505=CARTESIAN_POINT('',(7.E0,-1.925E0,-6.428427124746E0));
#506=CARTESIAN_POINT('',(7.E0,-2.023714745559E0,-6.387538138330E0));
#507=CARTESIAN_POINT('',(6.985383831842E0,-2.221661237583E0,-6.305546016709E0));
#508=CARTESIAN_POINT('',(6.918974777652E0,-2.514814954947E0,-6.184117771117E0));
#509=CARTESIAN_POINT('',(6.808295839422E0,-2.797359340564E0,-6.067084054622E0));
#510=CARTESIAN_POINT('',(6.654510824003E0,-3.062634302533E0,-5.957203567616E0));
#511=CARTESIAN_POINT('',(6.459813998281E0,-3.303866177945E0,-5.857282053144E0));
#512=CARTESIAN_POINT('',(6.227507674055E0,-3.514435259167E0,-5.770061483885E0));
#513=CARTESIAN_POINT('',(5.962045998550E0,-3.688044298217E0,-5.698150265360E0));
#514=CARTESIAN_POINT('',(5.669036532975E0,-3.818951030478E0,-5.643926921452E0));
#515=CARTESIAN_POINT('',(5.459782821430E0,-3.874456798530E0,-5.620935679534E0));
#516=CARTESIAN_POINT('',(5.352941176471E0,-3.893611827139E0,-5.613001406897E0));
#518=CARTESIAN_POINT('',(5.3E0,-5.598320392650E0,-7.735315604156E0));
#519=DIRECTION('',(0.E0,7.071067811865E-1,7.071067811865E-1));
#520=DIRECTION('',(-9.999999999992E-1,-8.782291575452E-7,8.782291575452E-7));
#521=AXIS2_PLACEMENT_3D('',#518,#519,#520);
#523=CARTESIAN_POINT('',(5.E0,-3.925E0,-6.061995211506E0));
#524=CARTESIAN_POINT('',(5.E0,-3.925E0,-6.020262396073E0));
#525=CARTESIAN_POINT('',(5.008582194546E0,-3.925024231717E0,-5.940532387547E0));
#526=CARTESIAN_POINT('',(5.042252721183E0,-3.924697441089E0,-5.835326359382E0));
#527=CARTESIAN_POINT('',(5.090409483828E0,-3.923192906740E0,-5.750739319129E0));
#528=CARTESIAN_POINT('',(5.149265856509E0,-3.919774896770E0,-5.684967916982E0));
#529=CARTESIAN_POINT('',(5.218191821360E0,-3.913482508019E0,-5.637988649020E0));
#530=CARTESIAN_POINT('',(5.287514483075E0,-3.904626262808E0,-5.614112110958E0));
#531=CARTESIAN_POINT('',(5.331833103551E0,-3.897396173035E0,-5.611433879502E0));
#532=CARTESIAN_POINT('',(5.352941176471E0,-3.893611827139E0,-5.613001406897E0));
#534=CARTESIAN_POINT('',(5.3E0,-5.598320053068E0,-7.735315143984E0));
#535=DIRECTION('',(0.E0,0.E0,1.E0));
#536=DIRECTION('',(-9.999999999991E-1,-1.335986074362E-6,0.E0));
#537=AXIS2_PLACEMENT_3D('',#534,#535,#536);
#539=CARTESIAN_POINT('',(5.299980872711E0,-5.598324117124E0,-7.735313581188E0));
#540=DIRECTION('',(-9.816892048871E-1,-1.759894845492E-1,7.289723133530E-2));
#541=DIRECTION('',(1.764589196005E-1,-9.843080055009E-1,-5.768103813065E-7));
#542=AXIS2_PLACEMENT_3D('',#539,#540,#541);
#544=CARTESIAN_POINT('',(7.E0,-3.925E0,-8.428427124746E0));
#545=CARTESIAN_POINT('',(6.999958805207E0,-4.037867027631E0,-8.374360010441E0));
#546=CARTESIAN_POINT('',(6.979200687955E0,-4.263672456347E0,-8.266127678481E0));
#547=CARTESIAN_POINT('',(6.884430850597E0,-4.595489869060E0,-8.107129941435E0));
#548=CARTESIAN_POINT('',(6.730383746280E0,-4.903659313473E0,-7.959453609531E0));
#549=CARTESIAN_POINT('',(6.523919129384E0,-5.178414697352E0,-7.827786342776E0));
#550=CARTESIAN_POINT('',(6.274095465479E0,-5.411233499659E0,-7.716222144963E0));
#551=CARTESIAN_POINT('',(5.989670718668E0,-5.597386936139E0,-7.627012994814E0));
#552=CARTESIAN_POINT('',(5.678406235339E0,-5.733477782626E0,-7.561803837593E0));
#553=CARTESIAN_POINT('',(5.461949952474E0,-5.788443161162E0,-7.535465313153E0));
#554=CARTESIAN_POINT('',(5.352932023749E0,-5.807124474590E0,-7.526511238565E0));
#556=CARTESIAN_POINT('',(5.352928502406E0,-5.893614500860E0,-7.735314788666E0));
#557=CARTESIAN_POINT('',(5.461946353566E0,-5.874073592628E0,-7.742193703617E0));
#558=CARTESIAN_POINT('',(5.678407030600E0,-5.816581974596E0,-7.762435172329E0));
#559=CARTESIAN_POINT('',(5.989670286781E0,-5.674241649334E0,-7.812553672928E0));
#560=CARTESIAN_POINT('',(6.274095307782E0,-5.479530945178E0,-7.881105874687E0));
#561=CARTESIAN_POINT('',(6.523919031552E0,-5.236015260372E0,-7.966845155429E0));
#562=CARTESIAN_POINT('',(6.730383352274E0,-4.948631665597E0,-8.068026500487E0));
#563=CARTESIAN_POINT('',(6.884430866587E0,-4.626299393249E0,-8.181510053504E0));
#564=CARTESIAN_POINT('',(6.979200654827E0,-4.279240758160E0,-8.303712597338E0));
#565=CARTESIAN_POINT('',(6.999958805192E0,-4.043040306613E0,-8.386849292211E0));
#566=CARTESIAN_POINT('',(7.E0,-3.925E0,-8.428427124746E0));
#568=CARTESIAN_POINT('',(5.E0,-3.925E0,-1.06E1));
#569=DIRECTION('',(0.E0,0.E0,1.E0));
#570=DIRECTION('',(1.764667885292E-1,-9.843065947895E-1,0.E0));
#571=AXIS2_PLACEMENT_3D('',#568,#569,#570);
#573=DIRECTION('',(-3.761045688336E-6,-8.144387902294E-7,9.999999999926E-1));
#574=VECTOR('',#573,2.864685211355E0);
#575=CARTESIAN_POINT('',(5.352939276618E0,-5.893612167749E0,-1.06E1));
#576=LINE('',#575,#574);
#577=CARTESIAN_POINT('',(6.7E0,-3.925E0,-1.06E1));
#578=DIRECTION('',(0.E0,1.E0,0.E0));
#579=DIRECTION('',(1.E0,0.E0,0.E0));
#580=AXIS2_PLACEMENT_3D('',#577,#578,#579);
#582=CARTESIAN_POINT('',(7.E0,-1.925E0,-1.06E1));
#583=CARTESIAN_POINT('',(7.E0,-1.973820958931E0,-1.061890827609E1));
#584=CARTESIAN_POINT('',(6.996467424190E0,-2.072912582107E0,-1.065729808706E1));
#585=CARTESIAN_POINT('',(6.979029598876E0,-2.227894870671E0,-1.071590251181E1));
#586=CARTESIAN_POINT('',(6.949124482242E0,-2.382051001844E0,-1.077098699680E1));
#587=CARTESIAN_POINT('',(6.908950538474E0,-2.527574898706E0,-1.081814992860E1));
#588=CARTESIAN_POINT('',(6.860273061857E0,-2.664227265104E0,-1.085621239331E1));
#589=CARTESIAN_POINT('',(6.797611203601E0,-2.807341175922E0,-1.088734422301E1));
#590=CARTESIAN_POINT('',(6.736180519886E0,-2.920185624727E0,-1.09E1));
#591=CARTESIAN_POINT('',(6.7E0,-2.978565375285E0,-1.09E1));
#593=DIRECTION('',(0.E0,1.E0,0.E0));
#594=VECTOR('',#593,9.464346247147E-1);
#595=CARTESIAN_POINT('',(6.7E0,-3.925E0,-1.09E1));
#596=LINE('',#595,#594);
#597=DIRECTION('',(0.E0,-1.E0,0.E0));
#598=VECTOR('',#597,1.695944115386E0);
#599=CARTESIAN_POINT('',(5.3E0,-3.902371993329E0,-1.09E1));
#600=LINE('',#599,#598);
#601=CARTESIAN_POINT('',(5.E0,-3.925E0,-1.09E1));
#602=DIRECTION('',(0.E0,0.E0,1.E0));
#603=DIRECTION('',(1.764722003401E-1,-9.843056245431E-1,0.E0));
#604=AXIS2_PLACEMENT_3D('',#601,#602,#603);
#606=CARTESIAN_POINT('',(5.E0,-1.925E0,-1.09E1));
#607=DIRECTION('',(0.E0,0.E0,1.E0));
#608=DIRECTION('',(1.5E-1,-9.886859966643E-1,0.E0));
#609=AXIS2_PLACEMENT_3D('',#606,#607,#608);
#611=DIRECTION('',(0.E0,0.E0,-1.E0));
#612=VECTOR('',#611,4.95E0);
#613=CARTESIAN_POINT('',(7.E0,-1.925E0,-1.06E1));
#614=LINE('',#613,#612);
#615=CARTESIAN_POINT('',(7.E0,-1.925E0,-1.555E1));
#616=CARTESIAN_POINT('',(7.E0,-2.008979433796E0,-1.544714661916E1));
#617=CARTESIAN_POINT('',(6.989531180812E0,-2.178871268555E0,-1.523908183252E1));
#618=CARTESIAN_POINT('',(6.938737864425E0,-2.440215722134E0,-1.491768084001E1));
#619=CARTESIAN_POINT('',(6.852034394862E0,-2.695844021252E0,-1.460039424619E1));
#620=CARTESIAN_POINT('',(6.732522311074E0,-2.935849090371E0,-1.429794600360E1));
#621=CARTESIAN_POINT('',(6.586099368963E0,-3.152278602908E0,-1.401907848326E1));
#622=CARTESIAN_POINT('',(6.419999706714E0,-3.340465601420E0,-1.376902197181E1));
#623=CARTESIAN_POINT('',(6.240603409516E0,-3.499665924336E0,-1.354858623493E1));
#624=CARTESIAN_POINT('',(6.044613949433E0,-3.636329075823E0,-1.334851655415E1));
#625=CARTESIAN_POINT('',(5.821519245654E0,-3.754660720940E0,-1.316006604288E1));
#626=CARTESIAN_POINT('',(5.570230760061E0,-3.848610402721E0,-1.298746605592E1));
#627=CARTESIAN_POINT('',(5.293709103114E0,-3.910291906922E0,-1.283714365811E1));
#628=CARTESIAN_POINT('',(5.099281440887E0,-3.925E0,-1.275667416530E1));
#629=CARTESIAN_POINT('',(5.E0,-3.925E0,-1.272157287525E1));
#631=DIRECTION('',(4.603774872207E-9,-4.852993259420E-9,1.E0));
#632=VECTOR('',#631,2.121525996887E0);
#633=CARTESIAN_POINT('',(5.E0,-3.925E0,-1.272157287525E1));
#634=LINE('',#633,#632);
#635=DIRECTION('',(0.E0,1.E0,0.E0));
#636=VECTOR('',#635,1.999999999892E0);
#637=CARTESIAN_POINT('',(7.E0,-3.924999999892E0,-1.06E1));
#638=LINE('',#637,#636);
#639=DIRECTION('',(0.E0,4.962016569001E-11,-1.E0));
#640=VECTOR('',#639,2.171572875254E0);
#641=CARTESIAN_POINT('',(7.E0,-3.925E0,-8.428427124746E0));
#642=LINE('',#641,#640);
#643=DIRECTION('',(0.E0,-7.071067811865E-1,-7.071067811865E-1));
#644=VECTOR('',#643,2.828427124746E0);
#645=CARTESIAN_POINT('',(7.E0,-1.925E0,-6.428427124746E0));
#646=LINE('',#645,#644);
#647=DIRECTION('',(0.E0,-3.204552971968E-11,-1.E0));
#648=VECTOR('',#647,5.928427124746E0);
#649=CARTESIAN_POINT('',(7.E0,-1.924999999810E0,-5.E-1));
#650=LINE('',#649,#648);
#651=DIRECTION('',(0.E0,1.E0,0.E0));
#652=VECTOR('',#651,6.199999999631E0);
#653=CARTESIAN_POINT('',(7.E0,-1.924999999810E0,-5.E-1));
#654=LINE('',#653,#652);
#655=DIRECTION('',(0.E0,-1.E0,0.E0));
#656=VECTOR('',#655,8.799999999911E0);
#657=CARTESIAN_POINT('',(7.E0,4.274999999911E0,-1.65E1));
#658=LINE('',#657,#656);
#659=DIRECTION('',(0.E0,-1.E0,0.E0));
#660=VECTOR('',#659,1.2E0);
#661=CARTESIAN_POINT('',(7.E0,-4.525E0,-1.81E1));
#662=LINE('',#661,#660);
#663=DIRECTION('',(0.E0,0.E0,1.E0));
#664=VECTOR('',#663,2.549999999900E0);
#665=CARTESIAN_POINT('',(7.E0,-5.725E0,-1.81E1));
#666=LINE('',#665,#664);
#667=CARTESIAN_POINT('',(5.E0,4.275E0,-5.E-1));
#668=DIRECTION('',(0.E0,0.E0,1.E0));
#669=DIRECTION('',(1.E0,0.E0,0.E0));
#670=AXIS2_PLACEMENT_3D('',#667,#668,#669);
#672=CARTESIAN_POINT('',(5.E0,4.275E0,-1.65E1));
#673=DIRECTION('',(0.E0,0.E0,-1.E0));
#674=DIRECTION('',(0.E0,1.E0,0.E0));
#675=AXIS2_PLACEMENT_3D('',#672,#673,#674);
#677=DIRECTION('',(0.E0,-5.590805596256E-12,1.E0));
#678=VECTOR('',#677,1.6E1);
#679=CARTESIAN_POINT('',(7.E0,4.274999999911E0,-1.65E1));
#680=LINE('',#679,#678);
#681=DIRECTION('',(0.E0,0.E0,-1.E0));
#682=VECTOR('',#681,2.E0);
#683=CARTESIAN_POINT('',(-2.5E0,6.275E0,-1.E0));
#684=LINE('',#683,#682);
#685=DIRECTION('',(-1.E0,0.E0,0.E0));
#686=VECTOR('',#685,2.E0);
#687=CARTESIAN_POINT('',(-2.5E0,6.275E0,-3.E0));
#688=LINE('',#687,#686);
#689=DIRECTION('',(0.E0,0.E0,1.E0));
#690=VECTOR('',#689,2.E0);
#691=CARTESIAN_POINT('',(-4.5E0,6.275E0,-3.E0));
#692=LINE('',#691,#690);
#693=DIRECTION('',(1.E0,0.E0,0.E0));
#694=VECTOR('',#693,2.E0);
#695=CARTESIAN_POINT('',(-4.5E0,6.275E0,-1.E0));
#696=LINE('',#695,#694);
#697=DIRECTION('',(0.E0,0.E0,-1.E0));
#698=VECTOR('',#697,2.E0);
#699=CARTESIAN_POINT('',(1.E0,6.275E0,-1.4E1));
#700=LINE('',#699,#698);
#701=DIRECTION('',(-1.E0,0.E0,0.E0));
#702=VECTOR('',#701,2.E0);
#703=CARTESIAN_POINT('',(1.E0,6.275E0,-1.6E1));
#704=LINE('',#703,#702);
#705=DIRECTION('',(0.E0,0.E0,1.E0));
#706=VECTOR('',#705,2.E0);
#707=CARTESIAN_POINT('',(-1.E0,6.275E0,-1.6E1));
#708=LINE('',#707,#706);
#709=DIRECTION('',(1.E0,0.E0,0.E0));
#710=VECTOR('',#709,2.E0);
#711=CARTESIAN_POINT('',(-1.E0,6.275E0,-1.4E1));
#712=LINE('',#711,#710);
#713=DIRECTION('',(-1.E0,0.E0,0.E0));
#714=VECTOR('',#713,2.E0);
#715=CARTESIAN_POINT('',(4.5E0,6.275E0,-3.E0));
#716=LINE('',#715,#714);
#717=DIRECTION('',(0.E0,0.E0,1.E0));
#718=VECTOR('',#717,2.E0);
#719=CARTESIAN_POINT('',(2.5E0,6.275E0,-3.E0));
#720=LINE('',#719,#718);
#721=DIRECTION('',(1.E0,0.E0,0.E0));
#722=VECTOR('',#721,2.E0);
#723=CARTESIAN_POINT('',(2.5E0,6.275E0,-1.E0));
#724=LINE('',#723,#722);
#725=DIRECTION('',(0.E0,0.E0,-1.E0));
#726=VECTOR('',#725,2.E0);
#727=CARTESIAN_POINT('',(4.5E0,6.275E0,-1.E0));
#728=LINE('',#727,#726);
#729=DIRECTION('',(-1.E0,0.E0,0.E0));
#730=VECTOR('',#729,9.999999999654E0);
#731=CARTESIAN_POINT('',(4.999999999833E0,6.275E0,-5.E-1));
#732=LINE('',#731,#730);
#733=DIRECTION('',(1.E0,0.E0,0.E0));
#734=VECTOR('',#733,9.999999999576E0);
#735=CARTESIAN_POINT('',(-4.999999999911E0,6.275E0,-1.65E1));
#736=LINE('',#735,#734);
#737=DIRECTION('',(1.046318587328E-11,0.E0,1.E0));
#738=VECTOR('',#737,1.6E1);
#739=CARTESIAN_POINT('',(4.999999999665E0,6.275E0,-1.65E1));
#740=LINE('',#739,#738);
#741=DIRECTION('',(0.E0,-1.E0,0.E0));
#742=VECTOR('',#741,2.E-1);
#743=CARTESIAN_POINT('',(-2.5E0,6.475E0,-1.E0));
#744=LINE('',#743,#742);
#745=DIRECTION('',(0.E0,-1.E0,0.E0));
#746=VECTOR('',#745,2.E-1);
#747=CARTESIAN_POINT('',(-4.5E0,6.475E0,-1.E0));
#748=LINE('',#747,#746);
#749=DIRECTION('',(0.E0,-1.E0,0.E0));
#750=VECTOR('',#749,2.E-1);
#751=CARTESIAN_POINT('',(-4.5E0,6.475E0,-3.E0));
#752=LINE('',#751,#750);
#753=DIRECTION('',(0.E0,-1.E0,0.E0));
#754=VECTOR('',#753,2.E-1);
#755=CARTESIAN_POINT('',(-2.5E0,6.475E0,-3.E0));
#756=LINE('',#755,#754);
#757=DIRECTION('',(0.E0,0.E0,-1.E0));
#758=VECTOR('',#757,2.E0);
#759=CARTESIAN_POINT('',(-2.5E0,6.475E0,-1.E0));
#760=LINE('',#759,#758);
#761=DIRECTION('',(1.E0,0.E0,0.E0));
#762=VECTOR('',#761,2.E0);
#763=CARTESIAN_POINT('',(-4.5E0,6.475E0,-1.E0));
#764=LINE('',#763,#762);
#765=DIRECTION('',(0.E0,0.E0,1.E0));
#766=VECTOR('',#765,2.E0);
#767=CARTESIAN_POINT('',(-4.5E0,6.475E0,-3.E0));
#768=LINE('',#767,#766);
#769=DIRECTION('',(-1.E0,0.E0,0.E0));
#770=VECTOR('',#769,2.E0);
#771=CARTESIAN_POINT('',(-2.5E0,6.475E0,-3.E0));
#772=LINE('',#771,#770);
#773=DIRECTION('',(0.E0,0.E0,-1.E0));
#774=VECTOR('',#773,2.E0);
#775=CARTESIAN_POINT('',(1.E0,6.475E0,-1.4E1));
#776=LINE('',#775,#774);
#777=DIRECTION('',(1.E0,0.E0,0.E0));
#778=VECTOR('',#777,2.E0);
#779=CARTESIAN_POINT('',(-1.E0,6.475E0,-1.4E1));
#780=LINE('',#779,#778);
#781=DIRECTION('',(0.E0,0.E0,1.E0));
#782=VECTOR('',#781,2.E0);
#783=CARTESIAN_POINT('',(-1.E0,6.475E0,-1.6E1));
#784=LINE('',#783,#782);
#785=DIRECTION('',(-1.E0,0.E0,0.E0));
#786=VECTOR('',#785,2.E0);
#787=CARTESIAN_POINT('',(1.E0,6.475E0,-1.6E1));
#788=LINE('',#787,#786);
#789=DIRECTION('',(0.E0,0.E0,1.E0));
#790=VECTOR('',#789,2.E0);
#791=CARTESIAN_POINT('',(2.5E0,6.475E0,-3.E0));
#792=LINE('',#791,#790);
#793=DIRECTION('',(-1.E0,0.E0,0.E0));
#794=VECTOR('',#793,2.E0);
#795=CARTESIAN_POINT('',(4.5E0,6.475E0,-3.E0));
#796=LINE('',#795,#794);
#797=DIRECTION('',(0.E0,0.E0,-1.E0));
#798=VECTOR('',#797,2.E0);
#799=CARTESIAN_POINT('',(4.5E0,6.475E0,-1.E0));
#800=LINE('',#799,#798);
#801=DIRECTION('',(1.E0,0.E0,0.E0));
#802=VECTOR('',#801,2.E0);
#803=CARTESIAN_POINT('',(2.5E0,6.475E0,-1.E0));
#804=LINE('',#803,#802);
#805=DIRECTION('',(0.E0,-1.E0,0.E0));
#806=VECTOR('',#805,2.E-1);
#807=CARTESIAN_POINT('',(1.E0,6.475E0,-1.4E1));
#808=LINE('',#807,#806);
#809=DIRECTION('',(0.E0,-1.E0,0.E0));
#810=VECTOR('',#809,2.E-1);
#811=CARTESIAN_POINT('',(-1.E0,6.475E0,-1.4E1));
#812=LINE('',#811,#810);
#813=DIRECTION('',(0.E0,-1.E0,0.E0));
#814=VECTOR('',#813,2.E-1);
#815=CARTESIAN_POINT('',(-1.E0,6.475E0,-1.6E1));
#816=LINE('',#815,#814);
#817=DIRECTION('',(0.E0,-1.E0,0.E0));
#818=VECTOR('',#817,2.E-1);
#819=CARTESIAN_POINT('',(1.E0,6.475E0,-1.6E1));
#820=LINE('',#819,#818);
#821=DIRECTION('',(0.E0,-1.E0,0.E0));
#822=VECTOR('',#821,2.E-1);
#823=CARTESIAN_POINT('',(2.5E0,6.475E0,-3.E0));
#824=LINE('',#823,#822);
#825=DIRECTION('',(0.E0,-1.E0,0.E0));
#826=VECTOR('',#825,2.E-1);
#827=CARTESIAN_POINT('',(4.5E0,6.475E0,-3.E0));
#828=LINE('',#827,#826);
#829=DIRECTION('',(0.E0,-1.E0,0.E0));
#830=VECTOR('',#829,2.E-1);
#831=CARTESIAN_POINT('',(4.5E0,6.475E0,-1.E0));
#832=LINE('',#831,#830);
#833=DIRECTION('',(0.E0,-1.E0,0.E0));
#834=VECTOR('',#833,2.E-1);
#835=CARTESIAN_POINT('',(2.5E0,6.475E0,-1.E0));
#836=LINE('',#835,#834);
#837=CARTESIAN_POINT('',(-5.E0,4.275E0,-5.E-1));
#838=DIRECTION('',(0.E0,0.E0,1.E0));
#839=DIRECTION('',(0.E0,1.E0,0.E0));
#840=AXIS2_PLACEMENT_3D('',#837,#838,#839);
#842=CARTESIAN_POINT('',(-5.E0,4.275E0,-1.65E1));
#843=DIRECTION('',(0.E0,0.E0,-1.E0));
#844=DIRECTION('',(-1.E0,0.E0,0.E0));
#845=AXIS2_PLACEMENT_3D('',#842,#843,#844);
#847=DIRECTION('',(5.590861107407E-12,0.E0,1.E0));
#848=VECTOR('',#847,1.6E1);
#849=CARTESIAN_POINT('',(-4.999999999911E0,6.275E0,-1.65E1));
#850=LINE('',#849,#848);
#851=CARTESIAN_POINT('',(-6.5E0,4.275E0,-1.65E1));
#852=DIRECTION('',(0.E0,1.E0,0.E0));
#853=DIRECTION('',(0.E0,0.E0,-1.E0));
#854=AXIS2_PLACEMENT_3D('',#851,#852,#853);
#856=DIRECTION('',(0.E0,-1.E0,0.E0));
#857=VECTOR('',#856,8.8E0);
#858=CARTESIAN_POINT('',(6.5E0,4.275E0,-1.7E1));
#859=LINE('',#858,#857);
#860=CARTESIAN_POINT('',(5.E0,4.275E0,-1.7E1));
#861=DIRECTION('',(0.E0,0.E0,-1.E0));
#862=DIRECTION('',(0.E0,1.E0,0.E0));
#863=AXIS2_PLACEMENT_3D('',#860,#861,#862);
#865=DIRECTION('',(1.E0,0.E0,0.E0));
#866=VECTOR('',#865,1.E1);
#867=CARTESIAN_POINT('',(-5.E0,5.775E0,-1.7E1));
#868=LINE('',#867,#866);
#869=CARTESIAN_POINT('',(-5.E0,4.275E0,-1.7E1));
#870=DIRECTION('',(0.E0,0.E0,-1.E0));
#871=DIRECTION('',(-1.E0,0.E0,0.E0));
#872=AXIS2_PLACEMENT_3D('',#869,#870,#871);
#874=DIRECTION('',(0.E0,1.E0,0.E0));
#875=VECTOR('',#874,8.8E0);
#876=CARTESIAN_POINT('',(-6.5E0,-4.525E0,-1.7E1));
#877=LINE('',#876,#875);
#878=DIRECTION('',(0.E0,1.E0,0.E0));
#879=VECTOR('',#878,1.5E0);
#880=CARTESIAN_POINT('',(-6.472411623261E0,-4.525E0,-1.7E1));
#881=LINE('',#880,#879);
#882=DIRECTION('',(1.E0,0.E0,0.E0));
#883=VECTOR('',#882,1.157411623262E0);
#884=CARTESIAN_POINT('',(-6.472411623261E0,-3.025E0,-1.7E1));
#885=LINE('',#884,#883);
#886=DIRECTION('',(-1.736462858672E-1,-9.848080865857E-1,0.E0));
#887=VECTOR('',#886,2.030852535882E0);
#888=CARTESIAN_POINT('',(-4.96235E0,-1.025E0,-1.7E1));
#889=LINE('',#888,#887);
#890=DIRECTION('',(-1.E0,0.E0,0.E0));
#891=VECTOR('',#890,1.9247E0);
#892=CARTESIAN_POINT('',(-3.03765E0,-1.025E0,-1.7E1));
#893=LINE('',#892,#891);
#894=DIRECTION('',(1.736462858672E-1,-9.848080865857E-1,0.E0));
#895=VECTOR('',#894,2.030852535882E0);
#896=CARTESIAN_POINT('',(-3.03765E0,-1.025E0,-1.7E1));
#897=LINE('',#896,#895);
#898=DIRECTION('',(1.E0,0.E0,0.E0));
#899=VECTOR('',#898,1.157411623262E0);
#900=CARTESIAN_POINT('',(-2.685E0,-3.025E0,-1.7E1));
#901=LINE('',#900,#899);
#902=DIRECTION('',(-1.E0,0.E0,0.E0));
#903=VECTOR('',#902,2.E0);
#904=CARTESIAN_POINT('',(9.999999999998E-1,-3.925E0,-1.7E1));
#905=LINE('',#904,#903);
#906=DIRECTION('',(0.E0,1.E0,0.E0));
#907=VECTOR('',#906,1.5E0);
#908=CARTESIAN_POINT('',(1.527588376738E0,-4.525E0,-1.7E1));
#909=LINE('',#908,#907);
#910=DIRECTION('',(1.E0,0.E0,0.E0));
#911=VECTOR('',#910,1.157411623262E0);
#912=CARTESIAN_POINT('',(1.527588376738E0,-3.025E0,-1.7E1));
#913=LINE('',#912,#911);
#914=DIRECTION('',(-1.736462858672E-1,-9.848080865857E-1,0.E0));
#915=VECTOR('',#914,2.030852535882E0);
#916=CARTESIAN_POINT('',(3.03765E0,-1.025E0,-1.7E1));
#917=LINE('',#916,#915);
#918=DIRECTION('',(-1.E0,0.E0,0.E0));
#919=VECTOR('',#918,1.9247E0);
#920=CARTESIAN_POINT('',(4.96235E0,-1.025E0,-1.7E1));
#921=LINE('',#920,#919);
#922=DIRECTION('',(1.736462858672E-1,-9.848080865857E-1,0.E0));
#923=VECTOR('',#922,2.030852535882E0);
#924=CARTESIAN_POINT('',(4.96235E0,-1.025E0,-1.7E1));
#925=LINE('',#924,#923);
#926=DIRECTION('',(1.E0,0.E0,0.E0));
#927=VECTOR('',#926,1.157411623262E0);
#928=CARTESIAN_POINT('',(5.315E0,-3.025E0,-1.7E1));
#929=LINE('',#928,#927);
#930=DIRECTION('',(0.E0,1.E0,0.E0));
#931=VECTOR('',#930,6.4E-1);
#932=CARTESIAN_POINT('',(3.62E0,-2.45E-1,-1.7E1));
#933=LINE('',#932,#931);
#934=DIRECTION('',(-1.E0,0.E0,0.E0));
#935=VECTOR('',#934,6.4E-1);
#936=CARTESIAN_POINT('',(3.62E0,-2.45E-1,-1.7E1));
#937=LINE('',#936,#935);
#938=DIRECTION('',(0.E0,1.E0,0.E0));
#939=VECTOR('',#938,6.4E-1);
#940=CARTESIAN_POINT('',(2.98E0,-2.45E-1,-1.7E1));
#941=LINE('',#940,#939);
#942=DIRECTION('',(1.E0,0.E0,0.E0));
#943=VECTOR('',#942,6.4E-1);
#944=CARTESIAN_POINT('',(2.98E0,3.95E-1,-1.7E1));
#945=LINE('',#944,#943);
#946=DIRECTION('',(0.E0,1.E0,0.E0));
#947=VECTOR('',#946,6.4E-1);
#948=CARTESIAN_POINT('',(1.42E0,-2.45E-1,-1.7E1));
#949=LINE('',#948,#947);
#950=DIRECTION('',(-1.E0,0.E0,0.E0));
#951=VECTOR('',#950,6.4E-1);
#952=CARTESIAN_POINT('',(1.42E0,-2.45E-1,-1.7E1));
#953=LINE('',#952,#951);
#954=DIRECTION('',(0.E0,1.E0,0.E0));
#955=VECTOR('',#954,6.4E-1);
#956=CARTESIAN_POINT('',(7.8E-1,-2.45E-1,-1.7E1));
#957=LINE('',#956,#955);
#958=DIRECTION('',(1.E0,0.E0,0.E0));
#959=VECTOR('',#958,6.4E-1);
#960=CARTESIAN_POINT('',(7.8E-1,3.95E-1,-1.7E1));
#961=LINE('',#960,#959);
#962=DIRECTION('',(0.E0,1.E0,0.E0));
#963=VECTOR('',#962,6.4E-1);
#964=CARTESIAN_POINT('',(-7.8E-1,-2.45E-1,-1.7E1));
#965=LINE('',#964,#963);
#966=DIRECTION('',(-1.E0,0.E0,0.E0));
#967=VECTOR('',#966,6.4E-1);
#968=CARTESIAN_POINT('',(-7.8E-1,-2.45E-1,-1.7E1));
#969=LINE('',#968,#967);
#970=DIRECTION('',(0.E0,1.E0,0.E0));
#971=VECTOR('',#970,6.4E-1);
#972=CARTESIAN_POINT('',(-1.42E0,-2.45E-1,-1.7E1));
#973=LINE('',#972,#971);
#974=DIRECTION('',(1.E0,0.E0,0.E0));
#975=VECTOR('',#974,6.4E-1);
#976=CARTESIAN_POINT('',(-1.42E0,3.95E-1,-1.7E1));
#977=LINE('',#976,#975);
#978=DIRECTION('',(0.E0,1.E0,0.E0));
#979=VECTOR('',#978,6.4E-1);
#980=CARTESIAN_POINT('',(-2.98E0,-2.45E-1,-1.7E1));
#981=LINE('',#980,#979);
#982=DIRECTION('',(-1.E0,0.E0,0.E0));
#983=VECTOR('',#982,6.4E-1);
#984=CARTESIAN_POINT('',(-2.98E0,-2.45E-1,-1.7E1));
#985=LINE('',#984,#983);
#986=DIRECTION('',(0.E0,1.E0,0.E0));
#987=VECTOR('',#986,6.4E-1);
#988=CARTESIAN_POINT('',(-3.62E0,-2.45E-1,-1.7E1));
#989=LINE('',#988,#987);
#990=DIRECTION('',(1.E0,0.E0,0.E0));
#991=VECTOR('',#990,6.4E-1);
#992=CARTESIAN_POINT('',(-3.62E0,3.95E-1,-1.7E1));
#993=LINE('',#992,#991);
#994=DIRECTION('',(3.420201433257E-1,-9.396926207859E-1,0.E0));
#995=VECTOR('',#994,2.416472829843E-1);
#996=CARTESIAN_POINT('',(4.173517616395E-1,-1.166E0,-1.7E1));
#997=LINE('',#996,#995);
#998=DIRECTION('',(-1.E0,0.E0,0.E0));
#999=VECTOR('',#998,6.556482383605E-1);
#1000=CARTESIAN_POINT('',(5.E-1,-1.393074168653E0,-1.7E1));
#1001=LINE('',#1000,#999);
#1002=DIRECTION('',(3.484952765829E-1,-9.373105366950E-1,0.E0));
#1003=VECTOR('',#1002,2.410362654658E-1);
#1004=CARTESIAN_POINT('',(-1.556482383605E-1,-1.393074168653E0,-1.7E1));
#1005=LINE('',#1004,#1003);
#1006=DIRECTION('',(1.E0,0.E0,0.E0));
#1007=VECTOR('',#1006,2.880874964218E-1);
#1008=CARTESIAN_POINT('',(-7.164823836054E-2,-1.619E0,-1.7E1));
#1009=LINE('',#1008,#1007);
#1010=DIRECTION('',(3.420201433257E-1,-9.396926207859E-1,0.E0));
#1011=VECTOR('',#1010,2.410362654658E-1);
#1012=CARTESIAN_POINT('',(2.164392580613E-1,-1.619E0,-1.7E1));
#1013=LINE('',#1012,#1011);
#1014=DIRECTION('',(-1.E0,0.E0,0.E0));
#1015=VECTOR('',#1014,2.91E-1);
#1016=CARTESIAN_POINT('',(2.988785161226E-1,-1.8455E0,-1.7E1));
#1017=LINE('',#1016,#1015);
#1018=DIRECTION('',(3.420201433257E-1,-9.396926207859E-1,0.E0));
#1019=VECTOR('',#1018,2.410362654658E-1);
#1020=CARTESIAN_POINT('',(7.878516122588E-3,-1.8455E0,-1.7E1));
#1021=LINE('',#1020,#1019);
#1022=DIRECTION('',(1.E0,0.E0,0.E0));
#1023=VECTOR('',#1022,2.91E-1);
#1024=CARTESIAN_POINT('',(9.031777418388E-2,-2.072E0,-1.7E1));
#1025=LINE('',#1024,#1023);
#1026=DIRECTION('',(3.420201433257E-1,-9.396926207859E-1,0.E0));
#1027=VECTOR('',#1026,2.410362654658E-1);
#1028=CARTESIAN_POINT('',(3.813177741839E-1,-2.072E0,-1.7E1));
#1029=LINE('',#1028,#1027);
#1030=DIRECTION('',(-1.E0,0.E0,0.E0));
#1031=VECTOR('',#1030,2.91E-1);
#1032=CARTESIAN_POINT('',(4.637570322452E-1,-2.2985E0,-1.7E1));
#1033=LINE('',#1032,#1031);
#1034=DIRECTION('',(3.420201433257E-1,-9.396926207859E-1,0.E0));
#1035=VECTOR('',#1034,2.410362654658E-1);
#1036=CARTESIAN_POINT('',(1.727570322452E-1,-2.2985E0,-1.7E1));
#1037=LINE('',#1036,#1035);
#1038=DIRECTION('',(-1.E0,0.E0,0.E0));
#1039=VECTOR('',#1038,8.43E-1);
#1040=CARTESIAN_POINT('',(2.551962903065E-1,-2.525E0,-1.7E1));
#1041=LINE('',#1040,#1039);
#1042=DIRECTION('',(-3.420201433257E-1,9.396926207859E-1,0.E0));
#1043=VECTOR('',#1042,2.410362654658E-1);
#1044=CARTESIAN_POINT('',(-5.878037096935E-1,-2.525E0,-1.7E1));
#1045=LINE('',#1044,#1043);
#1046=DIRECTION('',(1.E0,0.E0,0.E0));
#1047=VECTOR('',#1046,5.97E-1);
#1048=CARTESIAN_POINT('',(-6.702429677548E-1,-2.2985E0,-1.7E1));
#1049=LINE('',#1048,#1047);
#1050=DIRECTION('',(-3.420201433257E-1,9.396926207859E-1,0.E0));
#1051=VECTOR('',#1050,2.410362654658E-1);
#1052=CARTESIAN_POINT('',(-7.324296775483E-2,-2.2985E0,-1.7E1));
#1053=LINE('',#1052,#1051);
#1054=DIRECTION('',(-1.E0,0.E0,0.E0));
#1055=VECTOR('',#1054,5.97E-1);
#1056=CARTESIAN_POINT('',(-1.556822258161E-1,-2.072E0,-1.7E1));
#1057=LINE('',#1056,#1055);
#1058=DIRECTION('',(-3.420201433257E-1,9.396926207859E-1,0.E0));
#1059=VECTOR('',#1058,2.410362654658E-1);
#1060=CARTESIAN_POINT('',(-7.526822258161E-1,-2.072E0,-1.7E1));
#1061=LINE('',#1060,#1059);
#1062=DIRECTION('',(1.E0,0.E0,0.E0));
#1063=VECTOR('',#1062,5.97E-1);
#1064=CARTESIAN_POINT('',(-8.351214838774E-1,-1.8455E0,-1.7E1));
#1065=LINE('',#1064,#1063);
#1066=DIRECTION('',(-3.420201433257E-1,9.396926207859E-1,0.E0));
#1067=VECTOR('',#1066,2.410362654658E-1);
#1068=CARTESIAN_POINT('',(-2.381214838774E-1,-1.8455E0,-1.7E1));
#1069=LINE('',#1068,#1067);
#1070=DIRECTION('',(-1.E0,0.E0,0.E0));
#1071=VECTOR('',#1070,5.97E-1);
#1072=CARTESIAN_POINT('',(-3.205607419387E-1,-1.619E0,-1.7E1));
#1073=LINE('',#1072,#1071);
#1074=DIRECTION('',(-3.420201433257E-1,9.396926207859E-1,0.E0));
#1075=VECTOR('',#1074,2.410362654658E-1);
#1076=CARTESIAN_POINT('',(-9.175607419387E-1,-1.619E0,-1.7E1));
#1077=LINE('',#1076,#1075);
#1078=DIRECTION('',(1.E0,0.E0,0.E0));
#1079=VECTOR('',#1078,2.307910197008E-1);
#1080=CARTESIAN_POINT('',(-1.E0,-1.3925E0,-1.7E1));
#1081=LINE('',#1080,#1079);
#1082=DIRECTION('',(-3.420201433257E-1,9.396926207859E-1,0.E0));
#1083=VECTOR('',#1082,2.410362654658E-1);
#1084=CARTESIAN_POINT('',(-7.692089802992E-1,-1.3925E0,-1.7E1));
#1085=LINE('',#1084,#1083);
#1086=DIRECTION('',(1.E0,0.E0,0.E0));
#1087=VECTOR('',#1086,1.269E0);
#1088=CARTESIAN_POINT('',(-8.516482383605E-1,-1.166E0,-1.7E1));
#1089=LINE('',#1088,#1087);
#1090=CARTESIAN_POINT('',(6.5E0,4.275E0,-1.65E1));
#1091=DIRECTION('',(0.E0,-1.E0,0.E0));
#1092=DIRECTION('',(0.E0,0.E0,-1.E0));
#1093=AXIS2_PLACEMENT_3D('',#1090,#1091,#1092);
#1095=CARTESIAN_POINT('',(6.5E0,-4.525E0,-1.65E1));
#1096=DIRECTION('',(0.E0,-1.E0,0.E0));
#1097=DIRECTION('',(0.E0,0.E0,-1.E0));
#1098=AXIS2_PLACEMENT_3D('',#1095,#1096,#1097);
#1100=CARTESIAN_POINT('',(5.E0,5.775E0,-1.65E1));
#1101=DIRECTION('',(1.E0,0.E0,0.E0));
#1102=DIRECTION('',(0.E0,0.E0,-1.E0));
#1103=AXIS2_PLACEMENT_3D('',#1100,#1101,#1102);
#1105=CARTESIAN_POINT('',(-5.E0,5.775E0,-1.65E1));
#1106=DIRECTION('',(1.E0,0.E0,0.E0));
#1107=DIRECTION('',(0.E0,0.E0,-1.E0));
#1108=AXIS2_PLACEMENT_3D('',#1105,#1106,#1107);
#1110=CARTESIAN_POINT('',(-1.3E0,-4.525E0,-1.81E1));
#1111=DIRECTION('',(0.E0,1.E0,0.E0));
#1112=DIRECTION('',(1.E0,0.E0,-1.184237892934E-14));
#1113=AXIS2_PLACEMENT_3D('',#1110,#1111,#1112);
#1115=DIRECTION('',(-1.E0,0.E0,0.E0));
#1116=VECTOR('',#1115,5.275883767386E-1);
#1117=CARTESIAN_POINT('',(-9.999999999998E-1,-4.525E0,-1.7E1));
#1118=LINE('',#1117,#1116);
#1119=DIRECTION('',(-7.660444431190E-1,0.E0,-6.427876096865E-1));
#1120=VECTOR('',#1119,2.178013357605E0);
#1121=CARTESIAN_POINT('',(-1.527588376738E0,-4.525E0,-1.7E1));
#1122=LINE('',#1121,#1120);
#1123=DIRECTION('',(-1.E0,0.E0,0.E0));
#1124=VECTOR('',#1123,2.758837673858E-2);
#1125=CARTESIAN_POINT('',(-6.472411623261E0,-4.525E0,-1.7E1));
#1126=LINE('',#1125,#1124);
#1127=DIRECTION('',(0.E0,0.E0,-1.E0));
#1128=VECTOR('',#1127,1.6E0);
#1129=CARTESIAN_POINT('',(-7.E0,-4.525E0,-1.65E1));
#1130=LINE('',#1129,#1128);
#1131=CARTESIAN_POINT('',(-6.7E0,-4.525E0,-1.81E1));
#1132=DIRECTION('',(0.E0,1.E0,0.E0));
#1133=DIRECTION('',(-1.480297366167E-14,0.E0,-1.E0));
#1134=AXIS2_PLACEMENT_3D('',#1131,#1132,#1133);
#1136=DIRECTION('',(-7.660444431190E-1,0.E0,6.427876096865E-1));
#1137=VECTOR('',#1136,2.178013357605E0);
#1138=CARTESIAN_POINT('',(-4.803956593630E0,-4.525E0,-1.84E1));
#1139=LINE('',#1138,#1137);
#1140=DIRECTION('',(0.E0,0.E0,1.E0));
#1141=VECTOR('',#1140,1.6E0);
#1142=CARTESIAN_POINT('',(7.E0,-4.525E0,-1.81E1));
#1143=LINE('',#1142,#1141);
#1144=DIRECTION('',(-1.E0,0.E0,0.E0));
#1145=VECTOR('',#1144,2.758837673858E-2);
#1146=CARTESIAN_POINT('',(6.5E0,-4.525E0,-1.7E1));
#1147=LINE('',#1146,#1145);
#1148=DIRECTION('',(-7.660444431190E-1,0.E0,-6.427876096865E-1));
#1149=VECTOR('',#1148,2.178013357605E0);
#1150=CARTESIAN_POINT('',(6.472411623261E0,-4.525E0,-1.7E1));
#1151=LINE('',#1150,#1149);
#1152=CARTESIAN_POINT('',(6.7E0,-4.525E0,-1.81E1));
#1153=DIRECTION('',(0.E0,1.E0,0.E0));
#1154=DIRECTION('',(1.E0,0.E0,0.E0));
#1155=AXIS2_PLACEMENT_3D('',#1152,#1153,#1154);
#1157=CARTESIAN_POINT('',(1.3E0,-4.525E0,-1.81E1));
#1158=DIRECTION('',(0.E0,1.E0,0.E0));
#1159=DIRECTION('',(-1.406282497859E-14,0.E0,-1.E0));
#1160=AXIS2_PLACEMENT_3D('',#1157,#1158,#1159);
#1162=DIRECTION('',(-7.660444431190E-1,0.E0,6.427876096865E-1));
#1163=VECTOR('',#1162,2.178013357605E0);
#1164=CARTESIAN_POINT('',(3.196043406370E0,-4.525E0,-1.84E1));
#1165=LINE('',#1164,#1163);
#1166=DIRECTION('',(-1.E0,0.E0,0.E0));
#1167=VECTOR('',#1166,5.275883767386E-1);
#1168=CARTESIAN_POINT('',(1.527588376738E0,-4.525E0,-1.7E1));
#1169=LINE('',#1168,#1167);
#1170=DIRECTION('',(0.E0,-1.E0,0.E0));
#1171=VECTOR('',#1170,1.2E0);
#1172=CARTESIAN_POINT('',(-1.3E0,-4.525E0,-1.84E1));
#1173=LINE('',#1172,#1171);
#1174=DIRECTION('',(-1.E0,0.E0,0.E0));
#1175=VECTOR('',#1174,1.896043406370E0);
#1176=CARTESIAN_POINT('',(-1.3E0,-4.525E0,-1.84E1));
#1177=LINE('',#1176,#1175);
#1178=DIRECTION('',(0.E0,-1.E0,0.E0));
#1179=VECTOR('',#1178,1.5E0);
#1180=CARTESIAN_POINT('',(-3.196043406370E0,-3.025E0,-1.84E1));
#1181=LINE('',#1180,#1179);
#1182=DIRECTION('',(0.E0,-1.E0,0.E0));
#1183=VECTOR('',#1182,1.5E0);
#1184=CARTESIAN_POINT('',(-4.803956593630E0,-3.025E0,-1.84E1));
#1185=LINE('',#1184,#1183);
#1186=DIRECTION('',(-1.E0,0.E0,0.E0));
#1187=VECTOR('',#1186,1.896043406370E0);
#1188=CARTESIAN_POINT('',(-4.803956593630E0,-4.525E0,-1.84E1));
#1189=LINE('',#1188,#1187);
#1190=DIRECTION('',(0.E0,-1.E0,0.E0));
#1191=VECTOR('',#1190,1.2E0);
#1192=CARTESIAN_POINT('',(-6.7E0,-4.525E0,-1.84E1));
#1193=LINE('',#1192,#1191);
#1194=DIRECTION('',(1.E0,0.E0,0.E0));
#1195=VECTOR('',#1194,5.4E0);
#1196=CARTESIAN_POINT('',(-6.7E0,-5.725E0,-1.84E1));
#1197=LINE('',#1196,#1195);
#1198=DIRECTION('',(0.E0,1.E0,0.E0));
#1199=VECTOR('',#1198,1.5E0);
#1200=CARTESIAN_POINT('',(-1.527588376738E0,-4.525E0,-1.7E1));
#1201=LINE('',#1200,#1199);
#1202=CARTESIAN_POINT('',(-4.E0,-3.025E0,-1.555E1));
#1203=DIRECTION('',(0.E0,1.E0,0.E0));
#1204=DIRECTION('',(9.999999999999E-1,0.E0,-4.386526650151E-7));
#1205=AXIS2_PLACEMENT_3D('',#1202,#1203,#1204);
#1207=DIRECTION('',(0.E0,0.E0,-1.E0));
#1208=VECTOR('',#1207,1.449999999822E0);
#1209=CARTESIAN_POINT('',(-5.315E0,-3.025E0,-1.555000000018E1));
#1210=LINE('',#1209,#1208);
#1211=DIRECTION('',(7.660444431190E-1,0.E0,-6.427876096865E-1));
#1212=VECTOR('',#1211,2.178013357605E0);
#1213=CARTESIAN_POINT('',(-6.472411623261E0,-3.025E0,-1.7E1));
#1214=LINE('',#1213,#1212);
#1215=DIRECTION('',(-1.E0,0.E0,0.E0));
#1216=VECTOR('',#1215,1.607913187259E0);
#1217=CARTESIAN_POINT('',(-3.196043406370E0,-3.025E0,-1.84E1));
#1218=LINE('',#1217,#1216);
#1219=DIRECTION('',(-7.660444431190E-1,0.E0,-6.427876096865E-1));
#1220=VECTOR('',#1219,2.178013357605E0);
#1221=CARTESIAN_POINT('',(-1.527588376738E0,-3.025E0,-1.7E1));
#1222=LINE('',#1221,#1220);
#1223=DIRECTION('',(9.129862344071E-13,-1.519091486971E-13,1.E0));
#1224=VECTOR('',#1223,1.449999884634E0);
#1225=CARTESIAN_POINT('',(-2.685E0,-3.025E0,-1.7E1));
#1226=LINE('',#1225,#1224);
#1227=CARTESIAN_POINT('',(4.E0,-3.025E0,-1.555E1));
#1228=DIRECTION('',(0.E0,1.E0,0.E0));
#1229=DIRECTION('',(9.999999999999E-1,0.E0,-4.346908516283E-7));
#1230=AXIS2_PLACEMENT_3D('',#1227,#1228,#1229);
#1232=DIRECTION('',(0.E0,0.E0,-1.E0));
#1233=VECTOR('',#1232,1.449999999823E0);
#1234=CARTESIAN_POINT('',(2.685E0,-3.025E0,-1.555000000018E1));
#1235=LINE('',#1234,#1233);
#1236=DIRECTION('',(-7.660444431190E-1,0.E0,6.427876096865E-1));
#1237=VECTOR('',#1236,2.178013357605E0);
#1238=CARTESIAN_POINT('',(3.196043406370E0,-3.025E0,-1.84E1));
#1239=LINE('',#1238,#1237);
#1240=DIRECTION('',(-1.E0,0.E0,0.E0));
#1241=VECTOR('',#1240,1.607913187259E0);
#1242=CARTESIAN_POINT('',(4.803956593630E0,-3.025E0,-1.84E1));
#1243=LINE('',#1242,#1241);
#1244=DIRECTION('',(-7.660444431190E-1,0.E0,-6.427876096865E-1));
#1245=VECTOR('',#1244,2.178013357605E0);
#1246=CARTESIAN_POINT('',(6.472411623261E0,-3.025E0,-1.7E1));
#1247=LINE('',#1246,#1245);
#1248=DIRECTION('',(9.139050390852E-13,-1.519091485879E-13,1.E0));
#1249=VECTOR('',#1248,1.449999885676E0);
#1250=CARTESIAN_POINT('',(5.315E0,-3.025E0,-1.7E1));
#1251=LINE('',#1250,#1249);
#1252=DIRECTION('',(0.E0,1.E0,-5.940078059060E-11));
#1253=VECTOR('',#1252,3.E0);
#1254=CARTESIAN_POINT('',(-5.315E0,-6.025E0,-1.555E1));
#1255=LINE('',#1254,#1253);
#1256=DIRECTION('',(-4.411286151178E-13,-1.E0,3.845521767687E-8));
#1257=VECTOR('',#1256,3.E0);
#1258=CARTESIAN_POINT('',(-2.684999999999E0,-3.025E0,-1.555000011537E1));
#1259=LINE('',#1258,#1257);
#1260=CARTESIAN_POINT('',(-4.E0,-3.025E0,-1.555E1));
#1261=DIRECTION('',(0.E0,1.E0,0.E0));
#1262=DIRECTION('',(-1.E0,0.E0,0.E0));
#1263=AXIS2_PLACEMENT_3D('',#1260,#1261,#1262);
#1265=DIRECTION('',(1.736462858678E-1,-9.848080865856E-1,-5.680651400938E-8));
#1266=VECTOR('',#1265,2.030852535883E0);
#1267=CARTESIAN_POINT('',(-3.03765E0,-1.025E0,-1.555E1));
#1268=LINE('',#1267,#1266);
#1269=DIRECTION('',(0.E0,0.E0,-1.E0));
#1270=VECTOR('',#1269,1.45E0);
#1271=CARTESIAN_POINT('',(-4.96235E0,-1.025E0,-1.555E1));
#1272=LINE('',#1271,#1270);
#1273=CARTESIAN_POINT('',(-4.E0,-1.025E0,-1.555E1));
#1274=DIRECTION('',(0.E0,-1.E0,0.E0));
#1275=DIRECTION('',(1.E0,0.E0,0.E0));
#1276=AXIS2_PLACEMENT_3D('',#1273,#1274,#1275);
#1278=DIRECTION('',(0.E0,0.E0,1.E0));
#1279=VECTOR('',#1278,1.45E0);
#1280=CARTESIAN_POINT('',(-3.03765E0,-1.025E0,-1.7E1));
#1281=LINE('',#1280,#1279);
#1282=DIRECTION('',(-1.736462858672E-1,-9.848080865857E-1,-8.774755361268E-11));
#1283=VECTOR('',#1282,2.030852535882E0);
#1284=CARTESIAN_POINT('',(-4.96235E0,-1.025E0,-1.555E1));
#1285=LINE('',#1284,#1283);
#1286=CARTESIAN_POINT('',(-4.E0,-6.025E0,-1.555E1));
#1287=DIRECTION('',(0.E0,-1.E0,0.E0));
#1288=DIRECTION('',(-1.E0,0.E0,0.E0));
#1289=AXIS2_PLACEMENT_3D('',#1286,#1287,#1288);
#1291=CARTESIAN_POINT('',(-4.E0,-6.025E0,-1.555E1));
#1292=DIRECTION('',(0.E0,-1.E0,0.E0));
#1293=DIRECTION('',(1.E0,0.E0,0.E0));
#1294=AXIS2_PLACEMENT_3D('',#1291,#1292,#1293);
#1296=CARTESIAN_POINT('',(4.E0,-6.025E0,-1.555E1));
#1297=DIRECTION('',(0.E0,-1.E0,0.E0));
#1298=DIRECTION('',(-1.E0,0.E0,0.E0));
#1299=AXIS2_PLACEMENT_3D('',#1296,#1297,#1298);
#1301=CARTESIAN_POINT('',(4.E0,-6.025E0,-1.555E1));
#1302=DIRECTION('',(0.E0,-1.E0,0.E0));
#1303=DIRECTION('',(1.E0,0.E0,0.E0));
#1304=AXIS2_PLACEMENT_3D('',#1301,#1302,#1303);
#1306=DIRECTION('',(1.E0,0.E0,0.E0));
#1307=VECTOR('',#1306,5.4E0);
#1308=CARTESIAN_POINT('',(-6.7E0,-6.025E0,-1.81E1));
#1309=LINE('',#1308,#1307);
#1310=DIRECTION('',(0.E0,0.E0,-1.E0));
#1311=VECTOR('',#1310,2.55E0);
#1312=CARTESIAN_POINT('',(-6.7E0,-6.025E0,-1.555E1));
#1313=LINE('',#1312,#1311);
#1314=CARTESIAN_POINT('',(-4.E0,-6.025E0,-1.555E1));
#1315=DIRECTION('',(0.E0,-1.E0,0.E0));
#1316=DIRECTION('',(-3.286710990612E-1,0.E0,9.444444444444E-1));
#1317=AXIS2_PLACEMENT_3D('',#1314,#1315,#1316);
#1319=DIRECTION('',(-1.E0,0.E0,0.E0));
#1320=VECTOR('',#1319,1.774823934930E0);
#1321=CARTESIAN_POINT('',(-3.112588032535E0,-6.025E0,-1.3E1));
#1322=LINE('',#1321,#1320);
#1323=CARTESIAN_POINT('',(-4.E0,-6.025E0,-1.555E1));
#1324=DIRECTION('',(0.E0,-1.E0,0.E0));
#1325=DIRECTION('',(1.E0,0.E0,0.E0));
#1326=AXIS2_PLACEMENT_3D('',#1323,#1324,#1325);
#1328=DIRECTION('',(0.E0,0.E0,1.E0));
#1329=VECTOR('',#1328,2.55E0);
#1330=CARTESIAN_POINT('',(-1.3E0,-6.025E0,-1.81E1));
#1331=LINE('',#1330,#1329);
#1332=DIRECTION('',(-1.E0,0.E0,0.E0));
#1333=VECTOR('',#1332,1.774823934930E0);
#1334=CARTESIAN_POINT('',(4.887411967465E0,-6.025E0,-1.3E1));
#1335=LINE('',#1334,#1333);
#1336=CARTESIAN_POINT('',(4.E0,-6.025E0,-1.555E1));
#1337=DIRECTION('',(0.E0,-1.E0,0.E0));
#1338=DIRECTION('',(1.E0,0.E0,0.E0));
#1339=AXIS2_PLACEMENT_3D('',#1336,#1337,#1338);
#1341=DIRECTION('',(0.E0,0.E0,1.E0));
#1342=VECTOR('',#1341,2.55E0);
#1343=CARTESIAN_POINT('',(6.7E0,-6.025E0,-1.81E1));
#1344=LINE('',#1343,#1342);
#1345=DIRECTION('',(1.E0,0.E0,0.E0));
#1346=VECTOR('',#1345,5.4E0);
#1347=CARTESIAN_POINT('',(1.3E0,-6.025E0,-1.81E1));
#1348=LINE('',#1347,#1346);
#1349=DIRECTION('',(0.E0,0.E0,-1.E0));
#1350=VECTOR('',#1349,2.55E0);
#1351=CARTESIAN_POINT('',(1.3E0,-6.025E0,-1.555E1));
#1352=LINE('',#1351,#1350);
#1353=CARTESIAN_POINT('',(4.E0,-6.025E0,-1.555E1));
#1354=DIRECTION('',(0.E0,-1.E0,0.E0));
#1355=DIRECTION('',(-3.286710990612E-1,0.E0,9.444444444444E-1));
#1356=AXIS2_PLACEMENT_3D('',#1353,#1354,#1355);
#1358=DIRECTION('',(4.414246745910E-13,1.E0,-3.810789846644E-8));
#1359=VECTOR('',#1358,3.E0);
#1360=CARTESIAN_POINT('',(5.315E0,-6.025E0,-1.555E1));
#1361=LINE('',#1360,#1359);
#1362=DIRECTION('',(0.E0,-1.E0,5.915919606044E-11));
#1363=VECTOR('',#1362,3.E0);
#1364=CARTESIAN_POINT('',(2.685E0,-3.025E0,-1.555000000018E1));
#1365=LINE('',#1364,#1363);
#1366=CARTESIAN_POINT('',(4.E0,-3.025E0,-1.555E1));
#1367=DIRECTION('',(0.E0,1.E0,0.E0));
#1368=DIRECTION('',(-1.E0,0.E0,0.E0));
#1369=AXIS2_PLACEMENT_3D('',#1366,#1367,#1368);
#1371=DIRECTION('',(1.736462858678E-1,-9.848080865856E-1,-5.629344985879E-8));
#1372=VECTOR('',#1371,2.030852535883E0);
#1373=CARTESIAN_POINT('',(4.96235E0,-1.025E0,-1.555E1));
#1374=LINE('',#1373,#1372);
#1375=DIRECTION('',(0.E0,0.E0,-1.E0));
#1376=VECTOR('',#1375,1.45E0);
#1377=CARTESIAN_POINT('',(3.03765E0,-1.025E0,-1.555E1));
#1378=LINE('',#1377,#1376);
#1379=CARTESIAN_POINT('',(4.E0,-1.025E0,-1.555E1));
#1380=DIRECTION('',(0.E0,-1.E0,0.E0));
#1381=DIRECTION('',(1.E0,0.E0,0.E0));
#1382=AXIS2_PLACEMENT_3D('',#1379,#1380,#1381);
#1384=DIRECTION('',(0.E0,0.E0,1.E0));
#1385=VECTOR('',#1384,1.45E0);
#1386=CARTESIAN_POINT('',(4.96235E0,-1.025E0,-1.7E1));
#1387=LINE('',#1386,#1385);
#1388=DIRECTION('',(-1.736462858672E-1,-9.848080865857E-1,-8.739155669963E-11));
#1389=VECTOR('',#1388,2.030852535882E0);
#1390=CARTESIAN_POINT('',(3.03765E0,-1.025E0,-1.555E1));
#1391=LINE('',#1390,#1389);
#1392=CARTESIAN_POINT('',(-6.7E0,-5.725E0,-1.81E1));
#1393=DIRECTION('',(0.E0,0.E0,-1.E0));
#1394=DIRECTION('',(0.E0,-1.E0,0.E0));
#1395=AXIS2_PLACEMENT_3D('',#1392,#1393,#1394);
#1397=CARTESIAN_POINT('',(-6.7E0,-5.725E0,-1.81E1));
#1398=DIRECTION('',(-1.E0,0.E0,0.E0));
#1399=DIRECTION('',(0.E0,0.E0,-1.E0));
#1400=AXIS2_PLACEMENT_3D('',#1397,#1398,#1399);
#1402=CARTESIAN_POINT('',(-6.7E0,-5.725E0,-1.81E1));
#1403=DIRECTION('',(0.E0,-1.E0,0.E0));
#1404=DIRECTION('',(-1.E0,0.E0,0.E0));
#1405=AXIS2_PLACEMENT_3D('',#1402,#1403,#1404);
#1407=CARTESIAN_POINT('',(-6.7E0,-5.725E0,-1.555E1));
#1408=DIRECTION('',(0.E0,0.E0,-1.E0));
#1409=DIRECTION('',(0.E0,-1.E0,0.E0));
#1410=AXIS2_PLACEMENT_3D('',#1407,#1408,#1409);
#1412=DIRECTION('',(0.E0,1.E0,1.089935159670E-11));
#1413=VECTOR('',#1412,3.8E0);
#1414=CARTESIAN_POINT('',(-7.E0,-5.725E0,-1.555000000004E1));
#1415=LINE('',#1414,#1413);
#1416=CARTESIAN_POINT('',(-4.E0,-5.725E0,-1.555E1));
#1417=DIRECTION('',(0.E0,-1.E0,0.E0));
#1418=DIRECTION('',(-3.122498999200E-1,0.E0,9.5E-1));
#1419=AXIS2_PLACEMENT_3D('',#1416,#1417,#1418);
#1421=DIRECTION('',(0.E0,0.E0,1.E0));
#1422=VECTOR('',#1421,4.95E0);
#1423=CARTESIAN_POINT('',(-7.E0,-1.925E0,-1.555E1));
#1424=LINE('',#1423,#1422);
#1425=CARTESIAN_POINT('',(-5.E0,-1.925E0,-1.09E1));
#1426=DIRECTION('',(0.E0,0.E0,1.E0));
#1427=DIRECTION('',(-8.5E-1,-5.267826876426E-1,0.E0));
#1428=AXIS2_PLACEMENT_3D('',#1425,#1426,#1427);
#1430=DIRECTION('',(3.736802978775E-9,4.368984091966E-9,-1.E0));
#1431=VECTOR('',#1430,2.121530640882E0);
#1432=CARTESIAN_POINT('',(-5.000000007928E0,-3.925000009269E0,
-1.060004223437E1));
#1433=LINE('',#1432,#1431);
#1434=CARTESIAN_POINT('',(-5.E0,-3.925E0,-1.272157287525E1));
#1435=CARTESIAN_POINT('',(-5.107173022142E0,-3.925E0,-1.275946426061E1));
#1436=CARTESIAN_POINT('',(-5.327926278248E0,-3.907693505714E0,
-1.285125276931E1));
#1437=CARTESIAN_POINT('',(-5.666169634968E0,-3.821985779603E0,
-1.304436155847E1));
#1438=CARTESIAN_POINT('',(-5.997050272764E0,-3.671724033545E0,
-1.329776463546E1));
#1439=CARTESIAN_POINT('',(-6.306761088608E0,-3.455766783536E0,
-1.361350835455E1));
#1440=CARTESIAN_POINT('',(-6.589335440614E0,-3.162914941724E0,
-1.400744158309E1));
#1441=CARTESIAN_POINT('',(-6.816923021772E0,-2.798533509178E0,
-1.447316184760E1));
#1442=CARTESIAN_POINT('',(-6.965298966489E0,-2.377278292591E0,
-1.499605817666E1));
#1443=CARTESIAN_POINT('',(-7.E0,-2.078168636427E0,-1.536240749808E1));
#1444=CARTESIAN_POINT('',(-7.E0,-1.925E0,-1.555E1));
#1446=DIRECTION('',(-1.E0,0.E0,0.E0));
#1447=VECTOR('',#1446,1.873499399520E0);
#1448=CARTESIAN_POINT('',(-3.063250300240E0,-5.725E0,-1.27E1));
#1449=LINE('',#1448,#1447);
#1450=DIRECTION('',(0.E0,1.E0,0.E0));
#1451=VECTOR('',#1450,1.8E0);
#1452=CARTESIAN_POINT('',(-4.936749699760E0,-5.725E0,-1.27E1));
#1453=LINE('',#1452,#1451);
#1454=CARTESIAN_POINT('',(-4.936749699760E0,-5.725E0,-1.27E1));
#1455=CARTESIAN_POINT('',(-4.936749699760E0,-5.756713949196E0,-1.27E1));
#1456=CARTESIAN_POINT('',(-4.935128069953E0,-5.820017038379E0,
-1.271014012081E1));
#1457=CARTESIAN_POINT('',(-4.928083386731E0,-5.905248024537E0,
-1.275396117267E1));
#1458=CARTESIAN_POINT('',(-4.917076269162E0,-5.972437376920E0,
-1.282174747453E1));
#1459=CARTESIAN_POINT('',(-4.903106151795E0,-6.015246529603E0,
-1.290658169459E1));
#1460=CARTESIAN_POINT('',(-4.892673480519E0,-6.025E0,-1.296887246899E1));
#1461=CARTESIAN_POINT('',(-4.887411967465E0,-6.025E0,-1.3E1));
#1463=CARTESIAN_POINT('',(-1.3E0,-5.725E0,-1.555E1));
#1464=DIRECTION('',(0.E0,0.E0,1.E0));
#1465=DIRECTION('',(0.E0,-1.E0,0.E0));
#1466=AXIS2_PLACEMENT_3D('',#1463,#1464,#1465);
#1468=CARTESIAN_POINT('',(-3.063250300240E0,-5.725E0,-1.27E1));
#1469=CARTESIAN_POINT('',(-3.063250300240E0,-5.756713949196E0,-1.27E1));
#1470=CARTESIAN_POINT('',(-3.064871930046E0,-5.820017038379E0,
-1.271014012081E1));
#1471=CARTESIAN_POINT('',(-3.071916613269E0,-5.905248024537E0,
-1.275396117267E1));
#1472=CARTESIAN_POINT('',(-3.082923730838E0,-5.972437376920E0,
-1.282174747453E1));
#1473=CARTESIAN_POINT('',(-3.096893848205E0,-6.015246529603E0,
-1.290658169459E1));
#1474=CARTESIAN_POINT('',(-3.107326519481E0,-6.025E0,-1.296887246899E1));
#1475=CARTESIAN_POINT('',(-3.112588032535E0,-6.025E0,-1.3E1));
#1477=CARTESIAN_POINT('',(-4.E0,-5.725E0,-1.555E1));
#1478=DIRECTION('',(0.E0,-1.E0,0.E0));
#1479=DIRECTION('',(1.E0,0.E0,0.E0));
#1480=AXIS2_PLACEMENT_3D('',#1477,#1478,#1479);
#1482=DIRECTION('',(0.E0,1.E0,0.E0));
#1483=VECTOR('',#1482,1.8E0);
#1484=CARTESIAN_POINT('',(-3.063250300240E0,-5.725E0,-1.27E1));
#1485=LINE('',#1484,#1483);
#1486=DIRECTION('',(0.E0,-1.E0,0.E0));
#1487=VECTOR('',#1486,1.2E0);
#1488=CARTESIAN_POINT('',(-9.999999999998E-1,-4.525E0,-1.81E1));
#1489=LINE('',#1488,#1487);
#1490=DIRECTION('',(0.E0,0.E0,1.E0));
#1491=VECTOR('',#1490,2.549999999900E0);
#1492=CARTESIAN_POINT('',(-9.999999999998E-1,-5.725E0,-1.81E1));
#1493=LINE('',#1492,#1491);
#1494=DIRECTION('',(0.E0,1.E0,5.563549621002E-11));
#1495=VECTOR('',#1494,1.8E0);
#1496=CARTESIAN_POINT('',(-9.999999999998E-1,-5.725E0,-1.555000000010E1));
#1497=LINE('',#1496,#1495);
#1498=DIRECTION('',(0.E0,-1.E0,0.E0));
#1499=VECTOR('',#1498,6.E-1);
#1500=CARTESIAN_POINT('',(-9.999999999998E-1,-3.925E0,-1.7E1));
#1501=LINE('',#1500,#1499);
#1502=DIRECTION('',(0.E0,0.E0,1.E0));
#1503=VECTOR('',#1502,1.1E0);
#1504=CARTESIAN_POINT('',(-9.999999999998E-1,-4.525E0,-1.81E1));
#1505=LINE('',#1504,#1503);
#1506=CARTESIAN_POINT('',(-1.3E0,-5.725E0,-1.81E1));
#1507=DIRECTION('',(1.E0,0.E0,0.E0));
#1508=DIRECTION('',(0.E0,-1.E0,0.E0));
#1509=AXIS2_PLACEMENT_3D('',#1506,#1507,#1508);
#1511=CARTESIAN_POINT('',(-1.3E0,-5.725E0,-1.81E1));
#1512=DIRECTION('',(0.E0,0.E0,-1.E0));
#1513=DIRECTION('',(1.E0,0.E0,0.E0));
#1514=AXIS2_PLACEMENT_3D('',#1511,#1512,#1513);
#1516=CARTESIAN_POINT('',(-1.3E0,-5.725E0,-1.81E1));
#1517=DIRECTION('',(0.E0,-1.E0,0.E0));
#1518=DIRECTION('',(0.E0,0.E0,-1.E0));
#1519=AXIS2_PLACEMENT_3D('',#1516,#1517,#1518);
#1521=CARTESIAN_POINT('',(3.063250300240E0,-5.725E0,-1.27E1));
#1522=CARTESIAN_POINT('',(3.063250300240E0,-5.756713949196E0,-1.27E1));
#1523=CARTESIAN_POINT('',(3.064871930046E0,-5.820017038379E0,
-1.271014012081E1));
#1524=CARTESIAN_POINT('',(3.071916613269E0,-5.905248024537E0,
-1.275396117267E1));
#1525=CARTESIAN_POINT('',(3.082923730838E0,-5.972437376920E0,
-1.282174747453E1));
#1526=CARTESIAN_POINT('',(3.096893848205E0,-6.015246529603E0,
-1.290658169459E1));
#1527=CARTESIAN_POINT('',(3.107326519481E0,-6.025E0,-1.296887246899E1));
#1528=CARTESIAN_POINT('',(3.112588032535E0,-6.025E0,-1.3E1));
#1530=DIRECTION('',(-1.E0,0.E0,0.E0));
#1531=VECTOR('',#1530,1.873499399520E0);
#1532=CARTESIAN_POINT('',(4.936749699760E0,-5.725E0,-1.27E1));
#1533=LINE('',#1532,#1531);
#1534=DIRECTION('',(0.E0,1.E0,0.E0));
#1535=VECTOR('',#1534,1.8E0);
#1536=CARTESIAN_POINT('',(3.063250300240E0,-5.725E0,-1.27E1));
#1537=LINE('',#1536,#1535);
#1538=CARTESIAN_POINT('',(4.E0,-5.725E0,-1.555E1));
#1539=DIRECTION('',(0.E0,-1.E0,0.E0));
#1540=DIRECTION('',(-3.122498999200E-1,0.E0,9.5E-1));
#1541=AXIS2_PLACEMENT_3D('',#1538,#1539,#1540);
#1543=DIRECTION('',(0.E0,1.E0,2.301072912461E-11));
#1544=VECTOR('',#1543,1.8E0);
#1545=CARTESIAN_POINT('',(9.999999999998E-1,-5.725E0,-1.555000000004E1));
#1546=LINE('',#1545,#1544);
#1547=CARTESIAN_POINT('',(1.3E0,-5.725E0,-1.555E1));
#1548=DIRECTION('',(0.E0,0.E0,-1.E0));
#1549=DIRECTION('',(0.E0,-1.E0,0.E0));
#1550=AXIS2_PLACEMENT_3D('',#1547,#1548,#1549);
#1552=DIRECTION('',(0.E0,-1.E0,0.E0));
#1553=VECTOR('',#1552,1.2E0);
#1554=CARTESIAN_POINT('',(9.999999999998E-1,-4.525E0,-1.81E1));
#1555=LINE('',#1554,#1553);
#1556=DIRECTION('',(0.E0,0.E0,1.E0));
#1557=VECTOR('',#1556,1.1E0);
#1558=CARTESIAN_POINT('',(9.999999999998E-1,-4.525E0,-1.81E1));
#1559=LINE('',#1558,#1557);
#1560=DIRECTION('',(0.E0,-1.E0,0.E0));
#1561=VECTOR('',#1560,6.E-1);
#1562=CARTESIAN_POINT('',(9.999999999998E-1,-3.925E0,-1.7E1));
#1563=LINE('',#1562,#1561);
#1564=DIRECTION('',(0.E0,0.E0,-1.E0));
#1565=VECTOR('',#1564,2.549999999959E0);
#1566=CARTESIAN_POINT('',(9.999999999998E-1,-5.725E0,-1.555000000004E1));
#1567=LINE('',#1566,#1565);
#1568=CARTESIAN_POINT('',(1.3E0,-5.725E0,-1.81E1));
#1569=DIRECTION('',(0.E0,0.E0,-1.E0));
#1570=DIRECTION('',(0.E0,-1.E0,0.E0));
#1571=AXIS2_PLACEMENT_3D('',#1568,#1569,#1570);
#1573=CARTESIAN_POINT('',(1.3E0,-5.725E0,-1.81E1));
#1574=DIRECTION('',(-1.E0,0.E0,0.E0));
#1575=DIRECTION('',(0.E0,0.E0,-1.E0));
#1576=AXIS2_PLACEMENT_3D('',#1573,#1574,#1575);
#1578=CARTESIAN_POINT('',(1.3E0,-5.725E0,-1.81E1));
#1579=DIRECTION('',(0.E0,-1.E0,0.E0));
#1580=DIRECTION('',(-1.E0,0.E0,0.E0));
#1581=AXIS2_PLACEMENT_3D('',#1578,#1579,#1580);
#1583=CARTESIAN_POINT('',(6.7E0,-5.725E0,-1.81E1));
#1584=DIRECTION('',(1.E0,0.E0,0.E0));
#1585=DIRECTION('',(0.E0,-1.E0,0.E0));
#1586=AXIS2_PLACEMENT_3D('',#1583,#1584,#1585);
#1588=CARTESIAN_POINT('',(6.7E0,-5.725E0,-1.81E1));
#1589=DIRECTION('',(0.E0,0.E0,-1.E0));
#1590=DIRECTION('',(1.E0,0.E0,0.E0));
#1591=AXIS2_PLACEMENT_3D('',#1588,#1589,#1590);
#1593=CARTESIAN_POINT('',(6.7E0,-5.725E0,-1.81E1));
#1594=DIRECTION('',(0.E0,-1.E0,0.E0));
#1595=DIRECTION('',(0.E0,0.E0,-1.E0));
#1596=AXIS2_PLACEMENT_3D('',#1593,#1594,#1595);
#1598=CARTESIAN_POINT('',(6.7E0,-5.725E0,-1.555E1));
#1599=DIRECTION('',(0.E0,0.E0,1.E0));
#1600=DIRECTION('',(0.E0,-1.E0,0.E0));
#1601=AXIS2_PLACEMENT_3D('',#1598,#1599,#1600);
#1603=CARTESIAN_POINT('',(4.936749699760E0,-5.725E0,-1.27E1));
#1604=CARTESIAN_POINT('',(4.936749699760E0,-5.756713949196E0,-1.27E1));
#1605=CARTESIAN_POINT('',(4.935128069953E0,-5.820017038379E0,
-1.271014012081E1));
#1606=CARTESIAN_POINT('',(4.928083386731E0,-5.905248024537E0,
-1.275396117267E1));
#1607=CARTESIAN_POINT('',(4.917076269162E0,-5.972437376920E0,
-1.282174747453E1));
#1608=CARTESIAN_POINT('',(4.903106151795E0,-6.015246529603E0,
-1.290658169459E1));
#1609=CARTESIAN_POINT('',(4.892673480519E0,-6.025E0,-1.296887246899E1));
#1610=CARTESIAN_POINT('',(4.887411967465E0,-6.025E0,-1.3E1));
#1612=DIRECTION('',(0.E0,-1.E0,-2.635412356181E-11));
#1613=VECTOR('',#1612,3.8E0);
#1614=CARTESIAN_POINT('',(7.E0,-1.925E0,-1.555E1));
#1615=LINE('',#1614,#1613);
#1616=CARTESIAN_POINT('',(4.E0,-5.725E0,-1.555E1));
#1617=DIRECTION('',(0.E0,-1.E0,0.E0));
#1618=DIRECTION('',(1.E0,0.E0,0.E0));
#1619=AXIS2_PLACEMENT_3D('',#1616,#1617,#1618);
#1621=DIRECTION('',(0.E0,1.E0,0.E0));
#1622=VECTOR('',#1621,1.8E0);
#1623=CARTESIAN_POINT('',(4.936749699760E0,-5.725E0,-1.27E1));
#1624=LINE('',#1623,#1622);
#1625=DIRECTION('',(0.E0,-1.E0,0.E0));
#1626=VECTOR('',#1625,1.2E0);
#1627=CARTESIAN_POINT('',(6.7E0,-4.525E0,-1.84E1));
#1628=LINE('',#1627,#1626);
#1629=DIRECTION('',(-1.E0,0.E0,0.E0));
#1630=VECTOR('',#1629,1.896043406370E0);
#1631=CARTESIAN_POINT('',(6.7E0,-4.525E0,-1.84E1));
#1632=LINE('',#1631,#1630);
#1633=DIRECTION('',(0.E0,-1.E0,0.E0));
#1634=VECTOR('',#1633,1.5E0);
#1635=CARTESIAN_POINT('',(4.803956593630E0,-3.025E0,-1.84E1));
#1636=LINE('',#1635,#1634);
#1637=DIRECTION('',(0.E0,-1.E0,0.E0));
#1638=VECTOR('',#1637,1.5E0);
#1639=CARTESIAN_POINT('',(3.196043406370E0,-3.025E0,-1.84E1));
#1640=LINE('',#1639,#1638);
#1641=DIRECTION('',(-1.E0,0.E0,0.E0));
#1642=VECTOR('',#1641,1.896043406370E0);
#1643=CARTESIAN_POINT('',(3.196043406370E0,-4.525E0,-1.84E1));
#1644=LINE('',#1643,#1642);
#1645=DIRECTION('',(0.E0,-1.E0,0.E0));
#1646=VECTOR('',#1645,1.2E0);
#1647=CARTESIAN_POINT('',(1.3E0,-4.525E0,-1.84E1));
#1648=LINE('',#1647,#1646);
#1649=DIRECTION('',(1.E0,0.E0,0.E0));
#1650=VECTOR('',#1649,5.4E0);
#1651=CARTESIAN_POINT('',(1.3E0,-5.725E0,-1.84E1));
#1652=LINE('',#1651,#1650);
#1653=DIRECTION('',(0.E0,1.E0,0.E0));
#1654=VECTOR('',#1653,1.5E0);
#1655=CARTESIAN_POINT('',(6.472411623261E0,-4.525E0,-1.7E1));
#1656=LINE('',#1655,#1654);
#1657=CARTESIAN_POINT('',(-6.5E0,-4.525E0,-1.65E1));
#1658=DIRECTION('',(0.E0,-1.E0,0.E0));
#1659=DIRECTION('',(-1.E0,0.E0,0.E0));
#1660=AXIS2_PLACEMENT_3D('',#1657,#1658,#1659);
#1662=DIRECTION('',(0.E0,0.E0,-1.E0));
#1663=VECTOR('',#1662,5.5E0);
#1664=CARTESIAN_POINT('',(3.62E0,3.95E-1,-8.5E0));
#1665=LINE('',#1664,#1663);
#1666=DIRECTION('',(0.E0,0.E0,-1.E0));
#1667=VECTOR('',#1666,3.65E0);
#1668=CARTESIAN_POINT('',(3.62E0,3.95E-1,-1.7E1));
#1669=LINE('',#1668,#1667);
#1670=CARTESIAN_POINT('',(3.62E0,-9.25E-1,-2.065E1));
#1671=DIRECTION('',(-1.E0,0.E0,0.E0));
#1672=DIRECTION('',(0.E0,1.E0,0.E0));
#1673=AXIS2_PLACEMENT_3D('',#1670,#1671,#1672);
#1675=DIRECTION('',(0.E0,-1.E0,0.E0));
#1676=VECTOR('',#1675,9.1E0);
#1677=CARTESIAN_POINT('',(3.62E0,-9.25E-1,-2.197E1));
#1678=LINE('',#1677,#1676);
#1679=DIRECTION('',(0.E0,0.E0,-1.E0));
#1680=VECTOR('',#1679,5.5E0);
#1681=CARTESIAN_POINT('',(2.98E0,3.95E-1,-8.5E0));
#1682=LINE('',#1681,#1680);
#1683=DIRECTION('',(0.E0,0.E0,-1.E0));
#1684=VECTOR('',#1683,3.65E0);
#1685=CARTESIAN_POINT('',(2.98E0,3.95E-1,-1.7E1));
#1686=LINE('',#1685,#1684);
#1687=DIRECTION('',(0.E0,-1.E0,0.E0));
#1688=VECTOR('',#1687,6.4E-1);
#1689=CARTESIAN_POINT('',(3.62E0,3.95E-1,-8.5E0));
#1690=LINE('',#1689,#1688);
#1691=DIRECTION('',(-1.E0,0.E0,0.E0));
#1692=VECTOR('',#1691,6.4E-1);
#1693=CARTESIAN_POINT('',(3.62E0,-2.45E-1,-8.5E0));
#1694=LINE('',#1693,#1692);
#1695=DIRECTION('',(0.E0,1.E0,0.E0));
#1696=VECTOR('',#1695,6.4E-1);
#1697=CARTESIAN_POINT('',(2.98E0,-2.45E-1,-8.5E0));
#1698=LINE('',#1697,#1696);
#1699=DIRECTION('',(1.E0,0.E0,0.E0));
#1700=VECTOR('',#1699,6.4E-1);
#1701=CARTESIAN_POINT('',(2.98E0,3.95E-1,-8.5E0));
#1702=LINE('',#1701,#1700);
#1703=DIRECTION('',(0.E0,0.E0,-1.E0));
#1704=VECTOR('',#1703,5.5E0);
#1705=CARTESIAN_POINT('',(3.62E0,-2.45E-1,-8.5E0));
#1706=LINE('',#1705,#1704);
#1707=DIRECTION('',(0.E0,0.E0,-1.E0));
#1708=VECTOR('',#1707,3.65E0);
#1709=CARTESIAN_POINT('',(3.62E0,-2.45E-1,-1.7E1));
#1710=LINE('',#1709,#1708);
#1711=DIRECTION('',(0.E0,1.E0,0.E0));
#1712=VECTOR('',#1711,6.4E-1);
#1713=CARTESIAN_POINT('',(3.62E0,-2.45E-1,-1.4E1));
#1714=LINE('',#1713,#1712);
#1715=DIRECTION('',(1.E0,0.E0,0.E0));
#1716=VECTOR('',#1715,6.4E-1);
#1717=CARTESIAN_POINT('',(2.98E0,3.95E-1,-1.4E1));
#1718=LINE('',#1717,#1716);
#1719=DIRECTION('',(0.E0,1.E0,0.E0));
#1720=VECTOR('',#1719,6.4E-1);
#1721=CARTESIAN_POINT('',(2.98E0,-2.45E-1,-1.4E1));
#1722=LINE('',#1721,#1720);
#1723=DIRECTION('',(-1.E0,0.E0,0.E0));
#1724=VECTOR('',#1723,6.4E-1);
#1725=CARTESIAN_POINT('',(3.62E0,-2.45E-1,-1.4E1));
#1726=LINE('',#1725,#1724);
#1727=DIRECTION('',(0.E0,1.E0,0.E0));
#1728=VECTOR('',#1727,6.4E-1);
#1729=CARTESIAN_POINT('',(1.42E0,-2.45E-1,-1.4E1));
#1730=LINE('',#1729,#1728);
#1731=DIRECTION('',(1.E0,0.E0,0.E0));
#1732=VECTOR('',#1731,6.4E-1);
#1733=CARTESIAN_POINT('',(7.8E-1,3.95E-1,-1.4E1));
#1734=LINE('',#1733,#1732);
#1735=DIRECTION('',(0.E0,1.E0,0.E0));
#1736=VECTOR('',#1735,6.4E-1);
#1737=CARTESIAN_POINT('',(7.8E-1,-2.45E-1,-1.4E1));
#1738=LINE('',#1737,#1736);
#1739=DIRECTION('',(-1.E0,0.E0,0.E0));
#1740=VECTOR('',#1739,6.4E-1);
#1741=CARTESIAN_POINT('',(1.42E0,-2.45E-1,-1.4E1));
#1742=LINE('',#1741,#1740);
#1743=DIRECTION('',(0.E0,1.E0,0.E0));
#1744=VECTOR('',#1743,6.4E-1);
#1745=CARTESIAN_POINT('',(-7.8E-1,-2.45E-1,-1.4E1));
#1746=LINE('',#1745,#1744);
#1747=DIRECTION('',(1.E0,0.E0,0.E0));
#1748=VECTOR('',#1747,6.4E-1);
#1749=CARTESIAN_POINT('',(-1.42E0,3.95E-1,-1.4E1));
#1750=LINE('',#1749,#1748);
#1751=DIRECTION('',(0.E0,1.E0,0.E0));
#1752=VECTOR('',#1751,6.4E-1);
#1753=CARTESIAN_POINT('',(-1.42E0,-2.45E-1,-1.4E1));
#1754=LINE('',#1753,#1752);
#1755=DIRECTION('',(-1.E0,0.E0,0.E0));
#1756=VECTOR('',#1755,6.4E-1);
#1757=CARTESIAN_POINT('',(-7.8E-1,-2.45E-1,-1.4E1));
#1758=LINE('',#1757,#1756);
#1759=DIRECTION('',(0.E0,1.E0,0.E0));
#1760=VECTOR('',#1759,6.4E-1);
#1761=CARTESIAN_POINT('',(-2.98E0,-2.45E-1,-1.4E1));
#1762=LINE('',#1761,#1760);
#1763=DIRECTION('',(1.E0,0.E0,0.E0));
#1764=VECTOR('',#1763,6.4E-1);
#1765=CARTESIAN_POINT('',(-3.62E0,3.95E-1,-1.4E1));
#1766=LINE('',#1765,#1764);
#1767=DIRECTION('',(0.E0,1.E0,0.E0));
#1768=VECTOR('',#1767,6.4E-1);
#1769=CARTESIAN_POINT('',(-3.62E0,-2.45E-1,-1.4E1));
#1770=LINE('',#1769,#1768);
#1771=DIRECTION('',(-1.E0,0.E0,0.E0));
#1772=VECTOR('',#1771,6.4E-1);
#1773=CARTESIAN_POINT('',(-2.98E0,-2.45E-1,-1.4E1));
#1774=LINE('',#1773,#1772);
#1775=DIRECTION('',(1.E0,1.603195846206E-14,0.E0));
#1776=VECTOR('',#1775,8.171572875254E-1);
#1777=CARTESIAN_POINT('',(4.8E0,-8.75E-1,-1.4E1));
#1778=LINE('',#1777,#1776);
#1779=DIRECTION('',(7.071067811865E-1,-7.071067811865E-1,0.E0));
#1780=VECTOR('',#1779,2.585786437627E-1);
#1781=CARTESIAN_POINT('',(5.617157287525E0,-8.75E-1,-1.4E1));
#1782=LINE('',#1781,#1780);
#1783=DIRECTION('',(0.E0,-1.E0,0.E0));
#1784=VECTOR('',#1783,6.343145750508E-1);
#1785=CARTESIAN_POINT('',(5.8E0,-1.057842712475E0,-1.4E1));
#1786=LINE('',#1785,#1784);
#1787=DIRECTION('',(-7.071067811865E-1,-7.071067811866E-1,0.E0));
#1788=VECTOR('',#1787,2.585786437627E-1);
#1789=CARTESIAN_POINT('',(5.8E0,-1.692157287525E0,-1.4E1));
#1790=LINE('',#1789,#1788);
#1791=DIRECTION('',(-1.E0,0.E0,0.E0));
#1792=VECTOR('',#1791,1.123431457505E1);
#1793=CARTESIAN_POINT('',(5.617157287525E0,-1.875E0,-1.4E1));
#1794=LINE('',#1793,#1792);
#1795=DIRECTION('',(-7.071067811865E-1,7.071067811865E-1,0.E0));
#1796=VECTOR('',#1795,2.585786437627E-1);
#1797=CARTESIAN_POINT('',(-5.617157287525E0,-1.875E0,-1.4E1));
#1798=LINE('',#1797,#1796);
#1799=DIRECTION('',(0.E0,1.E0,0.E0));
#1800=VECTOR('',#1799,6.343145750508E-1);
#1801=CARTESIAN_POINT('',(-5.8E0,-1.692157287525E0,-1.4E1));
#1802=LINE('',#1801,#1800);
#1803=DIRECTION('',(7.071067811865E-1,7.071067811865E-1,0.E0));
#1804=VECTOR('',#1803,2.585786437627E-1);
#1805=CARTESIAN_POINT('',(-5.8E0,-1.057842712475E0,-1.4E1));
#1806=LINE('',#1805,#1804);
#1807=DIRECTION('',(1.E0,0.E0,0.E0));
#1808=VECTOR('',#1807,8.171572875254E-1);
#1809=CARTESIAN_POINT('',(-5.617157287525E0,-8.75E-1,-1.4E1));
#1810=LINE('',#1809,#1808);
#1811=DIRECTION('',(0.E0,1.E0,0.E0));
#1812=VECTOR('',#1811,1.7E0);
#1813=CARTESIAN_POINT('',(-4.8E0,-8.75E-1,-1.4E1));
#1814=LINE('',#1813,#1812);
#1815=DIRECTION('',(0.E0,1.E0,0.E0));
#1816=VECTOR('',#1815,5.E-1);
#1817=CARTESIAN_POINT('',(-4.8E0,8.25E-1,-1.4E1));
#1818=LINE('',#1817,#1816);
#1819=DIRECTION('',(0.E0,1.E0,0.E0));
#1820=VECTOR('',#1819,7.5E-1);
#1821=CARTESIAN_POINT('',(-4.8E0,1.325E0,-1.4E1));
#1822=LINE('',#1821,#1820);
#1823=DIRECTION('',(1.E0,0.E0,0.E0));
#1824=VECTOR('',#1823,3.E-1);
#1825=CARTESIAN_POINT('',(-4.8E0,2.075E0,-1.4E1));
#1826=LINE('',#1825,#1824);
#1827=DIRECTION('',(0.E0,-1.E0,0.E0));
#1828=VECTOR('',#1827,2.E-1);
#1829=CARTESIAN_POINT('',(-4.5E0,2.075E0,-1.4E1));
#1830=LINE('',#1829,#1828);
#1831=DIRECTION('',(1.E0,0.E0,0.E0));
#1832=VECTOR('',#1831,5.E-1);
#1833=CARTESIAN_POINT('',(-4.5E0,1.875E0,-1.4E1));
#1834=LINE('',#1833,#1832);
#1835=DIRECTION('',(1.E0,2.384070707990E-10,0.E0));
#1836=VECTOR('',#1835,3.000000013376E-1);
#1837=CARTESIAN_POINT('',(-4.E0,1.875E0,-1.4E1));
#1838=LINE('',#1837,#1836);
#1839=CARTESIAN_POINT('',(-3.7E0,2.275E0,-1.399999999993E1));
#1840=DIRECTION('',(0.E0,0.E0,-1.E0));
#1841=DIRECTION('',(1.E0,0.E0,0.E0));
#1842=AXIS2_PLACEMENT_3D('',#1839,#1840,#1841);
#1844=DIRECTION('',(1.649312263691E-10,1.E0,0.E0));
#1845=VECTOR('',#1844,1.900000002325E0);
#1846=CARTESIAN_POINT('',(-3.300000000313E0,2.274999997675E0,-1.4E1));
#1847=LINE('',#1846,#1845);
#1848=DIRECTION('',(1.E0,0.E0,0.E0));
#1849=VECTOR('',#1848,1.5E0);
#1850=CARTESIAN_POINT('',(-3.3E0,4.175E0,-1.4E1));
#1851=LINE('',#1850,#1849);
#1852=DIRECTION('',(1.E0,0.E0,0.E0));
#1853=VECTOR('',#1852,1.5E0);
#1854=CARTESIAN_POINT('',(1.8E0,4.175E0,-1.4E1));
#1855=LINE('',#1854,#1853);
#1856=DIRECTION('',(3.764240378737E-11,-1.E0,0.E0));
#1857=VECTOR('',#1856,1.900000001338E0);
#1858=CARTESIAN_POINT('',(3.3E0,4.175E0,-1.4E1));
#1859=LINE('',#1858,#1857);
#1860=CARTESIAN_POINT('',(3.7E0,2.275E0,-1.399999999993E1));
#1861=DIRECTION('',(0.E0,0.E0,-1.E0));
#1862=DIRECTION('',(0.E0,-1.E0,0.E0));
#1863=AXIS2_PLACEMENT_3D('',#1860,#1861,#1862);
#1865=DIRECTION('',(1.E0,-1.044564426854E-9,0.E0));
#1866=VECTOR('',#1865,3.000000023248E-1);
#1867=CARTESIAN_POINT('',(3.699999997675E0,1.875000000313E0,-1.4E1));
#1868=LINE('',#1867,#1866);
#1869=DIRECTION('',(1.E0,0.E0,0.E0));
#1870=VECTOR('',#1869,5.E-1);
#1871=CARTESIAN_POINT('',(4.E0,1.875E0,-1.4E1));
#1872=LINE('',#1871,#1870);
#1873=DIRECTION('',(0.E0,1.E0,0.E0));
#1874=VECTOR('',#1873,2.E-1);
#1875=CARTESIAN_POINT('',(4.5E0,1.875E0,-1.4E1));
#1876=LINE('',#1875,#1874);
#1877=DIRECTION('',(1.E0,0.E0,0.E0));
#1878=VECTOR('',#1877,3.E-1);
#1879=CARTESIAN_POINT('',(4.5E0,2.075E0,-1.4E1));
#1880=LINE('',#1879,#1878);
#1881=DIRECTION('',(0.E0,-1.E0,0.E0));
#1882=VECTOR('',#1881,7.5E-1);
#1883=CARTESIAN_POINT('',(4.8E0,2.075E0,-1.4E1));
#1884=LINE('',#1883,#1882);
#1885=DIRECTION('',(0.E0,-1.E0,0.E0));
#1886=VECTOR('',#1885,5.E-1);
#1887=CARTESIAN_POINT('',(4.8E0,1.325E0,-1.4E1));
#1888=LINE('',#1887,#1886);
#1889=DIRECTION('',(0.E0,-1.E0,0.E0));
#1890=VECTOR('',#1889,1.7E0);
#1891=CARTESIAN_POINT('',(4.8E0,8.25E-1,-1.4E1));
#1892=LINE('',#1891,#1890);
#1893=DIRECTION('',(0.E0,0.E0,-1.E0));
#1894=VECTOR('',#1893,5.5E0);
#1895=CARTESIAN_POINT('',(2.98E0,-2.45E-1,-8.5E0));
#1896=LINE('',#1895,#1894);
#1897=DIRECTION('',(0.E0,0.E0,-1.E0));
#1898=VECTOR('',#1897,3.65E0);
#1899=CARTESIAN_POINT('',(2.98E0,-2.45E-1,-1.7E1));
#1900=LINE('',#1899,#1898);
#1901=CARTESIAN_POINT('',(2.98E0,-9.25E-1,-2.065E1));
#1902=DIRECTION('',(-1.E0,0.E0,0.E0));
#1903=DIRECTION('',(0.E0,1.E0,0.E0));
#1904=AXIS2_PLACEMENT_3D('',#1901,#1902,#1903);
#1906=DIRECTION('',(0.E0,-1.E0,0.E0));
#1907=VECTOR('',#1906,9.1E0);
#1908=CARTESIAN_POINT('',(2.98E0,-9.25E-1,-2.133E1));
#1909=LINE('',#1908,#1907);
#1910=DIRECTION('',(-1.E0,0.E0,0.E0));
#1911=VECTOR('',#1910,6.4E-1);
#1912=CARTESIAN_POINT('',(3.62E0,-2.45E-1,-2.065E1));
#1913=LINE('',#1912,#1911);
#1914=CARTESIAN_POINT('',(3.62E0,-9.25E-1,-2.065E1));
#1915=DIRECTION('',(-1.E0,0.E0,0.E0));
#1916=DIRECTION('',(0.E0,1.E0,0.E0));
#1917=AXIS2_PLACEMENT_3D('',#1914,#1915,#1916);
#1919=DIRECTION('',(-1.E0,0.E0,0.E0));
#1920=VECTOR('',#1919,6.4E-1);
#1921=CARTESIAN_POINT('',(3.62E0,-9.25E-1,-2.133E1));
#1922=LINE('',#1921,#1920);
#1923=DIRECTION('',(0.E0,-1.E0,0.E0));
#1924=VECTOR('',#1923,9.1E0);
#1925=CARTESIAN_POINT('',(3.62E0,-9.25E-1,-2.133E1));
#1926=LINE('',#1925,#1924);
#1927=DIRECTION('',(0.E0,0.E0,1.E0));
#1928=VECTOR('',#1927,6.4E-1);
#1929=CARTESIAN_POINT('',(3.62E0,-1.0025E1,-2.197E1));
#1930=LINE('',#1929,#1928);
#1931=DIRECTION('',(1.E0,0.E0,0.E0));
#1932=VECTOR('',#1931,6.4E-1);
#1933=CARTESIAN_POINT('',(2.98E0,-1.0025E1,-2.197E1));
#1934=LINE('',#1933,#1932);
#1935=DIRECTION('',(0.E0,0.E0,-1.E0));
#1936=VECTOR('',#1935,6.4E-1);
#1937=CARTESIAN_POINT('',(2.98E0,-1.0025E1,-2.133E1));
#1938=LINE('',#1937,#1936);
#1939=DIRECTION('',(-1.E0,0.E0,0.E0));
#1940=VECTOR('',#1939,6.4E-1);
#1941=CARTESIAN_POINT('',(3.62E0,-1.0025E1,-2.133E1));
#1942=LINE('',#1941,#1940);
#1943=DIRECTION('',(1.E0,0.E0,0.E0));
#1944=VECTOR('',#1943,6.4E-1);
#1945=CARTESIAN_POINT('',(2.98E0,-9.25E-1,-2.197E1));
#1946=LINE('',#1945,#1944);
#1947=DIRECTION('',(0.E0,-1.E0,0.E0));
#1948=VECTOR('',#1947,9.1E0);
#1949=CARTESIAN_POINT('',(2.98E0,-9.25E-1,-2.197E1));
#1950=LINE('',#1949,#1948);
#1951=DIRECTION('',(1.E0,0.E0,0.E0));
#1952=VECTOR('',#1951,6.4E-1);
#1953=CARTESIAN_POINT('',(2.98E0,3.95E-1,-2.065E1));
#1954=LINE('',#1953,#1952);
#1955=CARTESIAN_POINT('',(2.98E0,-9.25E-1,-2.065E1));
#1956=DIRECTION('',(-1.E0,0.E0,0.E0));
#1957=DIRECTION('',(0.E0,1.E0,0.E0));
#1958=AXIS2_PLACEMENT_3D('',#1955,#1956,#1957);
#1960=DIRECTION('',(0.E0,0.E0,-1.E0));
#1961=VECTOR('',#1960,3.65E0);
#1962=CARTESIAN_POINT('',(1.42E0,3.95E-1,-1.7E1));
#1963=LINE('',#1962,#1961);
#1964=CARTESIAN_POINT('',(1.42E0,-9.25E-1,-2.065E1));
#1965=DIRECTION('',(-1.E0,0.E0,0.E0));
#1966=DIRECTION('',(0.E0,1.E0,0.E0));
#1967=AXIS2_PLACEMENT_3D('',#1964,#1965,#1966);
#1969=DIRECTION('',(0.E0,-1.E0,0.E0));
#1970=VECTOR('',#1969,9.1E0);
#1971=CARTESIAN_POINT('',(1.42E0,-9.25E-1,-2.197E1));
#1972=LINE('',#1971,#1970);
#1973=DIRECTION('',(0.E0,0.E0,-1.E0));
#1974=VECTOR('',#1973,5.5E0);
#1975=CARTESIAN_POINT('',(1.42E0,3.95E-1,-8.5E0));
#1976=LINE('',#1975,#1974);
#1977=DIRECTION('',(0.E0,0.E0,-1.E0));
#1978=VECTOR('',#1977,3.65E0);
#1979=CARTESIAN_POINT('',(7.8E-1,3.95E-1,-1.7E1));
#1980=LINE('',#1979,#1978);
#1981=DIRECTION('',(0.E0,0.E0,-1.E0));
#1982=VECTOR('',#1981,5.5E0);
#1983=CARTESIAN_POINT('',(7.8E-1,3.95E-1,-8.5E0));
#1984=LINE('',#1983,#1982);
#1985=DIRECTION('',(0.E0,0.E0,-1.E0));
#1986=VECTOR('',#1985,3.65E0);
#1987=CARTESIAN_POINT('',(7.8E-1,-2.45E-1,-1.7E1));
#1988=LINE('',#1987,#1986);
#1989=CARTESIAN_POINT('',(7.8E-1,-9.25E-1,-2.065E1));
#1990=DIRECTION('',(-1.E0,0.E0,0.E0));
#1991=DIRECTION('',(0.E0,1.E0,0.E0));
#1992=AXIS2_PLACEMENT_3D('',#1989,#1990,#1991);
#1994=DIRECTION('',(0.E0,-1.E0,0.E0));
#1995=VECTOR('',#1994,9.1E0);
#1996=CARTESIAN_POINT('',(7.8E-1,-9.25E-1,-2.133E1));
#1997=LINE('',#1996,#1995);
#1998=DIRECTION('',(0.E0,0.E0,-1.E0));
#1999=VECTOR('',#1998,5.5E0);
#2000=CARTESIAN_POINT('',(7.8E-1,-2.45E-1,-8.5E0));
#2001=LINE('',#2000,#1999);
#2002=DIRECTION('',(0.E0,0.E0,-1.E0));
#2003=VECTOR('',#2002,3.65E0);
#2004=CARTESIAN_POINT('',(1.42E0,-2.45E-1,-1.7E1));
#2005=LINE('',#2004,#2003);
#2006=DIRECTION('',(0.E0,0.E0,-1.E0));
#2007=VECTOR('',#2006,5.5E0);
#2008=CARTESIAN_POINT('',(1.42E0,-2.45E-1,-8.5E0));
#2009=LINE('',#2008,#2007);
#2010=DIRECTION('',(-1.E0,0.E0,0.E0));
#2011=VECTOR('',#2010,6.4E-1);
#2012=CARTESIAN_POINT('',(1.42E0,-2.45E-1,-2.065E1));
#2013=LINE('',#2012,#2011);
#2014=CARTESIAN_POINT('',(1.42E0,-9.25E-1,-2.065E1));
#2015=DIRECTION('',(-1.E0,0.E0,0.E0));
#2016=DIRECTION('',(0.E0,1.E0,0.E0));
#2017=AXIS2_PLACEMENT_3D('',#2014,#2015,#2016);
#2019=DIRECTION('',(-1.E0,0.E0,0.E0));
#2020=VECTOR('',#2019,6.4E-1);
#2021=CARTESIAN_POINT('',(1.42E0,-9.25E-1,-2.133E1));
#2022=LINE('',#2021,#2020);
#2023=DIRECTION('',(0.E0,-1.E0,0.E0));
#2024=VECTOR('',#2023,9.1E0);
#2025=CARTESIAN_POINT('',(1.42E0,-9.25E-1,-2.133E1));
#2026=LINE('',#2025,#2024);
#2027=DIRECTION('',(0.E0,0.E0,1.E0));
#2028=VECTOR('',#2027,6.4E-1);
#2029=CARTESIAN_POINT('',(1.42E0,-1.0025E1,-2.197E1));
#2030=LINE('',#2029,#2028);
#2031=DIRECTION('',(1.E0,0.E0,0.E0));
#2032=VECTOR('',#2031,6.4E-1);
#2033=CARTESIAN_POINT('',(7.8E-1,-1.0025E1,-2.197E1));
#2034=LINE('',#2033,#2032);
#2035=DIRECTION('',(0.E0,0.E0,-1.E0));
#2036=VECTOR('',#2035,6.4E-1);
#2037=CARTESIAN_POINT('',(7.8E-1,-1.0025E1,-2.133E1));
#2038=LINE('',#2037,#2036);
#2039=DIRECTION('',(-1.E0,0.E0,0.E0));
#2040=VECTOR('',#2039,6.4E-1);
#2041=CARTESIAN_POINT('',(1.42E0,-1.0025E1,-2.133E1));
#2042=LINE('',#2041,#2040);
#2043=DIRECTION('',(1.E0,0.E0,0.E0));
#2044=VECTOR('',#2043,6.4E-1);
#2045=CARTESIAN_POINT('',(7.8E-1,-9.25E-1,-2.197E1));
#2046=LINE('',#2045,#2044);
#2047=DIRECTION('',(0.E0,-1.E0,0.E0));
#2048=VECTOR('',#2047,9.1E0);
#2049=CARTESIAN_POINT('',(7.8E-1,-9.25E-1,-2.197E1));
#2050=LINE('',#2049,#2048);
#2051=DIRECTION('',(1.E0,0.E0,0.E0));
#2052=VECTOR('',#2051,6.4E-1);
#2053=CARTESIAN_POINT('',(7.8E-1,3.95E-1,-2.065E1));
#2054=LINE('',#2053,#2052);
#2055=CARTESIAN_POINT('',(7.8E-1,-9.25E-1,-2.065E1));
#2056=DIRECTION('',(-1.E0,0.E0,0.E0));
#2057=DIRECTION('',(0.E0,1.E0,0.E0));
#2058=AXIS2_PLACEMENT_3D('',#2055,#2056,#2057);
#2060=DIRECTION('',(0.E0,-1.E0,0.E0));
#2061=VECTOR('',#2060,6.4E-1);
#2062=CARTESIAN_POINT('',(1.42E0,3.95E-1,-8.5E0));
#2063=LINE('',#2062,#2061);
#2064=DIRECTION('',(-1.E0,0.E0,0.E0));
#2065=VECTOR('',#2064,6.4E-1);
#2066=CARTESIAN_POINT('',(1.42E0,-2.45E-1,-8.5E0));
#2067=LINE('',#2066,#2065);
#2068=DIRECTION('',(0.E0,1.E0,0.E0));
#2069=VECTOR('',#2068,6.4E-1);
#2070=CARTESIAN_POINT('',(7.8E-1,-2.45E-1,-8.5E0));
#2071=LINE('',#2070,#2069);
#2072=DIRECTION('',(1.E0,0.E0,0.E0));
#2073=VECTOR('',#2072,6.4E-1);
#2074=CARTESIAN_POINT('',(7.8E-1,3.95E-1,-8.5E0));
#2075=LINE('',#2074,#2073);
#2076=DIRECTION('',(0.E0,0.E0,-1.E0));
#2077=VECTOR('',#2076,3.65E0);
#2078=CARTESIAN_POINT('',(-7.8E-1,3.95E-1,-1.7E1));
#2079=LINE('',#2078,#2077);
#2080=CARTESIAN_POINT('',(-7.8E-1,-9.25E-1,-2.065E1));
#2081=DIRECTION('',(-1.E0,0.E0,0.E0));
#2082=DIRECTION('',(0.E0,1.E0,0.E0));
#2083=AXIS2_PLACEMENT_3D('',#2080,#2081,#2082);
#2085=DIRECTION('',(0.E0,-1.E0,0.E0));
#2086=VECTOR('',#2085,9.1E0);
#2087=CARTESIAN_POINT('',(-7.8E-1,-9.25E-1,-2.197E1));
#2088=LINE('',#2087,#2086);
#2089=DIRECTION('',(0.E0,0.E0,-1.E0));
#2090=VECTOR('',#2089,5.5E0);
#2091=CARTESIAN_POINT('',(-7.8E-1,3.95E-1,-8.5E0));
#2092=LINE('',#2091,#2090);
#2093=DIRECTION('',(0.E0,0.E0,-1.E0));
#2094=VECTOR('',#2093,3.65E0);
#2095=CARTESIAN_POINT('',(-1.42E0,3.95E-1,-1.7E1));
#2096=LINE('',#2095,#2094);
#2097=DIRECTION('',(0.E0,0.E0,-1.E0));
#2098=VECTOR('',#2097,5.5E0);
#2099=CARTESIAN_POINT('',(-1.42E0,3.95E-1,-8.5E0));
#2100=LINE('',#2099,#2098);
#2101=DIRECTION('',(0.E0,0.E0,-1.E0));
#2102=VECTOR('',#2101,3.65E0);
#2103=CARTESIAN_POINT('',(-1.42E0,-2.45E-1,-1.7E1));
#2104=LINE('',#2103,#2102);
#2105=CARTESIAN_POINT('',(-1.42E0,-9.25E-1,-2.065E1));
#2106=DIRECTION('',(-1.E0,0.E0,0.E0));
#2107=DIRECTION('',(0.E0,1.E0,0.E0));
#2108=AXIS2_PLACEMENT_3D('',#2105,#2106,#2107);
#2110=DIRECTION('',(0.E0,-1.E0,0.E0));
#2111=VECTOR('',#2110,9.1E0);
#2112=CARTESIAN_POINT('',(-1.42E0,-9.25E-1,-2.133E1));
#2113=LINE('',#2112,#2111);
#2114=DIRECTION('',(0.E0,0.E0,-1.E0));
#2115=VECTOR('',#2114,5.5E0);
#2116=CARTESIAN_POINT('',(-1.42E0,-2.45E-1,-8.5E0));
#2117=LINE('',#2116,#2115);
#2118=DIRECTION('',(0.E0,0.E0,-1.E0));
#2119=VECTOR('',#2118,3.65E0);
#2120=CARTESIAN_POINT('',(-7.8E-1,-2.45E-1,-1.7E1));
#2121=LINE('',#2120,#2119);
#2122=DIRECTION('',(0.E0,0.E0,-1.E0));
#2123=VECTOR('',#2122,5.5E0);
#2124=CARTESIAN_POINT('',(-7.8E-1,-2.45E-1,-8.5E0));
#2125=LINE('',#2124,#2123);
#2126=DIRECTION('',(-1.E0,0.E0,0.E0));
#2127=VECTOR('',#2126,6.4E-1);
#2128=CARTESIAN_POINT('',(-7.8E-1,-2.45E-1,-2.065E1));
#2129=LINE('',#2128,#2127);
#2130=CARTESIAN_POINT('',(-7.8E-1,-9.25E-1,-2.065E1));
#2131=DIRECTION('',(-1.E0,0.E0,0.E0));
#2132=DIRECTION('',(0.E0,1.E0,0.E0));
#2133=AXIS2_PLACEMENT_3D('',#2130,#2131,#2132);
#2135=DIRECTION('',(-1.E0,0.E0,0.E0));
#2136=VECTOR('',#2135,6.4E-1);
#2137=CARTESIAN_POINT('',(-7.8E-1,-9.25E-1,-2.133E1));
#2138=LINE('',#2137,#2136);
#2139=DIRECTION('',(0.E0,-1.E0,0.E0));
#2140=VECTOR('',#2139,9.1E0);
#2141=CARTESIAN_POINT('',(-7.8E-1,-9.25E-1,-2.133E1));
#2142=LINE('',#2141,#2140);
#2143=DIRECTION('',(0.E0,0.E0,1.E0));
#2144=VECTOR('',#2143,6.4E-1);
#2145=CARTESIAN_POINT('',(-7.8E-1,-1.0025E1,-2.197E1));
#2146=LINE('',#2145,#2144);
#2147=DIRECTION('',(1.E0,0.E0,0.E0));
#2148=VECTOR('',#2147,6.4E-1);
#2149=CARTESIAN_POINT('',(-1.42E0,-1.0025E1,-2.197E1));
#2150=LINE('',#2149,#2148);
#2151=DIRECTION('',(0.E0,0.E0,-1.E0));
#2152=VECTOR('',#2151,6.4E-1);
#2153=CARTESIAN_POINT('',(-1.42E0,-1.0025E1,-2.133E1));
#2154=LINE('',#2153,#2152);
#2155=DIRECTION('',(-1.E0,0.E0,0.E0));
#2156=VECTOR('',#2155,6.4E-1);
#2157=CARTESIAN_POINT('',(-7.8E-1,-1.0025E1,-2.133E1));
#2158=LINE('',#2157,#2156);
#2159=DIRECTION('',(1.E0,0.E0,0.E0));
#2160=VECTOR('',#2159,6.4E-1);
#2161=CARTESIAN_POINT('',(-1.42E0,-9.25E-1,-2.197E1));
#2162=LINE('',#2161,#2160);
#2163=DIRECTION('',(0.E0,-1.E0,0.E0));
#2164=VECTOR('',#2163,9.1E0);
#2165=CARTESIAN_POINT('',(-1.42E0,-9.25E-1,-2.197E1));
#2166=LINE('',#2165,#2164);
#2167=DIRECTION('',(1.E0,0.E0,0.E0));
#2168=VECTOR('',#2167,6.4E-1);
#2169=CARTESIAN_POINT('',(-1.42E0,3.95E-1,-2.065E1));
#2170=LINE('',#2169,#2168);
#2171=CARTESIAN_POINT('',(-1.42E0,-9.25E-1,-2.065E1));
#2172=DIRECTION('',(-1.E0,0.E0,0.E0));
#2173=DIRECTION('',(0.E0,1.E0,0.E0));
#2174=AXIS2_PLACEMENT_3D('',#2171,#2172,#2173);
#2176=DIRECTION('',(0.E0,-1.E0,0.E0));
#2177=VECTOR('',#2176,6.4E-1);
#2178=CARTESIAN_POINT('',(-7.8E-1,3.95E-1,-8.5E0));
#2179=LINE('',#2178,#2177);
#2180=DIRECTION('',(-1.E0,0.E0,0.E0));
#2181=VECTOR('',#2180,6.4E-1);
#2182=CARTESIAN_POINT('',(-7.8E-1,-2.45E-1,-8.5E0));
#2183=LINE('',#2182,#2181);
#2184=DIRECTION('',(0.E0,1.E0,0.E0));
#2185=VECTOR('',#2184,6.4E-1);
#2186=CARTESIAN_POINT('',(-1.42E0,-2.45E-1,-8.5E0));
#2187=LINE('',#2186,#2185);
#2188=DIRECTION('',(1.E0,0.E0,0.E0));
#2189=VECTOR('',#2188,6.4E-1);
#2190=CARTESIAN_POINT('',(-1.42E0,3.95E-1,-8.5E0));
#2191=LINE('',#2190,#2189);
#2192=DIRECTION('',(0.E0,0.E0,-1.E0));
#2193=VECTOR('',#2192,3.65E0);
#2194=CARTESIAN_POINT('',(-2.98E0,3.95E-1,-1.7E1));
#2195=LINE('',#2194,#2193);
#2196=CARTESIAN_POINT('',(-2.98E0,-9.25E-1,-2.065E1));
#2197=DIRECTION('',(-1.E0,0.E0,0.E0));
#2198=DIRECTION('',(0.E0,1.E0,0.E0));
#2199=AXIS2_PLACEMENT_3D('',#2196,#2197,#2198);
#2201=DIRECTION('',(0.E0,-1.E0,0.E0));
#2202=VECTOR('',#2201,9.1E0);
#2203=CARTESIAN_POINT('',(-2.98E0,-9.25E-1,-2.197E1));
#2204=LINE('',#2203,#2202);
#2205=DIRECTION('',(0.E0,0.E0,-1.E0));
#2206=VECTOR('',#2205,5.5E0);
#2207=CARTESIAN_POINT('',(-2.98E0,3.95E-1,-8.5E0));
#2208=LINE('',#2207,#2206);
#2209=DIRECTION('',(0.E0,0.E0,-1.E0));
#2210=VECTOR('',#2209,3.65E0);
#2211=CARTESIAN_POINT('',(-3.62E0,3.95E-1,-1.7E1));
#2212=LINE('',#2211,#2210);
#2213=DIRECTION('',(0.E0,0.E0,-1.E0));
#2214=VECTOR('',#2213,5.5E0);
#2215=CARTESIAN_POINT('',(-3.62E0,3.95E-1,-8.5E0));
#2216=LINE('',#2215,#2214);
#2217=DIRECTION('',(0.E0,0.E0,-1.E0));
#2218=VECTOR('',#2217,3.65E0);
#2219=CARTESIAN_POINT('',(-3.62E0,-2.45E-1,-1.7E1));
#2220=LINE('',#2219,#2218);
#2221=CARTESIAN_POINT('',(-3.62E0,-9.25E-1,-2.065E1));
#2222=DIRECTION('',(-1.E0,0.E0,0.E0));
#2223=DIRECTION('',(0.E0,1.E0,0.E0));
#2224=AXIS2_PLACEMENT_3D('',#2221,#2222,#2223);
#2226=DIRECTION('',(0.E0,-1.E0,0.E0));
#2227=VECTOR('',#2226,9.1E0);
#2228=CARTESIAN_POINT('',(-3.62E0,-9.25E-1,-2.133E1));
#2229=LINE('',#2228,#2227);
#2230=DIRECTION('',(0.E0,0.E0,-1.E0));
#2231=VECTOR('',#2230,5.5E0);
#2232=CARTESIAN_POINT('',(-3.62E0,-2.45E-1,-8.5E0));
#2233=LINE('',#2232,#2231);
#2234=DIRECTION('',(0.E0,0.E0,-1.E0));
#2235=VECTOR('',#2234,3.65E0);
#2236=CARTESIAN_POINT('',(-2.98E0,-2.45E-1,-1.7E1));
#2237=LINE('',#2236,#2235);
#2238=DIRECTION('',(0.E0,0.E0,-1.E0));
#2239=VECTOR('',#2238,5.5E0);
#2240=CARTESIAN_POINT('',(-2.98E0,-2.45E-1,-8.5E0));
#2241=LINE('',#2240,#2239);
#2242=DIRECTION('',(-1.E0,0.E0,0.E0));
#2243=VECTOR('',#2242,6.4E-1);
#2244=CARTESIAN_POINT('',(-2.98E0,-2.45E-1,-2.065E1));
#2245=LINE('',#2244,#2243);
#2246=CARTESIAN_POINT('',(-2.98E0,-9.25E-1,-2.065E1));
#2247=DIRECTION('',(-1.E0,0.E0,0.E0));
#2248=DIRECTION('',(0.E0,1.E0,0.E0));
#2249=AXIS2_PLACEMENT_3D('',#2246,#2247,#2248);
#2251=DIRECTION('',(-1.E0,0.E0,0.E0));
#2252=VECTOR('',#2251,6.4E-1);
#2253=CARTESIAN_POINT('',(-2.98E0,-9.25E-1,-2.133E1));
#2254=LINE('',#2253,#2252);
#2255=DIRECTION('',(0.E0,-1.E0,0.E0));
#2256=VECTOR('',#2255,9.1E0);
#2257=CARTESIAN_POINT('',(-2.98E0,-9.25E-1,-2.133E1));
#2258=LINE('',#2257,#2256);
#2259=DIRECTION('',(0.E0,0.E0,1.E0));
#2260=VECTOR('',#2259,6.4E-1);
#2261=CARTESIAN_POINT('',(-2.98E0,-1.0025E1,-2.197E1));
#2262=LINE('',#2261,#2260);
#2263=DIRECTION('',(1.E0,0.E0,0.E0));
#2264=VECTOR('',#2263,6.4E-1);
#2265=CARTESIAN_POINT('',(-3.62E0,-1.0025E1,-2.197E1));
#2266=LINE('',#2265,#2264);
#2267=DIRECTION('',(0.E0,0.E0,-1.E0));
#2268=VECTOR('',#2267,6.4E-1);
#2269=CARTESIAN_POINT('',(-3.62E0,-1.0025E1,-2.133E1));
#2270=LINE('',#2269,#2268);
#2271=DIRECTION('',(-1.E0,0.E0,0.E0));
#2272=VECTOR('',#2271,6.4E-1);
#2273=CARTESIAN_POINT('',(-2.98E0,-1.0025E1,-2.133E1));
#2274=LINE('',#2273,#2272);
#2275=DIRECTION('',(1.E0,0.E0,0.E0));
#2276=VECTOR('',#2275,6.4E-1);
#2277=CARTESIAN_POINT('',(-3.62E0,-9.25E-1,-2.197E1));
#2278=LINE('',#2277,#2276);
#2279=DIRECTION('',(0.E0,-1.E0,0.E0));
#2280=VECTOR('',#2279,9.1E0);
#2281=CARTESIAN_POINT('',(-3.62E0,-9.25E-1,-2.197E1));
#2282=LINE('',#2281,#2280);
#2283=DIRECTION('',(1.E0,0.E0,0.E0));
#2284=VECTOR('',#2283,6.4E-1);
#2285=CARTESIAN_POINT('',(-3.62E0,3.95E-1,-2.065E1));
#2286=LINE('',#2285,#2284);
#2287=CARTESIAN_POINT('',(-3.62E0,-9.25E-1,-2.065E1));
#2288=DIRECTION('',(-1.E0,0.E0,0.E0));
#2289=DIRECTION('',(0.E0,1.E0,0.E0));
#2290=AXIS2_PLACEMENT_3D('',#2287,#2288,#2289);
#2292=DIRECTION('',(0.E0,-1.E0,0.E0));
#2293=VECTOR('',#2292,6.4E-1);
#2294=CARTESIAN_POINT('',(-2.98E0,3.95E-1,-8.5E0));
#2295=LINE('',#2294,#2293);
#2296=DIRECTION('',(-1.E0,0.E0,0.E0));
#2297=VECTOR('',#2296,6.4E-1);
#2298=CARTESIAN_POINT('',(-2.98E0,-2.45E-1,-8.5E0));
#2299=LINE('',#2298,#2297);
#2300=DIRECTION('',(0.E0,1.E0,0.E0));
#2301=VECTOR('',#2300,6.4E-1);
#2302=CARTESIAN_POINT('',(-3.62E0,-2.45E-1,-8.5E0));
#2303=LINE('',#2302,#2301);
#2304=DIRECTION('',(1.E0,0.E0,0.E0));
#2305=VECTOR('',#2304,6.4E-1);
#2306=CARTESIAN_POINT('',(-3.62E0,3.95E-1,-8.5E0));
#2307=LINE('',#2306,#2305);
#2308=CARTESIAN_POINT('',(4.8E0,-8.75E-1,-1.4E1));
#2309=CARTESIAN_POINT('',(4.829438560784E0,-8.603049991620E-1,
-1.399999739217E1));
#2310=CARTESIAN_POINT('',(4.885667796521E0,-8.321531179208E-1,
-1.399677626315E1));
#2311=CARTESIAN_POINT('',(4.961331354026E0,-7.943379635844E-1,
-1.398438484085E1));
#2312=CARTESIAN_POINT('',(5.028424325464E0,-7.607849955171E-1,
-1.396562904704E1));
#2313=CARTESIAN_POINT('',(5.086262166374E0,-7.318738556849E-1,
-1.394138942913E1));
#2314=CARTESIAN_POINT('',(5.134719090601E0,-7.076448651769E-1,
-1.391175829901E1));
#2315=CARTESIAN_POINT('',(5.171965771653E0,-6.890663681376E-1,
-1.387718766591E1));
#2316=CARTESIAN_POINT('',(5.195038399507E0,-6.774837886101E-1,
-1.383883079925E1));
#2317=CARTESIAN_POINT('',(5.199997395283E0,-6.749785119332E-1,
-1.381289759494E1));
#2318=CARTESIAN_POINT('',(5.199999999778E0,-6.749954288235E-1,
-1.379999998801E1));
#2320=CARTESIAN_POINT('',(4.8E0,-8.75E-1,-1.4E1));
#2321=CARTESIAN_POINT('',(4.814702276192E0,-8.455468644670E-1,
-1.399999739088E1));
#2322=CARTESIAN_POINT('',(4.842867600513E0,-7.892910530672E-1,
-1.399677307628E1));
#2323=CARTESIAN_POINT('',(4.880698028436E0,-7.135965428182E-1,
-1.398437026920E1));
#2324=CARTESIAN_POINT('',(4.914263045953E0,-6.464806172858E-1,
-1.396559772071E1));
#2325=CARTESIAN_POINT('',(4.943184190428E0,-5.886379127332E-1,
-1.394133213265E1));
#2326=CARTESIAN_POINT('',(4.967417977977E0,-5.401717785434E-1,
-1.391167107100E1));
#2327=CARTESIAN_POINT('',(4.985997254922E0,-5.030262491195E-1,
-1.387703393534E1));
#2328=CARTESIAN_POINT('',(4.997555498136E0,-4.798661468930E-1,
-1.383867130372E1));
#2329=CARTESIAN_POINT('',(4.999993922652E0,-4.750243265070E-1,
-1.381283176098E1));
#2330=CARTESIAN_POINT('',(4.999998785004E0,-4.749999999410E-1,
-1.379999999908E1));
#2332=DIRECTION('',(-7.071067811865E-1,0.E0,-7.071067811865E-1));
#2333=VECTOR('',#2332,2.828427124746E-1);
#2334=CARTESIAN_POINT('',(5.E0,8.25E-1,0.E0));
#2335=LINE('',#2334,#2333);
#2336=CARTESIAN_POINT('',(4.8E0,8.25E-1,-1.38E1));
#2337=DIRECTION('',(0.E0,-1.E0,0.E0));
#2338=DIRECTION('',(0.E0,0.E0,-1.E0));
#2339=AXIS2_PLACEMENT_3D('',#2336,#2337,#2338);
#2341=DIRECTION('',(0.E0,0.E0,-1.E0));
#2342=VECTOR('',#2341,1.38E1);
#2343=CARTESIAN_POINT('',(4.8E0,8.25E-1,-2.E-1));
#2344=LINE('',#2343,#2342);
#2345=DIRECTION('',(0.E0,-1.E0,0.E0));
#2346=VECTOR('',#2345,5.E-1);
#2347=CARTESIAN_POINT('',(4.8E0,1.325E0,-2.E-1));
#2348=LINE('',#2347,#2346);
#2349=DIRECTION('',(0.E0,0.E0,-1.E0));
#2350=VECTOR('',#2349,1.38E1);
#2351=CARTESIAN_POINT('',(4.8E0,1.325E0,-2.E-1));
#2352=LINE('',#2351,#2350);
#2353=DIRECTION('',(7.071067811865E-1,0.E0,7.071067811865E-1));
#2354=VECTOR('',#2353,2.828427124746E-1);
#2355=CARTESIAN_POINT('',(4.8E0,1.325E0,-2.E-1));
#2356=LINE('',#2355,#2354);
#2357=CARTESIAN_POINT('',(4.8E0,1.325E0,-1.38E1));
#2358=DIRECTION('',(0.E0,1.E0,0.E0));
#2359=DIRECTION('',(1.E0,0.E0,0.E0));
#2360=AXIS2_PLACEMENT_3D('',#2357,#2358,#2359);
#2362=DIRECTION('',(2.341854234861E-6,-9.999999999945E-1,-2.337421940792E-6));
#2363=VECTOR('',#2362,1.300000035526E0);
#2364=CARTESIAN_POINT('',(5.E0,8.25E-1,-2.E-1));
#2365=LINE('',#2364,#2363);
#2366=DIRECTION('',(3.131917641453E-7,-2.616000007473E-9,1.E0));
#2367=VECTOR('',#2366,1.359999696043E1);
#2368=CARTESIAN_POINT('',(4.999998785004E0,-4.749999999410E-1,
-1.379999999908E1));
#2369=LINE('',#2368,#2367);
#2370=DIRECTION('',(-9.346126546608E-7,-9.999999999996E-1,7.082170747607E-10));
#2371=VECTOR('',#2370,1.299999999942E0);
#2372=CARTESIAN_POINT('',(5.E0,8.25E-1,-1.38E1));
#2373=LINE('',#2372,#2371);
#2374=DIRECTION('',(0.E0,0.E0,1.E0));
#2375=VECTOR('',#2374,1.36E1);
#2376=CARTESIAN_POINT('',(5.E0,8.25E-1,-1.38E1));
#2377=LINE('',#2376,#2375);
#2378=DIRECTION('',(0.E0,-1.E0,0.E0));
#2379=VECTOR('',#2378,7.5E-1);
#2380=CARTESIAN_POINT('',(5.E0,2.075E0,-2.E-1));
#2381=LINE('',#2380,#2379);
#2382=DIRECTION('',(0.E0,0.E0,1.E0));
#2383=VECTOR('',#2382,1.36E1);
#2384=CARTESIAN_POINT('',(5.E0,1.325E0,-1.38E1));
#2385=LINE('',#2384,#2383);
#2386=DIRECTION('',(0.E0,-1.E0,0.E0));
#2387=VECTOR('',#2386,7.5E-1);
#2388=CARTESIAN_POINT('',(5.E0,2.075E0,-1.38E1));
#2389=LINE('',#2388,#2387);
#2390=DIRECTION('',(7.071067811865E-1,0.E0,7.071067811865E-1));
#2391=VECTOR('',#2390,2.828427124746E-1);
#2392=CARTESIAN_POINT('',(5.E0,8.25E-1,-2.E-1));
#2393=LINE('',#2392,#2391);
#2394=DIRECTION('',(-7.070960276736E-1,-1.255770678355E-7,-7.071175345359E-1));
#2395=VECTOR('',#2394,2.828427084330E-1);
#2396=CARTESIAN_POINT('',(5.2E0,-4.75E-1,0.E0));
#2397=LINE('',#2396,#2395);
#2398=CARTESIAN_POINT('',(5.2E0,-4.75E-1,-2.000125523121E-1));
#2399=DIRECTION('',(0.E0,0.E0,1.E0));
#2400=DIRECTION('',(-1.E0,0.E0,0.E0));
#2401=AXIS2_PLACEMENT_3D('',#2398,#2399,#2400);
#2403=CARTESIAN_POINT('',(5.2E0,-4.75E-1,-1.379999999422E1));
#2404=DIRECTION('',(0.E0,0.E0,1.E0));
#2405=DIRECTION('',(-1.E0,0.E0,0.E0));
#2406=AXIS2_PLACEMENT_3D('',#2403,#2404,#2405);
#2408=DIRECTION('',(9.999999999630E-1,-6.083629698249E-6,6.082488975462E-6));
#2409=VECTOR('',#2408,5.000000028452E-1);
#2410=CARTESIAN_POINT('',(5.199999997173E0,-6.749969581851E-1,
-2.000030412445E-1));
#2411=LINE('',#2410,#2409);
#2412=DIRECTION('',(0.E0,0.E0,-1.E0));
#2413=VECTOR('',#2412,1.36E1);
#2414=CARTESIAN_POINT('',(5.7E0,-6.75E-1,-2.E-1));
#2415=LINE('',#2414,#2413);
#2416=DIRECTION('',(9.999999999582E-1,-9.142352968E-6,-2.398289921045E-8));
#2417=VECTOR('',#2416,5.000000002432E-1);
#2418=CARTESIAN_POINT('',(5.199999999778E0,-6.749954288235E-1,
-1.379999998801E1));
#2419=LINE('',#2418,#2417);
#2420=DIRECTION('',(-1.914961430143E-10,-1.124530855410E-7,1.E0));
#2421=VECTOR('',#2420,1.359999694676E1);
#2422=CARTESIAN_POINT('',(5.199999999778E0,-6.749954288235E-1,
-1.379999998801E1));
#2423=LINE('',#2422,#2421);
#2424=DIRECTION('',(-9.993738998534E-9,-7.070960276734E-1,-7.071175345361E-1));
#2425=VECTOR('',#2424,2.828427121040E-1);
#2426=CARTESIAN_POINT('',(5.2E0,-4.75E-1,0.E0));
#2427=LINE('',#2426,#2425);
#2428=DIRECTION('',(2.810846377148E-1,6.785983445458E-1,6.785983445458E-1));
#2429=VECTOR('',#2428,2.947251516416E-1);
#2430=CARTESIAN_POINT('',(5.7E0,-6.75E-1,-2.E-1));
#2431=LINE('',#2430,#2429);
#2432=DIRECTION('',(6.785983445458E-1,2.810846377148E-1,6.785983445458E-1));
#2433=VECTOR('',#2432,2.947251516416E-1);
#2434=CARTESIAN_POINT('',(6.E0,-9.75E-1,-2.E-1));
#2435=LINE('',#2434,#2433);
#2436=DIRECTION('',(7.071067811866E-1,-7.071067811865E-1,0.E0));
#2437=VECTOR('',#2436,4.242640687119E-1);
#2438=CARTESIAN_POINT('',(5.7E0,-6.75E-1,-2.E-1));
#2439=LINE('',#2438,#2437);
#2440=DIRECTION('',(0.E0,0.E0,-1.E0));
#2441=VECTOR('',#2440,1.36E1);
#2442=CARTESIAN_POINT('',(6.E0,-9.75E-1,-2.E-1));
#2443=LINE('',#2442,#2441);
#2444=DIRECTION('',(7.071067811866E-1,-7.071067811865E-1,0.E0));
#2445=VECTOR('',#2444,4.242640687119E-1);
#2446=CARTESIAN_POINT('',(5.7E0,-6.75E-1,-1.38E1));
#2447=LINE('',#2446,#2445);
#2448=DIRECTION('',(0.E0,-1.E0,0.E0));
#2449=VECTOR('',#2448,8.E-1);
#2450=CARTESIAN_POINT('',(6.E0,-9.75E-1,-2.E-1));
#2451=LINE('',#2450,#2449);
#2452=DIRECTION('',(0.E0,0.E0,-1.E0));
#2453=VECTOR('',#2452,1.36E1);
#2454=CARTESIAN_POINT('',(6.E0,-1.775E0,-2.E-1));
#2455=LINE('',#2454,#2453);
#2456=DIRECTION('',(0.E0,-1.E0,0.E0));
#2457=VECTOR('',#2456,8.E-1);
#2458=CARTESIAN_POINT('',(6.E0,-9.75E-1,-1.38E1));
#2459=LINE('',#2458,#2457);
#2460=DIRECTION('',(6.785983445458E-1,-2.810846377148E-1,6.785983445458E-1));
#2461=VECTOR('',#2460,2.947251516416E-1);
#2462=CARTESIAN_POINT('',(6.E0,-1.775E0,-2.E-1));
#2463=LINE('',#2462,#2461);
#2464=DIRECTION('',(2.810846377148E-1,-6.785983445458E-1,6.785983445458E-1));
#2465=VECTOR('',#2464,2.947251516416E-1);
#2466=CARTESIAN_POINT('',(5.7E0,-2.075E0,-2.E-1));
#2467=LINE('',#2466,#2465);
#2468=DIRECTION('',(0.E0,7.071067811865E-1,-7.071067811865E-1));
#2469=VECTOR('',#2468,2.828427124746E-1);
#2470=CARTESIAN_POINT('',(4.7E0,-2.275E0,0.E0));
#2471=LINE('',#2470,#2469);
#2472=DIRECTION('',(0.E0,-1.E0,0.E0));
#2473=VECTOR('',#2472,5.E-1);
#2474=CARTESIAN_POINT('',(4.7E0,-2.275E0,0.E0));
#2475=LINE('',#2474,#2473);
#2476=DIRECTION('',(0.E0,0.E0,-1.E0));
#2477=VECTOR('',#2476,6.933974596216E0);
#2478=CARTESIAN_POINT('',(4.7E0,-2.575E0,-2.E-1));
#2479=LINE('',#2478,#2477);
#2480=DIRECTION('',(0.E0,5.E-1,-8.660254037844E-1));
#2481=VECTOR('',#2480,1.E0);
#2482=CARTESIAN_POINT('',(4.7E0,-2.575E0,-7.133974596216E0));
#2483=LINE('',#2482,#2481);
#2484=DIRECTION('',(0.E0,-7.071067811865E-1,7.071067811865E-1));
#2485=VECTOR('',#2484,2.828427124746E-1);
#2486=CARTESIAN_POINT('',(4.7E0,-2.575E0,-2.E-1));
#2487=LINE('',#2486,#2485);
#2488=DIRECTION('',(0.E0,7.071067811865E-1,-7.071067811865E-1));
#2489=VECTOR('',#2488,2.828427124746E-1);
#2490=CARTESIAN_POINT('',(-4.7E0,-2.775E0,0.E0));
#2491=LINE('',#2490,#2489);
#2492=DIRECTION('',(0.E0,-7.071067811865E-1,7.071067811865E-1));
#2493=VECTOR('',#2492,2.828427124746E-1);
#2494=CARTESIAN_POINT('',(-4.7E0,-2.075E0,-2.E-1));
#2495=LINE('',#2494,#2493);
#2496=DIRECTION('',(0.E0,5.E-1,-8.660254037844E-1));
#2497=VECTOR('',#2496,1.E0);
#2498=CARTESIAN_POINT('',(-4.7E0,-2.575E0,-7.133974596216E0));
#2499=LINE('',#2498,#2497);
#2500=DIRECTION('',(0.E0,0.E0,-1.E0));
#2501=VECTOR('',#2500,6.933974596216E0);
#2502=CARTESIAN_POINT('',(-4.7E0,-2.575E0,-2.E-1));
#2503=LINE('',#2502,#2501);
#2504=DIRECTION('',(0.E0,1.E0,0.E0));
#2505=VECTOR('',#2504,5.E-1);
#2506=CARTESIAN_POINT('',(-4.7E0,-2.775E0,0.E0));
#2507=LINE('',#2506,#2505);
#2508=DIRECTION('',(-2.810846377148E-1,-6.785983445458E-1,6.785983445458E-1));
#2509=VECTOR('',#2508,2.947251516416E-1);
#2510=CARTESIAN_POINT('',(-5.7E0,-2.075E0,-2.E-1));
#2511=LINE('',#2510,#2509);
#2512=DIRECTION('',(-6.785983445458E-1,-2.810846377148E-1,6.785983445458E-1));
#2513=VECTOR('',#2512,2.947251516416E-1);
#2514=CARTESIAN_POINT('',(-6.E0,-1.775E0,-2.E-1));
#2515=LINE('',#2514,#2513);
#2516=DIRECTION('',(-7.071067811865E-1,7.071067811865E-1,0.E0));
#2517=VECTOR('',#2516,4.242640687119E-1);
#2518=CARTESIAN_POINT('',(-5.7E0,-2.075E0,-2.E-1));
#2519=LINE('',#2518,#2517);
#2520=DIRECTION('',(0.E0,0.E0,-1.E0));
#2521=VECTOR('',#2520,1.36E1);
#2522=CARTESIAN_POINT('',(-6.E0,-1.775E0,-2.E-1));
#2523=LINE('',#2522,#2521);
#2524=DIRECTION('',(-7.071067811865E-1,7.071067811865E-1,0.E0));
#2525=VECTOR('',#2524,4.242640687119E-1);
#2526=CARTESIAN_POINT('',(-5.7E0,-2.075E0,-1.38E1));
#2527=LINE('',#2526,#2525);
#2528=DIRECTION('',(0.E0,1.E0,0.E0));
#2529=VECTOR('',#2528,8.E-1);
#2530=CARTESIAN_POINT('',(-6.E0,-1.775E0,-2.E-1));
#2531=LINE('',#2530,#2529);
#2532=DIRECTION('',(0.E0,0.E0,-1.E0));
#2533=VECTOR('',#2532,1.36E1);
#2534=CARTESIAN_POINT('',(-6.E0,-9.75E-1,-2.E-1));
#2535=LINE('',#2534,#2533);
#2536=DIRECTION('',(0.E0,1.E0,0.E0));
#2537=VECTOR('',#2536,8.E-1);
#2538=CARTESIAN_POINT('',(-6.E0,-1.775E0,-1.38E1));
#2539=LINE('',#2538,#2537);
#2540=DIRECTION('',(-6.785983445458E-1,2.810846377148E-1,6.785983445458E-1));
#2541=VECTOR('',#2540,2.947251516416E-1);
#2542=CARTESIAN_POINT('',(-6.E0,-9.75E-1,-2.E-1));
#2543=LINE('',#2542,#2541);
#2544=DIRECTION('',(-2.810846377148E-1,6.785983445458E-1,6.785983445458E-1));
#2545=VECTOR('',#2544,2.947251516416E-1);
#2546=CARTESIAN_POINT('',(-5.7E0,-6.75E-1,-2.E-1));
#2547=LINE('',#2546,#2545);
#2548=DIRECTION('',(1.998832270962E-8,-7.070960276734E-1,-7.071175345361E-1));
#2549=VECTOR('',#2548,2.828427120643E-1);
#2550=CARTESIAN_POINT('',(-5.2E0,-4.75E-1,0.E0));
#2551=LINE('',#2550,#2549);
#2552=CARTESIAN_POINT('',(-5.2E0,-4.75E-1,-2.000125523121E-1));
#2553=DIRECTION('',(0.E0,0.E0,1.E0));
#2554=DIRECTION('',(0.E0,-1.E0,0.E0));
#2555=AXIS2_PLACEMENT_3D('',#2552,#2553,#2554);
#2557=DIRECTION('',(2.340992463248E-6,9.999999999945E-1,2.338283776592E-6));
#2558=VECTOR('',#2557,1.300000017765E0);
#2559=CARTESIAN_POINT('',(-5.000003043290E0,-4.750000177574E-1,
-2.000030397690E-1));
#2560=LINE('',#2559,#2558);
#2561=DIRECTION('',(0.E0,0.E0,1.E0));
#2562=VECTOR('',#2561,1.36E1);
#2563=CARTESIAN_POINT('',(-5.E0,8.25E-1,-1.38E1));
#2564=LINE('',#2563,#2562);
#2565=DIRECTION('',(-4.451550683672E-7,9.999999999999E-1,-2.665601073231E-10));
#2566=VECTOR('',#2565,1.299999999987E0);
#2567=CARTESIAN_POINT('',(-4.999999421298E0,-4.749999999866E-1,
-1.379999999965E1));
#2568=LINE('',#2567,#2566);
#2569=DIRECTION('',(2.663229884069E-7,1.306676440094E-9,-1.E0));
#2570=VECTOR('',#2569,1.359999695988E1);
#2571=CARTESIAN_POINT('',(-5.000003043290E0,-4.750000177574E-1,
-2.000030397690E-1));
#2572=LINE('',#2571,#2570);
#2573=DIRECTION('',(0.E0,1.E0,0.E0));
#2574=VECTOR('',#2573,7.5E-1);
#2575=CARTESIAN_POINT('',(-5.E0,1.325E0,-2.E-1));
#2576=LINE('',#2575,#2574);
#2577=DIRECTION('',(0.E0,0.E0,1.E0));
#2578=VECTOR('',#2577,1.36E1);
#2579=CARTESIAN_POINT('',(-5.E0,2.075E0,-1.38E1));
#2580=LINE('',#2579,#2578);
#2581=DIRECTION('',(0.E0,1.E0,0.E0));
#2582=VECTOR('',#2581,7.5E-1);
#2583=CARTESIAN_POINT('',(-5.E0,1.325E0,-1.38E1));
#2584=LINE('',#2583,#2582);
#2585=DIRECTION('',(0.E0,0.E0,1.E0));
#2586=VECTOR('',#2585,1.36E1);
#2587=CARTESIAN_POINT('',(-5.E0,1.325E0,-1.38E1));
#2588=LINE('',#2587,#2586);
#2589=DIRECTION('',(7.070960276737E-1,-6.278192229916E-8,-7.071175345359E-1));
#2590=VECTOR('',#2589,2.828427100174E-1);
#2591=CARTESIAN_POINT('',(-5.2E0,-4.75E-1,0.E0));
#2592=LINE('',#2591,#2590);
#2593=DIRECTION('',(7.071067811865E-1,0.E0,-7.071067811865E-1));
#2594=VECTOR('',#2593,2.828427124746E-1);
#2595=CARTESIAN_POINT('',(-5.2E0,8.25E-1,0.E0));
#2596=LINE('',#2595,#2594);
#2597=DIRECTION('',(-7.071067811865E-1,0.E0,7.071067811865E-1));
#2598=VECTOR('',#2597,2.828427124746E-1);
#2599=CARTESIAN_POINT('',(-4.8E0,8.25E-1,-2.E-1));
#2600=LINE('',#2599,#2598);
#2601=CARTESIAN_POINT('',(-4.8E0,8.25E-1,-1.38E1));
#2602=DIRECTION('',(0.E0,-1.E0,0.E0));
#2603=DIRECTION('',(-1.E0,0.E0,0.E0));
#2604=AXIS2_PLACEMENT_3D('',#2601,#2602,#2603);
#2606=DIRECTION('',(7.071067811865E-1,0.E0,-7.071067811865E-1));
#2607=VECTOR('',#2606,2.828427124746E-1);
#2608=CARTESIAN_POINT('',(-5.E0,1.325E0,0.E0));
#2609=LINE('',#2608,#2607);
#2610=CARTESIAN_POINT('',(-4.8E0,1.325E0,-1.38E1));
#2611=DIRECTION('',(0.E0,1.E0,0.E0));
#2612=DIRECTION('',(0.E0,0.E0,-1.E0));
#2613=AXIS2_PLACEMENT_3D('',#2610,#2611,#2612);
#2615=DIRECTION('',(0.E0,0.E0,-1.E0));
#2616=VECTOR('',#2615,1.38E1);
#2617=CARTESIAN_POINT('',(-4.8E0,1.325E0,-2.E-1));
#2618=LINE('',#2617,#2616);
#2619=DIRECTION('',(-5.773502691896E-1,5.773502691896E-1,5.773502691896E-1));
#2620=VECTOR('',#2619,3.464101615138E-1);
#2621=CARTESIAN_POINT('',(-5.E0,2.075E0,-2.E-1));
#2622=LINE('',#2621,#2620);
#2623=DIRECTION('',(-7.071067811865E-1,0.E0,7.071067811865E-1));
#2624=VECTOR('',#2623,2.828427124746E-1);
#2625=CARTESIAN_POINT('',(-5.E0,1.325E0,-2.E-1));
#2626=LINE('',#2625,#2624);
#2627=DIRECTION('',(0.E0,-7.071067811865E-1,-7.071067811865E-1));
#2628=VECTOR('',#2627,2.828427124746E-1);
#2629=CARTESIAN_POINT('',(-4.5E0,2.275E0,0.E0));
#2630=LINE('',#2629,#2628);
#2631=DIRECTION('',(1.E0,0.E0,0.E0));
#2632=VECTOR('',#2631,5.E-1);
#2633=CARTESIAN_POINT('',(-5.E0,2.075E0,-2.E-1));
#2634=LINE('',#2633,#2632);
#2635=DIRECTION('',(0.E0,0.E0,1.E0));
#2636=VECTOR('',#2635,1.38E1);
#2637=CARTESIAN_POINT('',(-4.5E0,2.075E0,-1.4E1));
#2638=LINE('',#2637,#2636);
#2639=CARTESIAN_POINT('',(-4.8E0,2.075E0,-1.38E1));
#2640=DIRECTION('',(0.E0,-1.E0,0.E0));
#2641=DIRECTION('',(-1.E0,0.E0,0.E0));
#2642=AXIS2_PLACEMENT_3D('',#2639,#2640,#2641);
#2644=DIRECTION('',(-9.999999999485E-1,-7.177157335105E-6,7.171731697589E-6));
#2645=VECTOR('',#2644,3.000000111380E-1);
#2646=CARTESIAN_POINT('',(-3.699999988877E0,2.075002153147E0,
-2.000021515196E-1));
#2647=LINE('',#2646,#2645);
#2648=DIRECTION('',(7.954556246965E-10,1.583196779893E-7,1.E0));
#2649=VECTOR('',#2648,1.359999784848E1);
#2650=CARTESIAN_POINT('',(-3.699999999696E0,2.075E0,-1.38E1));
#2651=LINE('',#2650,#2649);
#2652=DIRECTION('',(1.E0,0.E0,0.E0));
#2653=VECTOR('',#2652,3.000000003043E-1);
#2654=CARTESIAN_POINT('',(-4.E0,2.075E0,-1.38E1));
#2655=LINE('',#2654,#2653);
#2656=DIRECTION('',(0.E0,0.E0,1.E0));
#2657=VECTOR('',#2656,1.36E1);
#2658=CARTESIAN_POINT('',(-4.E0,2.075E0,-1.38E1));
#2659=LINE('',#2658,#2657);
#2660=DIRECTION('',(0.E0,7.071067811865E-1,7.071067811865E-1));
#2661=VECTOR('',#2660,2.828427124746E-1);
#2662=CARTESIAN_POINT('',(-4.5E0,1.875E0,-2.E-1));
#2663=LINE('',#2662,#2661);
#2664=DIRECTION('',(0.E0,-7.071067811865E-1,-7.071067811865E-1));
#2665=VECTOR('',#2664,2.828427124746E-1);
#2666=CARTESIAN_POINT('',(-4.E0,2.075E0,0.E0));
#2667=LINE('',#2666,#2665);
#2668=CARTESIAN_POINT('',(-4.E0,1.875E0,-1.38E1));
#2669=DIRECTION('',(1.E0,0.E0,0.E0));
#2670=DIRECTION('',(0.E0,0.E0,-1.E0));
#2671=AXIS2_PLACEMENT_3D('',#2668,#2669,#2670);
#2673=DIRECTION('',(0.E0,0.E0,-1.E0));
#2674=VECTOR('',#2673,1.38E1);
#2675=CARTESIAN_POINT('',(-4.E0,1.875E0,-2.E-1));
#2676=LINE('',#2675,#2674);
#2677=DIRECTION('',(-3.932403815863E-8,7.070991714977E-1,7.071143907935E-1));
#2678=VECTOR('',#2677,2.828427113400E-1);
#2679=CARTESIAN_POINT('',(-3.699999988877E0,2.075002153147E0,
-2.000021515196E-1));
#2680=LINE('',#2679,#2678);
#2681=DIRECTION('',(0.E0,7.071067811865E-1,7.071067811865E-1));
#2682=VECTOR('',#2681,2.828427124746E-1);
#2683=CARTESIAN_POINT('',(-4.E0,2.075E0,-2.E-1));
#2684=LINE('',#2683,#2682);
#2685=DIRECTION('',(-7.070991714978E-1,4.514966691476E-8,7.071143907934E-1));
#2686=VECTOR('',#2685,2.828427109231E-1);
#2687=CARTESIAN_POINT('',(-3.500002153442E0,2.274999987230E0,
-2.000021512247E-1));
#2688=LINE('',#2687,#2686);
#2689=CARTESIAN_POINT('',(-3.7E0,2.275E0,-2.000131315852E-1));
#2690=DIRECTION('',(0.E0,0.E0,-1.E0));
#2691=DIRECTION('',(1.E0,0.E0,0.E0));
#2692=AXIS2_PLACEMENT_3D('',#2689,#2690,#2691);
#2694=DIRECTION('',(-8.972675425238E-7,-9.999999999992E-1,-8.963436329456E-7));
#2695=VECTOR('',#2694,2.400000012772E0);
#2696=CARTESIAN_POINT('',(-3.5E0,4.675E0,-2.E-1));
#2697=LINE('',#2696,#2695);
#2698=DIRECTION('',(0.E0,0.E0,-1.E0));
#2699=VECTOR('',#2698,4.25E0);
#2700=CARTESIAN_POINT('',(-3.5E0,4.675E0,-2.E-1));
#2701=LINE('',#2700,#2699);
#2702=DIRECTION('',(0.E0,5.E-1,8.660254037844E-1));
#2703=VECTOR('',#2702,1.E0);
#2704=CARTESIAN_POINT('',(-3.5E0,4.175E0,-5.316025403784E0));
#2705=LINE('',#2704,#2703);
#2706=DIRECTION('',(0.E0,0.E0,1.E0));
#2707=VECTOR('',#2706,8.483974596216E0);
#2708=CARTESIAN_POINT('',(-3.5E0,4.175E0,-1.38E1));
#2709=LINE('',#2708,#2707);
#2710=DIRECTION('',(0.E0,1.E0,0.E0));
#2711=VECTOR('',#2710,1.900000000528E0);
#2712=CARTESIAN_POINT('',(-3.5E0,2.274999999472E0,-1.38E1));
#2713=LINE('',#2712,#2711);
#2714=DIRECTION('',(-1.583413569224E-7,-9.001637788271E-10,1.E0));
#2715=VECTOR('',#2714,1.359999784878E1);
#2716=CARTESIAN_POINT('',(-3.5E0,2.274999999472E0,-1.38E1));
#2717=LINE('',#2716,#2715);
#2718=DIRECTION('',(5.773502691896E-1,-5.773502691896E-1,-5.773502691896E-1));
#2719=VECTOR('',#2718,3.464101615138E-1);
#2720=CARTESIAN_POINT('',(-3.7E0,4.875E0,0.E0));
#2721=LINE('',#2720,#2719);
#2722=DIRECTION('',(1.E0,0.E0,0.E0));
#2723=VECTOR('',#2722,7.E-1);
#2724=CARTESIAN_POINT('',(-3.7E0,4.875E0,0.E0));
#2725=LINE('',#2724,#2723);
#2726=DIRECTION('',(5.773502691896E-1,-5.773502691896E-1,-5.773502691896E-1));
#2727=VECTOR('',#2726,3.464101615138E-1);
#2728=CARTESIAN_POINT('',(-3.E0,4.875E0,0.E0));
#2729=LINE('',#2728,#2727);
#2730=DIRECTION('',(1.E0,0.E0,0.E0));
#2731=VECTOR('',#2730,7.E-1);
#2732=CARTESIAN_POINT('',(-3.5E0,4.675E0,-2.E-1));
#2733=LINE('',#2732,#2731);
#2734=DIRECTION('',(0.E0,0.E0,-1.E0));
#2735=VECTOR('',#2734,4.25E0);
#2736=CARTESIAN_POINT('',(-2.8E0,4.675E0,-2.E-1));
#2737=LINE('',#2736,#2735);
#2738=DIRECTION('',(1.E0,0.E0,0.E0));
#2739=VECTOR('',#2738,7.E-1);
#2740=CARTESIAN_POINT('',(2.8E0,4.675E0,-2.E-1));
#2741=LINE('',#2740,#2739);
#2742=DIRECTION('',(0.E0,0.E0,-1.E0));
#2743=VECTOR('',#2742,4.25E0);
#2744=CARTESIAN_POINT('',(2.8E0,4.675E0,-2.E-1));
#2745=LINE('',#2744,#2743);
#2746=DIRECTION('',(-4.975428121645E-1,4.975428121645E-1,7.105647754616E-1));
#2747=VECTOR('',#2746,9.031159082028E-1);
#2748=CARTESIAN_POINT('',(-2.480847955711E0,4.355847955711E0,
-6.417223525279E-1));
#2749=LINE('',#2748,#2747);
#2750=CARTESIAN_POINT('',(-2.480847955711E0,4.355847955711E0,
-6.417223525279E-1));
#2751=CARTESIAN_POINT('',(-2.424560855411E0,4.299560855411E0,
-7.221086626271E-1));
#2752=CARTESIAN_POINT('',(-2.336648354964E0,4.211648354964E0,
-8.972277160312E-1));
#2753=CARTESIAN_POINT('',(-2.3E0,4.175E0,-1.102168624149E0));
#2754=CARTESIAN_POINT('',(-2.3E0,4.175E0,-1.215298788879E0));
#2756=DIRECTION('',(7.071067811865E-1,-7.071067811865E-1,0.E0));
#2757=VECTOR('',#2756,9.873079635032E-2);
#2758=CARTESIAN_POINT('',(-3.E0,4.875E0,0.E0));
#2759=LINE('',#2758,#2757);
#2760=DIRECTION('',(-1.E0,0.E0,0.E0));
#2761=VECTOR('',#2760,4.961695911422E0);
#2762=CARTESIAN_POINT('',(2.480847955711E0,4.355847955711E0,
-6.417223525279E-1));
#2763=LINE('',#2762,#2761);
#2764=DIRECTION('',(4.975428121645E-1,4.975428121645E-1,7.105647754616E-1));
#2765=VECTOR('',#2764,9.031159082028E-1);
#2766=CARTESIAN_POINT('',(2.480847955711E0,4.355847955711E0,
-6.417223525279E-1));
#2767=LINE('',#2766,#2765);
#2768=DIRECTION('',(7.071067811865E-1,7.071067811865E-1,0.E0));
#2769=VECTOR('',#2768,9.873079635032E-2);
#2770=CARTESIAN_POINT('',(2.930186784389E0,4.805186784389E0,0.E0));
#2771=LINE('',#2770,#2769);
#2772=DIRECTION('',(0.E0,0.E0,-1.E0));
#2773=VECTOR('',#2772,4.100726614905E0);
#2774=CARTESIAN_POINT('',(2.3E0,4.175E0,-1.215298788879E0));
#2775=LINE('',#2774,#2773);
#2776=CARTESIAN_POINT('',(2.480847955711E0,4.355847955711E0,
-6.417223525279E-1));
#2777=CARTESIAN_POINT('',(2.424560855411E0,4.299560855411E0,
-7.221086626271E-1));
#2778=CARTESIAN_POINT('',(2.336648354964E0,4.211648354964E0,
-8.972277160312E-1));
#2779=CARTESIAN_POINT('',(2.3E0,4.175E0,-1.102168624149E0));
#2780=CARTESIAN_POINT('',(2.3E0,4.175E0,-1.215298788879E0));
#2782=DIRECTION('',(1.E0,0.E0,0.E0));
#2783=VECTOR('',#2782,7.E-1);
#2784=CARTESIAN_POINT('',(3.E0,4.875E0,0.E0));
#2785=LINE('',#2784,#2783);
#2786=DIRECTION('',(5.773502691896E-1,5.773502691896E-1,5.773502691896E-1));
#2787=VECTOR('',#2786,3.464101615138E-1);
#2788=CARTESIAN_POINT('',(2.8E0,4.675E0,-2.E-1));
#2789=LINE('',#2788,#2787);
#2790=DIRECTION('',(7.070991714977E-1,3.932403344835E-8,7.071143907935E-1));
#2791=VECTOR('',#2790,2.828427113400E-1);
#2792=CARTESIAN_POINT('',(3.500002153147E0,2.274999988877E0,
-2.000021515196E-1));
#2793=LINE('',#2792,#2791);
#2794=DIRECTION('',(5.773502691896E-1,5.773502691896E-1,5.773502691896E-1));
#2795=VECTOR('',#2794,3.464101615138E-1);
#2796=CARTESIAN_POINT('',(3.5E0,4.675E0,-2.E-1));
#2797=LINE('',#2796,#2795);
#2798=DIRECTION('',(4.514966534467E-8,7.070991714978E-1,7.071143907934E-1));
#2799=VECTOR('',#2798,2.828427109231E-1);
#2800=CARTESIAN_POINT('',(3.699999987230E0,2.075002153442E0,
-2.000021512247E-1));
#2801=LINE('',#2800,#2799);
#2802=CARTESIAN_POINT('',(3.7E0,2.275E0,-2.000131315852E-1));
#2803=DIRECTION('',(0.E0,0.E0,-1.E0));
#2804=DIRECTION('',(0.E0,-1.E0,0.E0));
#2805=AXIS2_PLACEMENT_3D('',#2802,#2803,#2804);
#2807=DIRECTION('',(1.E0,0.E0,0.E0));
#2808=VECTOR('',#2807,5.E-1);
#2809=CARTESIAN_POINT('',(4.5E0,2.075E0,-2.E-1));
#2810=LINE('',#2809,#2808);
#2811=DIRECTION('',(0.E0,0.E0,1.E0));
#2812=VECTOR('',#2811,1.36E1);
#2813=CARTESIAN_POINT('',(5.E0,2.075E0,-1.38E1));
#2814=LINE('',#2813,#2812);
#2815=CARTESIAN_POINT('',(4.8E0,2.075E0,-1.38E1));
#2816=DIRECTION('',(0.E0,-1.E0,0.E0));
#2817=DIRECTION('',(0.E0,0.E0,-1.E0));
#2818=AXIS2_PLACEMENT_3D('',#2815,#2816,#2817);
#2820=DIRECTION('',(0.E0,0.E0,1.E0));
#2821=VECTOR('',#2820,1.38E1);
#2822=CARTESIAN_POINT('',(4.5E0,2.075E0,-1.4E1));
#2823=LINE('',#2822,#2821);
#2824=DIRECTION('',(-9.999999999485E-1,7.178140072466E-6,-7.170748796393E-6));
#2825=VECTOR('',#2824,3.000000127857E-1);
#2826=CARTESIAN_POINT('',(4.E0,2.075E0,-2.E-1));
#2827=LINE('',#2826,#2825);
#2828=DIRECTION('',(0.E0,0.E0,1.E0));
#2829=VECTOR('',#2828,1.36E1);
#2830=CARTESIAN_POINT('',(4.E0,2.075E0,-1.38E1));
#2831=LINE('',#2830,#2829);
#2832=DIRECTION('',(1.E0,0.E0,0.E0));
#2833=VECTOR('',#2832,3.000000005280E-1);
#2834=CARTESIAN_POINT('',(3.699999999472E0,2.075E0,-1.38E1));
#2835=LINE('',#2834,#2833);
#2836=DIRECTION('',(-9.001637788271E-10,1.583413569224E-7,1.E0));
#2837=VECTOR('',#2836,1.359999784878E1);
#2838=CARTESIAN_POINT('',(3.699999999472E0,2.075E0,-1.38E1));
#2839=LINE('',#2838,#2837);
#2840=DIRECTION('',(5.773502691896E-1,5.773502691896E-1,5.773502691896E-1));
#2841=VECTOR('',#2840,3.464101615138E-1);
#2842=CARTESIAN_POINT('',(5.E0,2.075E0,-2.E-1));
#2843=LINE('',#2842,#2841);
#2844=DIRECTION('',(0.E0,7.071067811865E-1,7.071067811865E-1));
#2845=VECTOR('',#2844,2.828427124746E-1);
#2846=CARTESIAN_POINT('',(4.5E0,2.075E0,-2.E-1));
#2847=LINE('',#2846,#2845);
#2848=DIRECTION('',(-7.071067811865E-1,0.E0,-7.071067811865E-1));
#2849=VECTOR('',#2848,2.828427124746E-1);
#2850=CARTESIAN_POINT('',(5.2E0,1.325E0,0.E0));
#2851=LINE('',#2850,#2849);
#2852=DIRECTION('',(0.E0,-7.071067811865E-1,-7.071067811865E-1));
#2853=VECTOR('',#2852,2.828427124746E-1);
#2854=CARTESIAN_POINT('',(4.5E0,2.075E0,0.E0));
#2855=LINE('',#2854,#2853);
#2856=DIRECTION('',(0.E0,0.E0,-1.E0));
#2857=VECTOR('',#2856,1.38E1);
#2858=CARTESIAN_POINT('',(4.5E0,1.875E0,-2.E-1));
#2859=LINE('',#2858,#2857);
#2860=DIRECTION('',(1.E0,0.E0,0.E0));
#2861=VECTOR('',#2860,5.E-1);
#2862=CARTESIAN_POINT('',(4.E0,1.875E0,-2.E-1));
#2863=LINE('',#2862,#2861);
#2864=DIRECTION('',(0.E0,0.E0,-1.E0));
#2865=VECTOR('',#2864,1.38E1);
#2866=CARTESIAN_POINT('',(4.E0,1.875E0,-2.E-1));
#2867=LINE('',#2866,#2865);
#2868=DIRECTION('',(0.E0,7.071067811865E-1,7.071067811865E-1));
#2869=VECTOR('',#2868,2.828427124746E-1);
#2870=CARTESIAN_POINT('',(4.E0,1.875E0,-2.E-1));
#2871=LINE('',#2870,#2869);
#2872=CARTESIAN_POINT('',(4.E0,1.875E0,-1.38E1));
#2873=DIRECTION('',(-1.E0,0.E0,0.E0));
#2874=DIRECTION('',(0.E0,1.E0,0.E0));
#2875=AXIS2_PLACEMENT_3D('',#2872,#2873,#2874);
#2877=DIRECTION('',(0.E0,-7.071067811865E-1,-7.071067811865E-1));
#2878=VECTOR('',#2877,2.828427124746E-1);
#2879=CARTESIAN_POINT('',(4.E0,2.275E0,0.E0));
#2880=LINE('',#2879,#2878);
#2881=CARTESIAN_POINT('',(3.7E0,2.275E0,-1.38E1));
#2882=DIRECTION('',(0.E0,0.E0,1.E0));
#2883=DIRECTION('',(-1.E0,0.E0,0.E0));
#2884=AXIS2_PLACEMENT_3D('',#2881,#2882,#2883);
#2886=CARTESIAN_POINT('',(3.7E0,1.875E0,-1.38E1));
#2887=DIRECTION('',(-1.E0,0.E0,0.E0));
#2888=DIRECTION('',(0.E0,1.E0,0.E0));
#2889=AXIS2_PLACEMENT_3D('',#2886,#2887,#2888);
#2891=CARTESIAN_POINT('',(3.3E0,2.275E0,-1.38E1));
#2892=DIRECTION('',(0.E0,-1.E0,0.E0));
#2893=DIRECTION('',(3.098987733097E-10,0.E0,-1.E0));
#2894=AXIS2_PLACEMENT_3D('',#2891,#2892,#2893);
#2896=CARTESIAN_POINT('',(-3.3E0,4.175E0,-1.38E1));
#2897=DIRECTION('',(0.E0,-1.E0,0.E0));
#2898=DIRECTION('',(-1.E0,0.E0,0.E0));
#2899=AXIS2_PLACEMENT_3D('',#2896,#2897,#2898);
#2901=DIRECTION('',(-1.E0,0.E0,0.E0));
#2902=VECTOR('',#2901,1.2E0);
#2903=CARTESIAN_POINT('',(-2.3E0,4.175E0,-5.316025403784E0));
#2904=LINE('',#2903,#2902);
#2905=DIRECTION('',(0.E0,0.E0,-1.E0));
#2906=VECTOR('',#2905,4.100726614905E0);
#2907=CARTESIAN_POINT('',(-2.3E0,4.175E0,-1.215298788879E0));
#2908=LINE('',#2907,#2906);
#2909=DIRECTION('',(1.E0,0.E0,0.E0));
#2910=VECTOR('',#2909,4.6E0);
#2911=CARTESIAN_POINT('',(-2.3E0,4.175E0,-1.215298788879E0));
#2912=LINE('',#2911,#2910);
#2913=DIRECTION('',(-1.E0,0.E0,0.E0));
#2914=VECTOR('',#2913,1.2E0);
#2915=CARTESIAN_POINT('',(3.5E0,4.175E0,-5.316025403784E0));
#2916=LINE('',#2915,#2914);
#2917=DIRECTION('',(0.E0,0.E0,1.E0));
#2918=VECTOR('',#2917,8.483974596216E0);
#2919=CARTESIAN_POINT('',(3.5E0,4.175E0,-1.38E1));
#2920=LINE('',#2919,#2918);
#2921=CARTESIAN_POINT('',(3.3E0,4.175E0,-1.38E1));
#2922=DIRECTION('',(0.E0,-1.E0,0.E0));
#2923=DIRECTION('',(0.E0,0.E0,-1.E0));
#2924=AXIS2_PLACEMENT_3D('',#2921,#2922,#2923);
#2926=DIRECTION('',(1.E0,0.E0,0.E0));
#2927=VECTOR('',#2926,3.6E0);
#2928=CARTESIAN_POINT('',(-1.8E0,4.175E0,-1.884963159278E0));
#2929=LINE('',#2928,#2927);
#2930=CARTESIAN_POINT('',(-3.3E0,2.275E0,-1.38E1));
#2931=DIRECTION('',(0.E0,-1.E0,0.E0));
#2932=DIRECTION('',(-1.E0,0.E0,0.E0));
#2933=AXIS2_PLACEMENT_3D('',#2930,#2931,#2932);
#2935=CARTESIAN_POINT('',(-3.7E0,2.275E0,-1.38E1));
#2936=DIRECTION('',(0.E0,0.E0,1.E0));
#2937=DIRECTION('',(0.E0,-1.E0,0.E0));
#2938=AXIS2_PLACEMENT_3D('',#2935,#2936,#2937);
#2940=CARTESIAN_POINT('',(-3.7E0,1.875E0,-1.38E1));
#2941=DIRECTION('',(1.E0,0.E0,0.E0));
#2942=DIRECTION('',(0.E0,3.099043244248E-10,-1.E0));
#2943=AXIS2_PLACEMENT_3D('',#2940,#2941,#2942);
#2945=DIRECTION('',(-4.472135955E-1,4.472135955E-1,7.745966692415E-1));
#2946=VECTOR('',#2945,1.118033988750E0);
#2947=CARTESIAN_POINT('',(-2.3E0,4.175E0,-5.316025403784E0));
#2948=LINE('',#2947,#2946);
#2949=DIRECTION('',(-1.E0,0.E0,0.E0));
#2950=VECTOR('',#2949,7.E-1);
#2951=CARTESIAN_POINT('',(-2.8E0,4.675E0,-4.45E0));
#2952=LINE('',#2951,#2950);
#2953=DIRECTION('',(4.472135955E-1,4.472135955E-1,7.745966692415E-1));
#2954=VECTOR('',#2953,1.118033988750E0);
#2955=CARTESIAN_POINT('',(2.3E0,4.175E0,-5.316025403784E0));
#2956=LINE('',#2955,#2954);
#2957=DIRECTION('',(-1.E0,0.E0,0.E0));
#2958=VECTOR('',#2957,7.E-1);
#2959=CARTESIAN_POINT('',(3.5E0,4.675E0,-4.45E0));
#2960=LINE('',#2959,#2958);
#2961=DIRECTION('',(-8.971446958525E-7,9.999999999992E-1,8.964664911642E-7));
#2962=VECTOR('',#2961,2.400000011124E0);
#2963=CARTESIAN_POINT('',(3.500002153147E0,2.274999988877E0,
-2.000021515196E-1));
#2964=LINE('',#2963,#2962);
#2965=DIRECTION('',(1.583196779893E-7,-7.954556573501E-10,1.E0));
#2966=VECTOR('',#2965,1.359999784848E1);
#2967=CARTESIAN_POINT('',(3.5E0,2.274999999696E0,-1.38E1));
#2968=LINE('',#2967,#2966);
#2969=DIRECTION('',(0.E0,-1.E0,0.E0));
#2970=VECTOR('',#2969,1.900000000304E0);
#2971=CARTESIAN_POINT('',(3.5E0,4.175E0,-1.38E1));
#2972=LINE('',#2971,#2970);
#2973=DIRECTION('',(0.E0,5.E-1,8.660254037844E-1));
#2974=VECTOR('',#2973,1.E0);
#2975=CARTESIAN_POINT('',(3.5E0,4.175E0,-5.316025403784E0));
#2976=LINE('',#2975,#2974);
#2977=DIRECTION('',(0.E0,0.E0,1.E0));
#2978=VECTOR('',#2977,4.25E0);
#2979=CARTESIAN_POINT('',(3.5E0,4.675E0,-4.45E0));
#2980=LINE('',#2979,#2978);
#2981=DIRECTION('',(0.E0,-9.902680687416E-1,-1.391731009601E-1));
#2982=VECTOR('',#2981,7.938079745447E-1);
#2983=CARTESIAN_POINT('',(1.8E0,5.075E0,-1.873513248768E0));
#2984=LINE('',#2983,#2982);
#2985=DIRECTION('',(0.E0,0.E0,-1.E0));
#2986=VECTOR('',#2985,1.211503684072E1);
#2987=CARTESIAN_POINT('',(1.8E0,4.175E0,-1.884963159278E0));
#2988=LINE('',#2987,#2986);
#2989=DIRECTION('',(0.E0,1.E0,0.E0));
#2990=VECTOR('',#2989,9.E-1);
#2991=CARTESIAN_POINT('',(1.8E0,4.175E0,-1.4E1));
#2992=LINE('',#2991,#2990);
#2993=DIRECTION('',(0.E0,0.E0,-1.E0));
#2994=VECTOR('',#2993,1.212648675123E1);
#2995=CARTESIAN_POINT('',(1.8E0,5.075E0,-1.873513248768E0));
#2996=LINE('',#2995,#2994);
#2997=DIRECTION('',(1.E0,0.E0,0.E0));
#2998=VECTOR('',#2997,3.6E0);
#2999=CARTESIAN_POINT('',(-1.8E0,4.288917310096E0,-1.983989966152E0));
#3000=LINE('',#2999,#2998);
#3001=DIRECTION('',(-1.E0,0.E0,0.E0));
#3002=VECTOR('',#3001,3.6E0);
#3003=CARTESIAN_POINT('',(1.8E0,5.075E0,-1.873513248768E0));
#3004=LINE('',#3003,#3002);
#3005=CARTESIAN_POINT('',(-1.8E0,4.275E0,-1.884963159278E0));
#3006=DIRECTION('',(-1.E0,0.E0,0.E0));
#3007=DIRECTION('',(0.E0,1.391731009601E-1,-9.902680687416E-1));
#3008=AXIS2_PLACEMENT_3D('',#3005,#3006,#3007);
#3010=CARTESIAN_POINT('',(1.8E0,4.275E0,-1.884963159278E0));
#3011=DIRECTION('',(1.E0,0.E0,0.E0));
#3012=DIRECTION('',(0.E0,-1.E0,0.E0));
#3013=AXIS2_PLACEMENT_3D('',#3010,#3011,#3012);
#3015=DIRECTION('',(0.E0,0.E0,1.E0));
#3016=VECTOR('',#3015,1.211503684072E1);
#3017=CARTESIAN_POINT('',(-1.8E0,4.175E0,-1.4E1));
#3018=LINE('',#3017,#3016);
#3019=DIRECTION('',(0.E0,-9.902680687416E-1,-1.391731009601E-1));
#3020=VECTOR('',#3019,7.938079745447E-1);
#3021=CARTESIAN_POINT('',(-1.8E0,5.075E0,-1.873513248768E0));
#3022=LINE('',#3021,#3020);
#3023=DIRECTION('',(0.E0,0.E0,-1.E0));
#3024=VECTOR('',#3023,1.212648675123E1);
#3025=CARTESIAN_POINT('',(-1.8E0,5.075E0,-1.873513248768E0));
#3026=LINE('',#3025,#3024);
#3027=DIRECTION('',(0.E0,1.E0,0.E0));
#3028=VECTOR('',#3027,9.E-1);
#3029=CARTESIAN_POINT('',(-1.8E0,4.175E0,-1.4E1));
#3030=LINE('',#3029,#3028);
#3031=DIRECTION('',(-1.E0,0.E0,0.E0));
#3032=VECTOR('',#3031,3.6E0);
#3033=CARTESIAN_POINT('',(1.8E0,5.075E0,-1.4E1));
#3034=LINE('',#3033,#3032);
#3035=DIRECTION('',(1.E0,0.E0,0.E0));
#3036=VECTOR('',#3035,5.E-1);
#3037=CARTESIAN_POINT('',(-4.5E0,1.875E0,-2.E-1));
#3038=LINE('',#3037,#3036);
#3039=DIRECTION('',(0.E0,0.E0,-1.E0));
#3040=VECTOR('',#3039,1.38E1);
#3041=CARTESIAN_POINT('',(-4.5E0,1.875E0,-2.E-1));
#3042=LINE('',#3041,#3040);
#3043=DIRECTION('',(0.E0,1.E0,0.E0));
#3044=VECTOR('',#3043,5.E-1);
#3045=CARTESIAN_POINT('',(-4.8E0,8.25E-1,-2.E-1));
#3046=LINE('',#3045,#3044);
#3047=DIRECTION('',(0.E0,0.E0,-1.E0));
#3048=VECTOR('',#3047,1.38E1);
#3049=CARTESIAN_POINT('',(-4.8E0,8.25E-1,-2.E-1));
#3050=LINE('',#3049,#3048);
#3051=CARTESIAN_POINT('',(-4.999999421298E0,-4.749999999866E-1,
-1.379999999965E1));
#3052=CARTESIAN_POINT('',(-4.999995654982E0,-4.750186888452E-1,
-1.381257877479E1));
#3053=CARTESIAN_POINT('',(-4.997648969789E0,-4.796848858352E-1,
-1.383804037397E1));
#3054=CARTESIAN_POINT('',(-4.986325419107E0,-5.023734046171E-1,
-1.387625190289E1));
#3055=CARTESIAN_POINT('',(-4.967767214157E0,-5.394705047524E-1,
-1.391116103536E1));
#3056=CARTESIAN_POINT('',(-4.943638617931E0,-5.877277522950E-1,
-1.394086912990E1));
#3057=CARTESIAN_POINT('',(-4.914714378612E0,-6.455766977428E-1,
-1.396529648065E1));
#3058=CARTESIAN_POINT('',(-4.881080349312E0,-7.128312185451E-1,
-1.398421225086E1));
#3059=CARTESIAN_POINT('',(-4.843108519605E0,-7.888089598948E-1,
-1.399673434479E1));
#3060=CARTESIAN_POINT('',(-4.814791036951E0,-8.453690805112E-1,
-1.399999737095E1));
#3061=CARTESIAN_POINT('',(-4.8E0,-8.75E-1,-1.4E1));
#3063=CARTESIAN_POINT('',(-5.199995374446E0,-4.750046255537E-1,
-1.379999293563E1));
#3064=DIRECTION('',(-5.278722180179E-5,5.278722180188E-5,-9.999999972135E-1));
#3065=DIRECTION('',(9.999999983393E-1,2.312922523631E-5,-5.278600093264E-5));
#3066=AXIS2_PLACEMENT_3D('',#3063,#3064,#3065);
#3068=CARTESIAN_POINT('',(-5.199999999877E0,-6.749973417800E-1,
-1.379999998777E1));
#3069=CARTESIAN_POINT('',(-5.199999389721E0,-6.749828172456E-1,
-1.381263196363E1));
#3070=CARTESIAN_POINT('',(-5.195262591587E0,-6.773814221023E-1,
-1.383816902153E1));
#3071=CARTESIAN_POINT('',(-5.172633346186E0,-6.887289366014E-1,
-1.387638373268E1));
#3072=CARTESIAN_POINT('',(-5.135439827822E0,-7.072798413092E-1,
-1.391122547402E1));
#3073=CARTESIAN_POINT('',(-5.087194199750E0,-7.314063601059E-1,
-1.394091431716E1));
#3074=CARTESIAN_POINT('',(-5.029348189026E0,-7.603228038184E-1,
-1.396532073663E1));
#3075=CARTESIAN_POINT('',(-4.962112058198E0,-7.939478134464E-1,
-1.398422377999E1));
#3076=CARTESIAN_POINT('',(-4.886158620347E0,-8.319078154079E-1,
-1.399673686537E1));
#3077=CARTESIAN_POINT('',(-4.829619431369E0,-8.602146976402E-1,
-1.399999737197E1));
#3078=CARTESIAN_POINT('',(-4.8E0,-8.75E-1,-1.4E1));
#3080=CARTESIAN_POINT('',(-5.7E0,-6.75E-1,-1.38E1));
#3081=CARTESIAN_POINT('',(-5.7E0,-6.75E-1,-1.382216617967E1));
#3082=CARTESIAN_POINT('',(-5.696920700027E0,-6.824340877571E-1,
-1.386595279266E1));
#3083=CARTESIAN_POINT('',(-5.684176075855E0,-7.132023322814E-1,
-1.392322399336E1));
#3084=CARTESIAN_POINT('',(-5.665140153188E0,-7.591591149552E-1,
-1.396698418909E1));
#3085=CARTESIAN_POINT('',(-5.641998020694E0,-8.150291650861E-1,
-1.399402658469E1));
#3086=CARTESIAN_POINT('',(-5.625424817997E0,-8.550404158069E-1,-1.4E1));
#3087=CARTESIAN_POINT('',(-5.617157287525E0,-8.75E-1,-1.4E1));
#3089=CARTESIAN_POINT('',(-6.E0,-9.75E-1,-1.38E1));
#3090=CARTESIAN_POINT('',(-6.E0,-9.75E-1,-1.382216617967E1));
#3091=CARTESIAN_POINT('',(-5.992565912243E0,-9.780792999729E-1,
-1.386595279266E1));
#3092=CARTESIAN_POINT('',(-5.961797667719E0,-9.908239241452E-1,
-1.392322399336E1));
#3093=CARTESIAN_POINT('',(-5.915840885045E0,-1.009859846812E0,
-1.396698418909E1));
#3094=CARTESIAN_POINT('',(-5.859970834914E0,-1.033001979306E0,
-1.399402658469E1));
#3095=CARTESIAN_POINT('',(-5.819959584193E0,-1.049575182003E0,-1.4E1));
#3096=CARTESIAN_POINT('',(-5.8E0,-1.057842712475E0,-1.4E1));
#3098=CARTESIAN_POINT('',(-6.E0,-1.775E0,-1.38E1));
#3099=CARTESIAN_POINT('',(-6.E0,-1.775E0,-1.382216617967E1));
#3100=CARTESIAN_POINT('',(-5.992565912243E0,-1.771920700027E0,
-1.386595279266E1));
#3101=CARTESIAN_POINT('',(-5.961797667719E0,-1.759176075855E0,
-1.392322399336E1));
#3102=CARTESIAN_POINT('',(-5.915840885045E0,-1.740140153188E0,
-1.396698418909E1));
#3103=CARTESIAN_POINT('',(-5.859970834914E0,-1.716998020694E0,
-1.399402658469E1));
#3104=CARTESIAN_POINT('',(-5.819959584193E0,-1.700424817997E0,-1.4E1));
#3105=CARTESIAN_POINT('',(-5.8E0,-1.692157287525E0,-1.4E1));
#3107=CARTESIAN_POINT('',(-5.7E0,-2.075E0,-1.38E1));
#3108=CARTESIAN_POINT('',(-5.7E0,-2.075E0,-1.382216617967E1));
#3109=CARTESIAN_POINT('',(-5.696920700027E0,-2.067565912243E0,
-1.386595279266E1));
#3110=CARTESIAN_POINT('',(-5.684176075855E0,-2.036797667719E0,
-1.392322399336E1));
#3111=CARTESIAN_POINT('',(-5.665140153188E0,-1.990840885045E0,
-1.396698418909E1));
#3112=CARTESIAN_POINT('',(-5.641998020694E0,-1.934970834914E0,
-1.399402658469E1));
#3113=CARTESIAN_POINT('',(-5.625424817997E0,-1.894959584193E0,-1.4E1));
#3114=CARTESIAN_POINT('',(-5.617157287525E0,-1.875E0,-1.4E1));
#3116=CARTESIAN_POINT('',(5.7E0,-2.075E0,-1.38E1));
#3117=CARTESIAN_POINT('',(5.7E0,-2.075E0,-1.382216617967E1));
#3118=CARTESIAN_POINT('',(5.696920700027E0,-2.067565912243E0,
-1.386595279266E1));
#3119=CARTESIAN_POINT('',(5.684176075855E0,-2.036797667719E0,
-1.392322399336E1));
#3120=CARTESIAN_POINT('',(5.665140153188E0,-1.990840885045E0,
-1.396698418909E1));
#3121=CARTESIAN_POINT('',(5.641998020694E0,-1.934970834914E0,
-1.399402658469E1));
#3122=CARTESIAN_POINT('',(5.625424817997E0,-1.894959584193E0,-1.4E1));
#3123=CARTESIAN_POINT('',(5.617157287525E0,-1.875E0,-1.4E1));
#3125=CARTESIAN_POINT('',(6.E0,-1.775E0,-1.38E1));
#3126=CARTESIAN_POINT('',(6.E0,-1.775E0,-1.382216617967E1));
#3127=CARTESIAN_POINT('',(5.992565912243E0,-1.771920700027E0,
-1.386595279266E1));
#3128=CARTESIAN_POINT('',(5.961797667719E0,-1.759176075855E0,
-1.392322399336E1));
#3129=CARTESIAN_POINT('',(5.915840885045E0,-1.740140153188E0,
-1.396698418909E1));
#3130=CARTESIAN_POINT('',(5.859970834914E0,-1.716998020694E0,
-1.399402658469E1));
#3131=CARTESIAN_POINT('',(5.819959584193E0,-1.700424817997E0,-1.4E1));
#3132=CARTESIAN_POINT('',(5.8E0,-1.692157287525E0,-1.4E1));
#3134=DIRECTION('',(-7.071067811865E-1,-7.071067811865E-1,0.E0));
#3135=VECTOR('',#3134,4.242640687119E-1);
#3136=CARTESIAN_POINT('',(6.E0,-1.775E0,-2.E-1));
#3137=LINE('',#3136,#3135);
#3138=DIRECTION('',(0.E0,0.E0,-1.E0));
#3139=VECTOR('',#3138,1.36E1);
#3140=CARTESIAN_POINT('',(5.7E0,-2.075E0,-2.E-1));
#3141=LINE('',#3140,#3139);
#3142=DIRECTION('',(-7.071067811865E-1,-7.071067811865E-1,0.E0));
#3143=VECTOR('',#3142,4.242640687119E-1);
#3144=CARTESIAN_POINT('',(6.E0,-1.775E0,-1.38E1));
#3145=LINE('',#3144,#3143);
#3146=DIRECTION('',(1.E0,0.E0,0.E0));
#3147=VECTOR('',#3146,1.E0);
#3148=CARTESIAN_POINT('',(-5.7E0,-2.075E0,-2.E-1));
#3149=LINE('',#3148,#3147);
#3150=DIRECTION('',(0.E0,0.E0,-1.E0));
#3151=VECTOR('',#3150,1.36E1);
#3152=CARTESIAN_POINT('',(-5.7E0,-2.075E0,-2.E-1));
#3153=LINE('',#3152,#3151);
#3154=DIRECTION('',(-1.E0,0.E0,0.E0));
#3155=VECTOR('',#3154,1.14E1);
#3156=CARTESIAN_POINT('',(5.7E0,-2.075E0,-1.38E1));
#3157=LINE('',#3156,#3155);
#3158=DIRECTION('',(1.E0,0.E0,0.E0));
#3159=VECTOR('',#3158,1.E0);
#3160=CARTESIAN_POINT('',(4.7E0,-2.075E0,-2.E-1));
#3161=LINE('',#3160,#3159);
#3162=DIRECTION('',(0.E0,0.E0,-1.E0));
#3163=VECTOR('',#3162,7.8E0);
#3164=CARTESIAN_POINT('',(4.7E0,-2.075E0,-2.E-1));
#3165=LINE('',#3164,#3163);
#3166=DIRECTION('',(1.E0,0.E0,0.E0));
#3167=VECTOR('',#3166,9.4E0);
#3168=CARTESIAN_POINT('',(-4.7E0,-2.075E0,-8.E0));
#3169=LINE('',#3168,#3167);
#3170=DIRECTION('',(0.E0,0.E0,-1.E0));
#3171=VECTOR('',#3170,7.8E0);
#3172=CARTESIAN_POINT('',(-4.7E0,-2.075E0,-2.E-1));
#3173=LINE('',#3172,#3171);
#3174=DIRECTION('',(-1.E0,0.E0,0.E0));
#3175=VECTOR('',#3174,9.4E0);
#3176=CARTESIAN_POINT('',(4.7E0,-2.575E0,-7.133974596216E0));
#3177=LINE('',#3176,#3175);
#3178=DIRECTION('',(-1.E0,0.E0,0.E0));
#3179=VECTOR('',#3178,9.4E0);
#3180=CARTESIAN_POINT('',(4.7E0,-2.575E0,-2.E-1));
#3181=LINE('',#3180,#3179);
#3182=CARTESIAN_POINT('',(6.E0,-9.75E-1,-1.38E1));
#3183=CARTESIAN_POINT('',(6.E0,-9.75E-1,-1.382216617967E1));
#3184=CARTESIAN_POINT('',(5.992565912243E0,-9.780792999729E-1,
-1.386595279266E1));
#3185=CARTESIAN_POINT('',(5.961797667719E0,-9.908239241452E-1,
-1.392322399336E1));
#3186=CARTESIAN_POINT('',(5.915840885045E0,-1.009859846812E0,
-1.396698418909E1));
#3187=CARTESIAN_POINT('',(5.859970834914E0,-1.033001979306E0,
-1.399402658469E1));
#3188=CARTESIAN_POINT('',(5.819959584193E0,-1.049575182003E0,-1.4E1));
#3189=CARTESIAN_POINT('',(5.8E0,-1.057842712475E0,-1.4E1));
#3191=CARTESIAN_POINT('',(5.7E0,-6.75E-1,-1.38E1));
#3192=CARTESIAN_POINT('',(5.7E0,-6.75E-1,-1.382216617967E1));
#3193=CARTESIAN_POINT('',(5.696920700027E0,-6.824340877571E-1,
-1.386595279266E1));
#3194=CARTESIAN_POINT('',(5.684176075855E0,-7.132023322814E-1,
-1.392322399336E1));
#3195=CARTESIAN_POINT('',(5.665140153188E0,-7.591591149552E-1,
-1.396698418909E1));
#3196=CARTESIAN_POINT('',(5.641998020694E0,-8.150291650861E-1,
-1.399402658469E1));
#3197=CARTESIAN_POINT('',(5.625424817997E0,-8.550404158069E-1,-1.4E1));
#3198=CARTESIAN_POINT('',(5.617157287525E0,-8.75E-1,-1.4E1));
#3200=DIRECTION('',(7.071067811865E-1,7.071067811865E-1,0.E0));
#3201=VECTOR('',#3200,4.242640687119E-1);
#3202=CARTESIAN_POINT('',(-6.E0,-9.75E-1,-2.E-1));
#3203=LINE('',#3202,#3201);
#3204=DIRECTION('',(0.E0,0.E0,-1.E0));
#3205=VECTOR('',#3204,1.36E1);
#3206=CARTESIAN_POINT('',(-5.7E0,-6.75E-1,-2.E-1));
#3207=LINE('',#3206,#3205);
#3208=DIRECTION('',(7.071067811865E-1,7.071067811865E-1,0.E0));
#3209=VECTOR('',#3208,4.242640687119E-1);
#3210=CARTESIAN_POINT('',(-6.E0,-9.75E-1,-1.38E1));
#3211=LINE('',#3210,#3209);
#3212=DIRECTION('',(9.999999999630E-1,6.083685826705E-6,-6.082432778332E-6));
#3213=VECTOR('',#3212,5.000000056721E-1);
#3214=CARTESIAN_POINT('',(-5.7E0,-6.75E-1,-2.E-1));
#3215=LINE('',#3214,#3213);
#3216=DIRECTION('',(-4.066391927739E-10,-2.820757659143E-8,-1.E0));
#3217=VECTOR('',#3216,1.359999694656E1);
#3218=CARTESIAN_POINT('',(-5.199999994346E0,-6.749969581571E-1,
-2.000030412164E-1));
#3219=LINE('',#3218,#3217);
#3220=DIRECTION('',(9.999999999859E-1,5.316439982863E-6,2.445189294848E-8));
#3221=VECTOR('',#3220,5.000000001303E-1);
#3222=CARTESIAN_POINT('',(-5.7E0,-6.75E-1,-1.38E1));
#3223=LINE('',#3222,#3221);
#3224=DIRECTION('',(0.E0,0.E0,-1.E0));
#3225=VECTOR('',#3224,1.5E-1);
#3226=CARTESIAN_POINT('',(4.173517616395E-1,-1.166E0,-1.7E1));
#3227=LINE('',#3226,#3225);
#3228=DIRECTION('',(0.E0,0.E0,-1.E0));
#3229=VECTOR('',#3228,1.5E-1);
#3230=CARTESIAN_POINT('',(-8.516482383605E-1,-1.166E0,-1.7E1));
#3231=LINE('',#3230,#3229);
#3232=DIRECTION('',(0.E0,0.E0,-1.E0));
#3233=VECTOR('',#3232,1.5E-1);
#3234=CARTESIAN_POINT('',(-7.692089802992E-1,-1.3925E0,-1.7E1));
#3235=LINE('',#3234,#3233);
#3236=DIRECTION('',(0.E0,0.E0,-1.E0));
#3237=VECTOR('',#3236,1.5E-1);
#3238=CARTESIAN_POINT('',(-1.E0,-1.3925E0,-1.7E1));
#3239=LINE('',#3238,#3237);
#3240=DIRECTION('',(0.E0,0.E0,-1.E0));
#3241=VECTOR('',#3240,1.5E-1);
#3242=CARTESIAN_POINT('',(-9.175607419387E-1,-1.619E0,-1.7E1));
#3243=LINE('',#3242,#3241);
#3244=DIRECTION('',(0.E0,0.E0,-1.E0));
#3245=VECTOR('',#3244,1.5E-1);
#3246=CARTESIAN_POINT('',(-3.205607419387E-1,-1.619E0,-1.7E1));
#3247=LINE('',#3246,#3245);
#3248=DIRECTION('',(0.E0,0.E0,-1.E0));
#3249=VECTOR('',#3248,1.5E-1);
#3250=CARTESIAN_POINT('',(-2.381214838774E-1,-1.8455E0,-1.7E1));
#3251=LINE('',#3250,#3249);
#3252=DIRECTION('',(0.E0,0.E0,-1.E0));
#3253=VECTOR('',#3252,1.5E-1);
#3254=CARTESIAN_POINT('',(-8.351214838774E-1,-1.8455E0,-1.7E1));
#3255=LINE('',#3254,#3253);
#3256=DIRECTION('',(0.E0,0.E0,-1.E0));
#3257=VECTOR('',#3256,1.5E-1);
#3258=CARTESIAN_POINT('',(-7.526822258161E-1,-2.072E0,-1.7E1));
#3259=LINE('',#3258,#3257);
#3260=DIRECTION('',(0.E0,0.E0,-1.E0));
#3261=VECTOR('',#3260,1.5E-1);
#3262=CARTESIAN_POINT('',(-1.556822258161E-1,-2.072E0,-1.7E1));
#3263=LINE('',#3262,#3261);
#3264=DIRECTION('',(0.E0,0.E0,-1.E0));
#3265=VECTOR('',#3264,1.5E-1);
#3266=CARTESIAN_POINT('',(-7.324296775483E-2,-2.2985E0,-1.7E1));
#3267=LINE('',#3266,#3265);
#3268=DIRECTION('',(0.E0,0.E0,-1.E0));
#3269=VECTOR('',#3268,1.5E-1);
#3270=CARTESIAN_POINT('',(-6.702429677548E-1,-2.2985E0,-1.7E1));
#3271=LINE('',#3270,#3269);
#3272=DIRECTION('',(0.E0,0.E0,-1.E0));
#3273=VECTOR('',#3272,1.5E-1);
#3274=CARTESIAN_POINT('',(-5.878037096935E-1,-2.525E0,-1.7E1));
#3275=LINE('',#3274,#3273);
#3276=DIRECTION('',(0.E0,0.E0,-1.E0));
#3277=VECTOR('',#3276,1.5E-1);
#3278=CARTESIAN_POINT('',(2.551962903065E-1,-2.525E0,-1.7E1));
#3279=LINE('',#3278,#3277);
#3280=DIRECTION('',(0.E0,0.E0,-1.E0));
#3281=VECTOR('',#3280,1.5E-1);
#3282=CARTESIAN_POINT('',(1.727570322452E-1,-2.2985E0,-1.7E1));
#3283=LINE('',#3282,#3281);
#3284=DIRECTION('',(0.E0,0.E0,-1.E0));
#3285=VECTOR('',#3284,1.5E-1);
#3286=CARTESIAN_POINT('',(4.637570322452E-1,-2.2985E0,-1.7E1));
#3287=LINE('',#3286,#3285);
#3288=DIRECTION('',(0.E0,0.E0,-1.E0));
#3289=VECTOR('',#3288,1.5E-1);
#3290=CARTESIAN_POINT('',(3.813177741839E-1,-2.072E0,-1.7E1));
#3291=LINE('',#3290,#3289);
#3292=DIRECTION('',(0.E0,0.E0,-1.E0));
#3293=VECTOR('',#3292,1.5E-1);
#3294=CARTESIAN_POINT('',(9.031777418388E-2,-2.072E0,-1.7E1));
#3295=LINE('',#3294,#3293);
#3296=DIRECTION('',(0.E0,0.E0,-1.E0));
#3297=VECTOR('',#3296,1.5E-1);
#3298=CARTESIAN_POINT('',(7.878516122588E-3,-1.8455E0,-1.7E1));
#3299=LINE('',#3298,#3297);
#3300=DIRECTION('',(0.E0,0.E0,-1.E0));
#3301=VECTOR('',#3300,1.5E-1);
#3302=CARTESIAN_POINT('',(2.988785161226E-1,-1.8455E0,-1.7E1));
#3303=LINE('',#3302,#3301);
#3304=DIRECTION('',(0.E0,0.E0,-1.E0));
#3305=VECTOR('',#3304,1.5E-1);
#3306=CARTESIAN_POINT('',(2.164392580613E-1,-1.619E0,-1.7E1));
#3307=LINE('',#3306,#3305);
#3308=DIRECTION('',(0.E0,0.E0,-1.E0));
#3309=VECTOR('',#3308,1.5E-1);
#3310=CARTESIAN_POINT('',(-7.164823836054E-2,-1.619E0,-1.7E1));
#3311=LINE('',#3310,#3309);
#3312=DIRECTION('',(0.E0,0.E0,-1.E0));
#3313=VECTOR('',#3312,1.5E-1);
#3314=CARTESIAN_POINT('',(-1.556482383605E-1,-1.393074168653E0,-1.7E1));
#3315=LINE('',#3314,#3313);
#3316=DIRECTION('',(0.E0,0.E0,-1.E0));
#3317=VECTOR('',#3316,1.5E-1);
#3318=CARTESIAN_POINT('',(5.E-1,-1.393074168653E0,-1.7E1));
#3319=LINE('',#3318,#3317);
#3320=DIRECTION('',(3.420201433257E-1,-9.396926207859E-1,0.E0));
#3321=VECTOR('',#3320,2.416472829843E-1);
#3322=CARTESIAN_POINT('',(4.173517616395E-1,-1.166E0,-1.715E1));
#3323=LINE('',#3322,#3321);
#3324=DIRECTION('',(1.E0,0.E0,0.E0));
#3325=VECTOR('',#3324,1.269E0);
#3326=CARTESIAN_POINT('',(-8.516482383605E-1,-1.166E0,-1.715E1));
#3327=LINE('',#3326,#3325);
#3328=DIRECTION('',(-3.420201433257E-1,9.396926207859E-1,0.E0));
#3329=VECTOR('',#3328,2.410362654658E-1);
#3330=CARTESIAN_POINT('',(-7.692089802992E-1,-1.3925E0,-1.715E1));
#3331=LINE('',#3330,#3329);
#3332=DIRECTION('',(1.E0,0.E0,0.E0));
#3333=VECTOR('',#3332,2.307910197008E-1);
#3334=CARTESIAN_POINT('',(-1.E0,-1.3925E0,-1.715E1));
#3335=LINE('',#3334,#3333);
#3336=DIRECTION('',(-3.420201433257E-1,9.396926207859E-1,0.E0));
#3337=VECTOR('',#3336,2.410362654658E-1);
#3338=CARTESIAN_POINT('',(-9.175607419387E-1,-1.619E0,-1.715E1));
#3339=LINE('',#3338,#3337);
#3340=DIRECTION('',(-1.E0,0.E0,0.E0));
#3341=VECTOR('',#3340,5.97E-1);
#3342=CARTESIAN_POINT('',(-3.205607419387E-1,-1.619E0,-1.715E1));
#3343=LINE('',#3342,#3341);
#3344=DIRECTION('',(-3.420201433257E-1,9.396926207859E-1,0.E0));
#3345=VECTOR('',#3344,2.410362654658E-1);
#3346=CARTESIAN_POINT('',(-2.381214838774E-1,-1.8455E0,-1.715E1));
#3347=LINE('',#3346,#3345);
#3348=DIRECTION('',(1.E0,0.E0,0.E0));
#3349=VECTOR('',#3348,5.97E-1);
#3350=CARTESIAN_POINT('',(-8.351214838774E-1,-1.8455E0,-1.715E1));
#3351=LINE('',#3350,#3349);
#3352=DIRECTION('',(-3.420201433257E-1,9.396926207859E-1,0.E0));
#3353=VECTOR('',#3352,2.410362654658E-1);
#3354=CARTESIAN_POINT('',(-7.526822258161E-1,-2.072E0,-1.715E1));
#3355=LINE('',#3354,#3353);
#3356=DIRECTION('',(-1.E0,0.E0,0.E0));
#3357=VECTOR('',#3356,5.97E-1);
#3358=CARTESIAN_POINT('',(-1.556822258161E-1,-2.072E0,-1.715E1));
#3359=LINE('',#3358,#3357);
#3360=DIRECTION('',(-3.420201433257E-1,9.396926207859E-1,0.E0));
#3361=VECTOR('',#3360,2.410362654658E-1);
#3362=CARTESIAN_POINT('',(-7.324296775483E-2,-2.2985E0,-1.715E1));
#3363=LINE('',#3362,#3361);
#3364=DIRECTION('',(1.E0,0.E0,0.E0));
#3365=VECTOR('',#3364,5.97E-1);
#3366=CARTESIAN_POINT('',(-6.702429677548E-1,-2.2985E0,-1.715E1));
#3367=LINE('',#3366,#3365);
#3368=DIRECTION('',(-3.420201433257E-1,9.396926207859E-1,0.E0));
#3369=VECTOR('',#3368,2.410362654658E-1);
#3370=CARTESIAN_POINT('',(-5.878037096935E-1,-2.525E0,-1.715E1));
#3371=LINE('',#3370,#3369);
#3372=DIRECTION('',(-1.E0,0.E0,0.E0));
#3373=VECTOR('',#3372,8.43E-1);
#3374=CARTESIAN_POINT('',(2.551962903065E-1,-2.525E0,-1.715E1));
#3375=LINE('',#3374,#3373);
#3376=DIRECTION('',(3.420201433257E-1,-9.396926207859E-1,0.E0));
#3377=VECTOR('',#3376,2.410362654658E-1);
#3378=CARTESIAN_POINT('',(1.727570322452E-1,-2.2985E0,-1.715E1));
#3379=LINE('',#3378,#3377);
#3380=DIRECTION('',(-1.E0,0.E0,0.E0));
#3381=VECTOR('',#3380,2.91E-1);
#3382=CARTESIAN_POINT('',(4.637570322452E-1,-2.2985E0,-1.715E1));
#3383=LINE('',#3382,#3381);
#3384=DIRECTION('',(3.420201433257E-1,-9.396926207859E-1,0.E0));
#3385=VECTOR('',#3384,2.410362654658E-1);
#3386=CARTESIAN_POINT('',(3.813177741839E-1,-2.072E0,-1.715E1));
#3387=LINE('',#3386,#3385);
#3388=DIRECTION('',(1.E0,0.E0,0.E0));
#3389=VECTOR('',#3388,2.91E-1);
#3390=CARTESIAN_POINT('',(9.031777418388E-2,-2.072E0,-1.715E1));
#3391=LINE('',#3390,#3389);
#3392=DIRECTION('',(3.420201433257E-1,-9.396926207859E-1,0.E0));
#3393=VECTOR('',#3392,2.410362654658E-1);
#3394=CARTESIAN_POINT('',(7.878516122588E-3,-1.8455E0,-1.715E1));
#3395=LINE('',#3394,#3393);
#3396=DIRECTION('',(-1.E0,0.E0,0.E0));
#3397=VECTOR('',#3396,2.91E-1);
#3398=CARTESIAN_POINT('',(2.988785161226E-1,-1.8455E0,-1.715E1));
#3399=LINE('',#3398,#3397);
#3400=DIRECTION('',(3.420201433257E-1,-9.396926207859E-1,0.E0));
#3401=VECTOR('',#3400,2.410362654658E-1);
#3402=CARTESIAN_POINT('',(2.164392580613E-1,-1.619E0,-1.715E1));
#3403=LINE('',#3402,#3401);
#3404=DIRECTION('',(1.E0,0.E0,0.E0));
#3405=VECTOR('',#3404,2.880874964218E-1);
#3406=CARTESIAN_POINT('',(-7.164823836054E-2,-1.619E0,-1.715E1));
#3407=LINE('',#3406,#3405);
#3408=DIRECTION('',(3.484952765829E-1,-9.373105366950E-1,0.E0));
#3409=VECTOR('',#3408,2.410362654658E-1);
#3410=CARTESIAN_POINT('',(-1.556482383605E-1,-1.393074168653E0,-1.715E1));
#3411=LINE('',#3410,#3409);
#3412=DIRECTION('',(-1.E0,0.E0,0.E0));
#3413=VECTOR('',#3412,6.556482383605E-1);
#3414=CARTESIAN_POINT('',(5.E-1,-1.393074168653E0,-1.715E1));
#3415=LINE('',#3414,#3413);
#3416=CARTESIAN_POINT('',(5.3E0,-3.902371993329E0,-1.09E1));
#3417=CARTESIAN_POINT('',(5.274195247446E0,-3.906287000617E0,-1.09E1));
#3418=CARTESIAN_POINT('',(5.222292317178E0,-3.913119670243E0,
-1.089341707034E1));
#3419=CARTESIAN_POINT('',(5.147495412718E0,-3.919957160683E0,
-1.086242414338E1));
#3420=CARTESIAN_POINT('',(5.085498431050E0,-3.923421425563E0,
-1.081444385306E1));
#3421=CARTESIAN_POINT('',(5.037546547448E0,-3.924777941632E0,
-1.075242051773E1));
#3422=CARTESIAN_POINT('',(5.006665675640E0,-3.925019322226E0,
-1.067794247759E1));
#3423=CARTESIAN_POINT('',(5.000000009767E0,-3.925000010296E0,
-1.062596390976E1));
#3424=CARTESIAN_POINT('',(5.000000009767E0,-3.925000010296E0,
-1.060004687837E1));
#3426=DIRECTION('',(-4.800392504362E-13,7.071068278334E-1,7.071067345397E-1));
#3427=VECTOR('',#3426,2.366431906900E0);
#3428=CARTESIAN_POINT('',(5.000000000001E0,-5.598320158971E0,
-7.735315149705E0));
#3429=LINE('',#3428,#3427);
#3430=DIRECTION('',(3.968563512664E-13,-4.882927366950E-9,1.E0));
#3431=VECTOR('',#3430,2.864684850295E0);
#3432=CARTESIAN_POINT('',(5.E0,-5.598320144983E0,-1.06E1));
#3433=LINE('',#3432,#3431);
#3434=DIRECTION('',(-5.836914874042E-9,-9.999999996076E-1,2.801518123822E-5));
#3435=VECTOR('',#3434,1.673320135344E0);
#3436=CARTESIAN_POINT('',(5.000000009767E0,-3.925000010296E0,
-1.060004687837E1));
#3437=LINE('',#3436,#3435);
#3438=CARTESIAN_POINT('',(5.3E0,-5.598320053068E0,-1.06E1));
#3439=DIRECTION('',(0.E0,-1.E0,0.E0));
#3440=DIRECTION('',(-1.E0,0.E0,0.E0));
#3441=AXIS2_PLACEMENT_3D('',#3438,#3439,#3440);
#3443=CARTESIAN_POINT('',(5.3E0,-5.598320053068E0,-1.06E1));
#3444=DIRECTION('',(0.E0,0.E0,-1.E0));
#3445=DIRECTION('',(1.764705882353E-1,-9.843059135695E-1,0.E0));
#3446=AXIS2_PLACEMENT_3D('',#3443,#3444,#3445);
#3448=CARTESIAN_POINT('',(5.3E0,-5.598320053068E0,-1.06E1));
#3449=DIRECTION('',(-9.843059135695E-1,-1.764705882353E-1,0.E0));
#3450=DIRECTION('',(0.E0,0.E0,-1.E0));
#3451=AXIS2_PLACEMENT_3D('',#3448,#3449,#3450);
#3453=CARTESIAN_POINT('',(6.5E0,-1.925E0,-5.E-1));
#3454=DIRECTION('',(0.E0,-1.E0,0.E0));
#3455=DIRECTION('',(1.E0,0.E0,0.E0));
#3456=AXIS2_PLACEMENT_3D('',#3453,#3454,#3455);
#3458=CARTESIAN_POINT('',(5.E0,-1.925E0,-5.E-1));
#3459=DIRECTION('',(0.E0,0.E0,1.E0));
#3460=DIRECTION('',(0.E0,-1.E0,0.E0));
#3461=AXIS2_PLACEMENT_3D('',#3458,#3459,#3460);
#3463=CARTESIAN_POINT('',(5.E0,-3.425E0,-5.E-1));
#3464=DIRECTION('',(1.E0,0.E0,0.E0));
#3465=DIRECTION('',(0.E0,0.E0,1.E0));
#3466=AXIS2_PLACEMENT_3D('',#3463,#3464,#3465);
#3468=CARTESIAN_POINT('',(-5.E0,-1.925E0,-5.E-1));
#3469=DIRECTION('',(0.E0,0.E0,1.E0));
#3470=DIRECTION('',(-1.E0,0.E0,0.E0));
#3471=AXIS2_PLACEMENT_3D('',#3468,#3469,#3470);
#3473=CARTESIAN_POINT('',(-5.E0,-3.425E0,-5.E-1));
#3474=DIRECTION('',(-1.E0,0.E0,0.E0));
#3475=DIRECTION('',(0.E0,-1.E0,0.E0));
#3476=AXIS2_PLACEMENT_3D('',#3473,#3474,#3475);
#3478=CARTESIAN_POINT('',(-2.5E0,6.475E0,-1.E0));
#3479=CARTESIAN_POINT('',(-2.5E0,6.475E0,-3.E0));
#3480=VERTEX_POINT('',#3478);
#3481=VERTEX_POINT('',#3479);
#3482=CARTESIAN_POINT('',(-4.5E0,6.475E0,-3.E0));
#3483=VERTEX_POINT('',#3482);
#3484=CARTESIAN_POINT('',(-4.5E0,6.475E0,-1.E0));
#3485=VERTEX_POINT('',#3484);
#3486=CARTESIAN_POINT('',(1.E0,6.475E0,-1.4E1));
#3487=CARTESIAN_POINT('',(1.E0,6.475E0,-1.6E1));
#3488=VERTEX_POINT('',#3486);
#3489=VERTEX_POINT('',#3487);
#3490=CARTESIAN_POINT('',(-1.E0,6.475E0,-1.6E1));
#3491=VERTEX_POINT('',#3490);
#3492=CARTESIAN_POINT('',(-1.E0,6.475E0,-1.4E1));
#3493=VERTEX_POINT('',#3492);
#3494=CARTESIAN_POINT('',(4.5E0,6.475E0,-3.E0));
#3495=CARTESIAN_POINT('',(2.5E0,6.475E0,-3.E0));
#3496=VERTEX_POINT('',#3494);
#3497=VERTEX_POINT('',#3495);
#3498=CARTESIAN_POINT('',(4.5E0,6.475E0,-1.E0));
#3499=VERTEX_POINT('',#3498);
#3500=CARTESIAN_POINT('',(2.5E0,6.475E0,-1.E0));
#3501=VERTEX_POINT('',#3500);
#3502=CARTESIAN_POINT('',(-2.5E0,6.275E0,-1.E0));
#3503=CARTESIAN_POINT('',(-2.5E0,6.275E0,-3.E0));
#3504=VERTEX_POINT('',#3502);
#3505=VERTEX_POINT('',#3503);
#3506=CARTESIAN_POINT('',(-4.5E0,6.275E0,-3.E0));
#3507=VERTEX_POINT('',#3506);
#3508=CARTESIAN_POINT('',(-4.5E0,6.275E0,-1.E0));
#3509=VERTEX_POINT('',#3508);
#3510=CARTESIAN_POINT('',(1.E0,6.275E0,-1.4E1));
#3511=CARTESIAN_POINT('',(1.E0,6.275E0,-1.6E1));
#3512=VERTEX_POINT('',#3510);
#3513=VERTEX_POINT('',#3511);
#3514=CARTESIAN_POINT('',(-1.E0,6.275E0,-1.6E1));
#3515=VERTEX_POINT('',#3514);
#3516=CARTESIAN_POINT('',(-1.E0,6.275E0,-1.4E1));
#3517=VERTEX_POINT('',#3516);
#3518=CARTESIAN_POINT('',(4.5E0,6.275E0,-3.E0));
#3519=CARTESIAN_POINT('',(2.5E0,6.275E0,-3.E0));
#3520=VERTEX_POINT('',#3518);
#3521=VERTEX_POINT('',#3519);
#3522=CARTESIAN_POINT('',(4.5E0,6.275E0,-1.E0));
#3523=VERTEX_POINT('',#3522);
#3524=CARTESIAN_POINT('',(2.5E0,6.275E0,-1.E0));
#3525=VERTEX_POINT('',#3524);
#3526=CARTESIAN_POINT('',(-5.315E0,-6.025E0,-1.555E1));
#3527=CARTESIAN_POINT('',(-2.685E0,-6.025E0,-1.555E1));
#3528=VERTEX_POINT('',#3526);
#3529=VERTEX_POINT('',#3527);
#3530=CARTESIAN_POINT('',(2.685E0,-6.025E0,-1.555E1));
#3531=CARTESIAN_POINT('',(5.315E0,-6.025E0,-1.555E1));
#3532=VERTEX_POINT('',#3530);
#3533=VERTEX_POINT('',#3531);
#3534=CARTESIAN_POINT('',(9.999999999998E-1,-3.925E0,-1.555E1));
#3535=CARTESIAN_POINT('',(3.063250300240E0,-3.925E0,-1.27E1));
#3536=VERTEX_POINT('',#3534);
#3537=VERTEX_POINT('',#3535);
#3538=CARTESIAN_POINT('',(-6.472411623261E0,-3.025E0,-1.7E1));
#3539=CARTESIAN_POINT('',(-4.803956593630E0,-3.025E0,-1.84E1));
#3540=VERTEX_POINT('',#3538);
#3541=VERTEX_POINT('',#3539);
#3542=CARTESIAN_POINT('',(-4.803956593630E0,-4.525E0,-1.84E1));
#3543=VERTEX_POINT('',#3542);
#3544=CARTESIAN_POINT('',(-3.196043406370E0,-3.025E0,-1.84E1));
#3545=VERTEX_POINT('',#3544);
#3546=CARTESIAN_POINT('',(-9.999999999998E-1,-3.925E0,-1.7E1));
#3547=CARTESIAN_POINT('',(-9.999999999998E-1,-3.925E0,-1.555E1));
#3548=VERTEX_POINT('',#3546);
#3549=VERTEX_POINT('',#3547);
#3550=CARTESIAN_POINT('',(4.803956593630E0,-3.025E0,-1.84E1));
#3551=CARTESIAN_POINT('',(3.196043406370E0,-3.025E0,-1.84E1));
#3552=VERTEX_POINT('',#3550);
#3553=VERTEX_POINT('',#3551);
#3554=CARTESIAN_POINT('',(9.999999999998E-1,-3.925E0,-1.7E1));
#3555=VERTEX_POINT('',#3554);
#3556=CARTESIAN_POINT('',(-6.472411623261E0,-4.525E0,-1.7E1));
#3557=VERTEX_POINT('',#3556);
#3558=CARTESIAN_POINT('',(-3.5E0,4.175E0,-5.316025403784E0));
#3559=CARTESIAN_POINT('',(-3.5E0,4.675E0,-4.45E0));
#3560=VERTEX_POINT('',#3558);
#3561=VERTEX_POINT('',#3559);
#3562=CARTESIAN_POINT('',(3.5E0,4.175E0,-5.316025403784E0));
#3563=CARTESIAN_POINT('',(3.5E0,4.675E0,-4.45E0));
#3564=VERTEX_POINT('',#3562);
#3565=VERTEX_POINT('',#3563);
#3566=CARTESIAN_POINT('',(-2.3E0,4.175E0,-5.316025403784E0));
#3567=CARTESIAN_POINT('',(-2.8E0,4.675E0,-4.45E0));
#3568=VERTEX_POINT('',#3566);
#3569=VERTEX_POINT('',#3567);
#3570=CARTESIAN_POINT('',(2.3E0,4.175E0,-5.316025403784E0));
#3571=CARTESIAN_POINT('',(2.8E0,4.675E0,-4.45E0));
#3572=VERTEX_POINT('',#3570);
#3573=VERTEX_POINT('',#3571);
#3574=CARTESIAN_POINT('',(-2.480847955711E0,4.355847955711E0,
-6.417223525279E-1));
#3575=CARTESIAN_POINT('',(-2.930186784389E0,4.805186784389E0,0.E0));
#3576=VERTEX_POINT('',#3574);
#3577=VERTEX_POINT('',#3575);
#3578=CARTESIAN_POINT('',(2.480847955711E0,4.355847955711E0,
-6.417223525279E-1));
#3579=CARTESIAN_POINT('',(2.930186784389E0,4.805186784389E0,0.E0));
#3580=VERTEX_POINT('',#3578);
#3581=VERTEX_POINT('',#3579);
#3582=CARTESIAN_POINT('',(-2.3E0,4.175E0,-1.215298788879E0));
#3583=VERTEX_POINT('',#3582);
#3584=CARTESIAN_POINT('',(2.3E0,4.175E0,-1.215298788879E0));
#3585=VERTEX_POINT('',#3584);
#3586=CARTESIAN_POINT('',(3.62E0,3.95E-1,-8.5E0));
#3587=CARTESIAN_POINT('',(3.62E0,-2.45E-1,-8.5E0));
#3588=VERTEX_POINT('',#3586);
#3589=VERTEX_POINT('',#3587);
#3590=CARTESIAN_POINT('',(2.98E0,-2.45E-1,-8.5E0));
#3591=VERTEX_POINT('',#3590);
#3592=CARTESIAN_POINT('',(2.98E0,3.95E-1,-8.5E0));
#3593=VERTEX_POINT('',#3592);
#3594=CARTESIAN_POINT('',(3.62E0,-2.45E-1,-2.065E1));
#3595=CARTESIAN_POINT('',(2.98E0,-2.45E-1,-2.065E1));
#3596=VERTEX_POINT('',#3594);
#3597=VERTEX_POINT('',#3595);
#3598=CARTESIAN_POINT('',(2.98E0,3.95E-1,-2.065E1));
#3599=CARTESIAN_POINT('',(3.62E0,3.95E-1,-2.065E1));
#3600=VERTEX_POINT('',#3598);
#3601=VERTEX_POINT('',#3599);
#3602=CARTESIAN_POINT('',(3.62E0,-9.25E-1,-2.133E1));
#3603=CARTESIAN_POINT('',(2.98E0,-9.25E-1,-2.133E1));
#3604=VERTEX_POINT('',#3602);
#3605=VERTEX_POINT('',#3603);
#3606=CARTESIAN_POINT('',(2.98E0,-9.25E-1,-2.197E1));
#3607=CARTESIAN_POINT('',(3.62E0,-9.25E-1,-2.197E1));
#3608=VERTEX_POINT('',#3606);
#3609=VERTEX_POINT('',#3607);
#3610=CARTESIAN_POINT('',(3.62E0,-1.0025E1,-2.197E1));
#3611=CARTESIAN_POINT('',(3.62E0,-1.0025E1,-2.133E1));
#3612=VERTEX_POINT('',#3610);
#3613=VERTEX_POINT('',#3611);
#3614=CARTESIAN_POINT('',(2.98E0,-1.0025E1,-2.133E1));
#3615=VERTEX_POINT('',#3614);
#3616=CARTESIAN_POINT('',(2.98E0,-1.0025E1,-2.197E1));
#3617=VERTEX_POINT('',#3616);
#3618=CARTESIAN_POINT('',(3.62E0,3.95E-1,-1.4E1));
#3619=VERTEX_POINT('',#3618);
#3620=CARTESIAN_POINT('',(3.62E0,3.95E-1,-1.7E1));
#3621=VERTEX_POINT('',#3620);
#3622=CARTESIAN_POINT('',(3.62E0,-2.45E-1,-1.4E1));
#3623=VERTEX_POINT('',#3622);
#3624=CARTESIAN_POINT('',(3.62E0,-2.45E-1,-1.7E1));
#3625=VERTEX_POINT('',#3624);
#3626=CARTESIAN_POINT('',(2.98E0,-2.45E-1,-1.4E1));
#3627=VERTEX_POINT('',#3626);
#3628=CARTESIAN_POINT('',(2.98E0,-2.45E-1,-1.7E1));
#3629=VERTEX_POINT('',#3628);
#3630=CARTESIAN_POINT('',(2.98E0,3.95E-1,-1.4E1));
#3631=VERTEX_POINT('',#3630);
#3632=CARTESIAN_POINT('',(2.98E0,3.95E-1,-1.7E1));
#3633=VERTEX_POINT('',#3632);
#3634=CARTESIAN_POINT('',(4.7E0,-2.575E0,-7.133974596216E0));
#3635=CARTESIAN_POINT('',(-4.7E0,-2.575E0,-7.133974596216E0));
#3636=VERTEX_POINT('',#3634);
#3637=VERTEX_POINT('',#3635);
#3638=CARTESIAN_POINT('',(-4.7E0,-2.075E0,-8.E0));
#3639=CARTESIAN_POINT('',(4.7E0,-2.075E0,-8.E0));
#3640=VERTEX_POINT('',#3638);
#3641=VERTEX_POINT('',#3639);
#3642=CARTESIAN_POINT('',(-3.03765E0,-1.025E0,-1.555E1));
#3643=CARTESIAN_POINT('',(-4.96235E0,-1.025E0,-1.555E1));
#3644=VERTEX_POINT('',#3642);
#3645=VERTEX_POINT('',#3643);
#3646=CARTESIAN_POINT('',(-3.03765E0,-1.025E0,-1.7E1));
#3647=CARTESIAN_POINT('',(-4.96235E0,-1.025E0,-1.7E1));
#3648=VERTEX_POINT('',#3646);
#3649=VERTEX_POINT('',#3647);
#3650=CARTESIAN_POINT('',(-2.685E0,-3.025E0,-1.7E1));
#3651=VERTEX_POINT('',#3650);
#3652=CARTESIAN_POINT('',(-5.315E0,-3.025E0,-1.7E1));
#3653=VERTEX_POINT('',#3652);
#3654=CARTESIAN_POINT('',(-1.527588376738E0,-3.025E0,-1.7E1));
#3655=VERTEX_POINT('',#3654);
#3656=CARTESIAN_POINT('',(4.96235E0,-1.025E0,-1.555E1));
#3657=CARTESIAN_POINT('',(3.03765E0,-1.025E0,-1.555E1));
#3658=VERTEX_POINT('',#3656);
#3659=VERTEX_POINT('',#3657);
#3660=CARTESIAN_POINT('',(4.96235E0,-1.025E0,-1.7E1));
#3661=CARTESIAN_POINT('',(3.03765E0,-1.025E0,-1.7E1));
#3662=VERTEX_POINT('',#3660);
#3663=VERTEX_POINT('',#3661);
#3664=CARTESIAN_POINT('',(5.315E0,-3.025E0,-1.7E1));
#3665=VERTEX_POINT('',#3664);
#3666=CARTESIAN_POINT('',(2.685E0,-3.025E0,-1.7E1));
#3667=VERTEX_POINT('',#3666);
#3668=CARTESIAN_POINT('',(1.527588376738E0,-3.025E0,-1.7E1));
#3669=VERTEX_POINT('',#3668);
#3670=CARTESIAN_POINT('',(6.472411623261E0,-3.025E0,-1.7E1));
#3671=VERTEX_POINT('',#3670);
#3672=CARTESIAN_POINT('',(-5.315E0,-3.025E0,-1.555E1));
#3673=CARTESIAN_POINT('',(-2.685E0,-3.025E0,-1.555E1));
#3674=VERTEX_POINT('',#3672);
#3675=VERTEX_POINT('',#3673);
#3676=CARTESIAN_POINT('',(5.315E0,-3.025E0,-1.555000057162E1));
#3677=CARTESIAN_POINT('',(2.685E0,-3.025E0,-1.555000000089E1));
#3678=VERTEX_POINT('',#3676);
#3679=VERTEX_POINT('',#3677);
#3680=CARTESIAN_POINT('',(5.E0,1.325E0,-1.38E1));
#3681=CARTESIAN_POINT('',(4.8E0,1.325E0,-1.4E1));
#3682=VERTEX_POINT('',#3680);
#3683=VERTEX_POINT('',#3681);
#3684=CARTESIAN_POINT('',(4.8E0,2.075E0,-1.4E1));
#3685=VERTEX_POINT('',#3684);
#3686=CARTESIAN_POINT('',(5.E0,2.075E0,-1.38E1));
#3687=VERTEX_POINT('',#3686);
#3688=CARTESIAN_POINT('',(-5.8E0,-1.057842712475E0,-1.4E1));
#3689=CARTESIAN_POINT('',(-5.617157287525E0,-8.75E-1,-1.4E1));
#3690=VERTEX_POINT('',#3688);
#3691=VERTEX_POINT('',#3689);
#3692=CARTESIAN_POINT('',(-6.E0,-9.75E-1,-1.38E1));
#3693=CARTESIAN_POINT('',(-5.7E0,-6.75E-1,-1.38E1));
#3694=VERTEX_POINT('',#3692);
#3695=VERTEX_POINT('',#3693);
#3696=CARTESIAN_POINT('',(-6.E0,-1.775E0,-1.38E1));
#3697=VERTEX_POINT('',#3696);
#3698=CARTESIAN_POINT('',(-5.8E0,-1.692157287525E0,-1.4E1));
#3699=VERTEX_POINT('',#3698);
#3700=CARTESIAN_POINT('',(-5.617157287525E0,-1.875E0,-1.4E1));
#3701=VERTEX_POINT('',#3700);
#3702=CARTESIAN_POINT('',(-5.7E0,-2.075E0,-1.38E1));
#3703=VERTEX_POINT('',#3702);
#3704=CARTESIAN_POINT('',(5.617157287525E0,-1.875E0,-1.4E1));
#3705=VERTEX_POINT('',#3704);
#3706=CARTESIAN_POINT('',(5.7E0,-2.075E0,-1.38E1));
#3707=VERTEX_POINT('',#3706);
#3708=CARTESIAN_POINT('',(6.E0,-1.775E0,-1.38E1));
#3709=VERTEX_POINT('',#3708);
#3710=CARTESIAN_POINT('',(5.8E0,-1.692157287525E0,-1.4E1));
#3711=VERTEX_POINT('',#3710);
#3712=CARTESIAN_POINT('',(6.E0,-9.75E-1,-1.38E1));
#3713=VERTEX_POINT('',#3712);
#3714=CARTESIAN_POINT('',(5.8E0,-1.057842712475E0,-1.4E1));
#3715=VERTEX_POINT('',#3714);
#3716=CARTESIAN_POINT('',(5.7E0,-6.75E-1,-1.38E1));
#3717=VERTEX_POINT('',#3716);
#3718=CARTESIAN_POINT('',(5.617157287525E0,-8.75E-1,-1.4E1));
#3719=VERTEX_POINT('',#3718);
#3720=CARTESIAN_POINT('',(4.8E0,8.25E-1,-1.4E1));
#3721=CARTESIAN_POINT('',(5.E0,8.25E-1,-1.38E1));
#3722=VERTEX_POINT('',#3720);
#3723=VERTEX_POINT('',#3721);
#3724=CARTESIAN_POINT('',(-5.E0,8.25E-1,-1.38E1));
#3725=CARTESIAN_POINT('',(-4.8E0,8.25E-1,-1.4E1));
#3726=VERTEX_POINT('',#3724);
#3727=VERTEX_POINT('',#3725);
#3728=CARTESIAN_POINT('',(-4.8E0,1.325E0,-1.4E1));
#3729=CARTESIAN_POINT('',(-5.E0,1.325E0,-1.38E1));
#3730=VERTEX_POINT('',#3728);
#3731=VERTEX_POINT('',#3729);
#3732=CARTESIAN_POINT('',(-5.E0,2.075E0,-1.38E1));
#3733=VERTEX_POINT('',#3732);
#3734=CARTESIAN_POINT('',(-4.8E0,2.075E0,-1.4E1));
#3735=VERTEX_POINT('',#3734);
#3736=CARTESIAN_POINT('',(-4.936749699760E0,-3.925E0,-1.27E1));
#3737=CARTESIAN_POINT('',(-3.063250300240E0,-3.925E0,-1.27E1));
#3738=VERTEX_POINT('',#3736);
#3739=VERTEX_POINT('',#3737);
#3740=CARTESIAN_POINT('',(4.936749699760E0,-3.925E0,-1.27E1));
#3741=VERTEX_POINT('',#3740);
#3742=CARTESIAN_POINT('',(4.5E0,1.875E0,-1.4E1));
#3743=CARTESIAN_POINT('',(4.5E0,2.075E0,-1.4E1));
#3744=VERTEX_POINT('',#3742);
#3745=VERTEX_POINT('',#3743);
#3746=CARTESIAN_POINT('',(-4.5E0,2.075E0,-1.4E1));
#3747=CARTESIAN_POINT('',(-4.5E0,1.875E0,-1.4E1));
#3748=VERTEX_POINT('',#3746);
#3749=VERTEX_POINT('',#3747);
#3750=VERTEX_POINT('',#2320);
#3751=VERTEX_POINT('',#2330);
#3752=VERTEX_POINT('',#2318);
#3753=CARTESIAN_POINT('',(-4.8E0,-8.75E-1,-1.4E1));
#3754=VERTEX_POINT('',#3753);
#3755=CARTESIAN_POINT('',(-4.999999421298E0,-4.749999999866E-1,
-1.379999999965E1));
#3756=VERTEX_POINT('',#3755);
#3757=CARTESIAN_POINT('',(-3.5E0,2.275E0,-1.38E1));
#3758=CARTESIAN_POINT('',(-3.300000000482E0,2.275E0,-1.4E1));
#3759=VERTEX_POINT('',#3757);
#3760=VERTEX_POINT('',#3758);
#3761=CARTESIAN_POINT('',(-4.7E0,-2.075E0,-2.E-1));
#3762=CARTESIAN_POINT('',(-4.7E0,-2.275E0,0.E0));
#3763=VERTEX_POINT('',#3761);
#3764=VERTEX_POINT('',#3762);
#3765=CARTESIAN_POINT('',(-5.782842712475E0,-2.275E0,0.E0));
#3766=VERTEX_POINT('',#3765);
#3767=CARTESIAN_POINT('',(-5.7E0,-2.075E0,-2.E-1));
#3768=VERTEX_POINT('',#3767);
#3769=CARTESIAN_POINT('',(-6.E0,-1.775E0,-2.E-1));
#3770=VERTEX_POINT('',#3769);
#3771=CARTESIAN_POINT('',(-6.2E0,-1.857842712475E0,0.E0));
#3772=VERTEX_POINT('',#3771);
#3773=CARTESIAN_POINT('',(-6.2E0,-8.921572875254E-1,0.E0));
#3774=VERTEX_POINT('',#3773);
#3775=CARTESIAN_POINT('',(-6.E0,-9.75E-1,-2.E-1));
#3776=VERTEX_POINT('',#3775);
#3777=CARTESIAN_POINT('',(-5.782842712475E0,-4.75E-1,0.E0));
#3778=VERTEX_POINT('',#3777);
#3779=CARTESIAN_POINT('',(-5.7E0,-6.75E-1,-2.E-1));
#3780=VERTEX_POINT('',#3779);
#3781=CARTESIAN_POINT('',(-5.000003043290E0,-4.750000177574E-1,
-2.000030397690E-1));
#3782=CARTESIAN_POINT('',(-5.E0,8.25E-1,-2.E-1));
#3783=VERTEX_POINT('',#3781);
#3784=VERTEX_POINT('',#3782);
#3785=CARTESIAN_POINT('',(-5.2E0,-4.75E-1,0.E0));
#3786=CARTESIAN_POINT('',(-5.2E0,8.25E-1,0.E0));
#3787=VERTEX_POINT('',#3785);
#3788=VERTEX_POINT('',#3786);
#3789=CARTESIAN_POINT('',(-5.2E0,-6.75E-1,-2.000125523121E-1));
#3790=VERTEX_POINT('',#3789);
#3791=CARTESIAN_POINT('',(-5.E0,8.25E-1,0.E0));
#3792=VERTEX_POINT('',#3791);
#3793=CARTESIAN_POINT('',(-5.E0,1.325E0,0.E0));
#3794=CARTESIAN_POINT('',(-4.8E0,1.325E0,-2.E-1));
#3795=VERTEX_POINT('',#3793);
#3796=VERTEX_POINT('',#3794);
#3797=CARTESIAN_POINT('',(-4.8E0,8.25E-1,-2.E-1));
#3798=VERTEX_POINT('',#3797);
#3799=CARTESIAN_POINT('',(-5.2E0,1.325E0,0.E0));
#3800=CARTESIAN_POINT('',(-5.2E0,2.275E0,0.E0));
#3801=VERTEX_POINT('',#3799);
#3802=VERTEX_POINT('',#3800);
#3803=CARTESIAN_POINT('',(-5.E0,1.325E0,-2.E-1));
#3804=CARTESIAN_POINT('',(-5.E0,2.075E0,-2.E-1));
#3805=VERTEX_POINT('',#3803);
#3806=VERTEX_POINT('',#3804);
#3807=CARTESIAN_POINT('',(-4.5E0,2.075E0,-2.E-1));
#3808=VERTEX_POINT('',#3807);
#3809=CARTESIAN_POINT('',(-4.5E0,2.275E0,0.E0));
#3810=VERTEX_POINT('',#3809);
#3811=CARTESIAN_POINT('',(-4.5E0,2.075E0,0.E0));
#3812=VERTEX_POINT('',#3811);
#3813=CARTESIAN_POINT('',(-4.E0,2.075E0,0.E0));
#3814=CARTESIAN_POINT('',(-4.E0,1.875E0,-2.E-1));
#3815=VERTEX_POINT('',#3813);
#3816=VERTEX_POINT('',#3814);
#3817=CARTESIAN_POINT('',(-4.5E0,1.875E0,-2.E-1));
#3818=VERTEX_POINT('',#3817);
#3819=CARTESIAN_POINT('',(5.2E0,8.25E-1,0.E0));
#3820=CARTESIAN_POINT('',(5.2E0,-4.75E-1,0.E0));
#3821=VERTEX_POINT('',#3819);
#3822=VERTEX_POINT('',#3820);
#3823=CARTESIAN_POINT('',(5.E0,8.25E-1,-2.E-1));
#3824=CARTESIAN_POINT('',(5.000003044411E0,-4.750000355186E-1,
-2.000030386486E-1));
#3825=VERTEX_POINT('',#3823);
#3826=VERTEX_POINT('',#3824);
#3827=CARTESIAN_POINT('',(5.2E0,-6.75E-1,-2.000125523121E-1));
#3828=VERTEX_POINT('',#3827);
#3829=CARTESIAN_POINT('',(5.7E0,-6.75E-1,-2.E-1));
#3830=VERTEX_POINT('',#3829);
#3831=CARTESIAN_POINT('',(5.782842712475E0,-4.75E-1,0.E0));
#3832=VERTEX_POINT('',#3831);
#3833=CARTESIAN_POINT('',(6.E0,-9.75E-1,-2.E-1));
#3834=VERTEX_POINT('',#3833);
#3835=CARTESIAN_POINT('',(6.2E0,-8.921572875254E-1,0.E0));
#3836=VERTEX_POINT('',#3835);
#3837=CARTESIAN_POINT('',(6.2E0,-1.857842712475E0,0.E0));
#3838=VERTEX_POINT('',#3837);
#3839=CARTESIAN_POINT('',(6.E0,-1.775E0,-2.E-1));
#3840=VERTEX_POINT('',#3839);
#3841=CARTESIAN_POINT('',(5.782842712475E0,-2.275E0,0.E0));
#3842=VERTEX_POINT('',#3841);
#3843=CARTESIAN_POINT('',(5.7E0,-2.075E0,-2.E-1));
#3844=VERTEX_POINT('',#3843);
#3845=CARTESIAN_POINT('',(4.7E0,-2.275E0,0.E0));
#3846=CARTESIAN_POINT('',(4.7E0,-2.075E0,-2.E-1));
#3847=VERTEX_POINT('',#3845);
#3848=VERTEX_POINT('',#3846);
#3849=CARTESIAN_POINT('',(5.E0,8.25E-1,0.E0));
#3850=VERTEX_POINT('',#3849);
#3851=CARTESIAN_POINT('',(4.5E0,2.075E0,0.E0));
#3852=CARTESIAN_POINT('',(4.5E0,1.875E0,-2.E-1));
#3853=VERTEX_POINT('',#3851);
#3854=VERTEX_POINT('',#3852);
#3855=CARTESIAN_POINT('',(4.E0,1.875E0,-2.E-1));
#3856=VERTEX_POINT('',#3855);
#3857=CARTESIAN_POINT('',(4.E0,2.075E0,0.E0));
#3858=VERTEX_POINT('',#3857);
#3859=CARTESIAN_POINT('',(4.8E0,8.25E-1,-2.E-1));
#3860=VERTEX_POINT('',#3859);
#3861=CARTESIAN_POINT('',(4.8E0,1.325E0,-2.E-1));
#3862=VERTEX_POINT('',#3861);
#3863=CARTESIAN_POINT('',(5.E0,1.325E0,0.E0));
#3864=VERTEX_POINT('',#3863);
#3865=CARTESIAN_POINT('',(4.5E0,2.275E0,0.E0));
#3866=CARTESIAN_POINT('',(5.2E0,2.275E0,0.E0));
#3867=VERTEX_POINT('',#3865);
#3868=VERTEX_POINT('',#3866);
#3869=CARTESIAN_POINT('',(4.5E0,2.075E0,-2.E-1));
#3870=CARTESIAN_POINT('',(5.E0,2.075E0,-2.E-1));
#3871=VERTEX_POINT('',#3869);
#3872=VERTEX_POINT('',#3870);
#3873=CARTESIAN_POINT('',(5.E0,1.325E0,-2.E-1));
#3874=VERTEX_POINT('',#3873);
#3875=CARTESIAN_POINT('',(5.2E0,1.325E0,0.E0));
#3876=VERTEX_POINT('',#3875);
#3877=CARTESIAN_POINT('',(3.7E0,2.275E0,0.E0));
#3878=CARTESIAN_POINT('',(3.7E0,4.875E0,0.E0));
#3879=VERTEX_POINT('',#3877);
#3880=VERTEX_POINT('',#3878);
#3881=CARTESIAN_POINT('',(3.500002153147E0,2.274999988877E0,
-2.000021515196E-1));
#3882=CARTESIAN_POINT('',(3.5E0,4.675E0,-2.E-1));
#3883=VERTEX_POINT('',#3881);
#3884=VERTEX_POINT('',#3882);
#3885=CARTESIAN_POINT('',(3.7E0,2.075E0,-2.000131315852E-1));
#3886=VERTEX_POINT('',#3885);
#3887=CARTESIAN_POINT('',(4.E0,2.075E0,-2.E-1));
#3888=VERTEX_POINT('',#3887);
#3889=CARTESIAN_POINT('',(4.E0,2.275E0,0.E0));
#3890=VERTEX_POINT('',#3889);
#3891=CARTESIAN_POINT('',(-3.7E0,2.275E0,0.E0));
#3892=CARTESIAN_POINT('',(-4.E0,2.275E0,0.E0));
#3893=VERTEX_POINT('',#3891);
#3894=VERTEX_POINT('',#3892);
#3895=CARTESIAN_POINT('',(-3.699999988877E0,2.075002153147E0,
-2.000021515196E-1));
#3896=CARTESIAN_POINT('',(-4.E0,2.075E0,-2.E-1));
#3897=VERTEX_POINT('',#3895);
#3898=VERTEX_POINT('',#3896);
#3899=CARTESIAN_POINT('',(-3.5E0,2.275E0,-2.000131315852E-1));
#3900=VERTEX_POINT('',#3899);
#3901=CARTESIAN_POINT('',(-3.5E0,4.675E0,-2.E-1));
#3902=VERTEX_POINT('',#3901);
#3903=CARTESIAN_POINT('',(-3.7E0,4.875E0,0.E0));
#3904=VERTEX_POINT('',#3903);
#3905=CARTESIAN_POINT('',(-5.199999999877E0,-6.749973417800E-1,
-1.379999998777E1));
#3906=VERTEX_POINT('',#3905);
#3907=CARTESIAN_POINT('',(-3.699999999696E0,2.075E0,-1.38E1));
#3908=VERTEX_POINT('',#3907);
#3909=CARTESIAN_POINT('',(3.699999999472E0,2.075E0,-1.38E1));
#3910=VERTEX_POINT('',#3909);
#3911=CARTESIAN_POINT('',(3.5E0,2.274999999696E0,-1.38E1));
#3912=VERTEX_POINT('',#3911);
#3913=CARTESIAN_POINT('',(1.42E0,3.95E-1,-8.5E0));
#3914=CARTESIAN_POINT('',(1.42E0,-2.45E-1,-8.5E0));
#3915=VERTEX_POINT('',#3913);
#3916=VERTEX_POINT('',#3914);
#3917=CARTESIAN_POINT('',(7.8E-1,-2.45E-1,-8.5E0));
#3918=VERTEX_POINT('',#3917);
#3919=CARTESIAN_POINT('',(7.8E-1,3.95E-1,-8.5E0));
#3920=VERTEX_POINT('',#3919);
#3921=CARTESIAN_POINT('',(1.42E0,-2.45E-1,-2.065E1));
#3922=CARTESIAN_POINT('',(7.8E-1,-2.45E-1,-2.065E1));
#3923=VERTEX_POINT('',#3921);
#3924=VERTEX_POINT('',#3922);
#3925=CARTESIAN_POINT('',(7.8E-1,3.95E-1,-2.065E1));
#3926=CARTESIAN_POINT('',(1.42E0,3.95E-1,-2.065E1));
#3927=VERTEX_POINT('',#3925);
#3928=VERTEX_POINT('',#3926);
#3929=CARTESIAN_POINT('',(1.42E0,-9.25E-1,-2.133E1));
#3930=CARTESIAN_POINT('',(7.8E-1,-9.25E-1,-2.133E1));
#3931=VERTEX_POINT('',#3929);
#3932=VERTEX_POINT('',#3930);
#3933=CARTESIAN_POINT('',(7.8E-1,-9.25E-1,-2.197E1));
#3934=CARTESIAN_POINT('',(1.42E0,-9.25E-1,-2.197E1));
#3935=VERTEX_POINT('',#3933);
#3936=VERTEX_POINT('',#3934);
#3937=CARTESIAN_POINT('',(1.42E0,-1.0025E1,-2.197E1));
#3938=CARTESIAN_POINT('',(1.42E0,-1.0025E1,-2.133E1));
#3939=VERTEX_POINT('',#3937);
#3940=VERTEX_POINT('',#3938);
#3941=CARTESIAN_POINT('',(7.8E-1,-1.0025E1,-2.133E1));
#3942=VERTEX_POINT('',#3941);
#3943=CARTESIAN_POINT('',(7.8E-1,-1.0025E1,-2.197E1));
#3944=VERTEX_POINT('',#3943);
#3945=CARTESIAN_POINT('',(1.42E0,-2.45E-1,-1.7E1));
#3946=CARTESIAN_POINT('',(1.42E0,3.95E-1,-1.7E1));
#3947=VERTEX_POINT('',#3945);
#3948=VERTEX_POINT('',#3946);
#3949=CARTESIAN_POINT('',(7.8E-1,-2.45E-1,-1.7E1));
#3950=VERTEX_POINT('',#3949);
#3951=CARTESIAN_POINT('',(7.8E-1,3.95E-1,-1.7E1));
#3952=VERTEX_POINT('',#3951);
#3953=CARTESIAN_POINT('',(1.42E0,-2.45E-1,-1.4E1));
#3954=CARTESIAN_POINT('',(1.42E0,3.95E-1,-1.4E1));
#3955=VERTEX_POINT('',#3953);
#3956=VERTEX_POINT('',#3954);
#3957=CARTESIAN_POINT('',(7.8E-1,-2.45E-1,-1.4E1));
#3958=VERTEX_POINT('',#3957);
#3959=CARTESIAN_POINT('',(7.8E-1,3.95E-1,-1.4E1));
#3960=VERTEX_POINT('',#3959);
#3961=CARTESIAN_POINT('',(-7.8E-1,3.95E-1,-8.5E0));
#3962=CARTESIAN_POINT('',(-7.8E-1,-2.45E-1,-8.5E0));
#3963=VERTEX_POINT('',#3961);
#3964=VERTEX_POINT('',#3962);
#3965=CARTESIAN_POINT('',(-1.42E0,-2.45E-1,-8.5E0));
#3966=VERTEX_POINT('',#3965);
#3967=CARTESIAN_POINT('',(-1.42E0,3.95E-1,-8.5E0));
#3968=VERTEX_POINT('',#3967);
#3969=CARTESIAN_POINT('',(-7.8E-1,-2.45E-1,-2.065E1));
#3970=CARTESIAN_POINT('',(-1.42E0,-2.45E-1,-2.065E1));
#3971=VERTEX_POINT('',#3969);
#3972=VERTEX_POINT('',#3970);
#3973=CARTESIAN_POINT('',(-1.42E0,3.95E-1,-2.065E1));
#3974=CARTESIAN_POINT('',(-7.8E-1,3.95E-1,-2.065E1));
#3975=VERTEX_POINT('',#3973);
#3976=VERTEX_POINT('',#3974);
#3977=CARTESIAN_POINT('',(-7.8E-1,-9.25E-1,-2.133E1));
#3978=CARTESIAN_POINT('',(-1.42E0,-9.25E-1,-2.133E1));
#3979=VERTEX_POINT('',#3977);
#3980=VERTEX_POINT('',#3978);
#3981=CARTESIAN_POINT('',(-1.42E0,-9.25E-1,-2.197E1));
#3982=CARTESIAN_POINT('',(-7.8E-1,-9.25E-1,-2.197E1));
#3983=VERTEX_POINT('',#3981);
#3984=VERTEX_POINT('',#3982);
#3985=CARTESIAN_POINT('',(-7.8E-1,-1.0025E1,-2.197E1));
#3986=CARTESIAN_POINT('',(-7.8E-1,-1.0025E1,-2.133E1));
#3987=VERTEX_POINT('',#3985);
#3988=VERTEX_POINT('',#3986);
#3989=CARTESIAN_POINT('',(-1.42E0,-1.0025E1,-2.133E1));
#3990=VERTEX_POINT('',#3989);
#3991=CARTESIAN_POINT('',(-1.42E0,-1.0025E1,-2.197E1));
#3992=VERTEX_POINT('',#3991);
#3993=CARTESIAN_POINT('',(-7.8E-1,-2.45E-1,-1.7E1));
#3994=CARTESIAN_POINT('',(-7.8E-1,3.95E-1,-1.7E1));
#3995=VERTEX_POINT('',#3993);
#3996=VERTEX_POINT('',#3994);
#3997=CARTESIAN_POINT('',(-1.42E0,-2.45E-1,-1.7E1));
#3998=VERTEX_POINT('',#3997);
#3999=CARTESIAN_POINT('',(-1.42E0,3.95E-1,-1.7E1));
#4000=VERTEX_POINT('',#3999);
#4001=CARTESIAN_POINT('',(-7.8E-1,-2.45E-1,-1.4E1));
#4002=CARTESIAN_POINT('',(-7.8E-1,3.95E-1,-1.4E1));
#4003=VERTEX_POINT('',#4001);
#4004=VERTEX_POINT('',#4002);
#4005=CARTESIAN_POINT('',(-1.42E0,-2.45E-1,-1.4E1));
#4006=VERTEX_POINT('',#4005);
#4007=CARTESIAN_POINT('',(-1.42E0,3.95E-1,-1.4E1));
#4008=VERTEX_POINT('',#4007);
#4009=CARTESIAN_POINT('',(-2.98E0,3.95E-1,-8.5E0));
#4010=CARTESIAN_POINT('',(-2.98E0,-2.45E-1,-8.5E0));
#4011=VERTEX_POINT('',#4009);
#4012=VERTEX_POINT('',#4010);
#4013=CARTESIAN_POINT('',(-3.62E0,-2.45E-1,-8.5E0));
#4014=VERTEX_POINT('',#4013);
#4015=CARTESIAN_POINT('',(-3.62E0,3.95E-1,-8.5E0));
#4016=VERTEX_POINT('',#4015);
#4017=CARTESIAN_POINT('',(-2.98E0,-2.45E-1,-2.065E1));
#4018=CARTESIAN_POINT('',(-3.62E0,-2.45E-1,-2.065E1));
#4019=VERTEX_POINT('',#4017);
#4020=VERTEX_POINT('',#4018);
#4021=CARTESIAN_POINT('',(-3.62E0,3.95E-1,-2.065E1));
#4022=CARTESIAN_POINT('',(-2.98E0,3.95E-1,-2.065E1));
#4023=VERTEX_POINT('',#4021);
#4024=VERTEX_POINT('',#4022);
#4025=CARTESIAN_POINT('',(-2.98E0,-9.25E-1,-2.133E1));
#4026=CARTESIAN_POINT('',(-3.62E0,-9.25E-1,-2.133E1));
#4027=VERTEX_POINT('',#4025);
#4028=VERTEX_POINT('',#4026);
#4029=CARTESIAN_POINT('',(-3.62E0,-9.25E-1,-2.197E1));
#4030=CARTESIAN_POINT('',(-2.98E0,-9.25E-1,-2.197E1));
#4031=VERTEX_POINT('',#4029);
#4032=VERTEX_POINT('',#4030);
#4033=CARTESIAN_POINT('',(-2.98E0,-1.0025E1,-2.197E1));
#4034=CARTESIAN_POINT('',(-2.98E0,-1.0025E1,-2.133E1));
#4035=VERTEX_POINT('',#4033);
#4036=VERTEX_POINT('',#4034);
#4037=CARTESIAN_POINT('',(-3.62E0,-1.0025E1,-2.133E1));
#4038=VERTEX_POINT('',#4037);
#4039=CARTESIAN_POINT('',(-3.62E0,-1.0025E1,-2.197E1));
#4040=VERTEX_POINT('',#4039);
#4041=CARTESIAN_POINT('',(-2.98E0,-2.45E-1,-1.7E1));
#4042=CARTESIAN_POINT('',(-2.98E0,3.95E-1,-1.7E1));
#4043=VERTEX_POINT('',#4041);
#4044=VERTEX_POINT('',#4042);
#4045=CARTESIAN_POINT('',(-3.62E0,-2.45E-1,-1.7E1));
#4046=VERTEX_POINT('',#4045);
#4047=CARTESIAN_POINT('',(-3.62E0,3.95E-1,-1.7E1));
#4048=VERTEX_POINT('',#4047);
#4049=CARTESIAN_POINT('',(-2.98E0,-2.45E-1,-1.4E1));
#4050=CARTESIAN_POINT('',(-2.98E0,3.95E-1,-1.4E1));
#4051=VERTEX_POINT('',#4049);
#4052=VERTEX_POINT('',#4050);
#4053=CARTESIAN_POINT('',(-3.62E0,-2.45E-1,-1.4E1));
#4054=VERTEX_POINT('',#4053);
#4055=CARTESIAN_POINT('',(-3.62E0,3.95E-1,-1.4E1));
#4056=VERTEX_POINT('',#4055);
#4057=CARTESIAN_POINT('',(-4.E0,1.875E0,-1.4E1));
#4058=CARTESIAN_POINT('',(-4.E0,2.075E0,-1.38E1));
#4059=VERTEX_POINT('',#4057);
#4060=VERTEX_POINT('',#4058);
#4061=CARTESIAN_POINT('',(-3.699999998662E0,1.875000000072E0,-1.4E1));
#4062=VERTEX_POINT('',#4061);
#4063=CARTESIAN_POINT('',(-3.5E0,4.175E0,-1.38E1));
#4064=CARTESIAN_POINT('',(-3.3E0,4.175E0,-1.4E1));
#4065=VERTEX_POINT('',#4063);
#4066=VERTEX_POINT('',#4064);
#4067=CARTESIAN_POINT('',(4.E0,2.075E0,-1.38E1));
#4068=CARTESIAN_POINT('',(4.E0,1.875E0,-1.4E1));
#4069=VERTEX_POINT('',#4067);
#4070=VERTEX_POINT('',#4068);
#4071=CARTESIAN_POINT('',(3.699999997675E0,1.875000000313E0,-1.4E1));
#4072=VERTEX_POINT('',#4071);
#4073=CARTESIAN_POINT('',(3.3E0,4.175E0,-1.4E1));
#4074=CARTESIAN_POINT('',(3.5E0,4.175E0,-1.38E1));
#4075=VERTEX_POINT('',#4073);
#4076=VERTEX_POINT('',#4074);
#4077=CARTESIAN_POINT('',(3.300000000072E0,2.274999998662E0,-1.4E1));
#4078=VERTEX_POINT('',#4077);
#4079=CARTESIAN_POINT('',(4.173517616395E-1,-1.166E0,-1.715E1));
#4080=CARTESIAN_POINT('',(5.E-1,-1.393074168653E0,-1.715E1));
#4081=VERTEX_POINT('',#4079);
#4082=VERTEX_POINT('',#4080);
#4083=CARTESIAN_POINT('',(-1.556482383605E-1,-1.393074168653E0,-1.715E1));
#4084=VERTEX_POINT('',#4083);
#4085=CARTESIAN_POINT('',(-7.164823836054E-2,-1.619E0,-1.715E1));
#4086=VERTEX_POINT('',#4085);
#4087=CARTESIAN_POINT('',(2.164392580613E-1,-1.619E0,-1.715E1));
#4088=VERTEX_POINT('',#4087);
#4089=CARTESIAN_POINT('',(2.988785161226E-1,-1.8455E0,-1.715E1));
#4090=VERTEX_POINT('',#4089);
#4091=CARTESIAN_POINT('',(7.878516122588E-3,-1.8455E0,-1.715E1));
#4092=VERTEX_POINT('',#4091);
#4093=CARTESIAN_POINT('',(9.031777418388E-2,-2.072E0,-1.715E1));
#4094=VERTEX_POINT('',#4093);
#4095=CARTESIAN_POINT('',(3.813177741839E-1,-2.072E0,-1.715E1));
#4096=VERTEX_POINT('',#4095);
#4097=CARTESIAN_POINT('',(4.637570322452E-1,-2.2985E0,-1.715E1));
#4098=VERTEX_POINT('',#4097);
#4099=CARTESIAN_POINT('',(1.727570322452E-1,-2.2985E0,-1.715E1));
#4100=VERTEX_POINT('',#4099);
#4101=CARTESIAN_POINT('',(2.551962903065E-1,-2.525E0,-1.715E1));
#4102=VERTEX_POINT('',#4101);
#4103=CARTESIAN_POINT('',(-5.878037096935E-1,-2.525E0,-1.715E1));
#4104=VERTEX_POINT('',#4103);
#4105=CARTESIAN_POINT('',(-6.702429677548E-1,-2.2985E0,-1.715E1));
#4106=VERTEX_POINT('',#4105);
#4107=CARTESIAN_POINT('',(-7.324296775483E-2,-2.2985E0,-1.715E1));
#4108=VERTEX_POINT('',#4107);
#4109=CARTESIAN_POINT('',(-1.556822258161E-1,-2.072E0,-1.715E1));
#4110=VERTEX_POINT('',#4109);
#4111=CARTESIAN_POINT('',(-7.526822258161E-1,-2.072E0,-1.715E1));
#4112=VERTEX_POINT('',#4111);
#4113=CARTESIAN_POINT('',(-8.351214838774E-1,-1.8455E0,-1.715E1));
#4114=VERTEX_POINT('',#4113);
#4115=CARTESIAN_POINT('',(-2.381214838774E-1,-1.8455E0,-1.715E1));
#4116=VERTEX_POINT('',#4115);
#4117=CARTESIAN_POINT('',(-3.205607419387E-1,-1.619E0,-1.715E1));
#4118=VERTEX_POINT('',#4117);
#4119=CARTESIAN_POINT('',(-9.175607419387E-1,-1.619E0,-1.715E1));
#4120=VERTEX_POINT('',#4119);
#4121=CARTESIAN_POINT('',(-1.E0,-1.3925E0,-1.715E1));
#4122=VERTEX_POINT('',#4121);
#4123=CARTESIAN_POINT('',(-7.692089802992E-1,-1.3925E0,-1.715E1));
#4124=VERTEX_POINT('',#4123);
#4125=CARTESIAN_POINT('',(-8.516482383605E-1,-1.166E0,-1.715E1));
#4126=VERTEX_POINT('',#4125);
#4127=CARTESIAN_POINT('',(4.173517616395E-1,-1.166E0,-1.7E1));
#4128=CARTESIAN_POINT('',(5.E-1,-1.393074168653E0,-1.7E1));
#4129=VERTEX_POINT('',#4127);
#4130=VERTEX_POINT('',#4128);
#4131=CARTESIAN_POINT('',(-1.556482383605E-1,-1.393074168653E0,-1.7E1));
#4132=VERTEX_POINT('',#4131);
#4133=CARTESIAN_POINT('',(-7.164823836054E-2,-1.619E0,-1.7E1));
#4134=VERTEX_POINT('',#4133);
#4135=CARTESIAN_POINT('',(2.164392580613E-1,-1.619E0,-1.7E1));
#4136=VERTEX_POINT('',#4135);
#4137=CARTESIAN_POINT('',(2.988785161226E-1,-1.8455E0,-1.7E1));
#4138=VERTEX_POINT('',#4137);
#4139=CARTESIAN_POINT('',(7.878516122588E-3,-1.8455E0,-1.7E1));
#4140=VERTEX_POINT('',#4139);
#4141=CARTESIAN_POINT('',(9.031777418388E-2,-2.072E0,-1.7E1));
#4142=VERTEX_POINT('',#4141);
#4143=CARTESIAN_POINT('',(3.813177741839E-1,-2.072E0,-1.7E1));
#4144=VERTEX_POINT('',#4143);
#4145=CARTESIAN_POINT('',(4.637570322452E-1,-2.2985E0,-1.7E1));
#4146=VERTEX_POINT('',#4145);
#4147=CARTESIAN_POINT('',(1.727570322452E-1,-2.2985E0,-1.7E1));
#4148=VERTEX_POINT('',#4147);
#4149=CARTESIAN_POINT('',(2.551962903065E-1,-2.525E0,-1.7E1));
#4150=VERTEX_POINT('',#4149);
#4151=CARTESIAN_POINT('',(-5.878037096935E-1,-2.525E0,-1.7E1));
#4152=VERTEX_POINT('',#4151);
#4153=CARTESIAN_POINT('',(-6.702429677548E-1,-2.2985E0,-1.7E1));
#4154=VERTEX_POINT('',#4153);
#4155=CARTESIAN_POINT('',(-7.324296775483E-2,-2.2985E0,-1.7E1));
#4156=VERTEX_POINT('',#4155);
#4157=CARTESIAN_POINT('',(-1.556822258161E-1,-2.072E0,-1.7E1));
#4158=VERTEX_POINT('',#4157);
#4159=CARTESIAN_POINT('',(-7.526822258161E-1,-2.072E0,-1.7E1));
#4160=VERTEX_POINT('',#4159);
#4161=CARTESIAN_POINT('',(-8.351214838774E-1,-1.8455E0,-1.7E1));
#4162=VERTEX_POINT('',#4161);
#4163=CARTESIAN_POINT('',(-2.381214838774E-1,-1.8455E0,-1.7E1));
#4164=VERTEX_POINT('',#4163);
#4165=CARTESIAN_POINT('',(-3.205607419387E-1,-1.619E0,-1.7E1));
#4166=VERTEX_POINT('',#4165);
#4167=CARTESIAN_POINT('',(-9.175607419387E-1,-1.619E0,-1.7E1));
#4168=VERTEX_POINT('',#4167);
#4169=CARTESIAN_POINT('',(-1.E0,-1.3925E0,-1.7E1));
#4170=VERTEX_POINT('',#4169);
#4171=CARTESIAN_POINT('',(-7.692089802992E-1,-1.3925E0,-1.7E1));
#4172=VERTEX_POINT('',#4171);
#4173=CARTESIAN_POINT('',(-8.516482383605E-1,-1.166E0,-1.7E1));
#4174=VERTEX_POINT('',#4173);
#4175=CARTESIAN_POINT('',(-9.999999999998E-1,-4.525E0,-1.7E1));
#4176=VERTEX_POINT('',#4175);
#4177=CARTESIAN_POINT('',(-3.196043406370E0,-4.525E0,-1.84E1));
#4178=VERTEX_POINT('',#4177);
#4179=CARTESIAN_POINT('',(4.803956593630E0,-4.525E0,-1.84E1));
#4180=VERTEX_POINT('',#4179);
#4181=CARTESIAN_POINT('',(3.196043406370E0,-4.525E0,-1.84E1));
#4182=VERTEX_POINT('',#4181);
#4183=CARTESIAN_POINT('',(9.999999999998E-1,-4.525E0,-1.7E1));
#4184=VERTEX_POINT('',#4183);
#4185=CARTESIAN_POINT('',(-1.527588376738E0,-4.525E0,-1.7E1));
#4186=VERTEX_POINT('',#4185);
#4187=CARTESIAN_POINT('',(6.472411623261E0,-4.525E0,-1.7E1));
#4188=VERTEX_POINT('',#4187);
#4189=CARTESIAN_POINT('',(1.527588376738E0,-4.525E0,-1.7E1));
#4190=VERTEX_POINT('',#4189);
#4191=CARTESIAN_POINT('',(-1.8E0,5.075E0,-1.873513248768E0));
#4192=CARTESIAN_POINT('',(-1.8E0,5.075E0,-1.4E1));
#4193=VERTEX_POINT('',#4191);
#4194=VERTEX_POINT('',#4192);
#4195=CARTESIAN_POINT('',(1.8E0,5.075E0,-1.873513248768E0));
#4196=CARTESIAN_POINT('',(1.8E0,5.075E0,-1.4E1));
#4197=VERTEX_POINT('',#4195);
#4198=VERTEX_POINT('',#4196);
#4199=CARTESIAN_POINT('',(-1.8E0,4.175E0,-1.4E1));
#4200=VERTEX_POINT('',#4199);
#4201=CARTESIAN_POINT('',(1.8E0,4.175E0,-1.4E1));
#4202=VERTEX_POINT('',#4201);
#4203=CARTESIAN_POINT('',(-2.8E0,4.675E0,-2.E-1));
#4204=VERTEX_POINT('',#4203);
#4205=CARTESIAN_POINT('',(-3.E0,4.875E0,0.E0));
#4206=VERTEX_POINT('',#4205);
#4207=CARTESIAN_POINT('',(2.8E0,4.675E0,-2.E-1));
#4208=VERTEX_POINT('',#4207);
#4209=CARTESIAN_POINT('',(3.E0,4.875E0,0.E0));
#4210=VERTEX_POINT('',#4209);
#4211=CARTESIAN_POINT('',(4.7E0,-2.575E0,-2.E-1));
#4212=CARTESIAN_POINT('',(4.7E0,-2.775E0,0.E0));
#4213=VERTEX_POINT('',#4211);
#4214=VERTEX_POINT('',#4212);
#4215=CARTESIAN_POINT('',(-4.7E0,-2.775E0,0.E0));
#4216=CARTESIAN_POINT('',(-4.7E0,-2.575E0,-2.E-1));
#4217=VERTEX_POINT('',#4215);
#4218=VERTEX_POINT('',#4216);
#4219=CARTESIAN_POINT('',(-7.E0,-1.924999999838E0,-5.E-1));
#4220=CARTESIAN_POINT('',(-7.E0,-1.925E0,-6.428427124746E0));
#4221=VERTEX_POINT('',#4219);
#4222=VERTEX_POINT('',#4220);
#4223=CARTESIAN_POINT('',(-7.E0,-3.925E0,-8.428427124746E0));
#4224=VERTEX_POINT('',#4223);
#4225=CARTESIAN_POINT('',(-5.E0,-3.925E0,-5.E-1));
#4226=VERTEX_POINT('',#4225);
#4227=CARTESIAN_POINT('',(5.E0,-3.425E0,0.E0));
#4228=CARTESIAN_POINT('',(5.E0,-3.925E0,-5.E-1));
#4229=VERTEX_POINT('',#4227);
#4230=VERTEX_POINT('',#4228);
#4231=CARTESIAN_POINT('',(7.E0,-1.925E0,-5.E-1));
#4232=VERTEX_POINT('',#4231);
#4233=CARTESIAN_POINT('',(6.5E0,-1.925E0,0.E0));
#4234=CARTESIAN_POINT('',(6.5E0,4.275E0,0.E0));
#4235=VERTEX_POINT('',#4233);
#4236=VERTEX_POINT('',#4234);
#4237=CARTESIAN_POINT('',(7.E0,4.274999999821E0,-5.E-1));
#4238=VERTEX_POINT('',#4237);
#4239=CARTESIAN_POINT('',(5.E0,5.775E0,0.E0));
#4240=VERTEX_POINT('',#4239);
#4241=CARTESIAN_POINT('',(5.E0,6.275E0,-5.E-1));
#4242=VERTEX_POINT('',#4241);
#4243=CARTESIAN_POINT('',(-5.E0,5.775E0,0.E0));
#4244=VERTEX_POINT('',#4243);
#4245=CARTESIAN_POINT('',(-4.999999999821E0,6.275E0,-5.E-1));
#4246=VERTEX_POINT('',#4245);
#4247=CARTESIAN_POINT('',(-6.5E0,4.275E0,0.E0));
#4248=VERTEX_POINT('',#4247);
#4249=CARTESIAN_POINT('',(-7.E0,4.275E0,-5.E-1));
#4250=VERTEX_POINT('',#4249);
#4251=CARTESIAN_POINT('',(-6.5E0,-1.925E0,0.E0));
#4252=VERTEX_POINT('',#4251);
#4253=CARTESIAN_POINT('',(7.E0,-1.925E0,-6.428427124746E0));
#4254=VERTEX_POINT('',#4253);
#4255=CARTESIAN_POINT('',(7.E0,-3.925E0,-8.428427124746E0));
#4256=VERTEX_POINT('',#4255);
#4257=CARTESIAN_POINT('',(-5.E0,-3.425E0,0.E0));
#4258=VERTEX_POINT('',#4257);
#4259=CARTESIAN_POINT('',(-9.999999999998E-1,-4.525E0,-1.81E1));
#4260=CARTESIAN_POINT('',(-1.3E0,-4.525E0,-1.84E1));
#4261=VERTEX_POINT('',#4259);
#4262=VERTEX_POINT('',#4260);
#4263=CARTESIAN_POINT('',(-1.3E0,-5.725E0,-1.84E1));
#4264=VERTEX_POINT('',#4263);
#4265=CARTESIAN_POINT('',(-9.999999999998E-1,-5.725E0,-1.81E1));
#4266=VERTEX_POINT('',#4265);
#4267=CARTESIAN_POINT('',(-6.7E0,-4.525E0,-1.84E1));
#4268=CARTESIAN_POINT('',(-7.E0,-4.525E0,-1.81E1));
#4269=VERTEX_POINT('',#4267);
#4270=VERTEX_POINT('',#4268);
#4271=CARTESIAN_POINT('',(-7.E0,-5.725E0,-1.81E1));
#4272=VERTEX_POINT('',#4271);
#4273=CARTESIAN_POINT('',(-6.7E0,-5.725E0,-1.84E1));
#4274=VERTEX_POINT('',#4273);
#4275=CARTESIAN_POINT('',(-6.7E0,-6.025E0,-1.81E1));
#4276=CARTESIAN_POINT('',(-1.3E0,-6.025E0,-1.81E1));
#4277=VERTEX_POINT('',#4275);
#4278=VERTEX_POINT('',#4276);
#4279=CARTESIAN_POINT('',(-9.999999999998E-1,-5.725E0,-1.555E1));
#4280=CARTESIAN_POINT('',(-3.063250300240E0,-5.725E0,-1.27E1));
#4281=VERTEX_POINT('',#4279);
#4282=VERTEX_POINT('',#4280);
#4283=CARTESIAN_POINT('',(-1.3E0,-6.025E0,-1.555E1));
#4284=CARTESIAN_POINT('',(-3.112588032535E0,-6.025E0,-1.3E1));
#4285=VERTEX_POINT('',#4283);
#4286=VERTEX_POINT('',#4284);
#4287=CARTESIAN_POINT('',(-4.887411967465E0,-6.025E0,-1.3E1));
#4288=VERTEX_POINT('',#4287);
#4289=CARTESIAN_POINT('',(-4.936749699760E0,-5.725E0,-1.27E1));
#4290=VERTEX_POINT('',#4289);
#4291=CARTESIAN_POINT('',(-7.E0,-5.725E0,-1.555000000004E1));
#4292=VERTEX_POINT('',#4291);
#4293=CARTESIAN_POINT('',(-6.7E0,-6.025E0,-1.555E1));
#4294=VERTEX_POINT('',#4293);
#4295=CARTESIAN_POINT('',(4.936749699760E0,-5.725E0,-1.27E1));
#4296=CARTESIAN_POINT('',(3.063250300240E0,-5.725E0,-1.27E1));
#4297=VERTEX_POINT('',#4295);
#4298=VERTEX_POINT('',#4296);
#4299=CARTESIAN_POINT('',(4.887411967465E0,-6.025E0,-1.3E1));
#4300=CARTESIAN_POINT('',(3.112588032535E0,-6.025E0,-1.3E1));
#4301=VERTEX_POINT('',#4299);
#4302=VERTEX_POINT('',#4300);
#4303=CARTESIAN_POINT('',(7.E0,-5.725E0,-1.555E1));
#4304=VERTEX_POINT('',#4303);
#4305=CARTESIAN_POINT('',(6.7E0,-6.025E0,-1.555E1));
#4306=VERTEX_POINT('',#4305);
#4307=CARTESIAN_POINT('',(6.7E0,-6.025E0,-1.81E1));
#4308=VERTEX_POINT('',#4307);
#4309=CARTESIAN_POINT('',(7.E0,-5.725E0,-1.81E1));
#4310=VERTEX_POINT('',#4309);
#4311=CARTESIAN_POINT('',(7.E0,-4.525E0,-1.81E1));
#4312=CARTESIAN_POINT('',(6.7E0,-4.525E0,-1.84E1));
#4313=VERTEX_POINT('',#4311);
#4314=VERTEX_POINT('',#4312);
#4315=CARTESIAN_POINT('',(6.7E0,-5.725E0,-1.84E1));
#4316=VERTEX_POINT('',#4315);
#4317=CARTESIAN_POINT('',(1.3E0,-6.025E0,-1.81E1));
#4318=VERTEX_POINT('',#4317);
#4319=CARTESIAN_POINT('',(1.3E0,-5.725E0,-1.84E1));
#4320=VERTEX_POINT('',#4319);
#4321=CARTESIAN_POINT('',(1.3E0,-4.525E0,-1.84E1));
#4322=CARTESIAN_POINT('',(9.999999999998E-1,-4.525E0,-1.81E1));
#4323=VERTEX_POINT('',#4321);
#4324=VERTEX_POINT('',#4322);
#4325=CARTESIAN_POINT('',(9.999999999998E-1,-5.725E0,-1.81E1));
#4326=VERTEX_POINT('',#4325);
#4327=CARTESIAN_POINT('',(1.3E0,-6.025E0,-1.555E1));
#4328=VERTEX_POINT('',#4327);
#4329=CARTESIAN_POINT('',(9.999999999998E-1,-5.725E0,-1.555E1));
#4330=VERTEX_POINT('',#4329);
#4331=CARTESIAN_POINT('',(7.E0,4.274999999911E0,-1.65E1));
#4332=CARTESIAN_POINT('',(7.E0,-4.525E0,-1.65E1));
#4333=VERTEX_POINT('',#4331);
#4334=VERTEX_POINT('',#4332);
#4335=CARTESIAN_POINT('',(6.5E0,4.275E0,-1.7E1));
#4336=CARTESIAN_POINT('',(6.5E0,-4.525E0,-1.7E1));
#4337=VERTEX_POINT('',#4335);
#4338=VERTEX_POINT('',#4336);
#4339=CARTESIAN_POINT('',(5.E0,5.775E0,-1.7E1));
#4340=VERTEX_POINT('',#4339);
#4341=CARTESIAN_POINT('',(5.E0,6.275E0,-1.65E1));
#4342=VERTEX_POINT('',#4341);
#4343=CARTESIAN_POINT('',(-5.E0,5.775E0,-1.7E1));
#4344=VERTEX_POINT('',#4343);
#4345=CARTESIAN_POINT('',(-4.999999999911E0,6.275E0,-1.65E1));
#4346=VERTEX_POINT('',#4345);
#4347=CARTESIAN_POINT('',(-6.5E0,4.275E0,-1.7E1));
#4348=VERTEX_POINT('',#4347);
#4349=CARTESIAN_POINT('',(-7.E0,4.275E0,-1.65E1));
#4350=VERTEX_POINT('',#4349);
#4351=CARTESIAN_POINT('',(-6.5E0,-4.525E0,-1.7E1));
#4352=VERTEX_POINT('',#4351);
#4353=CARTESIAN_POINT('',(-7.E0,-4.525E0,-1.65E1));
#4354=VERTEX_POINT('',#4353);
#4355=CARTESIAN_POINT('',(-1.8E0,4.288917310096E0,-1.983989966152E0));
#4356=CARTESIAN_POINT('',(1.8E0,4.288917310096E0,-1.983989966152E0));
#4357=VERTEX_POINT('',#4355);
#4358=VERTEX_POINT('',#4356);
#4359=CARTESIAN_POINT('',(-1.8E0,4.175E0,-1.884963159278E0));
#4360=CARTESIAN_POINT('',(1.8E0,4.175E0,-1.884963159278E0));
#4361=VERTEX_POINT('',#4359);
#4362=VERTEX_POINT('',#4360);
#4363=CARTESIAN_POINT('',(-5.E0,-3.925E0,-1.272157287525E1));
#4364=VERTEX_POINT('',#4363);
#4365=CARTESIAN_POINT('',(5.E0,-3.925E0,-1.272157287525E1));
#4366=VERTEX_POINT('',#4365);
#4367=VERTEX_POINT('',#1444);
#4368=CARTESIAN_POINT('',(7.E0,-1.925E0,-1.555E1));
#4369=VERTEX_POINT('',#4368);
#4370=CARTESIAN_POINT('',(6.7E0,-3.925E0,-1.09E1));
#4371=CARTESIAN_POINT('',(6.7E0,-2.978565375285E0,-1.09E1));
#4372=VERTEX_POINT('',#4370);
#4373=VERTEX_POINT('',#4371);
#4374=CARTESIAN_POINT('',(7.E0,-3.924999999892E0,-1.06E1));
#4375=CARTESIAN_POINT('',(7.E0,-1.925E0,-1.06E1));
#4376=VERTEX_POINT('',#4374);
#4377=VERTEX_POINT('',#4375);
#4378=CARTESIAN_POINT('',(5.352933577058E0,-5.893613189579E0,-1.06E1));
#4379=VERTEX_POINT('',#4378);
#4380=CARTESIAN_POINT('',(5.300002740578E0,-5.598319561723E0,-1.09E1));
#4381=VERTEX_POINT('',#4380);
#4382=CARTESIAN_POINT('',(-7.E0,-3.924999999901E0,-1.06E1));
#4383=CARTESIAN_POINT('',(-7.E0,-1.925E0,-1.06E1));
#4384=VERTEX_POINT('',#4382);
#4385=VERTEX_POINT('',#4383);
#4386=CARTESIAN_POINT('',(-6.7E0,-3.925E0,-1.09E1));
#4387=CARTESIAN_POINT('',(-6.7E0,-2.978565375285E0,-1.09E1));
#4388=VERTEX_POINT('',#4386);
#4389=VERTEX_POINT('',#4387);
#4390=CARTESIAN_POINT('',(-5.300003903499E0,-5.598319353227E0,-1.09E1));
#4391=VERTEX_POINT('',#4390);
#4392=CARTESIAN_POINT('',(-5.352933596635E0,-5.893613186069E0,-1.06E1));
#4393=VERTEX_POINT('',#4392);
#4394=CARTESIAN_POINT('',(-5.3E0,-3.902371993329E0,-1.09E1));
#4395=VERTEX_POINT('',#4394);
#4396=CARTESIAN_POINT('',(5.3E0,-3.902371993329E0,-1.09E1));
#4397=VERTEX_POINT('',#4396);
#4398=VERTEX_POINT('',#3424);
#4399=CARTESIAN_POINT('',(5.352932023749E0,-5.807124474590E0,
-7.526511238565E0));
#4400=CARTESIAN_POINT('',(5.352941176471E0,-3.893611827139E0,
-5.613001406897E0));
#4401=VERTEX_POINT('',#4399);
#4402=VERTEX_POINT('',#4400);
#4403=CARTESIAN_POINT('',(5.000000000001E0,-5.598320158971E0,
-7.735315149705E0));
#4404=CARTESIAN_POINT('',(5.E0,-3.925E0,-6.061995211506E0));
#4405=VERTEX_POINT('',#4403);
#4406=VERTEX_POINT('',#4404);
#4407=CARTESIAN_POINT('',(5.352918568053E0,-5.893616627334E0,
-7.735313754231E0));
#4408=VERTEX_POINT('',#4407);
#4409=CARTESIAN_POINT('',(5.E0,-5.598320144983E0,-1.06E1));
#4410=VERTEX_POINT('',#4409);
#4411=CARTESIAN_POINT('',(-5.E0,-3.925E0,-6.061995354499E0));
#4412=CARTESIAN_POINT('',(-5.000000000001E0,-5.598320762528E0,
-7.735314867528E0));
#4413=VERTEX_POINT('',#4411);
#4414=VERTEX_POINT('',#4412);
#4415=CARTESIAN_POINT('',(-5.352941176471E0,-3.893611827139E0,
-5.613001406897E0));
#4416=CARTESIAN_POINT('',(-5.352929262010E0,-5.807124915807E0,
-7.526510948557E0));
#4417=VERTEX_POINT('',#4415);
#4418=VERTEX_POINT('',#4416);
#4419=CARTESIAN_POINT('',(-5.352918632032E0,-5.893616614175E0,
-7.735313735198E0));
#4420=VERTEX_POINT('',#4419);
#4421=CARTESIAN_POINT('',(-5.E0,-5.598320144782E0,-1.06E1));
#4422=VERTEX_POINT('',#4421);
#4423=CARTESIAN_POINT('',(-5.000000007928E0,-3.925000009269E0,
-1.060004223437E1));
#4424=VERTEX_POINT('',#4423);
#4425=CARTESIAN_POINT('',(0.E0,0.E0,0.E0));
#4426=DIRECTION('',(0.E0,0.E0,1.E0));
#4427=DIRECTION('',(1.E0,0.E0,0.E0));
#4428=AXIS2_PLACEMENT_3D('',#4425,#4426,#4427);
#4429=PLANE('',#4428);
#4431=ORIENTED_EDGE('',*,*,#4430,.F.);
#4433=ORIENTED_EDGE('',*,*,#4432,.T.);
#4435=ORIENTED_EDGE('',*,*,#4434,.F.);
#4437=ORIENTED_EDGE('',*,*,#4436,.T.);
#4439=ORIENTED_EDGE('',*,*,#4438,.F.);
#4441=ORIENTED_EDGE('',*,*,#4440,.F.);
#4443=ORIENTED_EDGE('',*,*,#4442,.F.);
#4445=ORIENTED_EDGE('',*,*,#4444,.F.);
#4446=EDGE_LOOP('',(#4431,#4433,#4435,#4437,#4439,#4441,#4443,#4445));
#4447=FACE_OUTER_BOUND('',#4446,.F.);
#4449=ORIENTED_EDGE('',*,*,#4448,.T.);
#4451=ORIENTED_EDGE('',*,*,#4450,.F.);
#4453=ORIENTED_EDGE('',*,*,#4452,.F.);
#4455=ORIENTED_EDGE('',*,*,#4454,.F.);
#4457=ORIENTED_EDGE('',*,*,#4456,.T.);
#4459=ORIENTED_EDGE('',*,*,#4458,.F.);
#4461=ORIENTED_EDGE('',*,*,#4460,.F.);
#4463=ORIENTED_EDGE('',*,*,#4462,.F.);
#4465=ORIENTED_EDGE('',*,*,#4464,.F.);
#4467=ORIENTED_EDGE('',*,*,#4466,.F.);
#4469=ORIENTED_EDGE('',*,*,#4468,.F.);
#4471=ORIENTED_EDGE('',*,*,#4470,.F.);
#4473=ORIENTED_EDGE('',*,*,#4472,.F.);
#4475=ORIENTED_EDGE('',*,*,#4474,.F.);
#4477=ORIENTED_EDGE('',*,*,#4476,.F.);
#4479=ORIENTED_EDGE('',*,*,#4478,.F.);
#4481=ORIENTED_EDGE('',*,*,#4480,.F.);
#4483=ORIENTED_EDGE('',*,*,#4482,.F.);
#4485=ORIENTED_EDGE('',*,*,#4484,.T.);
#4487=ORIENTED_EDGE('',*,*,#4486,.T.);
#4489=ORIENTED_EDGE('',*,*,#4488,.F.);
#4491=ORIENTED_EDGE('',*,*,#4490,.F.);
#4493=ORIENTED_EDGE('',*,*,#4492,.F.);
#4495=ORIENTED_EDGE('',*,*,#4494,.F.);
#4497=ORIENTED_EDGE('',*,*,#4496,.F.);
#4499=ORIENTED_EDGE('',*,*,#4498,.T.);
#4501=ORIENTED_EDGE('',*,*,#4500,.T.);
#4503=ORIENTED_EDGE('',*,*,#4502,.F.);
#4505=ORIENTED_EDGE('',*,*,#4504,.F.);
#4507=ORIENTED_EDGE('',*,*,#4506,.F.);
#4509=ORIENTED_EDGE('',*,*,#4508,.F.);
#4511=ORIENTED_EDGE('',*,*,#4510,.F.);
#4513=ORIENTED_EDGE('',*,*,#4512,.F.);
#4515=ORIENTED_EDGE('',*,*,#4514,.F.);
#4517=ORIENTED_EDGE('',*,*,#4516,.F.);
#4519=ORIENTED_EDGE('',*,*,#4518,.F.);
#4521=ORIENTED_EDGE('',*,*,#4520,.F.);
#4523=ORIENTED_EDGE('',*,*,#4522,.F.);
#4525=ORIENTED_EDGE('',*,*,#4524,.F.);
#4527=ORIENTED_EDGE('',*,*,#4526,.F.);
#4528=EDGE_LOOP('',(#4449,#4451,#4453,#4455,#4457,#4459,#4461,#4463,#4465,#4467,
#4469,#4471,#4473,#4475,#4477,#4479,#4481,#4483,#4485,#4487,#4489,#4491,#4493,
#4495,#4497,#4499,#4501,#4503,#4505,#4507,#4509,#4511,#4513,#4515,#4517,#4519,
#4521,#4523,#4525,#4527));
#4529=FACE_BOUND('',#4528,.F.);
#4530=ADVANCED_FACE('',(#4447,#4529),#4429,.T.);
#4531=CARTESIAN_POINT('',(6.5E0,-2.232E1,-5.E-1));
#4532=DIRECTION('',(0.E0,1.E0,0.E0));
#4533=DIRECTION('',(0.E0,0.E0,1.E0));
#4534=AXIS2_PLACEMENT_3D('',#4531,#4532,#4533);
#4535=CYLINDRICAL_SURFACE('',#4534,5.E-1);
#4536=ORIENTED_EDGE('',*,*,#4430,.T.);
#4538=ORIENTED_EDGE('',*,*,#4537,.T.);
#4540=ORIENTED_EDGE('',*,*,#4539,.F.);
#4542=ORIENTED_EDGE('',*,*,#4541,.T.);
#4543=EDGE_LOOP('',(#4536,#4538,#4540,#4542));
#4544=FACE_OUTER_BOUND('',#4543,.F.);
#4545=ADVANCED_FACE('',(#4544),#4535,.T.);
#4546=CARTESIAN_POINT('',(5.E0,4.275E0,-5.E-1));
#4547=DIRECTION('',(0.E0,0.E0,1.E0));
#4548=DIRECTION('',(9.997958492224E-1,-2.020544178098E-2,0.E0));
#4549=AXIS2_PLACEMENT_3D('',#4546,#4547,#4548);
#4550=TOROIDAL_SURFACE('',#4549,1.5E0,5.E-1);
#4551=ORIENTED_EDGE('',*,*,#4444,.T.);
#4553=ORIENTED_EDGE('',*,*,#4552,.T.);
#4555=ORIENTED_EDGE('',*,*,#4554,.F.);
#4556=ORIENTED_EDGE('',*,*,#4537,.F.);
#4557=EDGE_LOOP('',(#4551,#4553,#4555,#4556));
#4558=FACE_OUTER_BOUND('',#4557,.F.);
#4559=ADVANCED_FACE('',(#4558),#4550,.T.);
#4560=CARTESIAN_POINT('',(5.040413633758E0,5.775E0,-5.E-1));
#4561=DIRECTION('',(-1.E0,0.E0,0.E0));
#4562=DIRECTION('',(0.E0,0.E0,1.E0));
#4563=AXIS2_PLACEMENT_3D('',#4560,#4561,#4562);
#4564=CYLINDRICAL_SURFACE('',#4563,5.E-1);
#4565=ORIENTED_EDGE('',*,*,#4442,.T.);
#4567=ORIENTED_EDGE('',*,*,#4566,.T.);
#4569=ORIENTED_EDGE('',*,*,#4568,.F.);
#4570=ORIENTED_EDGE('',*,*,#4552,.F.);
#4571=EDGE_LOOP('',(#4565,#4567,#4569,#4570));
#4572=FACE_OUTER_BOUND('',#4571,.F.);
#4573=ADVANCED_FACE('',(#4572),#4564,.T.);
#4574=CARTESIAN_POINT('',(-5.E0,4.275E0,-5.E-1));
#4575=DIRECTION('',(0.E0,0.E0,1.E0));
#4576=DIRECTION('',(2.020544178098E-2,9.997958492224E-1,0.E0));
#4577=AXIS2_PLACEMENT_3D('',#4574,#4575,#4576);
#4578=TOROIDAL_SURFACE('',#4577,1.5E0,5.E-1);
#4579=ORIENTED_EDGE('',*,*,#4440,.T.);
#4581=ORIENTED_EDGE('',*,*,#4580,.T.);
#4583=ORIENTED_EDGE('',*,*,#4582,.F.);
#4584=ORIENTED_EDGE('',*,*,#4566,.F.);
#4585=EDGE_LOOP('',(#4579,#4581,#4583,#4584));
#4586=FACE_OUTER_BOUND('',#4585,.F.);
#4587=ADVANCED_FACE('',(#4586),#4578,.T.);
#4588=CARTESIAN_POINT('',(-6.5E0,4.315413633758E0,-5.E-1));
#4589=DIRECTION('',(0.E0,-1.E0,0.E0));
#4590=DIRECTION('',(0.E0,0.E0,1.E0));
#4591=AXIS2_PLACEMENT_3D('',#4588,#4589,#4590);
#4592=CYLINDRICAL_SURFACE('',#4591,5.E-1);
#4594=ORIENTED_EDGE('',*,*,#4593,.F.);
#4595=ORIENTED_EDGE('',*,*,#4580,.F.);
#4596=ORIENTED_EDGE('',*,*,#4438,.T.);
#4598=ORIENTED_EDGE('',*,*,#4597,.T.);
#4599=EDGE_LOOP('',(#4594,#4595,#4596,#4598));
#4600=FACE_OUTER_BOUND('',#4599,.F.);
#4601=ADVANCED_FACE('',(#4600),#4592,.T.);
#4602=CARTESIAN_POINT('',(-7.E0,4.275E0,0.E0));
#4603=DIRECTION('',(-1.E0,0.E0,0.E0));
#4604=DIRECTION('',(0.E0,-1.E0,0.E0));
#4605=AXIS2_PLACEMENT_3D('',#4602,#4603,#4604);
#4606=PLANE('',#4605);
#4608=ORIENTED_EDGE('',*,*,#4607,.T.);
#4610=ORIENTED_EDGE('',*,*,#4609,.F.);
#4612=ORIENTED_EDGE('',*,*,#4611,.F.);
#4614=ORIENTED_EDGE('',*,*,#4613,.T.);
#4616=ORIENTED_EDGE('',*,*,#4615,.F.);
#4618=ORIENTED_EDGE('',*,*,#4617,.F.);
#4620=ORIENTED_EDGE('',*,*,#4619,.T.);
#4622=ORIENTED_EDGE('',*,*,#4621,.T.);
#4623=ORIENTED_EDGE('',*,*,#4593,.T.);
#4625=ORIENTED_EDGE('',*,*,#4624,.T.);
#4627=ORIENTED_EDGE('',*,*,#4626,.F.);
#4629=ORIENTED_EDGE('',*,*,#4628,.F.);
#4630=EDGE_LOOP('',(#4608,#4610,#4612,#4614,#4616,#4618,#4620,#4622,#4623,#4625,
#4627,#4629));
#4631=FACE_OUTER_BOUND('',#4630,.F.);
#4632=ADVANCED_FACE('',(#4631),#4606,.T.);
#4633=CARTESIAN_POINT('',(-6.7E0,-5.782409815459E0,-1.06E1));
#4634=DIRECTION('',(0.E0,1.E0,0.E0));
#4635=DIRECTION('',(0.E0,0.E0,-1.E0));
#4636=AXIS2_PLACEMENT_3D('',#4633,#4634,#4635);
#4637=CYLINDRICAL_SURFACE('',#4636,3.E-1);
#4638=ORIENTED_EDGE('',*,*,#4607,.F.);
#4640=ORIENTED_EDGE('',*,*,#4639,.F.);
#4642=ORIENTED_EDGE('',*,*,#4641,.T.);
#4644=ORIENTED_EDGE('',*,*,#4643,.T.);
#4645=EDGE_LOOP('',(#4638,#4640,#4642,#4644));
#4646=FACE_OUTER_BOUND('',#4645,.F.);
#4647=ADVANCED_FACE('',(#4646),#4637,.T.);
#4648=CARTESIAN_POINT('',(-5.E0,-3.925E0,-1.06E1));
#4649=DIRECTION('',(0.E0,0.E0,1.E0));
#4650=DIRECTION('',(7.077664394356E-1,7.064465069690E-1,0.E0));
#4651=AXIS2_PLACEMENT_3D('',#4648,#4649,#4650);
#4652=TOROIDAL_SURFACE('',#4651,1.7E0,3.E-1);
#4654=ORIENTED_EDGE('',*,*,#4653,.T.);
#4655=ORIENTED_EDGE('',*,*,#4639,.T.);
#4657=ORIENTED_EDGE('',*,*,#4656,.F.);
#4659=ORIENTED_EDGE('',*,*,#4658,.T.);
#4660=EDGE_LOOP('',(#4654,#4655,#4657,#4659));
#4661=FACE_OUTER_BOUND('',#4660,.F.);
#4662=ADVANCED_FACE('',(#4661),#4652,.T.);
#4663=CARTESIAN_POINT('',(-5.E0,-6.025E0,-1.09E1));
#4664=DIRECTION('',(0.E0,0.E0,-1.E0));
#4665=DIRECTION('',(-1.E0,0.E0,0.E0));
#4666=AXIS2_PLACEMENT_3D('',#4663,#4664,#4665);
#4667=PLANE('',#4666);
#4668=ORIENTED_EDGE('',*,*,#4641,.F.);
#4669=ORIENTED_EDGE('',*,*,#4653,.F.);
#4671=ORIENTED_EDGE('',*,*,#4670,.F.);
#4673=ORIENTED_EDGE('',*,*,#4672,.F.);
#4674=EDGE_LOOP('',(#4668,#4669,#4671,#4673));
#4675=FACE_OUTER_BOUND('',#4674,.F.);
#4676=ADVANCED_FACE('',(#4675),#4667,.T.);
#4677=CARTESIAN_POINT('',(-5.3E0,2.277E1,-1.06E1));
#4678=DIRECTION('',(0.E0,-1.E0,0.E0));
#4679=DIRECTION('',(0.E0,0.E0,-1.E0));
#4680=AXIS2_PLACEMENT_3D('',#4677,#4678,#4679);
#4681=CYLINDRICAL_SURFACE('',#4680,3.E-1);
#4683=ORIENTED_EDGE('',*,*,#4682,.T.);
#4685=ORIENTED_EDGE('',*,*,#4684,.F.);
#4687=ORIENTED_EDGE('',*,*,#4686,.T.);
#4688=ORIENTED_EDGE('',*,*,#4670,.T.);
#4689=EDGE_LOOP('',(#4683,#4685,#4687,#4688));
#4690=FACE_OUTER_BOUND('',#4689,.F.);
#4691=ADVANCED_FACE('',(#4690),#4681,.T.);
#4692=CARTESIAN_POINT('',(-5.3E0,-5.598320053068E0,-1.06E1));
#4693=DIRECTION('',(-1.247835496212E-1,-6.960093862470E-1,7.071067811865E-1));
#4694=DIRECTION('',(-1.247835496212E-1,-6.960093862470E-1,-7.071067811865E-1));
#4695=AXIS2_PLACEMENT_3D('',#4692,#4693,#4694);
#4696=SPHERICAL_SURFACE('',#4695,3.E-1);
#4697=ORIENTED_EDGE('',*,*,#4682,.F.);
#4698=ORIENTED_EDGE('',*,*,#4658,.F.);
#4700=ORIENTED_EDGE('',*,*,#4699,.F.);
#4701=EDGE_LOOP('',(#4697,#4698,#4700));
#4702=FACE_OUTER_BOUND('',#4701,.F.);
#4703=ADVANCED_FACE('',(#4702),#4696,.T.);
#4704=CARTESIAN_POINT('',(-5.3E0,-5.598320053068E0,-7.663602617823E0));
#4705=DIRECTION('',(0.E0,0.E0,-1.E0));
#4706=DIRECTION('',(1.E0,0.E0,0.E0));
#4707=AXIS2_PLACEMENT_3D('',#4704,#4705,#4706);
#4708=CYLINDRICAL_SURFACE('',#4707,3.E-1);
#4710=ORIENTED_EDGE('',*,*,#4709,.T.);
#4711=ORIENTED_EDGE('',*,*,#4699,.T.);
#4713=ORIENTED_EDGE('',*,*,#4712,.F.);
#4715=ORIENTED_EDGE('',*,*,#4714,.F.);
#4716=EDGE_LOOP('',(#4710,#4711,#4713,#4715));
#4717=FACE_OUTER_BOUND('',#4716,.F.);
#4718=ADVANCED_FACE('',(#4717),#4708,.T.);
#4719=CARTESIAN_POINT('',(-5.E0,-6.025E0,-5.6E0));
#4720=DIRECTION('',(1.E0,0.E0,0.E0));
#4721=DIRECTION('',(0.E0,0.E0,-1.E0));
#4722=AXIS2_PLACEMENT_3D('',#4719,#4720,#4721);
#4723=PLANE('',#4722);
#4725=ORIENTED_EDGE('',*,*,#4724,.F.);
#4727=ORIENTED_EDGE('',*,*,#4726,.T.);
#4728=ORIENTED_EDGE('',*,*,#4684,.T.);
#4729=ORIENTED_EDGE('',*,*,#4709,.F.);
#4730=EDGE_LOOP('',(#4725,#4727,#4728,#4729));
#4731=FACE_OUTER_BOUND('',#4730,.F.);
#4732=ADVANCED_FACE('',(#4731),#4723,.T.);
#4733=CARTESIAN_POINT('',(-5.3E0,2.277E1,2.063300478849E1));
#4734=DIRECTION('',(0.E0,-7.071067811865E-1,-7.071067811865E-1));
#4735=DIRECTION('',(1.E0,0.E0,0.E0));
#4736=AXIS2_PLACEMENT_3D('',#4733,#4734,#4735);
#4737=CYLINDRICAL_SURFACE('',#4736,3.E-1);
#4738=ORIENTED_EDGE('',*,*,#4724,.T.);
#4740=ORIENTED_EDGE('',*,*,#4739,.T.);
#4742=ORIENTED_EDGE('',*,*,#4741,.F.);
#4744=ORIENTED_EDGE('',*,*,#4743,.T.);
#4745=EDGE_LOOP('',(#4738,#4740,#4742,#4744));
#4746=FACE_OUTER_BOUND('',#4745,.F.);
#4747=ADVANCED_FACE('',(#4746),#4737,.T.);
#4748=CARTESIAN_POINT('',(-5.3E0,-5.598320732782E0,-7.735314893601E0));
#4749=DIRECTION('',(-3.692219918649E-6,3.826836480513E-1,9.238794431637E-1));
#4750=DIRECTION('',(-1.904531348838E-1,-9.069692897451E-1,3.756784674056E-1));
#4751=AXIS2_PLACEMENT_3D('',#4748,#4749,#4750);
#4752=SPHERICAL_SURFACE('',#4751,3.E-1);
#4754=ORIENTED_EDGE('',*,*,#4753,.F.);
#4755=ORIENTED_EDGE('',*,*,#4739,.F.);
#4756=ORIENTED_EDGE('',*,*,#4714,.T.);
#4757=EDGE_LOOP('',(#4754,#4755,#4756));
#4758=FACE_OUTER_BOUND('',#4757,.F.);
#4759=ADVANCED_FACE('',(#4758),#4752,.T.);
#4760=CARTESIAN_POINT('',(-6.997731809648E0,-3.885090948911E0,
-8.406483318799E0));
#4761=CARTESIAN_POINT('',(-6.997780261782E0,-3.893668652248E0,
-8.402376802459E0));
#4762=CARTESIAN_POINT('',(-6.997607312198E0,-4.032423496913E0,
-8.335949903261E0));
#4763=CARTESIAN_POINT('',(-6.967226210058E0,-4.299132559956E0,
-8.208318516423E0));
#4764=CARTESIAN_POINT('',(-6.841827026567E0,-4.670948285179E0,
-8.030577448344E0));
#4765=CARTESIAN_POINT('',(-6.641749540830E0,-5.008828300026E0,
-7.869210212630E0));
#4766=CARTESIAN_POINT('',(-6.378400588026E0,-5.298230079020E0,
-7.731116451771E0));
#4767=CARTESIAN_POINT('',(-6.064798795344E0,-5.529298154873E0,
-7.620939824485E0));
#4768=CARTESIAN_POINT('',(-5.715382845756E0,-5.695122557392E0,
-7.541919465736E0));
#4769=CARTESIAN_POINT('',(-5.459659891669E0,-5.762158502224E0,
-7.509986562030E0));
#4770=CARTESIAN_POINT('',(-5.327819516848E0,-5.783354374169E0,
-7.499891231837E0));
#4771=CARTESIAN_POINT('',(-5.321692824299E0,-5.784311155651E0,
-7.499435541846E0));
#4772=CARTESIAN_POINT('',(-7.010374826319E0,-3.925496688697E0,
-8.504442301527E0));
#4773=CARTESIAN_POINT('',(-7.010605896018E0,-3.934112049975E0,
-8.500295584690E0));
#4774=CARTESIAN_POINT('',(-7.013381552413E0,-4.073508180683E0,
-8.433200055078E0));
#4775=CARTESIAN_POINT('',(-6.988476706322E0,-4.342437281387E0,
-8.303662017302E0));
#4776=CARTESIAN_POINT('',(-6.869314667542E0,-4.719877926203E0,
-8.121511830861E0));
#4777=CARTESIAN_POINT('',(-6.672648345263E0,-5.065183762113E0,
-7.954595573942E0));
#4778=CARTESIAN_POINT('',(-6.409179843271E0,-5.362851744880E0,
-7.810489602956E0));
#4779=CARTESIAN_POINT('',(-6.091723606714E0,-5.601920817803E0,
-7.694606296235E0));
#4780=CARTESIAN_POINT('',(-5.735064275970E0,-5.774337076772E0,
-7.610948268716E0));
#4781=CARTESIAN_POINT('',(-5.472626718607E0,-5.844285341920E0,
-7.576988252549E0));
#4782=CARTESIAN_POINT('',(-5.337136768993E0,-5.866411297891E0,
-7.566243462222E0));
#4783=CARTESIAN_POINT('',(-5.330840115338E0,-5.867410093520E0,
-7.565758403642E0));
#4784=CARTESIAN_POINT('',(-6.969672065353E0,-3.963715330281E0,
-8.595387418977E0));
#4785=CARTESIAN_POINT('',(-6.970070661460E0,-3.972199171006E0,
-8.591369849213E0));
#4786=CARTESIAN_POINT('',(-6.975576308126E0,-4.109497564316E0,
-8.526346530969E0));
#4787=CARTESIAN_POINT('',(-6.956529994368E0,-4.375309493891E0,
-8.400218211488E0));
#4788=CARTESIAN_POINT('',(-6.846421567080E0,-4.750749096910E0,
-8.221204019845E0));
#4789=CARTESIAN_POINT('',(-6.658155125907E0,-5.096381198781E0,
-8.055713493574E0));
#4790=CARTESIAN_POINT('',(-6.401482242158E0,-5.396094777811E0,
-7.911666034126E0));
#4791=CARTESIAN_POINT('',(-6.088687228187E0,-5.638095426639E0,
-7.794992901830E0));
#4792=CARTESIAN_POINT('',(-5.734495856500E0,-5.813403209851E0,
-7.710267588373E0));
#4793=CARTESIAN_POINT('',(-5.472557992655E0,-5.884749764131E0,
-7.675735626463E0));
#4794=CARTESIAN_POINT('',(-5.337152079419E0,-5.907326409920E0,
-7.664802109313E0));
#4795=CARTESIAN_POINT('',(-5.330858995065E0,-5.908345577633E0,
-7.664308483303E0));
#4796=CARTESIAN_POINT('',(-6.885987626966E0,-3.990015302095E0,
-8.656161413780E0));
#4797=CARTESIAN_POINT('',(-6.886496001253E0,-3.998231932707E0,
-8.652409454079E0));
#4798=CARTESIAN_POINT('',(-6.893817887996E0,-4.131227709795E0,
-8.591671544039E0));
#4799=CARTESIAN_POINT('',(-6.879520631075E0,-4.389378981379E0,
-8.473401099184E0));
#4800=CARTESIAN_POINT('',(-6.778976970712E0,-4.755701104331E0,
-8.304269500519E0));
#4801=CARTESIAN_POINT('',(-6.601960275606E0,-5.094476840308E0,
-8.146816424491E0));
#4802=CARTESIAN_POINT('',(-6.357267816572E0,-5.389494540122E0,
-8.008883299512E0));
#4803=CARTESIAN_POINT('',(-6.056462809560E0,-5.628610879670E0,
-7.896538307942E0));
#4804=CARTESIAN_POINT('',(-5.713822323384E0,-5.802373589211E0,
-7.814587853246E0));
#4805=CARTESIAN_POINT('',(-5.459471213427E0,-5.873248356585E0,
-7.781084746242E0));
#4806=CARTESIAN_POINT('',(-5.327861549651E0,-5.895681539318E0,
-7.770471290885E0));
#4807=CARTESIAN_POINT('',(-5.321744656156E0,-5.896694249732E0,
-7.769992080118E0));
#4808=(BOUNDED_SURFACE()B_SPLINE_SURFACE(3,3,((#4760,#4761,#4762,#4763,#4764,
#4765,#4766,#4767,#4768,#4769,#4770,#4771),(#4772,#4773,#4774,#4775,#4776,#4777,
#4778,#4779,#4780,#4781,#4782,#4783),(#4784,#4785,#4786,#4787,#4788,#4789,#4790,
#4791,#4792,#4793,#4794,#4795),(#4796,#4797,#4798,#4799,#4800,#4801,#4802,#4803,
#4804,#4805,#4806,#4807)),.UNSPECIFIED.,.F.,.F.,.F.)B_SPLINE_SURFACE_WITH_KNOTS(
(4,4),(4,1,1,1,1,1,1,1,1,4),(0.E0,1.E0),(-8.697563337017E-3,0.E0,
1.320688741183E-1,2.643263238945E-1,3.944070284606E-1,5.213367372660E-1,
6.447445981295E-1,7.655678369116E-1,8.831707301967E-1,8.888968366959E-1),
.UNSPECIFIED.)GEOMETRIC_REPRESENTATION_ITEM()RATIONAL_B_SPLINE_SURFACE(((
1.067984965561E0,1.067984965561E0,1.067984965561E0,1.067984965561E0,
1.067984965561E0,1.067984965561E0,1.067984965561E0,1.067984965561E0,
1.067984965561E0,1.067984965561E0,1.067984965561E0,1.067984965561E0),(
9.773383448130E-1,9.773383448130E-1,9.773383448130E-1,9.773383448130E-1,
9.773383448130E-1,9.773383448130E-1,9.773383448130E-1,9.773383448130E-1,
9.773383448130E-1,9.773383448130E-1,9.773383448130E-1,9.773383448130E-1),(
9.773383448130E-1,9.773383448130E-1,9.773383448130E-1,9.773383448130E-1,
9.773383448130E-1,9.773383448130E-1,9.773383448130E-1,9.773383448130E-1,
9.773383448130E-1,9.773383448130E-1,9.773383448130E-1,9.773383448130E-1),(
1.067984965561E0,1.067984965561E0,1.067984965561E0,1.067984965561E0,
1.067984965561E0,1.067984965561E0,1.067984965561E0,1.067984965561E0,
1.067984965561E0,1.067984965561E0,1.067984965561E0,1.067984965561E0)))REPRESENTATION_ITEM('')SURFACE());
#4809=ORIENTED_EDGE('',*,*,#4753,.T.);
#4811=ORIENTED_EDGE('',*,*,#4810,.F.);
#4813=ORIENTED_EDGE('',*,*,#4812,.F.);
#4814=EDGE_LOOP('',(#4809,#4811,#4813));
#4815=FACE_OUTER_BOUND('',#4814,.F.);
#4816=ADVANCED_FACE('',(#4815),#4808,.T.);
#4817=CARTESIAN_POINT('',(-5.E0,-3.925E0,-4.238624E1));
#4818=DIRECTION('',(0.E0,0.E0,1.E0));
#4819=DIRECTION('',(-1.E0,0.E0,0.E0));
#4820=AXIS2_PLACEMENT_3D('',#4817,#4818,#4819);
#4821=CYLINDRICAL_SURFACE('',#4820,2.E0);
#4822=ORIENTED_EDGE('',*,*,#4656,.T.);
#4823=ORIENTED_EDGE('',*,*,#4628,.T.);
#4824=ORIENTED_EDGE('',*,*,#4810,.T.);
#4825=ORIENTED_EDGE('',*,*,#4712,.T.);
#4826=EDGE_LOOP('',(#4822,#4823,#4824,#4825));
#4827=FACE_OUTER_BOUND('',#4826,.F.);
#4828=ADVANCED_FACE('',(#4827),#4821,.T.);
#4829=CARTESIAN_POINT('',(-5.E0,-2.232E1,-2.682342712475E1));
#4830=DIRECTION('',(0.E0,7.071067811865E-1,7.071067811865E-1));
#4831=DIRECTION('',(-1.E0,0.E0,0.E0));
#4832=AXIS2_PLACEMENT_3D('',#4829,#4830,#4831);
#4833=CYLINDRICAL_SURFACE('',#4832,2.E0);
#4834=ORIENTED_EDGE('',*,*,#4741,.T.);
#4835=ORIENTED_EDGE('',*,*,#4812,.T.);
#4836=ORIENTED_EDGE('',*,*,#4626,.T.);
#4838=ORIENTED_EDGE('',*,*,#4837,.F.);
#4839=EDGE_LOOP('',(#4834,#4835,#4836,#4838));
#4840=FACE_OUTER_BOUND('',#4839,.F.);
#4841=ADVANCED_FACE('',(#4840),#4833,.T.);
#4842=CARTESIAN_POINT('',(-5.E0,-1.925E0,2.398624E1));
#4843=DIRECTION('',(0.E0,0.E0,-1.E0));
#4844=DIRECTION('',(0.E0,-1.E0,0.E0));
#4845=AXIS2_PLACEMENT_3D('',#4842,#4843,#4844);
#4846=CYLINDRICAL_SURFACE('',#4845,2.E0);
#4848=ORIENTED_EDGE('',*,*,#4847,.T.);
#4849=ORIENTED_EDGE('',*,*,#4743,.F.);
#4850=ORIENTED_EDGE('',*,*,#4837,.T.);
#4851=ORIENTED_EDGE('',*,*,#4624,.F.);
#4853=ORIENTED_EDGE('',*,*,#4852,.T.);
#4854=EDGE_LOOP('',(#4848,#4849,#4850,#4851,#4853));
#4855=FACE_OUTER_BOUND('',#4854,.F.);
#4856=ADVANCED_FACE('',(#4855),#4846,.T.);
#4857=CARTESIAN_POINT('',(-7.E0,-3.925E0,0.E0));
#4858=DIRECTION('',(0.E0,-1.E0,0.E0));
#4859=DIRECTION('',(1.E0,0.E0,0.E0));
#4860=AXIS2_PLACEMENT_3D('',#4857,#4858,#4859);
#4861=PLANE('',#4860);
#4863=ORIENTED_EDGE('',*,*,#4862,.F.);
#4865=ORIENTED_EDGE('',*,*,#4864,.F.);
#4867=ORIENTED_EDGE('',*,*,#4866,.F.);
#4869=ORIENTED_EDGE('',*,*,#4868,.F.);
#4871=ORIENTED_EDGE('',*,*,#4870,.F.);
#4873=ORIENTED_EDGE('',*,*,#4872,.F.);
#4875=ORIENTED_EDGE('',*,*,#4874,.F.);
#4877=ORIENTED_EDGE('',*,*,#4876,.T.);
#4879=ORIENTED_EDGE('',*,*,#4878,.T.);
#4881=ORIENTED_EDGE('',*,*,#4880,.F.);
#4883=ORIENTED_EDGE('',*,*,#4882,.F.);
#4885=ORIENTED_EDGE('',*,*,#4884,.F.);
#4887=ORIENTED_EDGE('',*,*,#4886,.F.);
#4888=ORIENTED_EDGE('',*,*,#4726,.F.);
#4889=ORIENTED_EDGE('',*,*,#4847,.F.);
#4891=ORIENTED_EDGE('',*,*,#4890,.T.);
#4892=EDGE_LOOP('',(#4863,#4865,#4867,#4869,#4871,#4873,#4875,#4877,#4879,#4881,
#4883,#4885,#4887,#4888,#4889,#4891));
#4893=FACE_OUTER_BOUND('',#4892,.F.);
#4894=ADVANCED_FACE('',(#4893),#4861,.T.);
#4895=CARTESIAN_POINT('',(5.E0,-1.925E0,2.398624E1));
#4896=DIRECTION('',(0.E0,0.E0,-1.E0));
#4897=DIRECTION('',(1.E0,0.E0,0.E0));
#4898=AXIS2_PLACEMENT_3D('',#4895,#4896,#4897);
#4899=CYLINDRICAL_SURFACE('',#4898,2.E0);
#4901=ORIENTED_EDGE('',*,*,#4900,.T.);
#4903=ORIENTED_EDGE('',*,*,#4902,.F.);
#4904=ORIENTED_EDGE('',*,*,#4862,.T.);
#4906=ORIENTED_EDGE('',*,*,#4905,.T.);
#4908=ORIENTED_EDGE('',*,*,#4907,.T.);
#4909=EDGE_LOOP('',(#4901,#4903,#4904,#4906,#4908));
#4910=FACE_OUTER_BOUND('',#4909,.F.);
#4911=ADVANCED_FACE('',(#4910),#4899,.T.);
#4912=CARTESIAN_POINT('',(5.E0,2.277E1,1.826657287525E1));
#4913=DIRECTION('',(0.E0,-7.071067811865E-1,-7.071067811865E-1));
#4914=DIRECTION('',(1.E0,0.E0,0.E0));
#4915=AXIS2_PLACEMENT_3D('',#4912,#4913,#4914);
#4916=CYLINDRICAL_SURFACE('',#4915,2.E0);
#4918=ORIENTED_EDGE('',*,*,#4917,.T.);
#4919=ORIENTED_EDGE('',*,*,#4900,.F.);
#4921=ORIENTED_EDGE('',*,*,#4920,.T.);
#4923=ORIENTED_EDGE('',*,*,#4922,.T.);
#4924=EDGE_LOOP('',(#4918,#4919,#4921,#4923));
#4925=FACE_OUTER_BOUND('',#4924,.F.);
#4926=ADVANCED_FACE('',(#4925),#4916,.T.);
#4927=CARTESIAN_POINT('',(5.3E0,-5.649028551883E0,-7.786023763390E0));
#4928=DIRECTION('',(0.E0,7.071067811865E-1,7.071067811865E-1));
#4929=DIRECTION('',(-1.E0,0.E0,0.E0));
#4930=AXIS2_PLACEMENT_3D('',#4927,#4928,#4929);
#4931=CYLINDRICAL_SURFACE('',#4930,3.E-1);
#4932=ORIENTED_EDGE('',*,*,#4917,.F.);
#4934=ORIENTED_EDGE('',*,*,#4933,.F.);
#4936=ORIENTED_EDGE('',*,*,#4935,.T.);
#4937=ORIENTED_EDGE('',*,*,#4902,.T.);
#4938=EDGE_LOOP('',(#4932,#4934,#4936,#4937));
#4939=FACE_OUTER_BOUND('',#4938,.F.);
#4940=ADVANCED_FACE('',(#4939),#4931,.T.);
#4941=CARTESIAN_POINT('',(5.3E0,-5.598320855134E0,-7.735315142910E0));
#4942=DIRECTION('',(-3.535882922056E-6,-3.826844251648E-1,-9.238791212728E-1));
#4943=DIRECTION('',(1.904530176578E-1,-9.069689833626E-1,3.756792665069E-1));
#4944=AXIS2_PLACEMENT_3D('',#4941,#4942,#4943);
#4945=SPHERICAL_SURFACE('',#4944,3.E-1);
#4947=ORIENTED_EDGE('',*,*,#4946,.F.);
#4949=ORIENTED_EDGE('',*,*,#4948,.F.);
#4950=ORIENTED_EDGE('',*,*,#4933,.T.);
#4951=EDGE_LOOP('',(#4947,#4949,#4950));
#4952=FACE_OUTER_BOUND('',#4951,.F.);
#4953=ADVANCED_FACE('',(#4952),#4945,.T.);
#4954=CARTESIAN_POINT('',(5.321682004109E0,-5.784312979874E0,
-7.499434845728E0));
#4955=CARTESIAN_POINT('',(5.327812315128E0,-5.783355667664E0,
-7.499890788455E0));
#4956=CARTESIAN_POINT('',(5.459656414297E0,-5.762159578347E0,
-7.509986221581E0));
#4957=CARTESIAN_POINT('',(5.715382861027E0,-5.695122680907E0,
-7.541919581283E0));
#4958=CARTESIAN_POINT('',(6.064798845969E0,-5.529298268807E0,
-7.620939946502E0));
#4959=CARTESIAN_POINT('',(6.378400628517E0,-5.298230208503E0,
-7.731116569861E0));
#4960=CARTESIAN_POINT('',(6.641749624483E0,-5.008828295703E0,
-7.869210396791E0));
#4961=CARTESIAN_POINT('',(6.841826944360E0,-4.670948736279E0,
-8.030577422764E0));
#4962=CARTESIAN_POINT('',(6.967226726589E0,-4.299131220440E0,
-8.208319331724E0));
#4963=CARTESIAN_POINT('',(6.997607269610E0,-4.032417807681E0,
-8.335952849873E0));
#4964=CARTESIAN_POINT('',(6.997780449487E0,-3.893650265837E0,
-8.402385791295E0));
#4965=CARTESIAN_POINT('',(6.997731906159E0,-3.885063286039E0,
-8.406496746034E0));
#4966=CARTESIAN_POINT('',(5.330828983586E0,-5.867411940551E0,
-7.565757692698E0));
#4967=CARTESIAN_POINT('',(5.337129356313E0,-5.866412590909E0,
-7.566243020426E0));
#4968=CARTESIAN_POINT('',(5.472623133788E0,-5.844286408817E0,
-7.576987922347E0));
#4969=CARTESIAN_POINT('',(5.735064266482E0,-5.774337150902E0,
-7.610948418457E0));
#4970=CARTESIAN_POINT('',(6.091723621379E0,-5.601920887592E0,
-7.694606449296E0));
#4971=CARTESIAN_POINT('',(6.409179838062E0,-5.362851835971E0,
-7.810489744969E0));
#4972=CARTESIAN_POINT('',(6.672648372756E0,-5.065183727686E0,
-7.954595778481E0));
#4973=CARTESIAN_POINT('',(6.869314532151E0,-4.719878352916E0,
-8.121511803051E0));
#4974=CARTESIAN_POINT('',(6.988477132661E0,-4.342435937309E0,
-8.303662875544E0));
#4975=CARTESIAN_POINT('',(7.013381322758E0,-4.073502391382E0,
-8.433202962604E0));
#4976=CARTESIAN_POINT('',(7.010605629031E0,-3.934093579384E0,
-8.500304663704E0));
#4977=CARTESIAN_POINT('',(7.010374270524E0,-3.925468908195E0,
-8.504455866471E0));
#4978=CARTESIAN_POINT('',(5.330847860217E0,-5.908347405022E0,
-7.664307760884E0));
#4979=CARTESIAN_POINT('',(5.337144661761E0,-5.907327672017E0,
-7.664801660910E0));
#4980=CARTESIAN_POINT('',(5.472554401354E0,-5.884750796275E0,
-7.675735293477E0));
#4981=CARTESIAN_POINT('',(5.734495826390E0,-5.813403230666E0,
-7.710267738982E0));
#4982=CARTESIAN_POINT('',(6.088687212756E0,-5.638095448454E0,
-7.794993052878E0));
#4983=CARTESIAN_POINT('',(6.401482200298E0,-5.396094826105E0,
-7.911666168261E0));
#4984=CARTESIAN_POINT('',(6.658155108445E0,-5.096381131620E0,
-8.055713685182E0));
#4985=CARTESIAN_POINT('',(6.846421396479E0,-4.750749486608E0,
-8.221203968101E0));
#4986=CARTESIAN_POINT('',(6.956530338116E0,-4.375308164517E0,
-8.400219055064E0));
#4987=CARTESIAN_POINT('',(6.975575922454E0,-4.109491784196E0,
-8.526349263705E0));
#4988=CARTESIAN_POINT('',(6.970069985677E0,-3.972180969816E0,
-8.591378628711E0));
#4989=CARTESIAN_POINT('',(6.969670920534E0,-3.963687968104E0,
-8.595400548625E0));
#4990=CARTESIAN_POINT('',(5.321733827465E0,-5.896696023123E0,
-7.769991359942E0));
#4991=CARTESIAN_POINT('',(5.327854334265E0,-5.895682751013E0,
-7.770470836808E0));
#4992=CARTESIAN_POINT('',(5.459467718256E0,-5.873249340352E0,
-7.781084405607E0));
#4993=CARTESIAN_POINT('',(5.713822281995E0,-5.802373569311E0,
-7.814587978678E0));
#4994=CARTESIAN_POINT('',(6.056462777329E0,-5.628610864628E0,
-7.896538432012E0));
#4995=CARTESIAN_POINT('',(6.357267755862E0,-5.389494554620E0,
-8.008883403621E0));
#4996=CARTESIAN_POINT('',(6.601960234748E0,-5.094476748479E0,
-8.146816580788E0));
#4997=CARTESIAN_POINT('',(6.778976790109E0,-4.755701456144E0,
-8.304269416763E0));
#4998=CARTESIAN_POINT('',(6.879520918451E0,-4.389377684715E0,
-8.473401881516E0));
#4999=CARTESIAN_POINT('',(6.893817414232E0,-4.131222048488E0,
-8.591674017824E0));
#5000=CARTESIAN_POINT('',(6.886495063600E0,-3.998214288779E0,
-8.652417627514E0));
#5001=CARTESIAN_POINT('',(6.885986103312E0,-3.989988790567E0,
-8.656173652836E0));
#5002=(BOUNDED_SURFACE()B_SPLINE_SURFACE(3,3,((#4954,#4955,#4956,#4957,#4958,
#4959,#4960,#4961,#4962,#4963,#4964,#4965),(#4966,#4967,#4968,#4969,#4970,#4971,
#4972,#4973,#4974,#4975,#4976,#4977),(#4978,#4979,#4980,#4981,#4982,#4983,#4984,
#4985,#4986,#4987,#4988,#4989),(#4990,#4991,#4992,#4993,#4994,#4995,#4996,#4997,
#4998,#4999,#5000,#5001)),.UNSPECIFIED.,.F.,.F.,.F.)B_SPLINE_SURFACE_WITH_KNOTS(
(4,4),(4,1,1,1,1,1,1,1,1,4),(0.E0,1.E0),(1.110997894226E-1,1.168292698065E-1,
2.344321630995E-1,3.552554018856E-1,4.786632627530E-1,6.055929715613E-1,
7.356736761373E-1,8.679311259023E-1,1.E0,1.008706708922E0),.UNSPECIFIED.)GEOMETRIC_REPRESENTATION_ITEM()RATIONAL_B_SPLINE_SURFACE(((1.067984944023E0,
1.067984944023E0,1.067984944023E0,1.067984944023E0,1.067984944023E0,
1.067984944023E0,1.067984944023E0,1.067984944023E0,1.067984944023E0,
1.067984944023E0,1.067984944023E0,1.067984944023E0),(9.773383519924E-1,
9.773383519924E-1,9.773383519924E-1,9.773383519924E-1,9.773383519924E-1,
9.773383519924E-1,9.773383519924E-1,9.773383519924E-1,9.773383519924E-1,
9.773383519924E-1,9.773383519924E-1,9.773383519924E-1),(9.773383519924E-1,
9.773383519924E-1,9.773383519924E-1,9.773383519924E-1,9.773383519924E-1,
9.773383519924E-1,9.773383519924E-1,9.773383519924E-1,9.773383519924E-1,
9.773383519924E-1,9.773383519924E-1,9.773383519924E-1),(1.067984944023E0,
1.067984944023E0,1.067984944023E0,1.067984944023E0,1.067984944023E0,
1.067984944023E0,1.067984944023E0,1.067984944023E0,1.067984944023E0,
1.067984944023E0,1.067984944023E0,1.067984944023E0)))REPRESENTATION_ITEM('')SURFACE());
#5003=ORIENTED_EDGE('',*,*,#4946,.T.);
#5004=ORIENTED_EDGE('',*,*,#4922,.F.);
#5006=ORIENTED_EDGE('',*,*,#5005,.F.);
#5007=EDGE_LOOP('',(#5003,#5004,#5006));
#5008=FACE_OUTER_BOUND('',#5007,.F.);
#5009=ADVANCED_FACE('',(#5008),#5002,.T.);
#5010=CARTESIAN_POINT('',(5.E0,-3.925E0,2.398624E1));
#5011=DIRECTION('',(0.E0,0.E0,-1.E0));
#5012=DIRECTION('',(1.E0,0.E0,0.E0));
#5013=AXIS2_PLACEMENT_3D('',#5010,#5011,#5012);
#5014=CYLINDRICAL_SURFACE('',#5013,2.E0);
#5016=ORIENTED_EDGE('',*,*,#5015,.F.);
#5018=ORIENTED_EDGE('',*,*,#5017,.T.);
#5019=ORIENTED_EDGE('',*,*,#5005,.T.);
#5021=ORIENTED_EDGE('',*,*,#5020,.T.);
#5022=EDGE_LOOP('',(#5016,#5018,#5019,#5021));
#5023=FACE_OUTER_BOUND('',#5022,.F.);
#5024=ADVANCED_FACE('',(#5023),#5014,.T.);
#5025=CARTESIAN_POINT('',(5.E0,-3.925E0,-1.06E1));
#5026=DIRECTION('',(0.E0,0.E0,-1.E0));
#5027=DIRECTION('',(-7.078755045444E-1,7.063372212095E-1,0.E0));
#5028=AXIS2_PLACEMENT_3D('',#5025,#5026,#5027);
#5029=TOROIDAL_SURFACE('',#5028,1.7E0,3.E-1);
#5030=ORIENTED_EDGE('',*,*,#5015,.T.);
#5032=ORIENTED_EDGE('',*,*,#5031,.T.);
#5034=ORIENTED_EDGE('',*,*,#5033,.F.);
#5036=ORIENTED_EDGE('',*,*,#5035,.T.);
#5037=EDGE_LOOP('',(#5030,#5032,#5034,#5036));
#5038=FACE_OUTER_BOUND('',#5037,.F.);
#5039=ADVANCED_FACE('',(#5038),#5029,.T.);
#5040=CARTESIAN_POINT('',(6.7E0,-5.767362722696E0,-1.06E1));
#5041=DIRECTION('',(0.E0,1.E0,0.E0));
#5042=DIRECTION('',(1.E0,0.E0,0.E0));
#5043=AXIS2_PLACEMENT_3D('',#5040,#5041,#5042);
#5044=CYLINDRICAL_SURFACE('',#5043,3.E-1);
#5046=ORIENTED_EDGE('',*,*,#5045,.F.);
#5047=ORIENTED_EDGE('',*,*,#5031,.F.);
#5049=ORIENTED_EDGE('',*,*,#5048,.T.);
#5051=ORIENTED_EDGE('',*,*,#5050,.T.);
#5052=EDGE_LOOP('',(#5046,#5047,#5049,#5051));
#5053=FACE_OUTER_BOUND('',#5052,.F.);
#5054=ADVANCED_FACE('',(#5053),#5044,.T.);
#5055=CARTESIAN_POINT('',(7.E0,-6.025E0,-1.09E1));
#5056=DIRECTION('',(0.E0,0.E0,-1.E0));
#5057=DIRECTION('',(-1.E0,0.E0,0.E0));
#5058=AXIS2_PLACEMENT_3D('',#5055,#5056,#5057);
#5059=PLANE('',#5058);
#5060=ORIENTED_EDGE('',*,*,#5045,.T.);
#5062=ORIENTED_EDGE('',*,*,#5061,.F.);
#5064=ORIENTED_EDGE('',*,*,#5063,.T.);
#5065=ORIENTED_EDGE('',*,*,#5033,.T.);
#5066=EDGE_LOOP('',(#5060,#5062,#5064,#5065));
#5067=FACE_OUTER_BOUND('',#5066,.F.);
#5068=ADVANCED_FACE('',(#5067),#5059,.T.);
#5069=CARTESIAN_POINT('',(5.E0,-1.925E0,2.398624E1));
#5070=DIRECTION('',(0.E0,0.E0,-1.E0));
#5071=DIRECTION('',(1.E0,0.E0,0.E0));
#5072=AXIS2_PLACEMENT_3D('',#5069,#5070,#5071);
#5073=CYLINDRICAL_SURFACE('',#5072,2.E0);
#5074=ORIENTED_EDGE('',*,*,#5061,.T.);
#5075=ORIENTED_EDGE('',*,*,#5050,.F.);
#5077=ORIENTED_EDGE('',*,*,#5076,.T.);
#5079=ORIENTED_EDGE('',*,*,#5078,.T.);
#5080=ORIENTED_EDGE('',*,*,#4866,.T.);
#5082=ORIENTED_EDGE('',*,*,#5081,.F.);
#5083=EDGE_LOOP('',(#5074,#5075,#5077,#5079,#5080,#5082));
#5084=FACE_OUTER_BOUND('',#5083,.F.);
#5085=ADVANCED_FACE('',(#5084),#5073,.T.);
#5086=CARTESIAN_POINT('',(7.E0,-3.925E0,0.E0));
#5087=DIRECTION('',(1.E0,0.E0,0.E0));
#5088=DIRECTION('',(0.E0,1.E0,0.E0));
#5089=AXIS2_PLACEMENT_3D('',#5086,#5087,#5088);
#5090=PLANE('',#5089);
#5091=ORIENTED_EDGE('',*,*,#5048,.F.);
#5092=ORIENTED_EDGE('',*,*,#5020,.F.);
#5093=ORIENTED_EDGE('',*,*,#4920,.F.);
#5094=ORIENTED_EDGE('',*,*,#4907,.F.);
#5095=ORIENTED_EDGE('',*,*,#4539,.T.);
#5097=ORIENTED_EDGE('',*,*,#5096,.F.);
#5099=ORIENTED_EDGE('',*,*,#5098,.T.);
#5101=ORIENTED_EDGE('',*,*,#5100,.F.);
#5103=ORIENTED_EDGE('',*,*,#5102,.T.);
#5105=ORIENTED_EDGE('',*,*,#5104,.T.);
#5107=ORIENTED_EDGE('',*,*,#5106,.F.);
#5108=ORIENTED_EDGE('',*,*,#5076,.F.);
#5109=EDGE_LOOP('',(#5091,#5092,#5093,#5094,#5095,#5097,#5099,#5101,#5103,#5105,
#5107,#5108));
#5110=FACE_OUTER_BOUND('',#5109,.F.);
#5111=ADVANCED_FACE('',(#5110),#5090,.T.);
#5112=CARTESIAN_POINT('',(5.E0,4.275E0,0.E0));
#5113=DIRECTION('',(0.E0,0.E0,1.E0));
#5114=DIRECTION('',(1.E0,0.E0,0.E0));
#5115=AXIS2_PLACEMENT_3D('',#5112,#5113,#5114);
#5116=CYLINDRICAL_SURFACE('',#5115,2.E0);
#5117=ORIENTED_EDGE('',*,*,#4554,.T.);
#5119=ORIENTED_EDGE('',*,*,#5118,.F.);
#5121=ORIENTED_EDGE('',*,*,#5120,.T.);
#5122=ORIENTED_EDGE('',*,*,#5096,.T.);
#5123=EDGE_LOOP('',(#5117,#5119,#5121,#5122));
#5124=FACE_OUTER_BOUND('',#5123,.F.);
#5125=ADVANCED_FACE('',(#5124),#5116,.T.);
#5126=CARTESIAN_POINT('',(5.E0,6.275E0,0.E0));
#5127=DIRECTION('',(0.E0,1.E0,0.E0));
#5128=DIRECTION('',(-1.E0,0.E0,0.E0));
#5129=AXIS2_PLACEMENT_3D('',#5126,#5127,#5128);
#5130=PLANE('',#5129);
#5131=ORIENTED_EDGE('',*,*,#4568,.T.);
#5133=ORIENTED_EDGE('',*,*,#5132,.F.);
#5135=ORIENTED_EDGE('',*,*,#5134,.T.);
#5136=ORIENTED_EDGE('',*,*,#5118,.T.);
#5137=EDGE_LOOP('',(#5131,#5133,#5135,#5136));
#5138=FACE_OUTER_BOUND('',#5137,.F.);
#5140=ORIENTED_EDGE('',*,*,#5139,.T.);
#5142=ORIENTED_EDGE('',*,*,#5141,.T.);
#5144=ORIENTED_EDGE('',*,*,#5143,.T.);
#5146=ORIENTED_EDGE('',*,*,#5145,.T.);
#5147=EDGE_LOOP('',(#5140,#5142,#5144,#5146));
#5148=FACE_BOUND('',#5147,.F.);
#5150=ORIENTED_EDGE('',*,*,#5149,.T.);
#5152=ORIENTED_EDGE('',*,*,#5151,.T.);
#5154=ORIENTED_EDGE('',*,*,#5153,.T.);
#5156=ORIENTED_EDGE('',*,*,#5155,.T.);
#5157=EDGE_LOOP('',(#5150,#5152,#5154,#5156));
#5158=FACE_BOUND('',#5157,.F.);
#5160=ORIENTED_EDGE('',*,*,#5159,.T.);
#5162=ORIENTED_EDGE('',*,*,#5161,.T.);
#5164=ORIENTED_EDGE('',*,*,#5163,.T.);
#5166=ORIENTED_EDGE('',*,*,#5165,.T.);
#5167=EDGE_LOOP('',(#5160,#5162,#5164,#5166));
#5168=FACE_BOUND('',#5167,.F.);
#5169=ADVANCED_FACE('',(#5138,#5148,#5158,#5168),#5130,.T.);
#5170=CARTESIAN_POINT('',(-2.5E0,6.475E0,-1.E0));
#5171=DIRECTION('',(1.E0,0.E0,0.E0));
#5172=DIRECTION('',(0.E0,0.E0,-1.E0));
#5173=AXIS2_PLACEMENT_3D('',#5170,#5171,#5172);
#5174=PLANE('',#5173);
#5175=ORIENTED_EDGE('',*,*,#5139,.F.);
#5177=ORIENTED_EDGE('',*,*,#5176,.F.);
#5179=ORIENTED_EDGE('',*,*,#5178,.T.);
#5181=ORIENTED_EDGE('',*,*,#5180,.T.);
#5182=EDGE_LOOP('',(#5175,#5177,#5179,#5181));
#5183=FACE_OUTER_BOUND('',#5182,.F.);
#5184=ADVANCED_FACE('',(#5183),#5174,.T.);
#5185=CARTESIAN_POINT('',(-4.5E0,6.475E0,-1.E0));
#5186=DIRECTION('',(0.E0,0.E0,1.E0));
#5187=DIRECTION('',(1.E0,0.E0,0.E0));
#5188=AXIS2_PLACEMENT_3D('',#5185,#5186,#5187);
#5189=PLANE('',#5188);
#5190=ORIENTED_EDGE('',*,*,#5145,.F.);
#5192=ORIENTED_EDGE('',*,*,#5191,.F.);
#5194=ORIENTED_EDGE('',*,*,#5193,.T.);
#5195=ORIENTED_EDGE('',*,*,#5176,.T.);
#5196=EDGE_LOOP('',(#5190,#5192,#5194,#5195));
#5197=FACE_OUTER_BOUND('',#5196,.F.);
#5198=ADVANCED_FACE('',(#5197),#5189,.T.);
#5199=CARTESIAN_POINT('',(-4.5E0,6.475E0,-3.E0));
#5200=DIRECTION('',(-1.E0,0.E0,0.E0));
#5201=DIRECTION('',(0.E0,0.E0,1.E0));
#5202=AXIS2_PLACEMENT_3D('',#5199,#5200,#5201);
#5203=PLANE('',#5202);
#5204=ORIENTED_EDGE('',*,*,#5143,.F.);
#5206=ORIENTED_EDGE('',*,*,#5205,.F.);
#5208=ORIENTED_EDGE('',*,*,#5207,.T.);
#5209=ORIENTED_EDGE('',*,*,#5191,.T.);
#5210=EDGE_LOOP('',(#5204,#5206,#5208,#5209));
#5211=FACE_OUTER_BOUND('',#5210,.F.);
#5212=ADVANCED_FACE('',(#5211),#5203,.T.);
#5213=CARTESIAN_POINT('',(-2.5E0,6.475E0,-3.E0));
#5214=DIRECTION('',(0.E0,0.E0,-1.E0));
#5215=DIRECTION('',(-1.E0,0.E0,0.E0));
#5216=AXIS2_PLACEMENT_3D('',#5213,#5214,#5215);
#5217=PLANE('',#5216);
#5218=ORIENTED_EDGE('',*,*,#5141,.F.);
#5219=ORIENTED_EDGE('',*,*,#5180,.F.);
#5221=ORIENTED_EDGE('',*,*,#5220,.T.);
#5222=ORIENTED_EDGE('',*,*,#5205,.T.);
#5223=EDGE_LOOP('',(#5218,#5219,#5221,#5222));
#5224=FACE_OUTER_BOUND('',#5223,.F.);
#5225=ADVANCED_FACE('',(#5224),#5217,.T.);
#5226=CARTESIAN_POINT('',(0.E0,6.475E0,0.E0));
#5227=DIRECTION('',(0.E0,1.E0,0.E0));
#5228=DIRECTION('',(1.E0,0.E0,0.E0));
#5229=AXIS2_PLACEMENT_3D('',#5226,#5227,#5228);
#5230=PLANE('',#5229);
#5231=ORIENTED_EDGE('',*,*,#5178,.F.);
#5232=ORIENTED_EDGE('',*,*,#5193,.F.);
#5233=ORIENTED_EDGE('',*,*,#5207,.F.);
#5234=ORIENTED_EDGE('',*,*,#5220,.F.);
#5235=EDGE_LOOP('',(#5231,#5232,#5233,#5234));
#5236=FACE_OUTER_BOUND('',#5235,.F.);
#5237=ADVANCED_FACE('',(#5236),#5230,.T.);
#5238=CARTESIAN_POINT('',(0.E0,6.475E0,0.E0));
#5239=DIRECTION('',(0.E0,1.E0,0.E0));
#5240=DIRECTION('',(1.E0,0.E0,0.E0));
#5241=AXIS2_PLACEMENT_3D('',#5238,#5239,#5240);
#5242=PLANE('',#5241);
#5244=ORIENTED_EDGE('',*,*,#5243,.F.);
#5246=ORIENTED_EDGE('',*,*,#5245,.F.);
#5248=ORIENTED_EDGE('',*,*,#5247,.F.);
#5250=ORIENTED_EDGE('',*,*,#5249,.F.);
#5251=EDGE_LOOP('',(#5244,#5246,#5248,#5250));
#5252=FACE_OUTER_BOUND('',#5251,.F.);
#5253=ADVANCED_FACE('',(#5252),#5242,.T.);
#5254=CARTESIAN_POINT('',(0.E0,6.475E0,0.E0));
#5255=DIRECTION('',(0.E0,1.E0,0.E0));
#5256=DIRECTION('',(1.E0,0.E0,0.E0));
#5257=AXIS2_PLACEMENT_3D('',#5254,#5255,#5256);
#5258=PLANE('',#5257);
#5260=ORIENTED_EDGE('',*,*,#5259,.F.);
#5262=ORIENTED_EDGE('',*,*,#5261,.F.);
#5264=ORIENTED_EDGE('',*,*,#5263,.F.);
#5266=ORIENTED_EDGE('',*,*,#5265,.F.);
#5267=EDGE_LOOP('',(#5260,#5262,#5264,#5266));
#5268=FACE_OUTER_BOUND('',#5267,.F.);
#5269=ADVANCED_FACE('',(#5268),#5258,.T.);
#5270=CARTESIAN_POINT('',(1.E0,6.475E0,-1.4E1));
#5271=DIRECTION('',(1.E0,0.E0,0.E0));
#5272=DIRECTION('',(0.E0,0.E0,-1.E0));
#5273=AXIS2_PLACEMENT_3D('',#5270,#5271,#5272);
#5274=PLANE('',#5273);
#5275=ORIENTED_EDGE('',*,*,#5149,.F.);
#5277=ORIENTED_EDGE('',*,*,#5276,.F.);
#5278=ORIENTED_EDGE('',*,*,#5243,.T.);
#5280=ORIENTED_EDGE('',*,*,#5279,.T.);
#5281=EDGE_LOOP('',(#5275,#5277,#5278,#5280));
#5282=FACE_OUTER_BOUND('',#5281,.F.);
#5283=ADVANCED_FACE('',(#5282),#5274,.T.);
#5284=CARTESIAN_POINT('',(-1.E0,6.475E0,-1.4E1));
#5285=DIRECTION('',(0.E0,0.E0,1.E0));
#5286=DIRECTION('',(1.E0,0.E0,0.E0));
#5287=AXIS2_PLACEMENT_3D('',#5284,#5285,#5286);
#5288=PLANE('',#5287);
#5289=ORIENTED_EDGE('',*,*,#5155,.F.);
#5291=ORIENTED_EDGE('',*,*,#5290,.F.);
#5292=ORIENTED_EDGE('',*,*,#5245,.T.);
#5293=ORIENTED_EDGE('',*,*,#5276,.T.);
#5294=EDGE_LOOP('',(#5289,#5291,#5292,#5293));
#5295=FACE_OUTER_BOUND('',#5294,.F.);
#5296=ADVANCED_FACE('',(#5295),#5288,.T.);
#5297=CARTESIAN_POINT('',(-1.E0,6.475E0,-1.6E1));
#5298=DIRECTION('',(-1.E0,0.E0,0.E0));
#5299=DIRECTION('',(0.E0,0.E0,1.E0));
#5300=AXIS2_PLACEMENT_3D('',#5297,#5298,#5299);
#5301=PLANE('',#5300);
#5302=ORIENTED_EDGE('',*,*,#5153,.F.);
#5304=ORIENTED_EDGE('',*,*,#5303,.F.);
#5305=ORIENTED_EDGE('',*,*,#5247,.T.);
#5306=ORIENTED_EDGE('',*,*,#5290,.T.);
#5307=EDGE_LOOP('',(#5302,#5304,#5305,#5306));
#5308=FACE_OUTER_BOUND('',#5307,.F.);
#5309=ADVANCED_FACE('',(#5308),#5301,.T.);
#5310=CARTESIAN_POINT('',(1.E0,6.475E0,-1.6E1));
#5311=DIRECTION('',(0.E0,0.E0,-1.E0));
#5312=DIRECTION('',(-1.E0,0.E0,0.E0));
#5313=AXIS2_PLACEMENT_3D('',#5310,#5311,#5312);
#5314=PLANE('',#5313);
#5315=ORIENTED_EDGE('',*,*,#5151,.F.);
#5316=ORIENTED_EDGE('',*,*,#5279,.F.);
#5317=ORIENTED_EDGE('',*,*,#5249,.T.);
#5318=ORIENTED_EDGE('',*,*,#5303,.T.);
#5319=EDGE_LOOP('',(#5315,#5316,#5317,#5318));
#5320=FACE_OUTER_BOUND('',#5319,.F.);
#5321=ADVANCED_FACE('',(#5320),#5314,.T.);
#5322=CARTESIAN_POINT('',(2.5E0,6.475E0,-3.E0));
#5323=DIRECTION('',(-1.E0,0.E0,0.E0));
#5324=DIRECTION('',(0.E0,0.E0,1.E0));
#5325=AXIS2_PLACEMENT_3D('',#5322,#5323,#5324);
#5326=PLANE('',#5325);
#5327=ORIENTED_EDGE('',*,*,#5161,.F.);
#5329=ORIENTED_EDGE('',*,*,#5328,.F.);
#5330=ORIENTED_EDGE('',*,*,#5259,.T.);
#5332=ORIENTED_EDGE('',*,*,#5331,.T.);
#5333=EDGE_LOOP('',(#5327,#5329,#5330,#5332));
#5334=FACE_OUTER_BOUND('',#5333,.F.);
#5335=ADVANCED_FACE('',(#5334),#5326,.T.);
#5336=CARTESIAN_POINT('',(4.5E0,6.475E0,-3.E0));
#5337=DIRECTION('',(0.E0,0.E0,-1.E0));
#5338=DIRECTION('',(-1.E0,0.E0,0.E0));
#5339=AXIS2_PLACEMENT_3D('',#5336,#5337,#5338);
#5340=PLANE('',#5339);
#5341=ORIENTED_EDGE('',*,*,#5159,.F.);
#5343=ORIENTED_EDGE('',*,*,#5342,.F.);
#5344=ORIENTED_EDGE('',*,*,#5261,.T.);
#5345=ORIENTED_EDGE('',*,*,#5328,.T.);
#5346=EDGE_LOOP('',(#5341,#5343,#5344,#5345));
#5347=FACE_OUTER_BOUND('',#5346,.F.);
#5348=ADVANCED_FACE('',(#5347),#5340,.T.);
#5349=CARTESIAN_POINT('',(4.5E0,6.475E0,-1.E0));
#5350=DIRECTION('',(1.E0,0.E0,0.E0));
#5351=DIRECTION('',(0.E0,0.E0,-1.E0));
#5352=AXIS2_PLACEMENT_3D('',#5349,#5350,#5351);
#5353=PLANE('',#5352);
#5354=ORIENTED_EDGE('',*,*,#5165,.F.);
#5356=ORIENTED_EDGE('',*,*,#5355,.F.);
#5357=ORIENTED_EDGE('',*,*,#5263,.T.);
#5358=ORIENTED_EDGE('',*,*,#5342,.T.);
#5359=EDGE_LOOP('',(#5354,#5356,#5357,#5358));
#5360=FACE_OUTER_BOUND('',#5359,.F.);
#5361=ADVANCED_FACE('',(#5360),#5353,.T.);
#5362=CARTESIAN_POINT('',(2.5E0,6.475E0,-1.E0));
#5363=DIRECTION('',(0.E0,0.E0,1.E0));
#5364=DIRECTION('',(1.E0,0.E0,0.E0));
#5365=AXIS2_PLACEMENT_3D('',#5362,#5363,#5364);
#5366=PLANE('',#5365);
#5367=ORIENTED_EDGE('',*,*,#5163,.F.);
#5368=ORIENTED_EDGE('',*,*,#5331,.F.);
#5369=ORIENTED_EDGE('',*,*,#5265,.T.);
#5370=ORIENTED_EDGE('',*,*,#5355,.T.);
#5371=EDGE_LOOP('',(#5367,#5368,#5369,#5370));
#5372=FACE_OUTER_BOUND('',#5371,.F.);
#5373=ADVANCED_FACE('',(#5372),#5366,.T.);
#5374=CARTESIAN_POINT('',(-5.E0,4.275E0,0.E0));
#5375=DIRECTION('',(0.E0,0.E0,1.E0));
#5376=DIRECTION('',(1.E0,0.E0,0.E0));
#5377=AXIS2_PLACEMENT_3D('',#5374,#5375,#5376);
#5378=CYLINDRICAL_SURFACE('',#5377,2.E0);
#5379=ORIENTED_EDGE('',*,*,#4582,.T.);
#5380=ORIENTED_EDGE('',*,*,#4621,.F.);
#5382=ORIENTED_EDGE('',*,*,#5381,.T.);
#5383=ORIENTED_EDGE('',*,*,#5132,.T.);
#5384=EDGE_LOOP('',(#5379,#5380,#5382,#5383));
#5385=FACE_OUTER_BOUND('',#5384,.F.);
#5386=ADVANCED_FACE('',(#5385),#5378,.T.);
#5387=CARTESIAN_POINT('',(-5.E0,4.275E0,-1.65E1));
#5388=DIRECTION('',(0.E0,0.E0,1.E0));
#5389=DIRECTION('',(-9.995880424241E-1,-2.870096588644E-2,0.E0));
#5390=AXIS2_PLACEMENT_3D('',#5387,#5388,#5389);
#5391=TOROIDAL_SURFACE('',#5390,1.5E0,5.E-1);
#5393=ORIENTED_EDGE('',*,*,#5392,.T.);
#5395=ORIENTED_EDGE('',*,*,#5394,.T.);
#5396=ORIENTED_EDGE('',*,*,#5381,.F.);
#5398=ORIENTED_EDGE('',*,*,#5397,.F.);
#5399=EDGE_LOOP('',(#5393,#5395,#5396,#5398));
#5400=FACE_OUTER_BOUND('',#5399,.F.);
#5401=ADVANCED_FACE('',(#5400),#5391,.T.);
#5402=CARTESIAN_POINT('',(0.E0,0.E0,-1.7E1));
#5403=DIRECTION('',(0.E0,0.E0,1.E0));
#5404=DIRECTION('',(1.E0,0.E0,0.E0));
#5405=AXIS2_PLACEMENT_3D('',#5402,#5403,#5404);
#5406=PLANE('',#5405);
#5408=ORIENTED_EDGE('',*,*,#5407,.F.);
#5410=ORIENTED_EDGE('',*,*,#5409,.F.);
#5412=ORIENTED_EDGE('',*,*,#5411,.F.);
#5413=ORIENTED_EDGE('',*,*,#5392,.F.);
#5415=ORIENTED_EDGE('',*,*,#5414,.F.);
#5417=ORIENTED_EDGE('',*,*,#5416,.F.);
#5419=ORIENTED_EDGE('',*,*,#5418,.T.);
#5421=ORIENTED_EDGE('',*,*,#5420,.T.);
#5423=ORIENTED_EDGE('',*,*,#5422,.F.);
#5425=ORIENTED_EDGE('',*,*,#5424,.F.);
#5427=ORIENTED_EDGE('',*,*,#5426,.T.);
#5429=ORIENTED_EDGE('',*,*,#5428,.T.);
#5431=ORIENTED_EDGE('',*,*,#5430,.F.);
#5433=ORIENTED_EDGE('',*,*,#5432,.F.);
#5435=ORIENTED_EDGE('',*,*,#5434,.F.);
#5436=ORIENTED_EDGE('',*,*,#4876,.F.);
#5438=ORIENTED_EDGE('',*,*,#5437,.T.);
#5440=ORIENTED_EDGE('',*,*,#5439,.F.);
#5442=ORIENTED_EDGE('',*,*,#5441,.T.);
#5444=ORIENTED_EDGE('',*,*,#5443,.T.);
#5446=ORIENTED_EDGE('',*,*,#5445,.F.);
#5448=ORIENTED_EDGE('',*,*,#5447,.F.);
#5450=ORIENTED_EDGE('',*,*,#5449,.T.);
#5452=ORIENTED_EDGE('',*,*,#5451,.T.);
#5454=ORIENTED_EDGE('',*,*,#5453,.F.);
#5456=ORIENTED_EDGE('',*,*,#5455,.F.);
#5457=EDGE_LOOP('',(#5408,#5410,#5412,#5413,#5415,#5417,#5419,#5421,#5423,#5425,
#5427,#5429,#5431,#5433,#5435,#5436,#5438,#5440,#5442,#5444,#5446,#5448,#5450,
#5452,#5454,#5456));
#5458=FACE_OUTER_BOUND('',#5457,.F.);
#5460=ORIENTED_EDGE('',*,*,#5459,.F.);
#5462=ORIENTED_EDGE('',*,*,#5461,.T.);
#5464=ORIENTED_EDGE('',*,*,#5463,.T.);
#5466=ORIENTED_EDGE('',*,*,#5465,.T.);
#5467=EDGE_LOOP('',(#5460,#5462,#5464,#5466));
#5468=FACE_BOUND('',#5467,.F.);
#5470=ORIENTED_EDGE('',*,*,#5469,.F.);
#5472=ORIENTED_EDGE('',*,*,#5471,.T.);
#5474=ORIENTED_EDGE('',*,*,#5473,.T.);
#5476=ORIENTED_EDGE('',*,*,#5475,.T.);
#5477=EDGE_LOOP('',(#5470,#5472,#5474,#5476));
#5478=FACE_BOUND('',#5477,.F.);
#5480=ORIENTED_EDGE('',*,*,#5479,.F.);
#5482=ORIENTED_EDGE('',*,*,#5481,.T.);
#5484=ORIENTED_EDGE('',*,*,#5483,.T.);
#5486=ORIENTED_EDGE('',*,*,#5485,.T.);
#5487=EDGE_LOOP('',(#5480,#5482,#5484,#5486));
#5488=FACE_BOUND('',#5487,.F.);
#5490=ORIENTED_EDGE('',*,*,#5489,.F.);
#5492=ORIENTED_EDGE('',*,*,#5491,.T.);
#5494=ORIENTED_EDGE('',*,*,#5493,.T.);
#5496=ORIENTED_EDGE('',*,*,#5495,.T.);
#5497=EDGE_LOOP('',(#5490,#5492,#5494,#5496));
#5498=FACE_BOUND('',#5497,.F.);
#5500=ORIENTED_EDGE('',*,*,#5499,.T.);
#5502=ORIENTED_EDGE('',*,*,#5501,.T.);
#5504=ORIENTED_EDGE('',*,*,#5503,.T.);
#5506=ORIENTED_EDGE('',*,*,#5505,.T.);
#5508=ORIENTED_EDGE('',*,*,#5507,.T.);
#5510=ORIENTED_EDGE('',*,*,#5509,.T.);
#5512=ORIENTED_EDGE('',*,*,#5511,.T.);
#5514=ORIENTED_EDGE('',*,*,#5513,.T.);
#5516=ORIENTED_EDGE('',*,*,#5515,.T.);
#5518=ORIENTED_EDGE('',*,*,#5517,.T.);
#5520=ORIENTED_EDGE('',*,*,#5519,.T.);
#5522=ORIENTED_EDGE('',*,*,#5521,.T.);
#5524=ORIENTED_EDGE('',*,*,#5523,.T.);
#5526=ORIENTED_EDGE('',*,*,#5525,.T.);
#5528=ORIENTED_EDGE('',*,*,#5527,.T.);
#5530=ORIENTED_EDGE('',*,*,#5529,.T.);
#5532=ORIENTED_EDGE('',*,*,#5531,.T.);
#5534=ORIENTED_EDGE('',*,*,#5533,.T.);
#5536=ORIENTED_EDGE('',*,*,#5535,.T.);
#5538=ORIENTED_EDGE('',*,*,#5537,.T.);
#5540=ORIENTED_EDGE('',*,*,#5539,.T.);
#5542=ORIENTED_EDGE('',*,*,#5541,.T.);
#5544=ORIENTED_EDGE('',*,*,#5543,.T.);
#5546=ORIENTED_EDGE('',*,*,#5545,.T.);
#5547=EDGE_LOOP('',(#5500,#5502,#5504,#5506,#5508,#5510,#5512,#5514,#5516,#5518,
#5520,#5522,#5524,#5526,#5528,#5530,#5532,#5534,#5536,#5538,#5540,#5542,#5544,
#5546));
#5548=FACE_BOUND('',#5547,.F.);
#5549=ADVANCED_FACE('',(#5458,#5468,#5478,#5488,#5498,#5548),#5406,.F.);
#5550=CARTESIAN_POINT('',(6.5E0,4.332409815459E0,-1.65E1));
#5551=DIRECTION('',(0.E0,-1.E0,0.E0));
#5552=DIRECTION('',(0.E0,0.E0,-1.E0));
#5553=AXIS2_PLACEMENT_3D('',#5550,#5551,#5552);
#5554=CYLINDRICAL_SURFACE('',#5553,5.E-1);
#5555=ORIENTED_EDGE('',*,*,#5098,.F.);
#5557=ORIENTED_EDGE('',*,*,#5556,.F.);
#5558=ORIENTED_EDGE('',*,*,#5407,.T.);
#5560=ORIENTED_EDGE('',*,*,#5559,.T.);
#5561=EDGE_LOOP('',(#5555,#5557,#5558,#5560));
#5562=FACE_OUTER_BOUND('',#5561,.F.);
#5563=ADVANCED_FACE('',(#5562),#5554,.T.);
#5564=CARTESIAN_POINT('',(5.E0,4.275E0,-1.65E1));
#5565=DIRECTION('',(0.E0,0.E0,1.E0));
#5566=DIRECTION('',(-2.870096588644E-2,9.995880424241E-1,0.E0));
#5567=AXIS2_PLACEMENT_3D('',#5564,#5565,#5566);
#5568=TOROIDAL_SURFACE('',#5567,1.5E0,5.E-1);
#5569=ORIENTED_EDGE('',*,*,#5409,.T.);
#5570=ORIENTED_EDGE('',*,*,#5556,.T.);
#5571=ORIENTED_EDGE('',*,*,#5120,.F.);
#5573=ORIENTED_EDGE('',*,*,#5572,.F.);
#5574=EDGE_LOOP('',(#5569,#5570,#5571,#5573));
#5575=FACE_OUTER_BOUND('',#5574,.F.);
#5576=ADVANCED_FACE('',(#5575),#5568,.T.);
#5577=CARTESIAN_POINT('',(-5.057409815459E0,5.775E0,-1.65E1));
#5578=DIRECTION('',(1.E0,0.E0,0.E0));
#5579=DIRECTION('',(0.E0,0.E0,-1.E0));
#5580=AXIS2_PLACEMENT_3D('',#5577,#5578,#5579);
#5581=CYLINDRICAL_SURFACE('',#5580,5.E-1);
#5582=ORIENTED_EDGE('',*,*,#5411,.T.);
#5583=ORIENTED_EDGE('',*,*,#5572,.T.);
#5584=ORIENTED_EDGE('',*,*,#5134,.F.);
#5585=ORIENTED_EDGE('',*,*,#5394,.F.);
#5586=EDGE_LOOP('',(#5582,#5583,#5584,#5585));
#5587=FACE_OUTER_BOUND('',#5586,.F.);
#5588=ADVANCED_FACE('',(#5587),#5581,.T.);
#5589=CARTESIAN_POINT('',(-9.999999999998E-1,-4.525E0,-1.84E1));
#5590=DIRECTION('',(0.E0,-1.E0,0.E0));
#5591=DIRECTION('',(-1.E0,0.E0,0.E0));
#5592=AXIS2_PLACEMENT_3D('',#5589,#5590,#5591);
#5593=PLANE('',#5592);
#5595=ORIENTED_EDGE('',*,*,#5594,.F.);
#5597=ORIENTED_EDGE('',*,*,#5596,.T.);
#5598=ORIENTED_EDGE('',*,*,#5432,.T.);
#5600=ORIENTED_EDGE('',*,*,#5599,.T.);
#5602=ORIENTED_EDGE('',*,*,#5601,.F.);
#5603=EDGE_LOOP('',(#5595,#5597,#5598,#5600,#5602));
#5604=FACE_OUTER_BOUND('',#5603,.F.);
#5605=ADVANCED_FACE('',(#5604),#5593,.F.);
#5606=CARTESIAN_POINT('',(-9.999999999998E-1,-4.525E0,-1.84E1));
#5607=DIRECTION('',(0.E0,-1.E0,0.E0));
#5608=DIRECTION('',(-1.E0,0.E0,0.E0));
#5609=AXIS2_PLACEMENT_3D('',#5606,#5607,#5608);
#5610=PLANE('',#5609);
#5611=ORIENTED_EDGE('',*,*,#5416,.T.);
#5613=ORIENTED_EDGE('',*,*,#5612,.F.);
#5614=ORIENTED_EDGE('',*,*,#4617,.T.);
#5616=ORIENTED_EDGE('',*,*,#5615,.F.);
#5618=ORIENTED_EDGE('',*,*,#5617,.F.);
#5620=ORIENTED_EDGE('',*,*,#5619,.T.);
#5621=EDGE_LOOP('',(#5611,#5613,#5614,#5616,#5618,#5620));
#5622=FACE_OUTER_BOUND('',#5621,.F.);
#5623=ADVANCED_FACE('',(#5622),#5610,.F.);
#5624=CARTESIAN_POINT('',(-9.999999999998E-1,-4.525E0,-1.84E1));
#5625=DIRECTION('',(0.E0,-1.E0,0.E0));
#5626=DIRECTION('',(-1.E0,0.E0,0.E0));
#5627=AXIS2_PLACEMENT_3D('',#5624,#5625,#5626);
#5628=PLANE('',#5627);
#5629=ORIENTED_EDGE('',*,*,#5100,.T.);
#5630=ORIENTED_EDGE('',*,*,#5559,.F.);
#5631=ORIENTED_EDGE('',*,*,#5455,.T.);
#5633=ORIENTED_EDGE('',*,*,#5632,.T.);
#5635=ORIENTED_EDGE('',*,*,#5634,.F.);
#5637=ORIENTED_EDGE('',*,*,#5636,.F.);
#5638=EDGE_LOOP('',(#5629,#5630,#5631,#5633,#5635,#5637));
#5639=FACE_OUTER_BOUND('',#5638,.F.);
#5640=ADVANCED_FACE('',(#5639),#5628,.F.);
#5641=CARTESIAN_POINT('',(-9.999999999998E-1,-4.525E0,-1.84E1));
#5642=DIRECTION('',(0.E0,-1.E0,0.E0));
#5643=DIRECTION('',(-1.E0,0.E0,0.E0));
#5644=AXIS2_PLACEMENT_3D('',#5641,#5642,#5643);
#5645=PLANE('',#5644);
#5647=ORIENTED_EDGE('',*,*,#5646,.F.);
#5649=ORIENTED_EDGE('',*,*,#5648,.F.);
#5651=ORIENTED_EDGE('',*,*,#5650,.T.);
#5652=ORIENTED_EDGE('',*,*,#5439,.T.);
#5654=ORIENTED_EDGE('',*,*,#5653,.F.);
#5655=EDGE_LOOP('',(#5647,#5649,#5651,#5652,#5654));
#5656=FACE_OUTER_BOUND('',#5655,.F.);
#5657=ADVANCED_FACE('',(#5656),#5645,.F.);
#5658=CARTESIAN_POINT('',(-1.3E0,2.277E1,-1.81E1));
#5659=DIRECTION('',(0.E0,-1.E0,0.E0));
#5660=DIRECTION('',(0.E0,0.E0,-1.E0));
#5661=AXIS2_PLACEMENT_3D('',#5658,#5659,#5660);
#5662=CYLINDRICAL_SURFACE('',#5661,3.E-1);
#5663=ORIENTED_EDGE('',*,*,#5594,.T.);
#5665=ORIENTED_EDGE('',*,*,#5664,.T.);
#5667=ORIENTED_EDGE('',*,*,#5666,.T.);
#5669=ORIENTED_EDGE('',*,*,#5668,.F.);
#5670=EDGE_LOOP('',(#5663,#5665,#5667,#5669));
#5671=FACE_OUTER_BOUND('',#5670,.F.);
#5672=ADVANCED_FACE('',(#5671),#5662,.T.);
#5673=CARTESIAN_POINT('',(-9.999999999998E-1,-6.025E0,-1.84E1));
#5674=DIRECTION('',(0.E0,0.E0,-1.E0));
#5675=DIRECTION('',(-1.E0,0.E0,0.E0));
#5676=AXIS2_PLACEMENT_3D('',#5673,#5674,#5675);
#5677=PLANE('',#5676);
#5678=ORIENTED_EDGE('',*,*,#5664,.F.);
#5679=ORIENTED_EDGE('',*,*,#5601,.T.);
#5681=ORIENTED_EDGE('',*,*,#5680,.F.);
#5683=ORIENTED_EDGE('',*,*,#5682,.T.);
#5685=ORIENTED_EDGE('',*,*,#5684,.T.);
#5686=ORIENTED_EDGE('',*,*,#5617,.T.);
#5688=ORIENTED_EDGE('',*,*,#5687,.T.);
#5690=ORIENTED_EDGE('',*,*,#5689,.T.);
#5691=EDGE_LOOP('',(#5678,#5679,#5681,#5683,#5685,#5686,#5688,#5690));
#5692=FACE_OUTER_BOUND('',#5691,.F.);
#5693=ADVANCED_FACE('',(#5692),#5677,.T.);
#5694=CARTESIAN_POINT('',(-1.527588376738E0,-4.525E0,-1.7E1));
#5695=DIRECTION('',(-6.427876096865E-1,0.E0,7.660444431190E-1));
#5696=DIRECTION('',(-7.660444431190E-1,0.E0,-6.427876096865E-1));
#5697=AXIS2_PLACEMENT_3D('',#5694,#5695,#5696);
#5698=PLANE('',#5697);
#5700=ORIENTED_EDGE('',*,*,#5699,.T.);
#5701=ORIENTED_EDGE('',*,*,#5680,.T.);
#5702=ORIENTED_EDGE('',*,*,#5599,.F.);
#5703=ORIENTED_EDGE('',*,*,#5430,.T.);
#5704=EDGE_LOOP('',(#5700,#5701,#5702,#5703));
#5705=FACE_OUTER_BOUND('',#5704,.F.);
#5706=ADVANCED_FACE('',(#5705),#5698,.F.);
#5707=CARTESIAN_POINT('',(0.E0,-3.025E0,0.E0));
#5708=DIRECTION('',(0.E0,1.E0,0.E0));
#5709=DIRECTION('',(-1.E0,0.E0,0.E0));
#5710=AXIS2_PLACEMENT_3D('',#5707,#5708,#5709);
#5711=PLANE('',#5710);
#5713=ORIENTED_EDGE('',*,*,#5712,.T.);
#5715=ORIENTED_EDGE('',*,*,#5714,.T.);
#5716=ORIENTED_EDGE('',*,*,#5420,.F.);
#5718=ORIENTED_EDGE('',*,*,#5717,.T.);
#5719=ORIENTED_EDGE('',*,*,#5682,.F.);
#5720=ORIENTED_EDGE('',*,*,#5699,.F.);
#5721=ORIENTED_EDGE('',*,*,#5428,.F.);
#5723=ORIENTED_EDGE('',*,*,#5722,.T.);
#5724=EDGE_LOOP('',(#5713,#5715,#5716,#5718,#5719,#5720,#5721,#5723));
#5725=FACE_OUTER_BOUND('',#5724,.F.);
#5726=ADVANCED_FACE('',(#5725),#5711,.T.);
#5727=CARTESIAN_POINT('',(0.E0,-3.025E0,0.E0));
#5728=DIRECTION('',(0.E0,1.E0,0.E0));
#5729=DIRECTION('',(-1.E0,0.E0,0.E0));
#5730=AXIS2_PLACEMENT_3D('',#5727,#5728,#5729);
#5731=PLANE('',#5730);
#5733=ORIENTED_EDGE('',*,*,#5732,.T.);
#5735=ORIENTED_EDGE('',*,*,#5734,.T.);
#5736=ORIENTED_EDGE('',*,*,#5443,.F.);
#5738=ORIENTED_EDGE('',*,*,#5737,.F.);
#5740=ORIENTED_EDGE('',*,*,#5739,.F.);
#5742=ORIENTED_EDGE('',*,*,#5741,.F.);
#5743=ORIENTED_EDGE('',*,*,#5451,.F.);
#5745=ORIENTED_EDGE('',*,*,#5744,.T.);
#5746=EDGE_LOOP('',(#5733,#5735,#5736,#5738,#5740,#5742,#5743,#5745));
#5747=FACE_OUTER_BOUND('',#5746,.F.);
#5748=ADVANCED_FACE('',(#5747),#5731,.T.);
#5749=CARTESIAN_POINT('',(-4.E0,-6.025E0,-1.555E1));
#5750=DIRECTION('',(0.E0,1.E0,0.E0));
#5751=DIRECTION('',(-1.E0,0.E0,0.E0));
#5752=AXIS2_PLACEMENT_3D('',#5749,#5750,#5751);
#5753=CYLINDRICAL_SURFACE('',#5752,1.315E0);
#5755=ORIENTED_EDGE('',*,*,#5754,.T.);
#5756=ORIENTED_EDGE('',*,*,#5712,.F.);
#5758=ORIENTED_EDGE('',*,*,#5757,.T.);
#5760=ORIENTED_EDGE('',*,*,#5759,.F.);
#5761=EDGE_LOOP('',(#5755,#5756,#5758,#5760));
#5762=FACE_OUTER_BOUND('',#5761,.F.);
#5763=ADVANCED_FACE('',(#5762),#5753,.F.);
#5764=CARTESIAN_POINT('',(-4.E0,-6.025E0,-1.555E1));
#5765=DIRECTION('',(0.E0,1.E0,0.E0));
#5766=DIRECTION('',(-1.E0,0.E0,0.E0));
#5767=AXIS2_PLACEMENT_3D('',#5764,#5765,#5766);
#5768=CYLINDRICAL_SURFACE('',#5767,1.315E0);
#5769=ORIENTED_EDGE('',*,*,#5757,.F.);
#5771=ORIENTED_EDGE('',*,*,#5770,.F.);
#5772=ORIENTED_EDGE('',*,*,#5754,.F.);
#5774=ORIENTED_EDGE('',*,*,#5773,.F.);
#5775=EDGE_LOOP('',(#5769,#5771,#5772,#5774));
#5776=FACE_OUTER_BOUND('',#5775,.F.);
#5777=ADVANCED_FACE('',(#5776),#5768,.F.);
#5778=CARTESIAN_POINT('',(-4.E0,-2.025E0,-1.555E1));
#5779=DIRECTION('',(0.E0,-1.E0,0.E0));
#5780=DIRECTION('',(1.E0,0.E0,0.E0));
#5781=AXIS2_PLACEMENT_3D('',#5778,#5779,#5780);
#5782=CONICAL_SURFACE('',#5781,1.138675E0,9.999889935756E0);
#5783=ORIENTED_EDGE('',*,*,#5770,.T.);
#5785=ORIENTED_EDGE('',*,*,#5784,.F.);
#5787=ORIENTED_EDGE('',*,*,#5786,.T.);
#5789=ORIENTED_EDGE('',*,*,#5788,.T.);
#5790=EDGE_LOOP('',(#5783,#5785,#5787,#5789));
#5791=FACE_OUTER_BOUND('',#5790,.F.);
#5792=ADVANCED_FACE('',(#5791),#5782,.F.);
#5793=CARTESIAN_POINT('',(-2.861325E0,-2.025E0,-1.6275E1));
#5794=DIRECTION('',(9.848080865857E-1,1.736462858672E-1,0.E0));
#5795=DIRECTION('',(0.E0,0.E0,1.E0));
#5796=AXIS2_PLACEMENT_3D('',#5793,#5794,#5795);
#5797=PLANE('',#5796);
#5798=ORIENTED_EDGE('',*,*,#5784,.T.);
#5799=ORIENTED_EDGE('',*,*,#5722,.F.);
#5800=ORIENTED_EDGE('',*,*,#5426,.F.);
#5802=ORIENTED_EDGE('',*,*,#5801,.T.);
#5803=EDGE_LOOP('',(#5798,#5799,#5800,#5802));
#5804=FACE_OUTER_BOUND('',#5803,.F.);
#5805=ADVANCED_FACE('',(#5804),#5797,.F.);
#5806=CARTESIAN_POINT('',(0.E0,-1.025E0,0.E0));
#5807=DIRECTION('',(0.E0,-1.E0,0.E0));
#5808=DIRECTION('',(-1.E0,0.E0,0.E0));
#5809=AXIS2_PLACEMENT_3D('',#5806,#5807,#5808);
#5810=PLANE('',#5809);
#5811=ORIENTED_EDGE('',*,*,#5424,.T.);
#5813=ORIENTED_EDGE('',*,*,#5812,.F.);
#5814=ORIENTED_EDGE('',*,*,#5786,.F.);
#5815=ORIENTED_EDGE('',*,*,#5801,.F.);
#5816=EDGE_LOOP('',(#5811,#5813,#5814,#5815));
#5817=FACE_OUTER_BOUND('',#5816,.F.);
#5818=ADVANCED_FACE('',(#5817),#5810,.T.);
#5819=CARTESIAN_POINT('',(-5.138675E0,-2.025E0,-1.6275E1));
#5820=DIRECTION('',(-9.848080865857E-1,1.736462858672E-1,0.E0));
#5821=DIRECTION('',(0.E0,0.E0,-1.E0));
#5822=AXIS2_PLACEMENT_3D('',#5819,#5820,#5821);
#5823=PLANE('',#5822);
#5824=ORIENTED_EDGE('',*,*,#5788,.F.);
#5825=ORIENTED_EDGE('',*,*,#5812,.T.);
#5826=ORIENTED_EDGE('',*,*,#5422,.T.);
#5827=ORIENTED_EDGE('',*,*,#5714,.F.);
#5828=EDGE_LOOP('',(#5824,#5825,#5826,#5827));
#5829=FACE_OUTER_BOUND('',#5828,.F.);
#5830=ADVANCED_FACE('',(#5829),#5823,.F.);
#5831=CARTESIAN_POINT('',(0.E0,-6.025E0,0.E0));
#5832=DIRECTION('',(0.E0,1.E0,0.E0));
#5833=DIRECTION('',(-1.E0,0.E0,0.E0));
#5834=AXIS2_PLACEMENT_3D('',#5831,#5832,#5833);
#5835=PLANE('',#5834);
#5837=ORIENTED_EDGE('',*,*,#5836,.F.);
#5839=ORIENTED_EDGE('',*,*,#5838,.F.);
#5841=ORIENTED_EDGE('',*,*,#5840,.F.);
#5843=ORIENTED_EDGE('',*,*,#5842,.F.);
#5845=ORIENTED_EDGE('',*,*,#5844,.F.);
#5847=ORIENTED_EDGE('',*,*,#5846,.F.);
#5848=EDGE_LOOP('',(#5837,#5839,#5841,#5843,#5845,#5847));
#5849=FACE_OUTER_BOUND('',#5848,.F.);
#5850=ORIENTED_EDGE('',*,*,#5759,.T.);
#5851=ORIENTED_EDGE('',*,*,#5773,.T.);
#5852=EDGE_LOOP('',(#5850,#5851));
#5853=FACE_BOUND('',#5852,.F.);
#5854=ADVANCED_FACE('',(#5849,#5853),#5835,.F.);
#5855=CARTESIAN_POINT('',(0.E0,-6.025E0,0.E0));
#5856=DIRECTION('',(0.E0,1.E0,0.E0));
#5857=DIRECTION('',(-1.E0,0.E0,0.E0));
#5858=AXIS2_PLACEMENT_3D('',#5855,#5856,#5857);
#5859=PLANE('',#5858);
#5861=ORIENTED_EDGE('',*,*,#5860,.F.);
#5863=ORIENTED_EDGE('',*,*,#5862,.F.);
#5865=ORIENTED_EDGE('',*,*,#5864,.F.);
#5867=ORIENTED_EDGE('',*,*,#5866,.F.);
#5869=ORIENTED_EDGE('',*,*,#5868,.F.);
#5871=ORIENTED_EDGE('',*,*,#5870,.F.);
#5872=EDGE_LOOP('',(#5861,#5863,#5865,#5867,#5869,#5871));
#5873=FACE_OUTER_BOUND('',#5872,.F.);
#5875=ORIENTED_EDGE('',*,*,#5874,.T.);
#5877=ORIENTED_EDGE('',*,*,#5876,.T.);
#5878=EDGE_LOOP('',(#5875,#5877));
#5879=FACE_BOUND('',#5878,.F.);
#5880=ADVANCED_FACE('',(#5873,#5879),#5859,.F.);
#5881=CARTESIAN_POINT('',(4.E0,-6.025E0,-1.555E1));
#5882=DIRECTION('',(0.E0,1.E0,0.E0));
#5883=DIRECTION('',(-1.E0,0.E0,0.E0));
#5884=AXIS2_PLACEMENT_3D('',#5881,#5882,#5883);
#5885=CYLINDRICAL_SURFACE('',#5884,1.315E0);
#5887=ORIENTED_EDGE('',*,*,#5886,.F.);
#5888=ORIENTED_EDGE('',*,*,#5732,.F.);
#5890=ORIENTED_EDGE('',*,*,#5889,.F.);
#5891=ORIENTED_EDGE('',*,*,#5874,.F.);
#5892=EDGE_LOOP('',(#5887,#5888,#5890,#5891));
#5893=FACE_OUTER_BOUND('',#5892,.F.);
#5894=ADVANCED_FACE('',(#5893),#5885,.F.);
#5895=CARTESIAN_POINT('',(4.E0,-6.025E0,-1.555E1));
#5896=DIRECTION('',(0.E0,1.E0,0.E0));
#5897=DIRECTION('',(-1.E0,0.E0,0.E0));
#5898=AXIS2_PLACEMENT_3D('',#5895,#5896,#5897);
#5899=CYLINDRICAL_SURFACE('',#5898,1.315E0);
#5900=ORIENTED_EDGE('',*,*,#5889,.T.);
#5902=ORIENTED_EDGE('',*,*,#5901,.F.);
#5903=ORIENTED_EDGE('',*,*,#5886,.T.);
#5904=ORIENTED_EDGE('',*,*,#5876,.F.);
#5905=EDGE_LOOP('',(#5900,#5902,#5903,#5904));
#5906=FACE_OUTER_BOUND('',#5905,.F.);
#5907=ADVANCED_FACE('',(#5906),#5899,.F.);
#5908=CARTESIAN_POINT('',(4.E0,-2.025E0,-1.555E1));
#5909=DIRECTION('',(0.E0,-1.E0,0.E0));
#5910=DIRECTION('',(1.E0,0.E0,0.E0));
#5911=AXIS2_PLACEMENT_3D('',#5908,#5909,#5910);
#5912=CONICAL_SURFACE('',#5911,1.138675E0,9.999889935756E0);
#5913=ORIENTED_EDGE('',*,*,#5901,.T.);
#5915=ORIENTED_EDGE('',*,*,#5914,.F.);
#5917=ORIENTED_EDGE('',*,*,#5916,.T.);
#5919=ORIENTED_EDGE('',*,*,#5918,.T.);
#5920=EDGE_LOOP('',(#5913,#5915,#5917,#5919));
#5921=FACE_OUTER_BOUND('',#5920,.F.);
#5922=ADVANCED_FACE('',(#5921),#5912,.F.);
#5923=CARTESIAN_POINT('',(5.138675E0,-2.025E0,-1.6275E1));
#5924=DIRECTION('',(9.848080865857E-1,1.736462858672E-1,0.E0));
#5925=DIRECTION('',(0.E0,0.E0,1.E0));
#5926=AXIS2_PLACEMENT_3D('',#5923,#5924,#5925);
#5927=PLANE('',#5926);
#5928=ORIENTED_EDGE('',*,*,#5914,.T.);
#5929=ORIENTED_EDGE('',*,*,#5744,.F.);
#5930=ORIENTED_EDGE('',*,*,#5449,.F.);
#5932=ORIENTED_EDGE('',*,*,#5931,.T.);
#5933=EDGE_LOOP('',(#5928,#5929,#5930,#5932));
#5934=FACE_OUTER_BOUND('',#5933,.F.);
#5935=ADVANCED_FACE('',(#5934),#5927,.F.);
#5936=CARTESIAN_POINT('',(0.E0,-1.025E0,0.E0));
#5937=DIRECTION('',(0.E0,-1.E0,0.E0));
#5938=DIRECTION('',(-1.E0,0.E0,0.E0));
#5939=AXIS2_PLACEMENT_3D('',#5936,#5937,#5938);
#5940=PLANE('',#5939);
#5941=ORIENTED_EDGE('',*,*,#5447,.T.);
#5943=ORIENTED_EDGE('',*,*,#5942,.F.);
#5944=ORIENTED_EDGE('',*,*,#5916,.F.);
#5945=ORIENTED_EDGE('',*,*,#5931,.F.);
#5946=EDGE_LOOP('',(#5941,#5943,#5944,#5945));
#5947=FACE_OUTER_BOUND('',#5946,.F.);
#5948=ADVANCED_FACE('',(#5947),#5940,.T.);
#5949=CARTESIAN_POINT('',(2.861325E0,-2.025E0,-1.6275E1));
#5950=DIRECTION('',(-9.848080865857E-1,1.736462858672E-1,0.E0));
#5951=DIRECTION('',(0.E0,0.E0,-1.E0));
#5952=AXIS2_PLACEMENT_3D('',#5949,#5950,#5951);
#5953=PLANE('',#5952);
#5954=ORIENTED_EDGE('',*,*,#5918,.F.);
#5955=ORIENTED_EDGE('',*,*,#5942,.T.);
#5956=ORIENTED_EDGE('',*,*,#5445,.T.);
#5957=ORIENTED_EDGE('',*,*,#5734,.F.);
#5958=EDGE_LOOP('',(#5954,#5955,#5956,#5957));
#5959=FACE_OUTER_BOUND('',#5958,.F.);
#5960=ADVANCED_FACE('',(#5959),#5953,.F.);
#5961=CARTESIAN_POINT('',(-2.52504E1,-5.725E0,-1.81E1));
#5962=DIRECTION('',(1.E0,0.E0,0.E0));
#5963=DIRECTION('',(0.E0,-1.E0,0.E0));
#5964=AXIS2_PLACEMENT_3D('',#5961,#5962,#5963);
#5965=CYLINDRICAL_SURFACE('',#5964,3.E-1);
#5966=ORIENTED_EDGE('',*,*,#5689,.F.);
#5968=ORIENTED_EDGE('',*,*,#5967,.T.);
#5969=ORIENTED_EDGE('',*,*,#5836,.T.);
#5971=ORIENTED_EDGE('',*,*,#5970,.T.);
#5972=EDGE_LOOP('',(#5966,#5968,#5969,#5971));
#5973=FACE_OUTER_BOUND('',#5972,.F.);
#5974=ADVANCED_FACE('',(#5973),#5965,.T.);
#5975=CARTESIAN_POINT('',(-6.7E0,-5.725E0,-1.81E1));
#5976=DIRECTION('',(0.E0,7.071067811865E-1,-7.071067811865E-1));
#5977=DIRECTION('',(0.E0,-7.071067811865E-1,-7.071067811865E-1));
#5978=AXIS2_PLACEMENT_3D('',#5975,#5976,#5977);
#5979=SPHERICAL_SURFACE('',#5978,3.E-1);
#5981=ORIENTED_EDGE('',*,*,#5980,.F.);
#5982=ORIENTED_EDGE('',*,*,#5967,.F.);
#5984=ORIENTED_EDGE('',*,*,#5983,.F.);
#5985=EDGE_LOOP('',(#5981,#5982,#5984));
#5986=FACE_OUTER_BOUND('',#5985,.F.);
#5987=ADVANCED_FACE('',(#5986),#5979,.T.);
#5988=CARTESIAN_POINT('',(-6.7E0,-5.725E0,-1.265887359262E1));
#5989=DIRECTION('',(0.E0,0.E0,-1.E0));
#5990=DIRECTION('',(0.E0,-1.E0,0.E0));
#5991=AXIS2_PLACEMENT_3D('',#5988,#5989,#5990);
#5992=CYLINDRICAL_SURFACE('',#5991,3.E-1);
#5993=ORIENTED_EDGE('',*,*,#4613,.F.);
#5995=ORIENTED_EDGE('',*,*,#5994,.F.);
#5996=ORIENTED_EDGE('',*,*,#5838,.T.);
#5997=ORIENTED_EDGE('',*,*,#5980,.T.);
#5998=EDGE_LOOP('',(#5993,#5995,#5996,#5997));
#5999=FACE_OUTER_BOUND('',#5998,.F.);
#6000=ADVANCED_FACE('',(#5999),#5992,.T.);
#6001=CARTESIAN_POINT('',(-4.E0,-5.725E0,-1.555E1));
#6002=DIRECTION('',(0.E0,1.E0,0.E0));
#6003=DIRECTION('',(8.105623628737E-1,0.E0,-5.856523336354E-1));
#6004=AXIS2_PLACEMENT_3D('',#6001,#6002,#6003);
#6005=TOROIDAL_SURFACE('',#6004,2.7E0,3.E-1);
#6006=ORIENTED_EDGE('',*,*,#5840,.T.);
#6007=ORIENTED_EDGE('',*,*,#5994,.T.);
#6009=ORIENTED_EDGE('',*,*,#6008,.F.);
#6011=ORIENTED_EDGE('',*,*,#6010,.T.);
#6012=EDGE_LOOP('',(#6006,#6007,#6009,#6011));
#6013=FACE_OUTER_BOUND('',#6012,.F.);
#6014=ADVANCED_FACE('',(#6013),#6005,.T.);
#6015=CARTESIAN_POINT('',(-4.E0,-6.025E0,-1.555E1));
#6016=DIRECTION('',(0.E0,1.E0,0.E0));
#6017=DIRECTION('',(-1.E0,0.E0,0.E0));
#6018=AXIS2_PLACEMENT_3D('',#6015,#6016,#6017);
#6019=CYLINDRICAL_SURFACE('',#6018,3.E0);
#6020=ORIENTED_EDGE('',*,*,#4611,.T.);
#6022=ORIENTED_EDGE('',*,*,#6021,.F.);
#6023=ORIENTED_EDGE('',*,*,#4884,.T.);
#6025=ORIENTED_EDGE('',*,*,#6024,.F.);
#6026=ORIENTED_EDGE('',*,*,#6008,.T.);
#6027=EDGE_LOOP('',(#6020,#6022,#6023,#6025,#6026));
#6028=FACE_OUTER_BOUND('',#6027,.F.);
#6029=ADVANCED_FACE('',(#6028),#6019,.T.);
#6030=CARTESIAN_POINT('',(-5.E0,-1.925E0,2.398624E1));
#6031=DIRECTION('',(0.E0,0.E0,-1.E0));
#6032=DIRECTION('',(0.E0,-1.E0,0.E0));
#6033=AXIS2_PLACEMENT_3D('',#6030,#6031,#6032);
#6034=CYLINDRICAL_SURFACE('',#6033,2.E0);
#6035=ORIENTED_EDGE('',*,*,#4609,.T.);
#6036=ORIENTED_EDGE('',*,*,#4643,.F.);
#6037=ORIENTED_EDGE('',*,*,#4672,.T.);
#6038=ORIENTED_EDGE('',*,*,#4686,.F.);
#6039=ORIENTED_EDGE('',*,*,#4886,.T.);
#6040=ORIENTED_EDGE('',*,*,#6021,.T.);
#6041=EDGE_LOOP('',(#6035,#6036,#6037,#6038,#6039,#6040));
#6042=FACE_OUTER_BOUND('',#6041,.F.);
#6043=ADVANCED_FACE('',(#6042),#6034,.T.);
#6044=CARTESIAN_POINT('',(-4.936749699760E0,-6.025E0,-1.27E1));
#6045=DIRECTION('',(0.E0,0.E0,1.E0));
#6046=DIRECTION('',(1.E0,0.E0,0.E0));
#6047=AXIS2_PLACEMENT_3D('',#6044,#6045,#6046);
#6048=PLANE('',#6047);
#6050=ORIENTED_EDGE('',*,*,#6049,.T.);
#6051=ORIENTED_EDGE('',*,*,#6024,.T.);
#6052=ORIENTED_EDGE('',*,*,#4882,.T.);
#6054=ORIENTED_EDGE('',*,*,#6053,.F.);
#6055=EDGE_LOOP('',(#6050,#6051,#6052,#6054));
#6056=FACE_OUTER_BOUND('',#6055,.F.);
#6057=ADVANCED_FACE('',(#6056),#6048,.T.);
#6058=CARTESIAN_POINT('',(2.52504E1,-5.725E0,-1.3E1));
#6059=DIRECTION('',(-1.E0,0.E0,0.E0));
#6060=DIRECTION('',(0.E0,-1.E0,0.E0));
#6061=AXIS2_PLACEMENT_3D('',#6058,#6059,#6060);
#6062=CYLINDRICAL_SURFACE('',#6061,3.E-1);
#6063=ORIENTED_EDGE('',*,*,#5842,.T.);
#6064=ORIENTED_EDGE('',*,*,#6010,.F.);
#6065=ORIENTED_EDGE('',*,*,#6049,.F.);
#6067=ORIENTED_EDGE('',*,*,#6066,.T.);
#6068=EDGE_LOOP('',(#6063,#6064,#6065,#6067));
#6069=FACE_OUTER_BOUND('',#6068,.F.);
#6070=ADVANCED_FACE('',(#6069),#6062,.T.);
#6071=CARTESIAN_POINT('',(-4.E0,-5.725E0,-1.555E1));
#6072=DIRECTION('',(0.E0,1.E0,0.E0));
#6073=DIRECTION('',(9.998169007594E-1,0.E0,-1.913543717275E-2));
#6074=AXIS2_PLACEMENT_3D('',#6071,#6072,#6073);
#6075=TOROIDAL_SURFACE('',#6074,2.7E0,3.E-1);
#6077=ORIENTED_EDGE('',*,*,#6076,.F.);
#6079=ORIENTED_EDGE('',*,*,#6078,.F.);
#6080=ORIENTED_EDGE('',*,*,#5844,.T.);
#6081=ORIENTED_EDGE('',*,*,#6066,.F.);
#6082=EDGE_LOOP('',(#6077,#6079,#6080,#6081));
#6083=FACE_OUTER_BOUND('',#6082,.F.);
#6084=ADVANCED_FACE('',(#6083),#6075,.T.);
#6085=CARTESIAN_POINT('',(-4.E0,-6.025E0,-1.555E1));
#6086=DIRECTION('',(0.E0,1.E0,0.E0));
#6087=DIRECTION('',(-1.E0,0.E0,0.E0));
#6088=AXIS2_PLACEMENT_3D('',#6085,#6086,#6087);
#6089=CYLINDRICAL_SURFACE('',#6088,3.E0);
#6090=ORIENTED_EDGE('',*,*,#6076,.T.);
#6091=ORIENTED_EDGE('',*,*,#6053,.T.);
#6092=ORIENTED_EDGE('',*,*,#4880,.T.);
#6094=ORIENTED_EDGE('',*,*,#6093,.F.);
#6095=EDGE_LOOP('',(#6090,#6091,#6092,#6094));
#6096=FACE_OUTER_BOUND('',#6095,.F.);
#6097=ADVANCED_FACE('',(#6096),#6089,.T.);
#6098=CARTESIAN_POINT('',(-9.999999999998E-1,-6.025E0,-1.555E1));
#6099=DIRECTION('',(1.E0,0.E0,0.E0));
#6100=DIRECTION('',(0.E0,0.E0,-1.E0));
#6101=AXIS2_PLACEMENT_3D('',#6098,#6099,#6100);
#6102=PLANE('',#6101);
#6103=ORIENTED_EDGE('',*,*,#5668,.T.);
#6105=ORIENTED_EDGE('',*,*,#6104,.T.);
#6106=ORIENTED_EDGE('',*,*,#6093,.T.);
#6107=ORIENTED_EDGE('',*,*,#4878,.F.);
#6108=ORIENTED_EDGE('',*,*,#5434,.T.);
#6109=ORIENTED_EDGE('',*,*,#5596,.F.);
#6110=EDGE_LOOP('',(#6103,#6105,#6106,#6107,#6108,#6109));
#6111=FACE_OUTER_BOUND('',#6110,.F.);
#6112=ADVANCED_FACE('',(#6111),#6102,.T.);
#6113=CARTESIAN_POINT('',(-1.3E0,-5.725E0,-4.238624E1));
#6114=DIRECTION('',(0.E0,0.E0,1.E0));
#6115=DIRECTION('',(0.E0,-1.E0,0.E0));
#6116=AXIS2_PLACEMENT_3D('',#6113,#6114,#6115);
#6117=CYLINDRICAL_SURFACE('',#6116,3.E-1);
#6118=ORIENTED_EDGE('',*,*,#5846,.T.);
#6119=ORIENTED_EDGE('',*,*,#6078,.T.);
#6120=ORIENTED_EDGE('',*,*,#6104,.F.);
#6122=ORIENTED_EDGE('',*,*,#6121,.T.);
#6123=EDGE_LOOP('',(#6118,#6119,#6120,#6122));
#6124=FACE_OUTER_BOUND('',#6123,.F.);
#6125=ADVANCED_FACE('',(#6124),#6117,.T.);
#6126=CARTESIAN_POINT('',(-1.3E0,-5.725E0,-1.81E1));
#6127=DIRECTION('',(-7.071067811865E-1,0.E0,-7.071067811865E-1));
#6128=DIRECTION('',(7.071067811865E-1,0.E0,-7.071067811865E-1));
#6129=AXIS2_PLACEMENT_3D('',#6126,#6127,#6128);
#6130=SPHERICAL_SURFACE('',#6129,3.E-1);
#6131=ORIENTED_EDGE('',*,*,#5970,.F.);
#6132=ORIENTED_EDGE('',*,*,#6121,.F.);
#6133=ORIENTED_EDGE('',*,*,#5666,.F.);
#6134=EDGE_LOOP('',(#6131,#6132,#6133));
#6135=FACE_OUTER_BOUND('',#6134,.F.);
#6136=ADVANCED_FACE('',(#6135),#6130,.T.);
#6137=CARTESIAN_POINT('',(-6.7E0,2.277E1,-1.81E1));
#6138=DIRECTION('',(0.E0,-1.E0,0.E0));
#6139=DIRECTION('',(-1.E0,0.E0,0.E0));
#6140=AXIS2_PLACEMENT_3D('',#6137,#6138,#6139);
#6141=CYLINDRICAL_SURFACE('',#6140,3.E-1);
#6142=ORIENTED_EDGE('',*,*,#5615,.T.);
#6143=ORIENTED_EDGE('',*,*,#4615,.T.);
#6144=ORIENTED_EDGE('',*,*,#5983,.T.);
#6145=ORIENTED_EDGE('',*,*,#5687,.F.);
#6146=EDGE_LOOP('',(#6142,#6143,#6144,#6145));
#6147=FACE_OUTER_BOUND('',#6146,.F.);
#6148=ADVANCED_FACE('',(#6147),#6141,.T.);
#6149=CARTESIAN_POINT('',(2.52504E1,-5.725E0,-1.3E1));
#6150=DIRECTION('',(-1.E0,0.E0,0.E0));
#6151=DIRECTION('',(0.E0,-1.E0,0.E0));
#6152=AXIS2_PLACEMENT_3D('',#6149,#6150,#6151);
#6153=CYLINDRICAL_SURFACE('',#6152,3.E-1);
#6155=ORIENTED_EDGE('',*,*,#6154,.F.);
#6157=ORIENTED_EDGE('',*,*,#6156,.T.);
#6158=ORIENTED_EDGE('',*,*,#5860,.T.);
#6160=ORIENTED_EDGE('',*,*,#6159,.F.);
#6161=EDGE_LOOP('',(#6155,#6157,#6158,#6160));
#6162=FACE_OUTER_BOUND('',#6161,.F.);
#6163=ADVANCED_FACE('',(#6162),#6153,.T.);
#6164=CARTESIAN_POINT('',(3.063250300240E0,-6.025E0,-1.27E1));
#6165=DIRECTION('',(0.E0,0.E0,1.E0));
#6166=DIRECTION('',(1.E0,0.E0,0.E0));
#6167=AXIS2_PLACEMENT_3D('',#6164,#6165,#6166);
#6168=PLANE('',#6167);
#6169=ORIENTED_EDGE('',*,*,#6154,.T.);
#6171=ORIENTED_EDGE('',*,*,#6170,.T.);
#6172=ORIENTED_EDGE('',*,*,#4870,.T.);
#6174=ORIENTED_EDGE('',*,*,#6173,.F.);
#6175=EDGE_LOOP('',(#6169,#6171,#6172,#6174));
#6176=FACE_OUTER_BOUND('',#6175,.F.);
#6177=ADVANCED_FACE('',(#6176),#6168,.T.);
#6178=CARTESIAN_POINT('',(4.E0,-6.025E0,-1.555E1));
#6179=DIRECTION('',(0.E0,1.E0,0.E0));
#6180=DIRECTION('',(-1.E0,0.E0,0.E0));
#6181=AXIS2_PLACEMENT_3D('',#6178,#6179,#6180);
#6182=CYLINDRICAL_SURFACE('',#6181,3.E0);
#6184=ORIENTED_EDGE('',*,*,#6183,.T.);
#6186=ORIENTED_EDGE('',*,*,#6185,.T.);
#6187=ORIENTED_EDGE('',*,*,#4872,.T.);
#6188=ORIENTED_EDGE('',*,*,#6170,.F.);
#6189=EDGE_LOOP('',(#6184,#6186,#6187,#6188));
#6190=FACE_OUTER_BOUND('',#6189,.F.);
#6191=ADVANCED_FACE('',(#6190),#6182,.T.);
#6192=CARTESIAN_POINT('',(4.E0,-5.725E0,-1.555E1));
#6193=DIRECTION('',(0.E0,1.E0,0.E0));
#6194=DIRECTION('',(8.105623628737E-1,0.E0,-5.856523336354E-1));
#6195=AXIS2_PLACEMENT_3D('',#6192,#6193,#6194);
#6196=TOROIDAL_SURFACE('',#6195,2.7E0,3.E-1);
#6197=ORIENTED_EDGE('',*,*,#5870,.T.);
#6199=ORIENTED_EDGE('',*,*,#6198,.T.);
#6200=ORIENTED_EDGE('',*,*,#6183,.F.);
#6201=ORIENTED_EDGE('',*,*,#6159,.T.);
#6202=EDGE_LOOP('',(#6197,#6199,#6200,#6201));
#6203=FACE_OUTER_BOUND('',#6202,.F.);
#6204=ADVANCED_FACE('',(#6203),#6196,.T.);
#6205=CARTESIAN_POINT('',(1.3E0,-5.725E0,-1.549259018454E1));
#6206=DIRECTION('',(0.E0,0.E0,-1.E0));
#6207=DIRECTION('',(0.E0,-1.E0,0.E0));
#6208=AXIS2_PLACEMENT_3D('',#6205,#6206,#6207);
#6209=CYLINDRICAL_SURFACE('',#6208,3.E-1);
#6211=ORIENTED_EDGE('',*,*,#6210,.F.);
#6212=ORIENTED_EDGE('',*,*,#6198,.F.);
#6213=ORIENTED_EDGE('',*,*,#5868,.T.);
#6215=ORIENTED_EDGE('',*,*,#6214,.T.);
#6216=EDGE_LOOP('',(#6211,#6212,#6213,#6215));
#6217=FACE_OUTER_BOUND('',#6216,.F.);
#6218=ADVANCED_FACE('',(#6217),#6209,.T.);
#6219=CARTESIAN_POINT('',(9.999999999998E-1,-6.025E0,-1.84E1));
#6220=DIRECTION('',(-1.E0,0.E0,0.E0));
#6221=DIRECTION('',(0.E0,0.E0,1.E0));
#6222=AXIS2_PLACEMENT_3D('',#6219,#6220,#6221);
#6223=PLANE('',#6222);
#6225=ORIENTED_EDGE('',*,*,#6224,.F.);
#6226=ORIENTED_EDGE('',*,*,#5653,.T.);
#6227=ORIENTED_EDGE('',*,*,#5437,.F.);
#6228=ORIENTED_EDGE('',*,*,#4874,.T.);
#6229=ORIENTED_EDGE('',*,*,#6185,.F.);
#6230=ORIENTED_EDGE('',*,*,#6210,.T.);
#6231=EDGE_LOOP('',(#6225,#6226,#6227,#6228,#6229,#6230));
#6232=FACE_OUTER_BOUND('',#6231,.F.);
#6233=ADVANCED_FACE('',(#6232),#6223,.T.);
#6234=CARTESIAN_POINT('',(1.3E0,2.277E1,-1.81E1));
#6235=DIRECTION('',(0.E0,-1.E0,0.E0));
#6236=DIRECTION('',(-1.E0,0.E0,0.E0));
#6237=AXIS2_PLACEMENT_3D('',#6234,#6235,#6236);
#6238=CYLINDRICAL_SURFACE('',#6237,3.E-1);
#6239=ORIENTED_EDGE('',*,*,#5646,.T.);
#6240=ORIENTED_EDGE('',*,*,#6224,.T.);
#6242=ORIENTED_EDGE('',*,*,#6241,.T.);
#6244=ORIENTED_EDGE('',*,*,#6243,.F.);
#6245=EDGE_LOOP('',(#6239,#6240,#6242,#6244));
#6246=FACE_OUTER_BOUND('',#6245,.F.);
#6247=ADVANCED_FACE('',(#6246),#6238,.T.);
#6248=CARTESIAN_POINT('',(1.3E0,-5.725E0,-1.81E1));
#6249=DIRECTION('',(-7.071067811865E-1,0.E0,7.071067811865E-1));
#6250=DIRECTION('',(-7.071067811865E-1,0.E0,-7.071067811865E-1));
#6251=AXIS2_PLACEMENT_3D('',#6248,#6249,#6250);
#6252=SPHERICAL_SURFACE('',#6251,3.E-1);
#6253=ORIENTED_EDGE('',*,*,#6214,.F.);
#6255=ORIENTED_EDGE('',*,*,#6254,.F.);
#6256=ORIENTED_EDGE('',*,*,#6241,.F.);
#6257=EDGE_LOOP('',(#6253,#6255,#6256));
#6258=FACE_OUTER_BOUND('',#6257,.F.);
#6259=ADVANCED_FACE('',(#6258),#6252,.T.);
#6260=CARTESIAN_POINT('',(-2.52504E1,-5.725E0,-1.81E1));
#6261=DIRECTION('',(1.E0,0.E0,0.E0));
#6262=DIRECTION('',(0.E0,-1.E0,0.E0));
#6263=AXIS2_PLACEMENT_3D('',#6260,#6261,#6262);
#6264=CYLINDRICAL_SURFACE('',#6263,3.E-1);
#6265=ORIENTED_EDGE('',*,*,#5866,.T.);
#6267=ORIENTED_EDGE('',*,*,#6266,.T.);
#6269=ORIENTED_EDGE('',*,*,#6268,.F.);
#6270=ORIENTED_EDGE('',*,*,#6254,.T.);
#6271=EDGE_LOOP('',(#6265,#6267,#6269,#6270));
#6272=FACE_OUTER_BOUND('',#6271,.F.);
#6273=ADVANCED_FACE('',(#6272),#6264,.T.);
#6274=CARTESIAN_POINT('',(6.7E0,-5.725E0,-1.81E1));
#6275=DIRECTION('',(-7.071067811865E-1,0.E0,-7.071067811865E-1));
#6276=DIRECTION('',(7.071067811865E-1,0.E0,-7.071067811865E-1));
#6277=AXIS2_PLACEMENT_3D('',#6274,#6275,#6276);
#6278=SPHERICAL_SURFACE('',#6277,3.E-1);
#6279=ORIENTED_EDGE('',*,*,#6266,.F.);
#6281=ORIENTED_EDGE('',*,*,#6280,.F.);
#6283=ORIENTED_EDGE('',*,*,#6282,.F.);
#6284=EDGE_LOOP('',(#6279,#6281,#6283));
#6285=FACE_OUTER_BOUND('',#6284,.F.);
#6286=ADVANCED_FACE('',(#6285),#6278,.T.);
#6287=CARTESIAN_POINT('',(6.7E0,-5.725E0,-4.238624E1));
#6288=DIRECTION('',(0.E0,0.E0,1.E0));
#6289=DIRECTION('',(0.E0,-1.E0,0.E0));
#6290=AXIS2_PLACEMENT_3D('',#6287,#6288,#6289);
#6291=CYLINDRICAL_SURFACE('',#6290,3.E-1);
#6292=ORIENTED_EDGE('',*,*,#5864,.T.);
#6294=ORIENTED_EDGE('',*,*,#6293,.T.);
#6295=ORIENTED_EDGE('',*,*,#5104,.F.);
#6296=ORIENTED_EDGE('',*,*,#6280,.T.);
#6297=EDGE_LOOP('',(#6292,#6294,#6295,#6296));
#6298=FACE_OUTER_BOUND('',#6297,.F.);
#6299=ADVANCED_FACE('',(#6298),#6291,.T.);
#6300=CARTESIAN_POINT('',(4.E0,-5.725E0,-1.555E1));
#6301=DIRECTION('',(0.E0,1.E0,0.E0));
#6302=DIRECTION('',(9.998169007594E-1,0.E0,-1.913543717275E-2));
#6303=AXIS2_PLACEMENT_3D('',#6300,#6301,#6302);
#6304=TOROIDAL_SURFACE('',#6303,2.7E0,3.E-1);
#6306=ORIENTED_EDGE('',*,*,#6305,.F.);
#6307=ORIENTED_EDGE('',*,*,#6293,.F.);
#6308=ORIENTED_EDGE('',*,*,#5862,.T.);
#6309=ORIENTED_EDGE('',*,*,#6156,.F.);
#6310=EDGE_LOOP('',(#6306,#6307,#6308,#6309));
#6311=FACE_OUTER_BOUND('',#6310,.F.);
#6312=ADVANCED_FACE('',(#6311),#6304,.T.);
#6313=CARTESIAN_POINT('',(4.E0,-6.025E0,-1.555E1));
#6314=DIRECTION('',(0.E0,1.E0,0.E0));
#6315=DIRECTION('',(-1.E0,0.E0,0.E0));
#6316=AXIS2_PLACEMENT_3D('',#6313,#6314,#6315);
#6317=CYLINDRICAL_SURFACE('',#6316,3.E0);
#6318=ORIENTED_EDGE('',*,*,#4868,.T.);
#6319=ORIENTED_EDGE('',*,*,#5078,.F.);
#6320=ORIENTED_EDGE('',*,*,#5106,.T.);
#6321=ORIENTED_EDGE('',*,*,#6305,.T.);
#6322=ORIENTED_EDGE('',*,*,#6173,.T.);
#6323=EDGE_LOOP('',(#6318,#6319,#6320,#6321,#6322));
#6324=FACE_OUTER_BOUND('',#6323,.F.);
#6325=ADVANCED_FACE('',(#6324),#6317,.T.);
#6326=CARTESIAN_POINT('',(6.7E0,2.277E1,-1.81E1));
#6327=DIRECTION('',(0.E0,-1.E0,0.E0));
#6328=DIRECTION('',(0.E0,0.E0,-1.E0));
#6329=AXIS2_PLACEMENT_3D('',#6326,#6327,#6328);
#6330=CYLINDRICAL_SURFACE('',#6329,3.E-1);
#6331=ORIENTED_EDGE('',*,*,#5636,.T.);
#6333=ORIENTED_EDGE('',*,*,#6332,.T.);
#6334=ORIENTED_EDGE('',*,*,#6282,.T.);
#6335=ORIENTED_EDGE('',*,*,#5102,.F.);
#6336=EDGE_LOOP('',(#6331,#6333,#6334,#6335));
#6337=FACE_OUTER_BOUND('',#6336,.F.);
#6338=ADVANCED_FACE('',(#6337),#6330,.T.);
#6339=CARTESIAN_POINT('',(7.E0,-6.025E0,-1.84E1));
#6340=DIRECTION('',(0.E0,0.E0,-1.E0));
#6341=DIRECTION('',(-1.E0,0.E0,0.E0));
#6342=AXIS2_PLACEMENT_3D('',#6339,#6340,#6341);
#6343=PLANE('',#6342);
#6344=ORIENTED_EDGE('',*,*,#6332,.F.);
#6345=ORIENTED_EDGE('',*,*,#5634,.T.);
#6347=ORIENTED_EDGE('',*,*,#6346,.F.);
#6348=ORIENTED_EDGE('',*,*,#5739,.T.);
#6350=ORIENTED_EDGE('',*,*,#6349,.T.);
#6351=ORIENTED_EDGE('',*,*,#5648,.T.);
#6352=ORIENTED_EDGE('',*,*,#6243,.T.);
#6353=ORIENTED_EDGE('',*,*,#6268,.T.);
#6354=EDGE_LOOP('',(#6344,#6345,#6347,#6348,#6350,#6351,#6352,#6353));
#6355=FACE_OUTER_BOUND('',#6354,.F.);
#6356=ADVANCED_FACE('',(#6355),#6343,.T.);
#6357=CARTESIAN_POINT('',(6.472411623261E0,-4.525E0,-1.7E1));
#6358=DIRECTION('',(-6.427876096865E-1,0.E0,7.660444431190E-1));
#6359=DIRECTION('',(-7.660444431190E-1,0.E0,-6.427876096865E-1));
#6360=AXIS2_PLACEMENT_3D('',#6357,#6358,#6359);
#6361=PLANE('',#6360);
#6362=ORIENTED_EDGE('',*,*,#5741,.T.);
#6363=ORIENTED_EDGE('',*,*,#6346,.T.);
#6364=ORIENTED_EDGE('',*,*,#5632,.F.);
#6365=ORIENTED_EDGE('',*,*,#5453,.T.);
#6366=EDGE_LOOP('',(#6362,#6363,#6364,#6365));
#6367=FACE_OUTER_BOUND('',#6366,.F.);
#6368=ADVANCED_FACE('',(#6367),#6361,.F.);
#6369=CARTESIAN_POINT('',(3.196043406370E0,-4.525E0,-1.84E1));
#6370=DIRECTION('',(6.427876096865E-1,0.E0,7.660444431190E-1));
#6371=DIRECTION('',(-7.660444431190E-1,0.E0,6.427876096865E-1));
#6372=AXIS2_PLACEMENT_3D('',#6369,#6370,#6371);
#6373=PLANE('',#6372);
#6374=ORIENTED_EDGE('',*,*,#5737,.T.);
#6375=ORIENTED_EDGE('',*,*,#5441,.F.);
#6376=ORIENTED_EDGE('',*,*,#5650,.F.);
#6377=ORIENTED_EDGE('',*,*,#6349,.F.);
#6378=EDGE_LOOP('',(#6374,#6375,#6376,#6377));
#6379=FACE_OUTER_BOUND('',#6378,.F.);
#6380=ADVANCED_FACE('',(#6379),#6373,.F.);
#6381=CARTESIAN_POINT('',(-4.803956593630E0,-4.525E0,-1.84E1));
#6382=DIRECTION('',(6.427876096865E-1,0.E0,7.660444431190E-1));
#6383=DIRECTION('',(-7.660444431190E-1,0.E0,6.427876096865E-1));
#6384=AXIS2_PLACEMENT_3D('',#6381,#6382,#6383);
#6385=PLANE('',#6384);
#6386=ORIENTED_EDGE('',*,*,#5717,.F.);
#6387=ORIENTED_EDGE('',*,*,#5418,.F.);
#6388=ORIENTED_EDGE('',*,*,#5619,.F.);
#6389=ORIENTED_EDGE('',*,*,#5684,.F.);
#6390=EDGE_LOOP('',(#6386,#6387,#6388,#6389));
#6391=FACE_OUTER_BOUND('',#6390,.F.);
#6392=ADVANCED_FACE('',(#6391),#6385,.F.);
#6393=CARTESIAN_POINT('',(-6.5E0,-2.232E1,-1.65E1));
#6394=DIRECTION('',(0.E0,1.E0,0.E0));
#6395=DIRECTION('',(0.E0,0.E0,-1.E0));
#6396=AXIS2_PLACEMENT_3D('',#6393,#6394,#6395);
#6397=CYLINDRICAL_SURFACE('',#6396,5.E-1);
#6398=ORIENTED_EDGE('',*,*,#5414,.T.);
#6399=ORIENTED_EDGE('',*,*,#5397,.T.);
#6400=ORIENTED_EDGE('',*,*,#4619,.F.);
#6401=ORIENTED_EDGE('',*,*,#5612,.T.);
#6402=EDGE_LOOP('',(#6398,#6399,#6400,#6401));
#6403=FACE_OUTER_BOUND('',#6402,.F.);
#6404=ADVANCED_FACE('',(#6403),#6397,.T.);
#6405=CARTESIAN_POINT('',(3.62E0,3.95E-1,-8.5E0));
#6406=DIRECTION('',(1.E0,0.E0,0.E0));
#6407=DIRECTION('',(0.E0,-1.E0,0.E0));
#6408=AXIS2_PLACEMENT_3D('',#6405,#6406,#6407);
#6409=PLANE('',#6408);
#6411=ORIENTED_EDGE('',*,*,#6410,.T.);
#6413=ORIENTED_EDGE('',*,*,#6412,.F.);
#6415=ORIENTED_EDGE('',*,*,#6414,.F.);
#6417=ORIENTED_EDGE('',*,*,#6416,.F.);
#6418=EDGE_LOOP('',(#6411,#6413,#6415,#6417));
#6419=FACE_OUTER_BOUND('',#6418,.F.);
#6420=ADVANCED_FACE('',(#6419),#6409,.T.);
#6421=CARTESIAN_POINT('',(3.62E0,3.95E-1,-8.5E0));
#6422=DIRECTION('',(1.E0,0.E0,0.E0));
#6423=DIRECTION('',(0.E0,-1.E0,0.E0));
#6424=AXIS2_PLACEMENT_3D('',#6421,#6422,#6423);
#6425=PLANE('',#6424);
#6427=ORIENTED_EDGE('',*,*,#6426,.T.);
#6429=ORIENTED_EDGE('',*,*,#6428,.T.);
#6431=ORIENTED_EDGE('',*,*,#6430,.T.);
#6433=ORIENTED_EDGE('',*,*,#6432,.T.);
#6435=ORIENTED_EDGE('',*,*,#6434,.F.);
#6437=ORIENTED_EDGE('',*,*,#6436,.F.);
#6439=ORIENTED_EDGE('',*,*,#6438,.F.);
#6440=ORIENTED_EDGE('',*,*,#5459,.T.);
#6441=EDGE_LOOP('',(#6427,#6429,#6431,#6433,#6435,#6437,#6439,#6440));
#6442=FACE_OUTER_BOUND('',#6441,.F.);
#6443=ADVANCED_FACE('',(#6442),#6425,.T.);
#6444=CARTESIAN_POINT('',(2.98E0,3.95E-1,-8.5E0));
#6445=DIRECTION('',(0.E0,1.E0,0.E0));
#6446=DIRECTION('',(1.E0,0.E0,0.E0));
#6447=AXIS2_PLACEMENT_3D('',#6444,#6445,#6446);
#6448=PLANE('',#6447);
#6449=ORIENTED_EDGE('',*,*,#6410,.F.);
#6451=ORIENTED_EDGE('',*,*,#6450,.F.);
#6453=ORIENTED_EDGE('',*,*,#6452,.T.);
#6455=ORIENTED_EDGE('',*,*,#6454,.T.);
#6456=EDGE_LOOP('',(#6449,#6451,#6453,#6455));
#6457=FACE_OUTER_BOUND('',#6456,.F.);
#6458=ADVANCED_FACE('',(#6457),#6448,.T.);
#6459=CARTESIAN_POINT('',(2.98E0,3.95E-1,-8.5E0));
#6460=DIRECTION('',(0.E0,1.E0,0.E0));
#6461=DIRECTION('',(1.E0,0.E0,0.E0));
#6462=AXIS2_PLACEMENT_3D('',#6459,#6460,#6461);
#6463=PLANE('',#6462);
#6464=ORIENTED_EDGE('',*,*,#6426,.F.);
#6465=ORIENTED_EDGE('',*,*,#5465,.F.);
#6467=ORIENTED_EDGE('',*,*,#6466,.T.);
#6469=ORIENTED_EDGE('',*,*,#6468,.T.);
#6470=EDGE_LOOP('',(#6464,#6465,#6467,#6469));
#6471=FACE_OUTER_BOUND('',#6470,.F.);
#6472=ADVANCED_FACE('',(#6471),#6463,.T.);
#6473=CARTESIAN_POINT('',(3.3E0,7.5E-2,-8.5E0));
#6474=DIRECTION('',(0.E0,0.E0,-1.E0));
#6475=DIRECTION('',(0.E0,1.E0,0.E0));
#6476=AXIS2_PLACEMENT_3D('',#6473,#6474,#6475);
#6477=PLANE('',#6476);
#6478=ORIENTED_EDGE('',*,*,#6416,.T.);
#6480=ORIENTED_EDGE('',*,*,#6479,.T.);
#6482=ORIENTED_EDGE('',*,*,#6481,.T.);
#6483=ORIENTED_EDGE('',*,*,#6450,.T.);
#6484=EDGE_LOOP('',(#6478,#6480,#6482,#6483));
#6485=FACE_OUTER_BOUND('',#6484,.F.);
#6486=ADVANCED_FACE('',(#6485),#6477,.F.);
#6487=CARTESIAN_POINT('',(3.62E0,-2.45E-1,-8.5E0));
#6488=DIRECTION('',(0.E0,-1.E0,0.E0));
#6489=DIRECTION('',(-1.E0,0.E0,0.E0));
#6490=AXIS2_PLACEMENT_3D('',#6487,#6488,#6489);
#6491=PLANE('',#6490);
#6492=ORIENTED_EDGE('',*,*,#6414,.T.);
#6494=ORIENTED_EDGE('',*,*,#6493,.T.);
#6496=ORIENTED_EDGE('',*,*,#6495,.F.);
#6497=ORIENTED_EDGE('',*,*,#6479,.F.);
#6498=EDGE_LOOP('',(#6492,#6494,#6496,#6497));
#6499=FACE_OUTER_BOUND('',#6498,.F.);
#6500=ADVANCED_FACE('',(#6499),#6491,.T.);
#6501=CARTESIAN_POINT('',(3.62E0,-2.45E-1,-8.5E0));
#6502=DIRECTION('',(0.E0,-1.E0,0.E0));
#6503=DIRECTION('',(-1.E0,0.E0,0.E0));
#6504=AXIS2_PLACEMENT_3D('',#6501,#6502,#6503);
#6505=PLANE('',#6504);
#6506=ORIENTED_EDGE('',*,*,#6438,.T.);
#6508=ORIENTED_EDGE('',*,*,#6507,.T.);
#6510=ORIENTED_EDGE('',*,*,#6509,.F.);
#6511=ORIENTED_EDGE('',*,*,#5461,.F.);
#6512=EDGE_LOOP('',(#6506,#6508,#6510,#6511));
#6513=FACE_OUTER_BOUND('',#6512,.F.);
#6514=ADVANCED_FACE('',(#6513),#6505,.T.);
#6515=CARTESIAN_POINT('',(0.E0,0.E0,-1.4E1));
#6516=DIRECTION('',(0.E0,0.E0,1.E0));
#6517=DIRECTION('',(1.E0,0.E0,0.E0));
#6518=AXIS2_PLACEMENT_3D('',#6515,#6516,#6517);
#6519=PLANE('',#6518);
#6521=ORIENTED_EDGE('',*,*,#6520,.T.);
#6523=ORIENTED_EDGE('',*,*,#6522,.T.);
#6525=ORIENTED_EDGE('',*,*,#6524,.T.);
#6527=ORIENTED_EDGE('',*,*,#6526,.T.);
#6529=ORIENTED_EDGE('',*,*,#6528,.T.);
#6531=ORIENTED_EDGE('',*,*,#6530,.T.);
#6533=ORIENTED_EDGE('',*,*,#6532,.T.);
#6535=ORIENTED_EDGE('',*,*,#6534,.T.);
#6537=ORIENTED_EDGE('',*,*,#6536,.T.);
#6539=ORIENTED_EDGE('',*,*,#6538,.T.);
#6541=ORIENTED_EDGE('',*,*,#6540,.T.);
#6543=ORIENTED_EDGE('',*,*,#6542,.T.);
#6545=ORIENTED_EDGE('',*,*,#6544,.T.);
#6547=ORIENTED_EDGE('',*,*,#6546,.T.);
#6549=ORIENTED_EDGE('',*,*,#6548,.T.);
#6551=ORIENTED_EDGE('',*,*,#6550,.T.);
#6553=ORIENTED_EDGE('',*,*,#6552,.F.);
#6555=ORIENTED_EDGE('',*,*,#6554,.T.);
#6557=ORIENTED_EDGE('',*,*,#6556,.T.);
#6559=ORIENTED_EDGE('',*,*,#6558,.T.);
#6561=ORIENTED_EDGE('',*,*,#6560,.F.);
#6563=ORIENTED_EDGE('',*,*,#6562,.F.);
#6565=ORIENTED_EDGE('',*,*,#6564,.T.);
#6567=ORIENTED_EDGE('',*,*,#6566,.T.);
#6569=ORIENTED_EDGE('',*,*,#6568,.F.);
#6571=ORIENTED_EDGE('',*,*,#6570,.T.);
#6573=ORIENTED_EDGE('',*,*,#6572,.T.);
#6575=ORIENTED_EDGE('',*,*,#6574,.T.);
#6577=ORIENTED_EDGE('',*,*,#6576,.T.);
#6579=ORIENTED_EDGE('',*,*,#6578,.T.);
#6581=ORIENTED_EDGE('',*,*,#6580,.T.);
#6583=ORIENTED_EDGE('',*,*,#6582,.T.);
#6584=EDGE_LOOP('',(#6521,#6523,#6525,#6527,#6529,#6531,#6533,#6535,#6537,#6539,
#6541,#6543,#6545,#6547,#6549,#6551,#6553,#6555,#6557,#6559,#6561,#6563,#6565,
#6567,#6569,#6571,#6573,#6575,#6577,#6579,#6581,#6583));
#6585=FACE_OUTER_BOUND('',#6584,.F.);
#6586=ORIENTED_EDGE('',*,*,#6412,.T.);
#6587=ORIENTED_EDGE('',*,*,#6454,.F.);
#6589=ORIENTED_EDGE('',*,*,#6588,.F.);
#6590=ORIENTED_EDGE('',*,*,#6493,.F.);
#6591=EDGE_LOOP('',(#6586,#6587,#6589,#6590));
#6592=FACE_BOUND('',#6591,.F.);
#6594=ORIENTED_EDGE('',*,*,#6593,.T.);
#6596=ORIENTED_EDGE('',*,*,#6595,.F.);
#6598=ORIENTED_EDGE('',*,*,#6597,.F.);
#6600=ORIENTED_EDGE('',*,*,#6599,.F.);
#6601=EDGE_LOOP('',(#6594,#6596,#6598,#6600));
#6602=FACE_BOUND('',#6601,.F.);
#6604=ORIENTED_EDGE('',*,*,#6603,.T.);
#6606=ORIENTED_EDGE('',*,*,#6605,.F.);
#6608=ORIENTED_EDGE('',*,*,#6607,.F.);
#6610=ORIENTED_EDGE('',*,*,#6609,.F.);
#6611=EDGE_LOOP('',(#6604,#6606,#6608,#6610));
#6612=FACE_BOUND('',#6611,.F.);
#6614=ORIENTED_EDGE('',*,*,#6613,.T.);
#6616=ORIENTED_EDGE('',*,*,#6615,.F.);
#6618=ORIENTED_EDGE('',*,*,#6617,.F.);
#6620=ORIENTED_EDGE('',*,*,#6619,.F.);
#6621=EDGE_LOOP('',(#6614,#6616,#6618,#6620));
#6622=FACE_BOUND('',#6621,.F.);
#6623=ADVANCED_FACE('',(#6585,#6592,#6602,#6612,#6622),#6519,.T.);
#6624=CARTESIAN_POINT('',(2.98E0,-2.45E-1,-8.5E0));
#6625=DIRECTION('',(-1.E0,0.E0,0.E0));
#6626=DIRECTION('',(0.E0,1.E0,0.E0));
#6627=AXIS2_PLACEMENT_3D('',#6624,#6625,#6626);
#6628=PLANE('',#6627);
#6629=ORIENTED_EDGE('',*,*,#6495,.T.);
#6630=ORIENTED_EDGE('',*,*,#6588,.T.);
#6631=ORIENTED_EDGE('',*,*,#6452,.F.);
#6632=ORIENTED_EDGE('',*,*,#6481,.F.);
#6633=EDGE_LOOP('',(#6629,#6630,#6631,#6632));
#6634=FACE_OUTER_BOUND('',#6633,.F.);
#6635=ADVANCED_FACE('',(#6634),#6628,.T.);
#6636=CARTESIAN_POINT('',(2.98E0,-2.45E-1,-8.5E0));
#6637=DIRECTION('',(-1.E0,0.E0,0.E0));
#6638=DIRECTION('',(0.E0,1.E0,0.E0));
#6639=AXIS2_PLACEMENT_3D('',#6636,#6637,#6638);
#6640=PLANE('',#6639);
#6641=ORIENTED_EDGE('',*,*,#6509,.T.);
#6643=ORIENTED_EDGE('',*,*,#6642,.T.);
#6645=ORIENTED_EDGE('',*,*,#6644,.T.);
#6647=ORIENTED_EDGE('',*,*,#6646,.T.);
#6649=ORIENTED_EDGE('',*,*,#6648,.F.);
#6651=ORIENTED_EDGE('',*,*,#6650,.F.);
#6652=ORIENTED_EDGE('',*,*,#6466,.F.);
#6653=ORIENTED_EDGE('',*,*,#5463,.F.);
#6654=EDGE_LOOP('',(#6641,#6643,#6645,#6647,#6649,#6651,#6652,#6653));
#6655=FACE_OUTER_BOUND('',#6654,.F.);
#6656=ADVANCED_FACE('',(#6655),#6640,.T.);
#6657=CARTESIAN_POINT('',(4.3E0,-9.25E-1,-2.065E1));
#6658=DIRECTION('',(-1.E0,0.E0,0.E0));
#6659=DIRECTION('',(0.E0,-1.E0,0.E0));
#6660=AXIS2_PLACEMENT_3D('',#6657,#6658,#6659);
#6661=CYLINDRICAL_SURFACE('',#6660,6.8E-1);
#6662=ORIENTED_EDGE('',*,*,#6507,.F.);
#6663=ORIENTED_EDGE('',*,*,#6436,.T.);
#6665=ORIENTED_EDGE('',*,*,#6664,.T.);
#6666=ORIENTED_EDGE('',*,*,#6642,.F.);
#6667=EDGE_LOOP('',(#6662,#6663,#6665,#6666));
#6668=FACE_OUTER_BOUND('',#6667,.F.);
#6669=ADVANCED_FACE('',(#6668),#6661,.F.);
#6670=CARTESIAN_POINT('',(3.62E0,-9.25E-1,-2.133E1));
#6671=DIRECTION('',(0.E0,0.E0,1.E0));
#6672=DIRECTION('',(-1.E0,0.E0,0.E0));
#6673=AXIS2_PLACEMENT_3D('',#6670,#6671,#6672);
#6674=PLANE('',#6673);
#6675=ORIENTED_EDGE('',*,*,#6664,.F.);
#6676=ORIENTED_EDGE('',*,*,#6434,.T.);
#6678=ORIENTED_EDGE('',*,*,#6677,.T.);
#6679=ORIENTED_EDGE('',*,*,#6644,.F.);
#6680=EDGE_LOOP('',(#6675,#6676,#6678,#6679));
#6681=FACE_OUTER_BOUND('',#6680,.F.);
#6682=ADVANCED_FACE('',(#6681),#6674,.T.);
#6683=CARTESIAN_POINT('',(3.3E0,-1.0025E1,-2.165E1));
#6684=DIRECTION('',(0.E0,-1.E0,0.E0));
#6685=DIRECTION('',(0.E0,0.E0,-1.E0));
#6686=AXIS2_PLACEMENT_3D('',#6683,#6684,#6685);
#6687=PLANE('',#6686);
#6688=ORIENTED_EDGE('',*,*,#6432,.F.);
#6690=ORIENTED_EDGE('',*,*,#6689,.F.);
#6691=ORIENTED_EDGE('',*,*,#6646,.F.);
#6692=ORIENTED_EDGE('',*,*,#6677,.F.);
#6693=EDGE_LOOP('',(#6688,#6690,#6691,#6692));
#6694=FACE_OUTER_BOUND('',#6693,.F.);
#6695=ADVANCED_FACE('',(#6694),#6687,.T.);
#6696=CARTESIAN_POINT('',(2.98E0,-9.25E-1,-2.197E1));
#6697=DIRECTION('',(0.E0,0.E0,-1.E0));
#6698=DIRECTION('',(1.E0,0.E0,0.E0));
#6699=AXIS2_PLACEMENT_3D('',#6696,#6697,#6698);
#6700=PLANE('',#6699);
#6702=ORIENTED_EDGE('',*,*,#6701,.F.);
#6703=ORIENTED_EDGE('',*,*,#6648,.T.);
#6704=ORIENTED_EDGE('',*,*,#6689,.T.);
#6705=ORIENTED_EDGE('',*,*,#6430,.F.);
#6706=EDGE_LOOP('',(#6702,#6703,#6704,#6705));
#6707=FACE_OUTER_BOUND('',#6706,.F.);
#6708=ADVANCED_FACE('',(#6707),#6700,.T.);
#6709=CARTESIAN_POINT('',(4.3E0,-9.25E-1,-2.065E1));
#6710=DIRECTION('',(-1.E0,0.E0,0.E0));
#6711=DIRECTION('',(0.E0,-1.E0,0.E0));
#6712=AXIS2_PLACEMENT_3D('',#6709,#6710,#6711);
#6713=CYLINDRICAL_SURFACE('',#6712,1.32E0);
#6714=ORIENTED_EDGE('',*,*,#6468,.F.);
#6715=ORIENTED_EDGE('',*,*,#6650,.T.);
#6716=ORIENTED_EDGE('',*,*,#6701,.T.);
#6717=ORIENTED_EDGE('',*,*,#6428,.F.);
#6718=EDGE_LOOP('',(#6714,#6715,#6716,#6717));
#6719=FACE_OUTER_BOUND('',#6718,.F.);
#6720=ADVANCED_FACE('',(#6719),#6713,.T.);
#6721=CARTESIAN_POINT('',(1.42E0,3.95E-1,-8.5E0));
#6722=DIRECTION('',(1.E0,0.E0,0.E0));
#6723=DIRECTION('',(0.E0,-1.E0,0.E0));
#6724=AXIS2_PLACEMENT_3D('',#6721,#6722,#6723);
#6725=PLANE('',#6724);
#6726=ORIENTED_EDGE('',*,*,#5469,.T.);
#6728=ORIENTED_EDGE('',*,*,#6727,.T.);
#6730=ORIENTED_EDGE('',*,*,#6729,.T.);
#6732=ORIENTED_EDGE('',*,*,#6731,.T.);
#6734=ORIENTED_EDGE('',*,*,#6733,.T.);
#6736=ORIENTED_EDGE('',*,*,#6735,.F.);
#6738=ORIENTED_EDGE('',*,*,#6737,.F.);
#6740=ORIENTED_EDGE('',*,*,#6739,.F.);
#6741=EDGE_LOOP('',(#6726,#6728,#6730,#6732,#6734,#6736,#6738,#6740));
#6742=FACE_OUTER_BOUND('',#6741,.F.);
#6743=ADVANCED_FACE('',(#6742),#6725,.T.);
#6744=CARTESIAN_POINT('',(1.42E0,3.95E-1,-8.5E0));
#6745=DIRECTION('',(1.E0,0.E0,0.E0));
#6746=DIRECTION('',(0.E0,-1.E0,0.E0));
#6747=AXIS2_PLACEMENT_3D('',#6744,#6745,#6746);
#6748=PLANE('',#6747);
#6749=ORIENTED_EDGE('',*,*,#6593,.F.);
#6751=ORIENTED_EDGE('',*,*,#6750,.F.);
#6753=ORIENTED_EDGE('',*,*,#6752,.F.);
#6755=ORIENTED_EDGE('',*,*,#6754,.T.);
#6756=EDGE_LOOP('',(#6749,#6751,#6753,#6755));
#6757=FACE_OUTER_BOUND('',#6756,.F.);
#6758=ADVANCED_FACE('',(#6757),#6748,.T.);
#6759=CARTESIAN_POINT('',(7.8E-1,3.95E-1,-8.5E0));
#6760=DIRECTION('',(0.E0,1.E0,0.E0));
#6761=DIRECTION('',(1.E0,0.E0,0.E0));
#6762=AXIS2_PLACEMENT_3D('',#6759,#6760,#6761);
#6763=PLANE('',#6762);
#6764=ORIENTED_EDGE('',*,*,#5475,.F.);
#6766=ORIENTED_EDGE('',*,*,#6765,.T.);
#6768=ORIENTED_EDGE('',*,*,#6767,.T.);
#6769=ORIENTED_EDGE('',*,*,#6727,.F.);
#6770=EDGE_LOOP('',(#6764,#6766,#6768,#6769));
#6771=FACE_OUTER_BOUND('',#6770,.F.);
#6772=ADVANCED_FACE('',(#6771),#6763,.T.);
#6773=CARTESIAN_POINT('',(7.8E-1,3.95E-1,-8.5E0));
#6774=DIRECTION('',(0.E0,1.E0,0.E0));
#6775=DIRECTION('',(1.E0,0.E0,0.E0));
#6776=AXIS2_PLACEMENT_3D('',#6773,#6774,#6775);
#6777=PLANE('',#6776);
#6778=ORIENTED_EDGE('',*,*,#6595,.T.);
#6779=ORIENTED_EDGE('',*,*,#6754,.F.);
#6781=ORIENTED_EDGE('',*,*,#6780,.F.);
#6783=ORIENTED_EDGE('',*,*,#6782,.T.);
#6784=EDGE_LOOP('',(#6778,#6779,#6781,#6783));
#6785=FACE_OUTER_BOUND('',#6784,.F.);
#6786=ADVANCED_FACE('',(#6785),#6777,.T.);
#6787=CARTESIAN_POINT('',(7.8E-1,-2.45E-1,-8.5E0));
#6788=DIRECTION('',(-1.E0,0.E0,0.E0));
#6789=DIRECTION('',(0.E0,1.E0,0.E0));
#6790=AXIS2_PLACEMENT_3D('',#6787,#6788,#6789);
#6791=PLANE('',#6790);
#6792=ORIENTED_EDGE('',*,*,#5473,.F.);
#6794=ORIENTED_EDGE('',*,*,#6793,.T.);
#6796=ORIENTED_EDGE('',*,*,#6795,.T.);
#6798=ORIENTED_EDGE('',*,*,#6797,.T.);
#6800=ORIENTED_EDGE('',*,*,#6799,.T.);
#6802=ORIENTED_EDGE('',*,*,#6801,.F.);
#6804=ORIENTED_EDGE('',*,*,#6803,.F.);
#6805=ORIENTED_EDGE('',*,*,#6765,.F.);
#6806=EDGE_LOOP('',(#6792,#6794,#6796,#6798,#6800,#6802,#6804,#6805));
#6807=FACE_OUTER_BOUND('',#6806,.F.);
#6808=ADVANCED_FACE('',(#6807),#6791,.T.);
#6809=CARTESIAN_POINT('',(7.8E-1,-2.45E-1,-8.5E0));
#6810=DIRECTION('',(-1.E0,0.E0,0.E0));
#6811=DIRECTION('',(0.E0,1.E0,0.E0));
#6812=AXIS2_PLACEMENT_3D('',#6809,#6810,#6811);
#6813=PLANE('',#6812);
#6814=ORIENTED_EDGE('',*,*,#6597,.T.);
#6815=ORIENTED_EDGE('',*,*,#6782,.F.);
#6817=ORIENTED_EDGE('',*,*,#6816,.F.);
#6819=ORIENTED_EDGE('',*,*,#6818,.T.);
#6820=EDGE_LOOP('',(#6814,#6815,#6817,#6819));
#6821=FACE_OUTER_BOUND('',#6820,.F.);
#6822=ADVANCED_FACE('',(#6821),#6813,.T.);
#6823=CARTESIAN_POINT('',(1.42E0,-2.45E-1,-8.5E0));
#6824=DIRECTION('',(0.E0,-1.E0,0.E0));
#6825=DIRECTION('',(-1.E0,0.E0,0.E0));
#6826=AXIS2_PLACEMENT_3D('',#6823,#6824,#6825);
#6827=PLANE('',#6826);
#6828=ORIENTED_EDGE('',*,*,#5471,.F.);
#6829=ORIENTED_EDGE('',*,*,#6739,.T.);
#6831=ORIENTED_EDGE('',*,*,#6830,.T.);
#6832=ORIENTED_EDGE('',*,*,#6793,.F.);
#6833=EDGE_LOOP('',(#6828,#6829,#6831,#6832));
#6834=FACE_OUTER_BOUND('',#6833,.F.);
#6835=ADVANCED_FACE('',(#6834),#6827,.T.);
#6836=CARTESIAN_POINT('',(1.42E0,-2.45E-1,-8.5E0));
#6837=DIRECTION('',(0.E0,-1.E0,0.E0));
#6838=DIRECTION('',(-1.E0,0.E0,0.E0));
#6839=AXIS2_PLACEMENT_3D('',#6836,#6837,#6838);
#6840=PLANE('',#6839);
#6841=ORIENTED_EDGE('',*,*,#6599,.T.);
#6842=ORIENTED_EDGE('',*,*,#6818,.F.);
#6844=ORIENTED_EDGE('',*,*,#6843,.F.);
#6845=ORIENTED_EDGE('',*,*,#6750,.T.);
#6846=EDGE_LOOP('',(#6841,#6842,#6844,#6845));
#6847=FACE_OUTER_BOUND('',#6846,.F.);
#6848=ADVANCED_FACE('',(#6847),#6840,.T.);
#6849=CARTESIAN_POINT('',(2.1E0,-9.25E-1,-2.065E1));
#6850=DIRECTION('',(-1.E0,0.E0,0.E0));
#6851=DIRECTION('',(0.E0,-1.E0,0.E0));
#6852=AXIS2_PLACEMENT_3D('',#6849,#6850,#6851);
#6853=CYLINDRICAL_SURFACE('',#6852,6.8E-1);
#6854=ORIENTED_EDGE('',*,*,#6830,.F.);
#6855=ORIENTED_EDGE('',*,*,#6737,.T.);
#6857=ORIENTED_EDGE('',*,*,#6856,.T.);
#6858=ORIENTED_EDGE('',*,*,#6795,.F.);
#6859=EDGE_LOOP('',(#6854,#6855,#6857,#6858));
#6860=FACE_OUTER_BOUND('',#6859,.F.);
#6861=ADVANCED_FACE('',(#6860),#6853,.F.);
#6862=CARTESIAN_POINT('',(1.42E0,-9.25E-1,-2.133E1));
#6863=DIRECTION('',(0.E0,0.E0,1.E0));
#6864=DIRECTION('',(-1.E0,0.E0,0.E0));
#6865=AXIS2_PLACEMENT_3D('',#6862,#6863,#6864);
#6866=PLANE('',#6865);
#6867=ORIENTED_EDGE('',*,*,#6856,.F.);
#6868=ORIENTED_EDGE('',*,*,#6735,.T.);
#6870=ORIENTED_EDGE('',*,*,#6869,.T.);
#6871=ORIENTED_EDGE('',*,*,#6797,.F.);
#6872=EDGE_LOOP('',(#6867,#6868,#6870,#6871));
#6873=FACE_OUTER_BOUND('',#6872,.F.);
#6874=ADVANCED_FACE('',(#6873),#6866,.T.);
#6875=CARTESIAN_POINT('',(1.1E0,-1.0025E1,-2.165E1));
#6876=DIRECTION('',(0.E0,-1.E0,0.E0));
#6877=DIRECTION('',(0.E0,0.E0,-1.E0));
#6878=AXIS2_PLACEMENT_3D('',#6875,#6876,#6877);
#6879=PLANE('',#6878);
#6880=ORIENTED_EDGE('',*,*,#6733,.F.);
#6882=ORIENTED_EDGE('',*,*,#6881,.F.);
#6883=ORIENTED_EDGE('',*,*,#6799,.F.);
#6884=ORIENTED_EDGE('',*,*,#6869,.F.);
#6885=EDGE_LOOP('',(#6880,#6882,#6883,#6884));
#6886=FACE_OUTER_BOUND('',#6885,.F.);
#6887=ADVANCED_FACE('',(#6886),#6879,.T.);
#6888=CARTESIAN_POINT('',(7.8E-1,-9.25E-1,-2.197E1));
#6889=DIRECTION('',(0.E0,0.E0,-1.E0));
#6890=DIRECTION('',(1.E0,0.E0,0.E0));
#6891=AXIS2_PLACEMENT_3D('',#6888,#6889,#6890);
#6892=PLANE('',#6891);
#6894=ORIENTED_EDGE('',*,*,#6893,.F.);
#6895=ORIENTED_EDGE('',*,*,#6801,.T.);
#6896=ORIENTED_EDGE('',*,*,#6881,.T.);
#6897=ORIENTED_EDGE('',*,*,#6731,.F.);
#6898=EDGE_LOOP('',(#6894,#6895,#6896,#6897));
#6899=FACE_OUTER_BOUND('',#6898,.F.);
#6900=ADVANCED_FACE('',(#6899),#6892,.T.);
#6901=CARTESIAN_POINT('',(2.1E0,-9.25E-1,-2.065E1));
#6902=DIRECTION('',(-1.E0,0.E0,0.E0));
#6903=DIRECTION('',(0.E0,-1.E0,0.E0));
#6904=AXIS2_PLACEMENT_3D('',#6901,#6902,#6903);
#6905=CYLINDRICAL_SURFACE('',#6904,1.32E0);
#6906=ORIENTED_EDGE('',*,*,#6767,.F.);
#6907=ORIENTED_EDGE('',*,*,#6803,.T.);
#6908=ORIENTED_EDGE('',*,*,#6893,.T.);
#6909=ORIENTED_EDGE('',*,*,#6729,.F.);
#6910=EDGE_LOOP('',(#6906,#6907,#6908,#6909));
#6911=FACE_OUTER_BOUND('',#6910,.F.);
#6912=ADVANCED_FACE('',(#6911),#6905,.T.);
#6913=CARTESIAN_POINT('',(1.1E0,7.5E-2,-8.5E0));
#6914=DIRECTION('',(0.E0,0.E0,-1.E0));
#6915=DIRECTION('',(0.E0,1.E0,0.E0));
#6916=AXIS2_PLACEMENT_3D('',#6913,#6914,#6915);
#6917=PLANE('',#6916);
#6918=ORIENTED_EDGE('',*,*,#6752,.T.);
#6919=ORIENTED_EDGE('',*,*,#6843,.T.);
#6920=ORIENTED_EDGE('',*,*,#6816,.T.);
#6921=ORIENTED_EDGE('',*,*,#6780,.T.);
#6922=EDGE_LOOP('',(#6918,#6919,#6920,#6921));
#6923=FACE_OUTER_BOUND('',#6922,.F.);
#6924=ADVANCED_FACE('',(#6923),#6917,.F.);
#6925=CARTESIAN_POINT('',(-7.8E-1,3.95E-1,-8.5E0));
#6926=DIRECTION('',(1.E0,0.E0,0.E0));
#6927=DIRECTION('',(0.E0,-1.E0,0.E0));
#6928=AXIS2_PLACEMENT_3D('',#6925,#6926,#6927);
#6929=PLANE('',#6928);
#6930=ORIENTED_EDGE('',*,*,#5479,.T.);
#6932=ORIENTED_EDGE('',*,*,#6931,.T.);
#6934=ORIENTED_EDGE('',*,*,#6933,.T.);
#6936=ORIENTED_EDGE('',*,*,#6935,.T.);
#6938=ORIENTED_EDGE('',*,*,#6937,.T.);
#6940=ORIENTED_EDGE('',*,*,#6939,.F.);
#6942=ORIENTED_EDGE('',*,*,#6941,.F.);
#6944=ORIENTED_EDGE('',*,*,#6943,.F.);
#6945=EDGE_LOOP('',(#6930,#6932,#6934,#6936,#6938,#6940,#6942,#6944));
#6946=FACE_OUTER_BOUND('',#6945,.F.);
#6947=ADVANCED_FACE('',(#6946),#6929,.T.);
#6948=CARTESIAN_POINT('',(-7.8E-1,3.95E-1,-8.5E0));
#6949=DIRECTION('',(1.E0,0.E0,0.E0));
#6950=DIRECTION('',(0.E0,-1.E0,0.E0));
#6951=AXIS2_PLACEMENT_3D('',#6948,#6949,#6950);
#6952=PLANE('',#6951);
#6953=ORIENTED_EDGE('',*,*,#6603,.F.);
#6955=ORIENTED_EDGE('',*,*,#6954,.F.);
#6957=ORIENTED_EDGE('',*,*,#6956,.F.);
#6959=ORIENTED_EDGE('',*,*,#6958,.T.);
#6960=EDGE_LOOP('',(#6953,#6955,#6957,#6959));
#6961=FACE_OUTER_BOUND('',#6960,.F.);
#6962=ADVANCED_FACE('',(#6961),#6952,.T.);
#6963=CARTESIAN_POINT('',(-1.42E0,3.95E-1,-8.5E0));
#6964=DIRECTION('',(0.E0,1.E0,0.E0));
#6965=DIRECTION('',(1.E0,0.E0,0.E0));
#6966=AXIS2_PLACEMENT_3D('',#6963,#6964,#6965);
#6967=PLANE('',#6966);
#6968=ORIENTED_EDGE('',*,*,#5485,.F.);
#6970=ORIENTED_EDGE('',*,*,#6969,.T.);
#6972=ORIENTED_EDGE('',*,*,#6971,.T.);
#6973=ORIENTED_EDGE('',*,*,#6931,.F.);
#6974=EDGE_LOOP('',(#6968,#6970,#6972,#6973));
#6975=FACE_OUTER_BOUND('',#6974,.F.);
#6976=ADVANCED_FACE('',(#6975),#6967,.T.);
#6977=CARTESIAN_POINT('',(-1.42E0,3.95E-1,-8.5E0));
#6978=DIRECTION('',(0.E0,1.E0,0.E0));
#6979=DIRECTION('',(1.E0,0.E0,0.E0));
#6980=AXIS2_PLACEMENT_3D('',#6977,#6978,#6979);
#6981=PLANE('',#6980);
#6982=ORIENTED_EDGE('',*,*,#6605,.T.);
#6983=ORIENTED_EDGE('',*,*,#6958,.F.);
#6985=ORIENTED_EDGE('',*,*,#6984,.F.);
#6987=ORIENTED_EDGE('',*,*,#6986,.T.);
#6988=EDGE_LOOP('',(#6982,#6983,#6985,#6987));
#6989=FACE_OUTER_BOUND('',#6988,.F.);
#6990=ADVANCED_FACE('',(#6989),#6981,.T.);
#6991=CARTESIAN_POINT('',(-1.42E0,-2.45E-1,-8.5E0));
#6992=DIRECTION('',(-1.E0,0.E0,0.E0));
#6993=DIRECTION('',(0.E0,1.E0,0.E0));
#6994=AXIS2_PLACEMENT_3D('',#6991,#6992,#6993);
#6995=PLANE('',#6994);
#6996=ORIENTED_EDGE('',*,*,#5483,.F.);
#6998=ORIENTED_EDGE('',*,*,#6997,.T.);
#7000=ORIENTED_EDGE('',*,*,#6999,.T.);
#7002=ORIENTED_EDGE('',*,*,#7001,.T.);
#7004=ORIENTED_EDGE('',*,*,#7003,.T.);
#7006=ORIENTED_EDGE('',*,*,#7005,.F.);
#7008=ORIENTED_EDGE('',*,*,#7007,.F.);
#7009=ORIENTED_EDGE('',*,*,#6969,.F.);
#7010=EDGE_LOOP('',(#6996,#6998,#7000,#7002,#7004,#7006,#7008,#7009));
#7011=FACE_OUTER_BOUND('',#7010,.F.);
#7012=ADVANCED_FACE('',(#7011),#6995,.T.);
#7013=CARTESIAN_POINT('',(-1.42E0,-2.45E-1,-8.5E0));
#7014=DIRECTION('',(-1.E0,0.E0,0.E0));
#7015=DIRECTION('',(0.E0,1.E0,0.E0));
#7016=AXIS2_PLACEMENT_3D('',#7013,#7014,#7015);
#7017=PLANE('',#7016);
#7018=ORIENTED_EDGE('',*,*,#6607,.T.);
#7019=ORIENTED_EDGE('',*,*,#6986,.F.);
#7021=ORIENTED_EDGE('',*,*,#7020,.F.);
#7023=ORIENTED_EDGE('',*,*,#7022,.T.);
#7024=EDGE_LOOP('',(#7018,#7019,#7021,#7023));
#7025=FACE_OUTER_BOUND('',#7024,.F.);
#7026=ADVANCED_FACE('',(#7025),#7017,.T.);
#7027=CARTESIAN_POINT('',(-7.8E-1,-2.45E-1,-8.5E0));
#7028=DIRECTION('',(0.E0,-1.E0,0.E0));
#7029=DIRECTION('',(-1.E0,0.E0,0.E0));
#7030=AXIS2_PLACEMENT_3D('',#7027,#7028,#7029);
#7031=PLANE('',#7030);
#7032=ORIENTED_EDGE('',*,*,#5481,.F.);
#7033=ORIENTED_EDGE('',*,*,#6943,.T.);
#7035=ORIENTED_EDGE('',*,*,#7034,.T.);
#7036=ORIENTED_EDGE('',*,*,#6997,.F.);
#7037=EDGE_LOOP('',(#7032,#7033,#7035,#7036));
#7038=FACE_OUTER_BOUND('',#7037,.F.);
#7039=ADVANCED_FACE('',(#7038),#7031,.T.);
#7040=CARTESIAN_POINT('',(-7.8E-1,-2.45E-1,-8.5E0));
#7041=DIRECTION('',(0.E0,-1.E0,0.E0));
#7042=DIRECTION('',(-1.E0,0.E0,0.E0));
#7043=AXIS2_PLACEMENT_3D('',#7040,#7041,#7042);
#7044=PLANE('',#7043);
#7045=ORIENTED_EDGE('',*,*,#6609,.T.);
#7046=ORIENTED_EDGE('',*,*,#7022,.F.);
#7048=ORIENTED_EDGE('',*,*,#7047,.F.);
#7049=ORIENTED_EDGE('',*,*,#6954,.T.);
#7050=EDGE_LOOP('',(#7045,#7046,#7048,#7049));
#7051=FACE_OUTER_BOUND('',#7050,.F.);
#7052=ADVANCED_FACE('',(#7051),#7044,.T.);
#7053=CARTESIAN_POINT('',(-1.E-1,-9.25E-1,-2.065E1));
#7054=DIRECTION('',(-1.E0,0.E0,0.E0));
#7055=DIRECTION('',(0.E0,-1.E0,0.E0));
#7056=AXIS2_PLACEMENT_3D('',#7053,#7054,#7055);
#7057=CYLINDRICAL_SURFACE('',#7056,6.8E-1);
#7058=ORIENTED_EDGE('',*,*,#7034,.F.);
#7059=ORIENTED_EDGE('',*,*,#6941,.T.);
#7061=ORIENTED_EDGE('',*,*,#7060,.T.);
#7062=ORIENTED_EDGE('',*,*,#6999,.F.);
#7063=EDGE_LOOP('',(#7058,#7059,#7061,#7062));
#7064=FACE_OUTER_BOUND('',#7063,.F.);
#7065=ADVANCED_FACE('',(#7064),#7057,.F.);
#7066=CARTESIAN_POINT('',(-7.8E-1,-9.25E-1,-2.133E1));
#7067=DIRECTION('',(0.E0,0.E0,1.E0));
#7068=DIRECTION('',(-1.E0,0.E0,0.E0));
#7069=AXIS2_PLACEMENT_3D('',#7066,#7067,#7068);
#7070=PLANE('',#7069);
#7071=ORIENTED_EDGE('',*,*,#7060,.F.);
#7072=ORIENTED_EDGE('',*,*,#6939,.T.);
#7074=ORIENTED_EDGE('',*,*,#7073,.T.);
#7075=ORIENTED_EDGE('',*,*,#7001,.F.);
#7076=EDGE_LOOP('',(#7071,#7072,#7074,#7075));
#7077=FACE_OUTER_BOUND('',#7076,.F.);
#7078=ADVANCED_FACE('',(#7077),#7070,.T.);
#7079=CARTESIAN_POINT('',(-1.1E0,-1.0025E1,-2.165E1));
#7080=DIRECTION('',(0.E0,-1.E0,0.E0));
#7081=DIRECTION('',(0.E0,0.E0,-1.E0));
#7082=AXIS2_PLACEMENT_3D('',#7079,#7080,#7081);
#7083=PLANE('',#7082);
#7084=ORIENTED_EDGE('',*,*,#6937,.F.);
#7086=ORIENTED_EDGE('',*,*,#7085,.F.);
#7087=ORIENTED_EDGE('',*,*,#7003,.F.);
#7088=ORIENTED_EDGE('',*,*,#7073,.F.);
#7089=EDGE_LOOP('',(#7084,#7086,#7087,#7088));
#7090=FACE_OUTER_BOUND('',#7089,.F.);
#7091=ADVANCED_FACE('',(#7090),#7083,.T.);
#7092=CARTESIAN_POINT('',(-1.42E0,-9.25E-1,-2.197E1));
#7093=DIRECTION('',(0.E0,0.E0,-1.E0));
#7094=DIRECTION('',(1.E0,0.E0,0.E0));
#7095=AXIS2_PLACEMENT_3D('',#7092,#7093,#7094);
#7096=PLANE('',#7095);
#7098=ORIENTED_EDGE('',*,*,#7097,.F.);
#7099=ORIENTED_EDGE('',*,*,#7005,.T.);
#7100=ORIENTED_EDGE('',*,*,#7085,.T.);
#7101=ORIENTED_EDGE('',*,*,#6935,.F.);
#7102=EDGE_LOOP('',(#7098,#7099,#7100,#7101));
#7103=FACE_OUTER_BOUND('',#7102,.F.);
#7104=ADVANCED_FACE('',(#7103),#7096,.T.);
#7105=CARTESIAN_POINT('',(-1.E-1,-9.25E-1,-2.065E1));
#7106=DIRECTION('',(-1.E0,0.E0,0.E0));
#7107=DIRECTION('',(0.E0,-1.E0,0.E0));
#7108=AXIS2_PLACEMENT_3D('',#7105,#7106,#7107);
#7109=CYLINDRICAL_SURFACE('',#7108,1.32E0);
#7110=ORIENTED_EDGE('',*,*,#6971,.F.);
#7111=ORIENTED_EDGE('',*,*,#7007,.T.);
#7112=ORIENTED_EDGE('',*,*,#7097,.T.);
#7113=ORIENTED_EDGE('',*,*,#6933,.F.);
#7114=EDGE_LOOP('',(#7110,#7111,#7112,#7113));
#7115=FACE_OUTER_BOUND('',#7114,.F.);
#7116=ADVANCED_FACE('',(#7115),#7109,.T.);
#7117=CARTESIAN_POINT('',(-1.1E0,7.5E-2,-8.5E0));
#7118=DIRECTION('',(0.E0,0.E0,-1.E0));
#7119=DIRECTION('',(0.E0,1.E0,0.E0));
#7120=AXIS2_PLACEMENT_3D('',#7117,#7118,#7119);
#7121=PLANE('',#7120);
#7122=ORIENTED_EDGE('',*,*,#6956,.T.);
#7123=ORIENTED_EDGE('',*,*,#7047,.T.);
#7124=ORIENTED_EDGE('',*,*,#7020,.T.);
#7125=ORIENTED_EDGE('',*,*,#6984,.T.);
#7126=EDGE_LOOP('',(#7122,#7123,#7124,#7125));
#7127=FACE_OUTER_BOUND('',#7126,.F.);
#7128=ADVANCED_FACE('',(#7127),#7121,.F.);
#7129=CARTESIAN_POINT('',(-2.98E0,3.95E-1,-8.5E0));
#7130=DIRECTION('',(1.E0,0.E0,0.E0));
#7131=DIRECTION('',(0.E0,-1.E0,0.E0));
#7132=AXIS2_PLACEMENT_3D('',#7129,#7130,#7131);
#7133=PLANE('',#7132);
#7134=ORIENTED_EDGE('',*,*,#5489,.T.);
#7136=ORIENTED_EDGE('',*,*,#7135,.T.);
#7138=ORIENTED_EDGE('',*,*,#7137,.T.);
#7140=ORIENTED_EDGE('',*,*,#7139,.T.);
#7142=ORIENTED_EDGE('',*,*,#7141,.T.);
#7144=ORIENTED_EDGE('',*,*,#7143,.F.);
#7146=ORIENTED_EDGE('',*,*,#7145,.F.);
#7148=ORIENTED_EDGE('',*,*,#7147,.F.);
#7149=EDGE_LOOP('',(#7134,#7136,#7138,#7140,#7142,#7144,#7146,#7148));
#7150=FACE_OUTER_BOUND('',#7149,.F.);
#7151=ADVANCED_FACE('',(#7150),#7133,.T.);
#7152=CARTESIAN_POINT('',(-2.98E0,3.95E-1,-8.5E0));
#7153=DIRECTION('',(1.E0,0.E0,0.E0));
#7154=DIRECTION('',(0.E0,-1.E0,0.E0));
#7155=AXIS2_PLACEMENT_3D('',#7152,#7153,#7154);
#7156=PLANE('',#7155);
#7157=ORIENTED_EDGE('',*,*,#6613,.F.);
#7159=ORIENTED_EDGE('',*,*,#7158,.F.);
#7161=ORIENTED_EDGE('',*,*,#7160,.F.);
#7163=ORIENTED_EDGE('',*,*,#7162,.T.);
#7164=EDGE_LOOP('',(#7157,#7159,#7161,#7163));
#7165=FACE_OUTER_BOUND('',#7164,.F.);
#7166=ADVANCED_FACE('',(#7165),#7156,.T.);
#7167=CARTESIAN_POINT('',(-3.62E0,3.95E-1,-8.5E0));
#7168=DIRECTION('',(0.E0,1.E0,0.E0));
#7169=DIRECTION('',(1.E0,0.E0,0.E0));
#7170=AXIS2_PLACEMENT_3D('',#7167,#7168,#7169);
#7171=PLANE('',#7170);
#7172=ORIENTED_EDGE('',*,*,#5495,.F.);
#7174=ORIENTED_EDGE('',*,*,#7173,.T.);
#7176=ORIENTED_EDGE('',*,*,#7175,.T.);
#7177=ORIENTED_EDGE('',*,*,#7135,.F.);
#7178=EDGE_LOOP('',(#7172,#7174,#7176,#7177));
#7179=FACE_OUTER_BOUND('',#7178,.F.);
#7180=ADVANCED_FACE('',(#7179),#7171,.T.);
#7181=CARTESIAN_POINT('',(-3.62E0,3.95E-1,-8.5E0));
#7182=DIRECTION('',(0.E0,1.E0,0.E0));
#7183=DIRECTION('',(1.E0,0.E0,0.E0));
#7184=AXIS2_PLACEMENT_3D('',#7181,#7182,#7183);
#7185=PLANE('',#7184);
#7186=ORIENTED_EDGE('',*,*,#6615,.T.);
#7187=ORIENTED_EDGE('',*,*,#7162,.F.);
#7189=ORIENTED_EDGE('',*,*,#7188,.F.);
#7191=ORIENTED_EDGE('',*,*,#7190,.T.);
#7192=EDGE_LOOP('',(#7186,#7187,#7189,#7191));
#7193=FACE_OUTER_BOUND('',#7192,.F.);
#7194=ADVANCED_FACE('',(#7193),#7185,.T.);
#7195=CARTESIAN_POINT('',(-3.62E0,-2.45E-1,-8.5E0));
#7196=DIRECTION('',(-1.E0,0.E0,0.E0));
#7197=DIRECTION('',(0.E0,1.E0,0.E0));
#7198=AXIS2_PLACEMENT_3D('',#7195,#7196,#7197);
#7199=PLANE('',#7198);
#7200=ORIENTED_EDGE('',*,*,#5493,.F.);
#7202=ORIENTED_EDGE('',*,*,#7201,.T.);
#7204=ORIENTED_EDGE('',*,*,#7203,.T.);
#7206=ORIENTED_EDGE('',*,*,#7205,.T.);
#7208=ORIENTED_EDGE('',*,*,#7207,.T.);
#7210=ORIENTED_EDGE('',*,*,#7209,.F.);
#7212=ORIENTED_EDGE('',*,*,#7211,.F.);
#7213=ORIENTED_EDGE('',*,*,#7173,.F.);
#7214=EDGE_LOOP('',(#7200,#7202,#7204,#7206,#7208,#7210,#7212,#7213));
#7215=FACE_OUTER_BOUND('',#7214,.F.);
#7216=ADVANCED_FACE('',(#7215),#7199,.T.);
#7217=CARTESIAN_POINT('',(-3.62E0,-2.45E-1,-8.5E0));
#7218=DIRECTION('',(-1.E0,0.E0,0.E0));
#7219=DIRECTION('',(0.E0,1.E0,0.E0));
#7220=AXIS2_PLACEMENT_3D('',#7217,#7218,#7219);
#7221=PLANE('',#7220);
#7222=ORIENTED_EDGE('',*,*,#6617,.T.);
#7223=ORIENTED_EDGE('',*,*,#7190,.F.);
#7225=ORIENTED_EDGE('',*,*,#7224,.F.);
#7227=ORIENTED_EDGE('',*,*,#7226,.T.);
#7228=EDGE_LOOP('',(#7222,#7223,#7225,#7227));
#7229=FACE_OUTER_BOUND('',#7228,.F.);
#7230=ADVANCED_FACE('',(#7229),#7221,.T.);
#7231=CARTESIAN_POINT('',(-2.98E0,-2.45E-1,-8.5E0));
#7232=DIRECTION('',(0.E0,-1.E0,0.E0));
#7233=DIRECTION('',(-1.E0,0.E0,0.E0));
#7234=AXIS2_PLACEMENT_3D('',#7231,#7232,#7233);
#7235=PLANE('',#7234);
#7236=ORIENTED_EDGE('',*,*,#5491,.F.);
#7237=ORIENTED_EDGE('',*,*,#7147,.T.);
#7239=ORIENTED_EDGE('',*,*,#7238,.T.);
#7240=ORIENTED_EDGE('',*,*,#7201,.F.);
#7241=EDGE_LOOP('',(#7236,#7237,#7239,#7240));
#7242=FACE_OUTER_BOUND('',#7241,.F.);
#7243=ADVANCED_FACE('',(#7242),#7235,.T.);
#7244=CARTESIAN_POINT('',(-2.98E0,-2.45E-1,-8.5E0));
#7245=DIRECTION('',(0.E0,-1.E0,0.E0));
#7246=DIRECTION('',(-1.E0,0.E0,0.E0));
#7247=AXIS2_PLACEMENT_3D('',#7244,#7245,#7246);
#7248=PLANE('',#7247);
#7249=ORIENTED_EDGE('',*,*,#6619,.T.);
#7250=ORIENTED_EDGE('',*,*,#7226,.F.);
#7252=ORIENTED_EDGE('',*,*,#7251,.F.);
#7253=ORIENTED_EDGE('',*,*,#7158,.T.);
#7254=EDGE_LOOP('',(#7249,#7250,#7252,#7253));
#7255=FACE_OUTER_BOUND('',#7254,.F.);
#7256=ADVANCED_FACE('',(#7255),#7248,.T.);
#7257=CARTESIAN_POINT('',(-2.3E0,-9.25E-1,-2.065E1));
#7258=DIRECTION('',(-1.E0,0.E0,0.E0));
#7259=DIRECTION('',(0.E0,-1.E0,0.E0));
#7260=AXIS2_PLACEMENT_3D('',#7257,#7258,#7259);
#7261=CYLINDRICAL_SURFACE('',#7260,6.8E-1);
#7262=ORIENTED_EDGE('',*,*,#7238,.F.);
#7263=ORIENTED_EDGE('',*,*,#7145,.T.);
#7265=ORIENTED_EDGE('',*,*,#7264,.T.);
#7266=ORIENTED_EDGE('',*,*,#7203,.F.);
#7267=EDGE_LOOP('',(#7262,#7263,#7265,#7266));
#7268=FACE_OUTER_BOUND('',#7267,.F.);
#7269=ADVANCED_FACE('',(#7268),#7261,.F.);
#7270=CARTESIAN_POINT('',(-2.98E0,-9.25E-1,-2.133E1));
#7271=DIRECTION('',(0.E0,0.E0,1.E0));
#7272=DIRECTION('',(-1.E0,0.E0,0.E0));
#7273=AXIS2_PLACEMENT_3D('',#7270,#7271,#7272);
#7274=PLANE('',#7273);
#7275=ORIENTED_EDGE('',*,*,#7264,.F.);
#7276=ORIENTED_EDGE('',*,*,#7143,.T.);
#7278=ORIENTED_EDGE('',*,*,#7277,.T.);
#7279=ORIENTED_EDGE('',*,*,#7205,.F.);
#7280=EDGE_LOOP('',(#7275,#7276,#7278,#7279));
#7281=FACE_OUTER_BOUND('',#7280,.F.);
#7282=ADVANCED_FACE('',(#7281),#7274,.T.);
#7283=CARTESIAN_POINT('',(-3.3E0,-1.0025E1,-2.165E1));
#7284=DIRECTION('',(0.E0,-1.E0,0.E0));
#7285=DIRECTION('',(0.E0,0.E0,-1.E0));
#7286=AXIS2_PLACEMENT_3D('',#7283,#7284,#7285);
#7287=PLANE('',#7286);
#7288=ORIENTED_EDGE('',*,*,#7141,.F.);
#7290=ORIENTED_EDGE('',*,*,#7289,.F.);
#7291=ORIENTED_EDGE('',*,*,#7207,.F.);
#7292=ORIENTED_EDGE('',*,*,#7277,.F.);
#7293=EDGE_LOOP('',(#7288,#7290,#7291,#7292));
#7294=FACE_OUTER_BOUND('',#7293,.F.);
#7295=ADVANCED_FACE('',(#7294),#7287,.T.);
#7296=CARTESIAN_POINT('',(-3.62E0,-9.25E-1,-2.197E1));
#7297=DIRECTION('',(0.E0,0.E0,-1.E0));
#7298=DIRECTION('',(1.E0,0.E0,0.E0));
#7299=AXIS2_PLACEMENT_3D('',#7296,#7297,#7298);
#7300=PLANE('',#7299);
#7302=ORIENTED_EDGE('',*,*,#7301,.F.);
#7303=ORIENTED_EDGE('',*,*,#7209,.T.);
#7304=ORIENTED_EDGE('',*,*,#7289,.T.);
#7305=ORIENTED_EDGE('',*,*,#7139,.F.);
#7306=EDGE_LOOP('',(#7302,#7303,#7304,#7305));
#7307=FACE_OUTER_BOUND('',#7306,.F.);
#7308=ADVANCED_FACE('',(#7307),#7300,.T.);
#7309=CARTESIAN_POINT('',(-2.3E0,-9.25E-1,-2.065E1));
#7310=DIRECTION('',(-1.E0,0.E0,0.E0));
#7311=DIRECTION('',(0.E0,-1.E0,0.E0));
#7312=AXIS2_PLACEMENT_3D('',#7309,#7310,#7311);
#7313=CYLINDRICAL_SURFACE('',#7312,1.32E0);
#7314=ORIENTED_EDGE('',*,*,#7175,.F.);
#7315=ORIENTED_EDGE('',*,*,#7211,.T.);
#7316=ORIENTED_EDGE('',*,*,#7301,.T.);
#7317=ORIENTED_EDGE('',*,*,#7137,.F.);
#7318=EDGE_LOOP('',(#7314,#7315,#7316,#7317));
#7319=FACE_OUTER_BOUND('',#7318,.F.);
#7320=ADVANCED_FACE('',(#7319),#7313,.T.);
#7321=CARTESIAN_POINT('',(-3.3E0,7.5E-2,-8.5E0));
#7322=DIRECTION('',(0.E0,0.E0,-1.E0));
#7323=DIRECTION('',(0.E0,1.E0,0.E0));
#7324=AXIS2_PLACEMENT_3D('',#7321,#7322,#7323);
#7325=PLANE('',#7324);
#7326=ORIENTED_EDGE('',*,*,#7160,.T.);
#7327=ORIENTED_EDGE('',*,*,#7251,.T.);
#7328=ORIENTED_EDGE('',*,*,#7224,.T.);
#7329=ORIENTED_EDGE('',*,*,#7188,.T.);
#7330=EDGE_LOOP('',(#7326,#7327,#7328,#7329));
#7331=FACE_OUTER_BOUND('',#7330,.F.);
#7332=ADVANCED_FACE('',(#7331),#7325,.F.);
#7333=CARTESIAN_POINT('',(-6.062487317798E0,-8.75E-1,-1.38E1));
#7334=DIRECTION('',(1.E0,0.E0,0.E0));
#7335=DIRECTION('',(0.E0,0.E0,-1.E0));
#7336=AXIS2_PLACEMENT_3D('',#7333,#7334,#7335);
#7337=CYLINDRICAL_SURFACE('',#7336,2.E-1);
#7339=ORIENTED_EDGE('',*,*,#7338,.T.);
#7341=ORIENTED_EDGE('',*,*,#7340,.T.);
#7343=ORIENTED_EDGE('',*,*,#7342,.T.);
#7344=ORIENTED_EDGE('',*,*,#6520,.F.);
#7345=EDGE_LOOP('',(#7339,#7341,#7343,#7344));
#7346=FACE_OUTER_BOUND('',#7345,.F.);
#7347=ADVANCED_FACE('',(#7346),#7337,.F.);
#7348=CARTESIAN_POINT('',(4.763884831187E0,-8.685297309912E-1,
-1.400192335194E1));
#7349=CARTESIAN_POINT('',(4.767195308526E0,-8.619730510975E-1,
-1.400251131167E1));
#7350=CARTESIAN_POINT('',(4.785185657074E0,-8.264696433665E-1,
-1.400526428999E1));
#7351=CARTESIAN_POINT('',(4.817181832107E0,-7.646226949524E-1,
-1.400592422307E1));
#7352=CARTESIAN_POINT('',(4.859304969300E0,-6.858339528611E-1,
-1.399772182508E1));
#7353=CARTESIAN_POINT('',(4.897945115015E0,-6.158210087304E-1,
-1.398147406631E1));
#7354=CARTESIAN_POINT('',(4.932714418553E0,-5.548242500329E-1,
-1.395758266574E1));
#7355=CARTESIAN_POINT('',(4.962808679220E0,-5.037737078852E-1,
-1.392594808330E1));
#7356=CARTESIAN_POINT('',(4.986656393450E0,-4.646807038787E-1,
-1.388637025502E1));
#7357=CARTESIAN_POINT('',(5.001609029059E0,-4.408971056245E-1,
-1.383974214115E1));
#7358=CARTESIAN_POINT('',(5.004206056886E0,-4.368305961139E-1,
-1.380254202635E1));
#7359=CARTESIAN_POINT('',(5.002804777734E0,-4.390388645261E-1,
-1.378332664362E1));
#7360=CARTESIAN_POINT('',(5.002487372791E0,-4.395411432210E-1,
-1.378004265498E1));
#7361=CARTESIAN_POINT('',(4.872938109041E0,-9.764322114548E-1,
-1.397857634355E1));
#7362=CARTESIAN_POINT('',(4.875902986740E0,-9.698264823501E-1,
-1.397737416904E1));
#7363=CARTESIAN_POINT('',(4.891687087E0,-9.341966096641E-1,-1.397048777120E1));
#7364=CARTESIAN_POINT('',(4.916580262213E0,-8.732492581506E-1,
-1.395500435727E1));
#7365=CARTESIAN_POINT('',(4.942888427988E0,-7.979436229602E-1,
-1.392909978932E1));
#7366=CARTESIAN_POINT('',(4.961306286465E0,-7.334344760048E-1,
-1.390133337976E1));
#7367=CARTESIAN_POINT('',(4.972611961232E0,-6.798535318994E-1,
-1.387348444310E1));
#7368=CARTESIAN_POINT('',(4.977569643172E0,-6.378542640507E-1,
-1.384747512209E1));
#7369=CARTESIAN_POINT('',(4.977508986227E0,-6.084409162068E-1,
-1.382554816862E1));
#7370=CARTESIAN_POINT('',(4.975214390067E0,-5.923180945820E-1,
-1.380950633290E1));
#7371=CARTESIAN_POINT('',(4.974607733707E0,-5.897405717477E-1,
-1.380070336224E1));
#7372=CARTESIAN_POINT('',(4.974889579503E0,-5.911798724247E-1,
-1.379585115685E1));
#7373=CARTESIAN_POINT('',(4.974949856239E0,-5.915066411831E-1,
-1.379500501910E1));
#7374=CARTESIAN_POINT('',(4.944985240828E0,-1.054069066E0,-1.409198535404E1));
#7375=CARTESIAN_POINT('',(4.949842149448E0,-1.047428045525E0,
-1.408959727269E1));
#7376=CARTESIAN_POINT('',(4.975619361592E0,-1.011707180109E0,
-1.407605108260E1));
#7377=CARTESIAN_POINT('',(5.015486651969E0,-9.514070970677E-1,
-1.404679337844E1));
#7378=CARTESIAN_POINT('',(5.055817758059E0,-8.786075902134E-1,
-1.399986259972E1));
#7379=CARTESIAN_POINT('',(5.082067751465E0,-8.180584773454E-1,
-1.395117618853E1));
#7380=CARTESIAN_POINT('',(5.095783930451E0,-7.698132819304E-1,
-1.390399276710E1));
#7381=CARTESIAN_POINT('',(5.098577715410E0,-7.343264914890E-1,
-1.386194826805E1));
#7382=CARTESIAN_POINT('',(5.093290260942E0,-7.118777477423E-1,
-1.382930329479E1));
#7383=CARTESIAN_POINT('',(5.085731826268E0,-7.012669273091E-1,
-1.380925397004E1));
#7384=CARTESIAN_POINT('',(5.084027702575E0,-6.997607444618E-1,
-1.380077112726E1));
#7385=CARTESIAN_POINT('',(5.084861662944E0,-7.006467655853E-1,
-1.379581567097E1));
#7386=CARTESIAN_POINT('',(5.085043861639E0,-7.008472532856E-1,
-1.379493703034E1));
#7387=CARTESIAN_POINT('',(4.917229200432E0,-1.033771208274E0,
-1.424330191552E1));
#7388=CARTESIAN_POINT('',(4.924566656790E0,-1.027139414592E0,
-1.424136580341E1));
#7389=CARTESIAN_POINT('',(4.963826241193E0,-9.914423388758E-1,
-1.422994414886E1));
#7390=CARTESIAN_POINT('',(5.027693167885E0,-9.309730299763E-1,
-1.420128702527E1));
#7391=CARTESIAN_POINT('',(5.099662586037E0,-8.575183054846E-1,
-1.414833265799E1));
#7392=CARTESIAN_POINT('',(5.154972566631E0,-7.959338568992E-1,
-1.408755898437E1));
#7393=CARTESIAN_POINT('',(5.194872362388E0,-7.462936504625E-1,
-1.402251626664E1));
#7394=CARTESIAN_POINT('',(5.220361007129E0,-7.091041977915E-1,
-1.395675257729E1));
#7395=CARTESIAN_POINT('',(5.233084059636E0,-6.848345850269E-1,
-1.389436262668E1));
#7396=CARTESIAN_POINT('',(5.236833195855E0,-6.727826730319E-1,
-1.383920501467E1));
#7397=CARTESIAN_POINT('',(5.237094385576E0,-6.709963924557E-1,
-1.380268625672E1));
#7398=CARTESIAN_POINT('',(5.236868221366E0,-6.720270663955E-1,
-1.378325111584E1));
#7399=CARTESIAN_POINT('',(5.236810313858E0,-6.722605697939E-1,
-1.377989794842E1));
#7400=(BOUNDED_SURFACE()B_SPLINE_SURFACE(3,3,((#7348,#7349,#7350,#7351,#7352,
#7353,#7354,#7355,#7356,#7357,#7358,#7359,#7360),(#7361,#7362,#7363,#7364,#7365,
#7366,#7367,#7368,#7369,#7370,#7371,#7372,#7373),(#7374,#7375,#7376,#7377,#7378,
#7379,#7380,#7381,#7382,#7383,#7384,#7385,#7386),(#7387,#7388,#7389,#7390,#7391,
#7392,#7393,#7394,#7395,#7396,#7397,#7398,#7399)),.UNSPECIFIED.,.F.,.F.,.F.)B_SPLINE_SURFACE_WITH_KNOTS((4,4),(4,1,1,1,1,1,1,1,1,1,4),(0.E0,1.E0),(
-3.523576707153E-2,0.E0,1.554970183167E-1,2.970000787269E-1,4.259745585319E-1,
5.434578687538E-1,6.511705502013E-1,7.495832525527E-1,8.390133336292E-1,
9.215488611113E-1,9.386969633960E-1),.UNSPECIFIED.)GEOMETRIC_REPRESENTATION_ITEM()RATIONAL_B_SPLINE_SURFACE(((1.278613105768E0,1.278613105768E0,1.278613105768E0,
1.278613105768E0,1.278613105768E0,1.278613105768E0,1.278613105768E0,
1.278613105768E0,1.278613105768E0,1.278613105768E0,1.278613105768E0,
1.278613105768E0,1.278613105768E0),(9.071289647441E-1,9.071289647441E-1,
9.071289647441E-1,9.071289647441E-1,9.071289647441E-1,9.071289647441E-1,
9.071289647441E-1,9.071289647441E-1,9.071289647441E-1,9.071289647441E-1,
9.071289647441E-1,9.071289647441E-1,9.071289647441E-1),(9.071289647441E-1,
9.071289647441E-1,9.071289647441E-1,9.071289647441E-1,9.071289647441E-1,
9.071289647441E-1,9.071289647441E-1,9.071289647441E-1,9.071289647441E-1,
9.071289647441E-1,9.071289647441E-1,9.071289647441E-1,9.071289647441E-1),(
1.278613105768E0,1.278613105768E0,1.278613105768E0,1.278613105768E0,
1.278613105768E0,1.278613105768E0,1.278613105768E0,1.278613105768E0,
1.278613105768E0,1.278613105768E0,1.278613105768E0,1.278613105768E0,
1.278613105768E0)))REPRESENTATION_ITEM('')SURFACE());
#7402=ORIENTED_EDGE('',*,*,#7401,.T.);
#7404=ORIENTED_EDGE('',*,*,#7403,.T.);
#7405=ORIENTED_EDGE('',*,*,#7338,.F.);
#7406=EDGE_LOOP('',(#7402,#7404,#7405));
#7407=FACE_OUTER_BOUND('',#7406,.F.);
#7408=ADVANCED_FACE('',(#7407),#7400,.T.);
#7409=CARTESIAN_POINT('',(4.8E0,5.134068487119E0,-1.38E1));
#7410=DIRECTION('',(0.E0,-1.E0,0.E0));
#7411=DIRECTION('',(0.E0,0.E0,-1.E0));
#7412=AXIS2_PLACEMENT_3D('',#7409,#7410,#7411);
#7413=CYLINDRICAL_SURFACE('',#7412,2.E-1);
#7414=ORIENTED_EDGE('',*,*,#7401,.F.);
#7415=ORIENTED_EDGE('',*,*,#6582,.F.);
#7417=ORIENTED_EDGE('',*,*,#7416,.T.);
#7419=ORIENTED_EDGE('',*,*,#7418,.T.);
#7420=EDGE_LOOP('',(#7414,#7415,#7417,#7419));
#7421=FACE_OUTER_BOUND('',#7420,.F.);
#7422=ADVANCED_FACE('',(#7421),#7413,.F.);
#7423=CARTESIAN_POINT('',(4.8E0,8.25E-1,0.E0));
#7424=DIRECTION('',(0.E0,-1.E0,0.E0));
#7425=DIRECTION('',(1.E0,0.E0,0.E0));
#7426=AXIS2_PLACEMENT_3D('',#7423,#7424,#7425);
#7427=PLANE('',#7426);
#7429=ORIENTED_EDGE('',*,*,#7428,.F.);
#7430=ORIENTED_EDGE('',*,*,#4468,.T.);
#7432=ORIENTED_EDGE('',*,*,#7431,.F.);
#7434=ORIENTED_EDGE('',*,*,#7433,.F.);
#7435=ORIENTED_EDGE('',*,*,#7416,.F.);
#7437=ORIENTED_EDGE('',*,*,#7436,.F.);
#7438=EDGE_LOOP('',(#7429,#7430,#7432,#7434,#7435,#7437));
#7439=FACE_OUTER_BOUND('',#7438,.F.);
#7440=ADVANCED_FACE('',(#7439),#7427,.T.);
#7441=CARTESIAN_POINT('',(4.9E0,1.075E0,-1.E-1));
#7442=DIRECTION('',(-7.071067811865E-1,0.E0,7.071067811865E-1));
#7443=DIRECTION('',(0.E0,-1.E0,0.E0));
#7444=AXIS2_PLACEMENT_3D('',#7441,#7442,#7443);
#7445=PLANE('',#7444);
#7446=ORIENTED_EDGE('',*,*,#7428,.T.);
#7448=ORIENTED_EDGE('',*,*,#7447,.F.);
#7450=ORIENTED_EDGE('',*,*,#7449,.T.);
#7451=ORIENTED_EDGE('',*,*,#4470,.T.);
#7452=EDGE_LOOP('',(#7446,#7448,#7450,#7451));
#7453=FACE_OUTER_BOUND('',#7452,.F.);
#7454=ADVANCED_FACE('',(#7453),#7445,.T.);
#7455=CARTESIAN_POINT('',(4.8E0,1.325E0,0.E0));
#7456=DIRECTION('',(-1.E0,0.E0,0.E0));
#7457=DIRECTION('',(0.E0,-1.E0,0.E0));
#7458=AXIS2_PLACEMENT_3D('',#7455,#7456,#7457);
#7459=PLANE('',#7458);
#7460=ORIENTED_EDGE('',*,*,#7447,.T.);
#7461=ORIENTED_EDGE('',*,*,#7436,.T.);
#7462=ORIENTED_EDGE('',*,*,#6580,.F.);
#7464=ORIENTED_EDGE('',*,*,#7463,.F.);
#7465=EDGE_LOOP('',(#7460,#7461,#7462,#7464));
#7466=FACE_OUTER_BOUND('',#7465,.F.);
#7467=ADVANCED_FACE('',(#7466),#7459,.T.);
#7468=CARTESIAN_POINT('',(5.E0,1.325E0,0.E0));
#7469=DIRECTION('',(0.E0,1.E0,0.E0));
#7470=DIRECTION('',(-1.E0,0.E0,0.E0));
#7471=AXIS2_PLACEMENT_3D('',#7468,#7469,#7470);
#7472=PLANE('',#7471);
#7474=ORIENTED_EDGE('',*,*,#7473,.T.);
#7476=ORIENTED_EDGE('',*,*,#7475,.F.);
#7477=ORIENTED_EDGE('',*,*,#4472,.T.);
#7478=ORIENTED_EDGE('',*,*,#7449,.F.);
#7479=ORIENTED_EDGE('',*,*,#7463,.T.);
#7481=ORIENTED_EDGE('',*,*,#7480,.F.);
#7482=EDGE_LOOP('',(#7474,#7476,#7477,#7478,#7479,#7481));
#7483=FACE_OUTER_BOUND('',#7482,.F.);
#7484=ADVANCED_FACE('',(#7483),#7472,.T.);
#7485=CARTESIAN_POINT('',(5.E0,-2.075E0,0.E0));
#7486=DIRECTION('',(1.E0,0.E0,0.E0));
#7487=DIRECTION('',(0.E0,1.E0,0.E0));
#7488=AXIS2_PLACEMENT_3D('',#7485,#7486,#7487);
#7489=PLANE('',#7488);
#7491=ORIENTED_EDGE('',*,*,#7490,.T.);
#7493=ORIENTED_EDGE('',*,*,#7492,.F.);
#7494=ORIENTED_EDGE('',*,*,#7418,.F.);
#7495=ORIENTED_EDGE('',*,*,#7433,.T.);
#7496=EDGE_LOOP('',(#7491,#7493,#7494,#7495));
#7497=FACE_OUTER_BOUND('',#7496,.F.);
#7498=ADVANCED_FACE('',(#7497),#7489,.F.);
#7499=CARTESIAN_POINT('',(5.E0,-2.075E0,0.E0));
#7500=DIRECTION('',(1.E0,0.E0,0.E0));
#7501=DIRECTION('',(0.E0,1.E0,0.E0));
#7502=AXIS2_PLACEMENT_3D('',#7499,#7500,#7501);
#7503=PLANE('',#7502);
#7505=ORIENTED_EDGE('',*,*,#7504,.T.);
#7506=ORIENTED_EDGE('',*,*,#7473,.F.);
#7508=ORIENTED_EDGE('',*,*,#7507,.F.);
#7510=ORIENTED_EDGE('',*,*,#7509,.T.);
#7511=EDGE_LOOP('',(#7505,#7506,#7508,#7510));
#7512=FACE_OUTER_BOUND('',#7511,.F.);
#7513=ADVANCED_FACE('',(#7512),#7503,.F.);
#7514=CARTESIAN_POINT('',(5.1E0,1.749999644777E-1,-1.E-1));
#7515=DIRECTION('',(-7.071067811865E-1,0.E0,7.071067811865E-1));
#7516=DIRECTION('',(0.E0,-1.E0,0.E0));
#7517=AXIS2_PLACEMENT_3D('',#7514,#7515,#7516);
#7518=PLANE('',#7517);
#7519=ORIENTED_EDGE('',*,*,#4466,.T.);
#7521=ORIENTED_EDGE('',*,*,#7520,.T.);
#7522=ORIENTED_EDGE('',*,*,#7490,.F.);
#7523=ORIENTED_EDGE('',*,*,#7431,.T.);
#7524=EDGE_LOOP('',(#7519,#7521,#7522,#7523));
#7525=FACE_OUTER_BOUND('',#7524,.F.);
#7526=ADVANCED_FACE('',(#7525),#7518,.T.);
#7527=CARTESIAN_POINT('',(5.2E0,-4.75E-1,-1.131595742962E-1));
#7528=DIRECTION('',(0.E0,0.E0,-1.E0));
#7529=DIRECTION('',(0.E0,-1.E0,0.E0));
#7530=AXIS2_PLACEMENT_3D('',#7527,#7528,#7529);
#7531=CONICAL_SURFACE('',#7530,1.131458080054E-1,4.499651466370E1);
#7533=ORIENTED_EDGE('',*,*,#7532,.F.);
#7534=ORIENTED_EDGE('',*,*,#7520,.F.);
#7536=ORIENTED_EDGE('',*,*,#7535,.T.);
#7537=EDGE_LOOP('',(#7533,#7534,#7536));
#7538=FACE_OUTER_BOUND('',#7537,.F.);
#7539=ADVANCED_FACE('',(#7538),#7531,.T.);
#7540=CARTESIAN_POINT('',(5.2E0,-4.75E-1,-1.384122887723E1));
#7541=DIRECTION('',(0.E0,0.E0,1.E0));
#7542=DIRECTION('',(-1.E0,0.E0,0.E0));
#7543=AXIS2_PLACEMENT_3D('',#7540,#7541,#7542);
#7544=CYLINDRICAL_SURFACE('',#7543,2.E-1);
#7545=ORIENTED_EDGE('',*,*,#7532,.T.);
#7547=ORIENTED_EDGE('',*,*,#7546,.F.);
#7548=ORIENTED_EDGE('',*,*,#7403,.F.);
#7549=ORIENTED_EDGE('',*,*,#7492,.T.);
#7550=EDGE_LOOP('',(#7545,#7547,#7548,#7549));
#7551=FACE_OUTER_BOUND('',#7550,.F.);
#7552=ADVANCED_FACE('',(#7551),#7544,.T.);
#7553=CARTESIAN_POINT('',(5.7E0,-6.75E-1,0.E0));
#7554=DIRECTION('',(0.E0,1.E0,0.E0));
#7555=DIRECTION('',(-1.E0,0.E0,0.E0));
#7556=AXIS2_PLACEMENT_3D('',#7553,#7554,#7555);
#7557=PLANE('',#7556);
#7559=ORIENTED_EDGE('',*,*,#7558,.T.);
#7561=ORIENTED_EDGE('',*,*,#7560,.T.);
#7562=ORIENTED_EDGE('',*,*,#7340,.F.);
#7563=ORIENTED_EDGE('',*,*,#7546,.T.);
#7564=EDGE_LOOP('',(#7559,#7561,#7562,#7563));
#7565=FACE_OUTER_BOUND('',#7564,.F.);
#7566=ADVANCED_FACE('',(#7565),#7557,.F.);
#7567=CARTESIAN_POINT('',(5.449999994346E0,-5.75E-1,-1.E-1));
#7568=DIRECTION('',(0.E0,-7.071067811865E-1,7.071067811865E-1));
#7569=DIRECTION('',(-1.E0,0.E0,0.E0));
#7570=AXIS2_PLACEMENT_3D('',#7567,#7568,#7569);
#7571=PLANE('',#7570);
#7572=ORIENTED_EDGE('',*,*,#7558,.F.);
#7573=ORIENTED_EDGE('',*,*,#7535,.F.);
#7574=ORIENTED_EDGE('',*,*,#4464,.T.);
#7576=ORIENTED_EDGE('',*,*,#7575,.F.);
#7577=EDGE_LOOP('',(#7572,#7573,#7574,#7576));
#7578=FACE_OUTER_BOUND('',#7577,.F.);
#7579=ADVANCED_FACE('',(#7578),#7571,.T.);
#7580=CARTESIAN_POINT('',(5.920710678119E0,-7.542893218813E-1,-1.E-1));
#7581=DIRECTION('',(-5.E-1,-5.E-1,7.071067811865E-1));
#7582=DIRECTION('',(2.886751345948E-1,-8.660254037844E-1,-4.082482904639E-1));
#7583=AXIS2_PLACEMENT_3D('',#7580,#7581,#7582);
#7584=PLANE('',#7583);
#7586=ORIENTED_EDGE('',*,*,#7585,.F.);
#7587=ORIENTED_EDGE('',*,*,#7575,.T.);
#7588=ORIENTED_EDGE('',*,*,#4462,.T.);
#7590=ORIENTED_EDGE('',*,*,#7589,.F.);
#7591=EDGE_LOOP('',(#7586,#7587,#7588,#7590));
#7592=FACE_OUTER_BOUND('',#7591,.F.);
#7593=ADVANCED_FACE('',(#7592),#7584,.T.);
#7594=CARTESIAN_POINT('',(6.E0,-9.75E-1,0.E0));
#7595=DIRECTION('',(7.071067811865E-1,7.071067811865E-1,0.E0));
#7596=DIRECTION('',(-7.071067811865E-1,7.071067811865E-1,0.E0));
#7597=AXIS2_PLACEMENT_3D('',#7594,#7595,#7596);
#7598=PLANE('',#7597);
#7599=ORIENTED_EDGE('',*,*,#7585,.T.);
#7601=ORIENTED_EDGE('',*,*,#7600,.T.);
#7603=ORIENTED_EDGE('',*,*,#7602,.F.);
#7604=ORIENTED_EDGE('',*,*,#7560,.F.);
#7605=EDGE_LOOP('',(#7599,#7601,#7603,#7604));
#7606=FACE_OUTER_BOUND('',#7605,.F.);
#7607=ADVANCED_FACE('',(#7606),#7598,.F.);
#7608=CARTESIAN_POINT('',(6.E0,-1.775E0,0.E0));
#7609=DIRECTION('',(1.E0,0.E0,0.E0));
#7610=DIRECTION('',(0.E0,1.E0,0.E0));
#7611=AXIS2_PLACEMENT_3D('',#7608,#7609,#7610);
#7612=PLANE('',#7611);
#7614=ORIENTED_EDGE('',*,*,#7613,.T.);
#7616=ORIENTED_EDGE('',*,*,#7615,.T.);
#7618=ORIENTED_EDGE('',*,*,#7617,.F.);
#7619=ORIENTED_EDGE('',*,*,#7600,.F.);
#7620=EDGE_LOOP('',(#7614,#7616,#7618,#7619));
#7621=FACE_OUTER_BOUND('',#7620,.F.);
#7622=ADVANCED_FACE('',(#7621),#7612,.F.);
#7623=CARTESIAN_POINT('',(6.1E0,-1.375E0,-1.E-1));
#7624=DIRECTION('',(-7.071067811865E-1,0.E0,7.071067811865E-1));
#7625=DIRECTION('',(0.E0,-1.E0,0.E0));
#7626=AXIS2_PLACEMENT_3D('',#7623,#7624,#7625);
#7627=PLANE('',#7626);
#7628=ORIENTED_EDGE('',*,*,#4460,.T.);
#7630=ORIENTED_EDGE('',*,*,#7629,.F.);
#7631=ORIENTED_EDGE('',*,*,#7613,.F.);
#7632=ORIENTED_EDGE('',*,*,#7589,.T.);
#7633=EDGE_LOOP('',(#7628,#7630,#7631,#7632));
#7634=FACE_OUTER_BOUND('',#7633,.F.);
#7635=ADVANCED_FACE('',(#7634),#7627,.T.);
#7636=CARTESIAN_POINT('',(5.920710678119E0,-1.995710678119E0,-1.E-1));
#7637=DIRECTION('',(-5.E-1,5.E-1,7.071067811865E-1));
#7638=DIRECTION('',(-2.886751345948E-1,-8.660254037844E-1,4.082482904639E-1));
#7639=AXIS2_PLACEMENT_3D('',#7636,#7637,#7638);
#7640=PLANE('',#7639);
#7641=ORIENTED_EDGE('',*,*,#4458,.T.);
#7643=ORIENTED_EDGE('',*,*,#7642,.F.);
#7645=ORIENTED_EDGE('',*,*,#7644,.F.);
#7646=ORIENTED_EDGE('',*,*,#7629,.T.);
#7647=EDGE_LOOP('',(#7641,#7643,#7645,#7646));
#7648=FACE_OUTER_BOUND('',#7647,.F.);
#7649=ADVANCED_FACE('',(#7648),#7640,.T.);
#7650=CARTESIAN_POINT('',(5.2E0,-2.175E0,-1.E-1));
#7651=DIRECTION('',(0.E0,7.071067811865E-1,7.071067811865E-1));
#7652=DIRECTION('',(-1.E0,0.E0,0.E0));
#7653=AXIS2_PLACEMENT_3D('',#7650,#7651,#7652);
#7654=PLANE('',#7653);
#7656=ORIENTED_EDGE('',*,*,#7655,.T.);
#7658=ORIENTED_EDGE('',*,*,#7657,.T.);
#7659=ORIENTED_EDGE('',*,*,#7642,.T.);
#7660=ORIENTED_EDGE('',*,*,#4456,.F.);
#7661=EDGE_LOOP('',(#7656,#7658,#7659,#7660));
#7662=FACE_OUTER_BOUND('',#7661,.F.);
#7663=ADVANCED_FACE('',(#7662),#7654,.T.);
#7664=CARTESIAN_POINT('',(4.7E0,-2.075E0,0.E0));
#7665=DIRECTION('',(1.E0,0.E0,0.E0));
#7666=DIRECTION('',(0.E0,0.E0,-1.E0));
#7667=AXIS2_PLACEMENT_3D('',#7664,#7665,#7666);
#7668=PLANE('',#7667);
#7669=ORIENTED_EDGE('',*,*,#7655,.F.);
#7670=ORIENTED_EDGE('',*,*,#4454,.T.);
#7672=ORIENTED_EDGE('',*,*,#7671,.F.);
#7674=ORIENTED_EDGE('',*,*,#7673,.T.);
#7676=ORIENTED_EDGE('',*,*,#7675,.T.);
#7678=ORIENTED_EDGE('',*,*,#7677,.F.);
#7679=EDGE_LOOP('',(#7669,#7670,#7672,#7674,#7676,#7678));
#7680=FACE_OUTER_BOUND('',#7679,.F.);
#7681=ADVANCED_FACE('',(#7680),#7668,.F.);
#7682=CARTESIAN_POINT('',(0.E0,-2.675E0,-1.E-1));
#7683=DIRECTION('',(0.E0,7.071067811865E-1,7.071067811865E-1));
#7684=DIRECTION('',(0.E0,7.071067811865E-1,-7.071067811865E-1));
#7685=AXIS2_PLACEMENT_3D('',#7682,#7683,#7684);
#7686=PLANE('',#7685);
#7687=ORIENTED_EDGE('',*,*,#7671,.T.);
#7688=ORIENTED_EDGE('',*,*,#4452,.T.);
#7690=ORIENTED_EDGE('',*,*,#7689,.T.);
#7692=ORIENTED_EDGE('',*,*,#7691,.F.);
#7693=EDGE_LOOP('',(#7687,#7688,#7690,#7692));
#7694=FACE_OUTER_BOUND('',#7693,.F.);
#7695=ADVANCED_FACE('',(#7694),#7686,.T.);
#7696=CARTESIAN_POINT('',(-4.7E0,-2.075E0,0.E0));
#7697=DIRECTION('',(1.E0,0.E0,0.E0));
#7698=DIRECTION('',(0.E0,0.E0,-1.E0));
#7699=AXIS2_PLACEMENT_3D('',#7696,#7697,#7698);
#7700=PLANE('',#7699);
#7702=ORIENTED_EDGE('',*,*,#7701,.F.);
#7704=ORIENTED_EDGE('',*,*,#7703,.T.);
#7706=ORIENTED_EDGE('',*,*,#7705,.F.);
#7708=ORIENTED_EDGE('',*,*,#7707,.F.);
#7709=ORIENTED_EDGE('',*,*,#7689,.F.);
#7710=ORIENTED_EDGE('',*,*,#4450,.T.);
#7711=EDGE_LOOP('',(#7702,#7704,#7706,#7708,#7709,#7710));
#7712=FACE_OUTER_BOUND('',#7711,.F.);
#7713=ADVANCED_FACE('',(#7712),#7700,.T.);
#7714=CARTESIAN_POINT('',(-5.2E0,-2.175E0,-1.E-1));
#7715=DIRECTION('',(0.E0,7.071067811865E-1,7.071067811865E-1));
#7716=DIRECTION('',(-1.E0,0.E0,0.E0));
#7717=AXIS2_PLACEMENT_3D('',#7714,#7715,#7716);
#7718=PLANE('',#7717);
#7719=ORIENTED_EDGE('',*,*,#7701,.T.);
#7720=ORIENTED_EDGE('',*,*,#4448,.F.);
#7722=ORIENTED_EDGE('',*,*,#7721,.F.);
#7724=ORIENTED_EDGE('',*,*,#7723,.T.);
#7725=EDGE_LOOP('',(#7719,#7720,#7722,#7724));
#7726=FACE_OUTER_BOUND('',#7725,.F.);
#7727=ADVANCED_FACE('',(#7726),#7718,.T.);
#7728=CARTESIAN_POINT('',(-5.920710678119E0,-1.995710678119E0,-1.E-1));
#7729=DIRECTION('',(5.E-1,5.E-1,7.071067811865E-1));
#7730=DIRECTION('',(2.886751345948E-1,-8.660254037844E-1,4.082482904639E-1));
#7731=AXIS2_PLACEMENT_3D('',#7728,#7729,#7730);
#7732=PLANE('',#7731);
#7734=ORIENTED_EDGE('',*,*,#7733,.F.);
#7735=ORIENTED_EDGE('',*,*,#7721,.T.);
#7736=ORIENTED_EDGE('',*,*,#4526,.T.);
#7738=ORIENTED_EDGE('',*,*,#7737,.F.);
#7739=EDGE_LOOP('',(#7734,#7735,#7736,#7738));
#7740=FACE_OUTER_BOUND('',#7739,.F.);
#7741=ADVANCED_FACE('',(#7740),#7732,.T.);
#7742=CARTESIAN_POINT('',(-6.E0,-1.775E0,0.E0));
#7743=DIRECTION('',(-7.071067811865E-1,-7.071067811865E-1,0.E0));
#7744=DIRECTION('',(7.071067811865E-1,-7.071067811865E-1,0.E0));
#7745=AXIS2_PLACEMENT_3D('',#7742,#7743,#7744);
#7746=PLANE('',#7745);
#7747=ORIENTED_EDGE('',*,*,#7733,.T.);
#7749=ORIENTED_EDGE('',*,*,#7748,.T.);
#7751=ORIENTED_EDGE('',*,*,#7750,.F.);
#7753=ORIENTED_EDGE('',*,*,#7752,.F.);
#7754=EDGE_LOOP('',(#7747,#7749,#7751,#7753));
#7755=FACE_OUTER_BOUND('',#7754,.F.);
#7756=ADVANCED_FACE('',(#7755),#7746,.F.);
#7757=CARTESIAN_POINT('',(-6.E0,-9.75E-1,0.E0));
#7758=DIRECTION('',(-1.E0,0.E0,0.E0));
#7759=DIRECTION('',(0.E0,-1.E0,0.E0));
#7760=AXIS2_PLACEMENT_3D('',#7757,#7758,#7759);
#7761=PLANE('',#7760);
#7763=ORIENTED_EDGE('',*,*,#7762,.T.);
#7765=ORIENTED_EDGE('',*,*,#7764,.T.);
#7767=ORIENTED_EDGE('',*,*,#7766,.F.);
#7768=ORIENTED_EDGE('',*,*,#7748,.F.);
#7769=EDGE_LOOP('',(#7763,#7765,#7767,#7768));
#7770=FACE_OUTER_BOUND('',#7769,.F.);
#7771=ADVANCED_FACE('',(#7770),#7761,.F.);
#7772=CARTESIAN_POINT('',(-6.1E0,-1.375E0,-1.E-1));
#7773=DIRECTION('',(7.071067811865E-1,0.E0,7.071067811865E-1));
#7774=DIRECTION('',(0.E0,-1.E0,0.E0));
#7775=AXIS2_PLACEMENT_3D('',#7772,#7773,#7774);
#7776=PLANE('',#7775);
#7777=ORIENTED_EDGE('',*,*,#4524,.T.);
#7779=ORIENTED_EDGE('',*,*,#7778,.F.);
#7780=ORIENTED_EDGE('',*,*,#7762,.F.);
#7781=ORIENTED_EDGE('',*,*,#7737,.T.);
#7782=EDGE_LOOP('',(#7777,#7779,#7780,#7781));
#7783=FACE_OUTER_BOUND('',#7782,.F.);
#7784=ADVANCED_FACE('',(#7783),#7776,.T.);
#7785=CARTESIAN_POINT('',(-5.920710678119E0,-7.542893218813E-1,-1.E-1));
#7786=DIRECTION('',(5.E-1,-5.E-1,7.071067811865E-1));
#7787=DIRECTION('',(-2.886751345948E-1,-8.660254037844E-1,-4.082482904639E-1));
#7788=AXIS2_PLACEMENT_3D('',#7785,#7786,#7787);
#7789=PLANE('',#7788);
#7790=ORIENTED_EDGE('',*,*,#4522,.T.);
#7792=ORIENTED_EDGE('',*,*,#7791,.F.);
#7794=ORIENTED_EDGE('',*,*,#7793,.F.);
#7795=ORIENTED_EDGE('',*,*,#7778,.T.);
#7796=EDGE_LOOP('',(#7790,#7792,#7794,#7795));
#7797=FACE_OUTER_BOUND('',#7796,.F.);
#7798=ADVANCED_FACE('',(#7797),#7789,.T.);
#7799=CARTESIAN_POINT('',(-5.449999994346E0,-5.75E-1,-1.E-1));
#7800=DIRECTION('',(0.E0,-7.071067811865E-1,7.071067811865E-1));
#7801=DIRECTION('',(-1.E0,0.E0,0.E0));
#7802=AXIS2_PLACEMENT_3D('',#7799,#7800,#7801);
#7803=PLANE('',#7802);
#7804=ORIENTED_EDGE('',*,*,#4520,.T.);
#7806=ORIENTED_EDGE('',*,*,#7805,.T.);
#7808=ORIENTED_EDGE('',*,*,#7807,.F.);
#7809=ORIENTED_EDGE('',*,*,#7791,.T.);
#7810=EDGE_LOOP('',(#7804,#7806,#7808,#7809));
#7811=FACE_OUTER_BOUND('',#7810,.F.);
#7812=ADVANCED_FACE('',(#7811),#7803,.T.);
#7813=CARTESIAN_POINT('',(-5.2E0,-4.75E-1,-1.131595742962E-1));
#7814=DIRECTION('',(0.E0,0.E0,-1.E0));
#7815=DIRECTION('',(0.E0,-1.E0,0.E0));
#7816=AXIS2_PLACEMENT_3D('',#7813,#7814,#7815);
#7817=CONICAL_SURFACE('',#7816,1.131458080054E-1,4.499651466370E1);
#7819=ORIENTED_EDGE('',*,*,#7818,.F.);
#7820=ORIENTED_EDGE('',*,*,#7805,.F.);
#7822=ORIENTED_EDGE('',*,*,#7821,.T.);
#7823=EDGE_LOOP('',(#7819,#7820,#7822));
#7824=FACE_OUTER_BOUND('',#7823,.F.);
#7825=ADVANCED_FACE('',(#7824),#7817,.T.);
#7826=CARTESIAN_POINT('',(-5.2E0,-4.75E-1,4.825206955865E-2));
#7827=DIRECTION('',(0.E0,0.E0,-1.E0));
#7828=DIRECTION('',(1.E0,0.E0,0.E0));
#7829=AXIS2_PLACEMENT_3D('',#7826,#7827,#7828);
#7830=CYLINDRICAL_SURFACE('',#7829,2.E-1);
#7831=ORIENTED_EDGE('',*,*,#7818,.T.);
#7833=ORIENTED_EDGE('',*,*,#7832,.T.);
#7835=ORIENTED_EDGE('',*,*,#7834,.T.);
#7837=ORIENTED_EDGE('',*,*,#7836,.F.);
#7838=EDGE_LOOP('',(#7831,#7833,#7835,#7837));
#7839=FACE_OUTER_BOUND('',#7838,.F.);
#7840=ADVANCED_FACE('',(#7839),#7830,.T.);
#7841=CARTESIAN_POINT('',(-5.E0,2.075E0,0.E0));
#7842=DIRECTION('',(-1.E0,0.E0,0.E0));
#7843=DIRECTION('',(0.E0,-1.E0,0.E0));
#7844=AXIS2_PLACEMENT_3D('',#7841,#7842,#7843);
#7845=PLANE('',#7844);
#7847=ORIENTED_EDGE('',*,*,#7846,.T.);
#7849=ORIENTED_EDGE('',*,*,#7848,.F.);
#7851=ORIENTED_EDGE('',*,*,#7850,.F.);
#7852=ORIENTED_EDGE('',*,*,#7832,.F.);
#7853=EDGE_LOOP('',(#7847,#7849,#7851,#7852));
#7854=FACE_OUTER_BOUND('',#7853,.F.);
#7855=ADVANCED_FACE('',(#7854),#7845,.F.);
#7856=CARTESIAN_POINT('',(-5.E0,2.075E0,0.E0));
#7857=DIRECTION('',(-1.E0,0.E0,0.E0));
#7858=DIRECTION('',(0.E0,-1.E0,0.E0));
#7859=AXIS2_PLACEMENT_3D('',#7856,#7857,#7858);
#7860=PLANE('',#7859);
#7862=ORIENTED_EDGE('',*,*,#7861,.T.);
#7864=ORIENTED_EDGE('',*,*,#7863,.F.);
#7866=ORIENTED_EDGE('',*,*,#7865,.F.);
#7868=ORIENTED_EDGE('',*,*,#7867,.T.);
#7869=EDGE_LOOP('',(#7862,#7864,#7866,#7868));
#7870=FACE_OUTER_BOUND('',#7869,.F.);
#7871=ADVANCED_FACE('',(#7870),#7860,.F.);
#7872=CARTESIAN_POINT('',(-5.1E0,1.749999644777E-1,-1.E-1));
#7873=DIRECTION('',(7.071067811865E-1,0.E0,7.071067811865E-1));
#7874=DIRECTION('',(0.E0,-1.E0,0.E0));
#7875=AXIS2_PLACEMENT_3D('',#7872,#7873,#7874);
#7876=PLANE('',#7875);
#7877=ORIENTED_EDGE('',*,*,#7846,.F.);
#7878=ORIENTED_EDGE('',*,*,#7821,.F.);
#7879=ORIENTED_EDGE('',*,*,#4518,.T.);
#7881=ORIENTED_EDGE('',*,*,#7880,.T.);
#7882=EDGE_LOOP('',(#7877,#7878,#7879,#7881));
#7883=FACE_OUTER_BOUND('',#7882,.F.);
#7884=ADVANCED_FACE('',(#7883),#7876,.T.);
#7885=CARTESIAN_POINT('',(-5.E0,8.25E-1,0.E0));
#7886=DIRECTION('',(0.E0,-1.E0,0.E0));
#7887=DIRECTION('',(1.E0,0.E0,0.E0));
#7888=AXIS2_PLACEMENT_3D('',#7885,#7886,#7887);
#7889=PLANE('',#7888);
#7890=ORIENTED_EDGE('',*,*,#7848,.T.);
#7891=ORIENTED_EDGE('',*,*,#7880,.F.);
#7892=ORIENTED_EDGE('',*,*,#4516,.T.);
#7894=ORIENTED_EDGE('',*,*,#7893,.F.);
#7896=ORIENTED_EDGE('',*,*,#7895,.T.);
#7898=ORIENTED_EDGE('',*,*,#7897,.F.);
#7899=EDGE_LOOP('',(#7890,#7891,#7892,#7894,#7896,#7898));
#7900=FACE_OUTER_BOUND('',#7899,.F.);
#7901=ADVANCED_FACE('',(#7900),#7889,.T.);
#7902=CARTESIAN_POINT('',(-4.9E0,1.075E0,-1.E-1));
#7903=DIRECTION('',(7.071067811865E-1,0.E0,7.071067811865E-1));
#7904=DIRECTION('',(0.E0,-1.E0,0.E0));
#7905=AXIS2_PLACEMENT_3D('',#7902,#7903,#7904);
#7906=PLANE('',#7905);
#7908=ORIENTED_EDGE('',*,*,#7907,.T.);
#7910=ORIENTED_EDGE('',*,*,#7909,.F.);
#7911=ORIENTED_EDGE('',*,*,#7893,.T.);
#7912=ORIENTED_EDGE('',*,*,#4514,.T.);
#7913=EDGE_LOOP('',(#7908,#7910,#7911,#7912));
#7914=FACE_OUTER_BOUND('',#7913,.F.);
#7915=ADVANCED_FACE('',(#7914),#7906,.T.);
#7916=CARTESIAN_POINT('',(-4.8E0,1.325E0,0.E0));
#7917=DIRECTION('',(0.E0,1.E0,0.E0));
#7918=DIRECTION('',(-1.E0,0.E0,0.E0));
#7919=AXIS2_PLACEMENT_3D('',#7916,#7917,#7918);
#7920=PLANE('',#7919);
#7921=ORIENTED_EDGE('',*,*,#7907,.F.);
#7922=ORIENTED_EDGE('',*,*,#4512,.T.);
#7924=ORIENTED_EDGE('',*,*,#7923,.F.);
#7925=ORIENTED_EDGE('',*,*,#7867,.F.);
#7927=ORIENTED_EDGE('',*,*,#7926,.F.);
#7929=ORIENTED_EDGE('',*,*,#7928,.F.);
#7930=EDGE_LOOP('',(#7921,#7922,#7924,#7925,#7927,#7929));
#7931=FACE_OUTER_BOUND('',#7930,.F.);
#7932=ADVANCED_FACE('',(#7931),#7920,.T.);
#7933=CARTESIAN_POINT('',(-5.1E0,1.7E0,-1.E-1));
#7934=DIRECTION('',(7.071067811865E-1,0.E0,7.071067811865E-1));
#7935=DIRECTION('',(0.E0,-1.E0,0.E0));
#7936=AXIS2_PLACEMENT_3D('',#7933,#7934,#7935);
#7937=PLANE('',#7936);
#7938=ORIENTED_EDGE('',*,*,#4510,.T.);
#7940=ORIENTED_EDGE('',*,*,#7939,.F.);
#7941=ORIENTED_EDGE('',*,*,#7861,.F.);
#7942=ORIENTED_EDGE('',*,*,#7923,.T.);
#7943=EDGE_LOOP('',(#7938,#7940,#7941,#7942));
#7944=FACE_OUTER_BOUND('',#7943,.F.);
#7945=ADVANCED_FACE('',(#7944),#7937,.T.);
#7946=CARTESIAN_POINT('',(-4.75E0,2.175E0,-1.E-1));
#7947=DIRECTION('',(0.E0,-7.071067811865E-1,7.071067811865E-1));
#7948=DIRECTION('',(-1.E0,0.E0,0.E0));
#7949=AXIS2_PLACEMENT_3D('',#7946,#7947,#7948);
#7950=PLANE('',#7949);
#7952=ORIENTED_EDGE('',*,*,#7951,.F.);
#7953=ORIENTED_EDGE('',*,*,#7939,.T.);
#7954=ORIENTED_EDGE('',*,*,#4508,.T.);
#7956=ORIENTED_EDGE('',*,*,#7955,.T.);
#7957=EDGE_LOOP('',(#7952,#7953,#7954,#7956));
#7958=FACE_OUTER_BOUND('',#7957,.F.);
#7959=ADVANCED_FACE('',(#7958),#7950,.T.);
#7960=CARTESIAN_POINT('',(-3.5E0,2.075E0,0.E0));
#7961=DIRECTION('',(0.E0,1.E0,0.E0));
#7962=DIRECTION('',(-1.E0,0.E0,0.E0));
#7963=AXIS2_PLACEMENT_3D('',#7960,#7961,#7962);
#7964=PLANE('',#7963);
#7965=ORIENTED_EDGE('',*,*,#7951,.T.);
#7967=ORIENTED_EDGE('',*,*,#7966,.F.);
#7968=ORIENTED_EDGE('',*,*,#6544,.F.);
#7970=ORIENTED_EDGE('',*,*,#7969,.F.);
#7971=ORIENTED_EDGE('',*,*,#7863,.T.);
#7972=EDGE_LOOP('',(#7965,#7967,#7968,#7970,#7971));
#7973=FACE_OUTER_BOUND('',#7972,.F.);
#7974=ADVANCED_FACE('',(#7973),#7964,.F.);
#7975=CARTESIAN_POINT('',(-3.5E0,2.075E0,0.E0));
#7976=DIRECTION('',(0.E0,1.E0,0.E0));
#7977=DIRECTION('',(-1.E0,0.E0,0.E0));
#7978=AXIS2_PLACEMENT_3D('',#7975,#7976,#7977);
#7979=PLANE('',#7978);
#7981=ORIENTED_EDGE('',*,*,#7980,.F.);
#7983=ORIENTED_EDGE('',*,*,#7982,.F.);
#7985=ORIENTED_EDGE('',*,*,#7984,.F.);
#7987=ORIENTED_EDGE('',*,*,#7986,.T.);
#7988=EDGE_LOOP('',(#7981,#7983,#7985,#7987));
#7989=FACE_OUTER_BOUND('',#7988,.F.);
#7990=ADVANCED_FACE('',(#7989),#7979,.F.);
#7991=CARTESIAN_POINT('',(-4.5E0,2.075E0,0.E0));
#7992=DIRECTION('',(-1.E0,0.E0,0.E0));
#7993=DIRECTION('',(0.E0,-1.E0,0.E0));
#7994=AXIS2_PLACEMENT_3D('',#7991,#7992,#7993);
#7995=PLANE('',#7994);
#7996=ORIENTED_EDGE('',*,*,#7966,.T.);
#7997=ORIENTED_EDGE('',*,*,#7955,.F.);
#7998=ORIENTED_EDGE('',*,*,#4506,.T.);
#8000=ORIENTED_EDGE('',*,*,#7999,.F.);
#8002=ORIENTED_EDGE('',*,*,#8001,.T.);
#8003=ORIENTED_EDGE('',*,*,#6546,.F.);
#8004=EDGE_LOOP('',(#7996,#7997,#7998,#8000,#8002,#8003));
#8005=FACE_OUTER_BOUND('',#8004,.F.);
#8006=ADVANCED_FACE('',(#8005),#7995,.T.);
#8007=CARTESIAN_POINT('',(-4.25E0,1.975E0,-1.E-1));
#8008=DIRECTION('',(0.E0,-7.071067811865E-1,7.071067811865E-1));
#8009=DIRECTION('',(-1.E0,0.E0,0.E0));
#8010=AXIS2_PLACEMENT_3D('',#8007,#8008,#8009);
#8011=PLANE('',#8010);
#8013=ORIENTED_EDGE('',*,*,#8012,.T.);
#8015=ORIENTED_EDGE('',*,*,#8014,.F.);
#8016=ORIENTED_EDGE('',*,*,#7999,.T.);
#8017=ORIENTED_EDGE('',*,*,#4504,.T.);
#8018=EDGE_LOOP('',(#8013,#8015,#8016,#8017));
#8019=FACE_OUTER_BOUND('',#8018,.F.);
#8020=ADVANCED_FACE('',(#8019),#8011,.T.);
#8021=CARTESIAN_POINT('',(-4.E0,1.875E0,0.E0));
#8022=DIRECTION('',(1.E0,0.E0,0.E0));
#8023=DIRECTION('',(0.E0,1.E0,0.E0));
#8024=AXIS2_PLACEMENT_3D('',#8021,#8022,#8023);
#8025=PLANE('',#8024);
#8026=ORIENTED_EDGE('',*,*,#8012,.F.);
#8027=ORIENTED_EDGE('',*,*,#4502,.T.);
#8029=ORIENTED_EDGE('',*,*,#8028,.F.);
#8030=ORIENTED_EDGE('',*,*,#7986,.F.);
#8032=ORIENTED_EDGE('',*,*,#8031,.F.);
#8034=ORIENTED_EDGE('',*,*,#8033,.F.);
#8035=EDGE_LOOP('',(#8026,#8027,#8029,#8030,#8032,#8034));
#8036=FACE_OUTER_BOUND('',#8035,.F.);
#8037=ADVANCED_FACE('',(#8036),#8025,.T.);
#8038=CARTESIAN_POINT('',(-3.849999977752E0,2.175E0,-1.E-1));
#8039=DIRECTION('',(0.E0,-7.071067811865E-1,7.071067811865E-1));
#8040=DIRECTION('',(-1.E0,0.E0,0.E0));
#8041=AXIS2_PLACEMENT_3D('',#8038,#8039,#8040);
#8042=PLANE('',#8041);
#8043=ORIENTED_EDGE('',*,*,#4500,.F.);
#8045=ORIENTED_EDGE('',*,*,#8044,.F.);
#8046=ORIENTED_EDGE('',*,*,#7980,.T.);
#8047=ORIENTED_EDGE('',*,*,#8028,.T.);
#8048=EDGE_LOOP('',(#8043,#8045,#8046,#8047));
#8049=FACE_OUTER_BOUND('',#8048,.F.);
#8050=ADVANCED_FACE('',(#8049),#8042,.T.);
#8051=CARTESIAN_POINT('',(-3.7E0,2.275E0,-1.131551591578E-1));
#8052=DIRECTION('',(0.E0,0.E0,-1.E0));
#8053=DIRECTION('',(0.E0,-1.E0,0.E0));
#8054=AXIS2_PLACEMENT_3D('',#8051,#8052,#8053);
#8055=CONICAL_SURFACE('',#8054,1.131454176717E-1,4.499753360752E1);
#8057=ORIENTED_EDGE('',*,*,#8056,.T.);
#8058=ORIENTED_EDGE('',*,*,#8044,.T.);
#8060=ORIENTED_EDGE('',*,*,#8059,.F.);
#8061=EDGE_LOOP('',(#8057,#8058,#8060));
#8062=FACE_OUTER_BOUND('',#8061,.F.);
#8063=ADVANCED_FACE('',(#8062),#8055,.T.);
#8064=CARTESIAN_POINT('',(-3.7E0,2.275E0,-1.404122887723E1));
#8065=DIRECTION('',(0.E0,0.E0,1.E0));
#8066=DIRECTION('',(0.E0,-1.E0,0.E0));
#8067=AXIS2_PLACEMENT_3D('',#8064,#8065,#8066);
#8068=CYLINDRICAL_SURFACE('',#8067,2.E-1);
#8069=ORIENTED_EDGE('',*,*,#8056,.F.);
#8071=ORIENTED_EDGE('',*,*,#8070,.F.);
#8073=ORIENTED_EDGE('',*,*,#8072,.F.);
#8074=ORIENTED_EDGE('',*,*,#7982,.T.);
#8075=EDGE_LOOP('',(#8069,#8071,#8073,#8074));
#8076=FACE_OUTER_BOUND('',#8075,.F.);
#8077=ADVANCED_FACE('',(#8076),#8068,.T.);
#8078=CARTESIAN_POINT('',(-3.5E0,4.175E0,0.E0));
#8079=DIRECTION('',(-1.E0,0.E0,0.E0));
#8080=DIRECTION('',(0.E0,-1.E0,0.E0));
#8081=AXIS2_PLACEMENT_3D('',#8078,#8079,#8080);
#8082=PLANE('',#8081);
#8084=ORIENTED_EDGE('',*,*,#8083,.F.);
#8086=ORIENTED_EDGE('',*,*,#8085,.T.);
#8088=ORIENTED_EDGE('',*,*,#8087,.F.);
#8090=ORIENTED_EDGE('',*,*,#8089,.F.);
#8092=ORIENTED_EDGE('',*,*,#8091,.F.);
#8093=ORIENTED_EDGE('',*,*,#8070,.T.);
#8094=EDGE_LOOP('',(#8084,#8086,#8088,#8090,#8092,#8093));
#8095=FACE_OUTER_BOUND('',#8094,.F.);
#8096=ADVANCED_FACE('',(#8095),#8082,.F.);
#8097=CARTESIAN_POINT('',(-3.6E0,3.474999974455E0,-1.E-1));
#8098=DIRECTION('',(7.071067811865E-1,0.E0,7.071067811865E-1));
#8099=DIRECTION('',(0.E0,-1.E0,0.E0));
#8100=AXIS2_PLACEMENT_3D('',#8097,#8098,#8099);
#8101=PLANE('',#8100);
#8102=ORIENTED_EDGE('',*,*,#8083,.T.);
#8103=ORIENTED_EDGE('',*,*,#8059,.T.);
#8104=ORIENTED_EDGE('',*,*,#4498,.F.);
#8106=ORIENTED_EDGE('',*,*,#8105,.T.);
#8107=EDGE_LOOP('',(#8102,#8103,#8104,#8106));
#8108=FACE_OUTER_BOUND('',#8107,.F.);
#8109=ADVANCED_FACE('',(#8108),#8101,.T.);
#8110=CARTESIAN_POINT('',(-3.15E0,4.775E0,-1.E-1));
#8111=DIRECTION('',(0.E0,-7.071067811865E-1,7.071067811865E-1));
#8112=DIRECTION('',(0.E0,-7.071067811865E-1,-7.071067811865E-1));
#8113=AXIS2_PLACEMENT_3D('',#8110,#8111,#8112);
#8114=PLANE('',#8113);
#8116=ORIENTED_EDGE('',*,*,#8115,.F.);
#8117=ORIENTED_EDGE('',*,*,#8105,.F.);
#8118=ORIENTED_EDGE('',*,*,#4496,.T.);
#8120=ORIENTED_EDGE('',*,*,#8119,.T.);
#8121=EDGE_LOOP('',(#8116,#8117,#8118,#8120));
#8122=FACE_OUTER_BOUND('',#8121,.F.);
#8123=ADVANCED_FACE('',(#8122),#8114,.T.);
#8124=CARTESIAN_POINT('',(-3.5E0,4.675E0,0.E0));
#8125=DIRECTION('',(0.E0,1.E0,0.E0));
#8126=DIRECTION('',(0.E0,0.E0,-1.E0));
#8127=AXIS2_PLACEMENT_3D('',#8124,#8125,#8126);
#8128=PLANE('',#8127);
#8129=ORIENTED_EDGE('',*,*,#8115,.T.);
#8131=ORIENTED_EDGE('',*,*,#8130,.T.);
#8133=ORIENTED_EDGE('',*,*,#8132,.T.);
#8134=ORIENTED_EDGE('',*,*,#8085,.F.);
#8135=EDGE_LOOP('',(#8129,#8131,#8133,#8134));
#8136=FACE_OUTER_BOUND('',#8135,.F.);
#8137=ADVANCED_FACE('',(#8136),#8128,.F.);
#8138=CARTESIAN_POINT('',(-3.5E0,4.675E0,0.E0));
#8139=DIRECTION('',(0.E0,1.E0,0.E0));
#8140=DIRECTION('',(0.E0,0.E0,-1.E0));
#8141=AXIS2_PLACEMENT_3D('',#8138,#8139,#8140);
#8142=PLANE('',#8141);
#8144=ORIENTED_EDGE('',*,*,#8143,.T.);
#8146=ORIENTED_EDGE('',*,*,#8145,.F.);
#8148=ORIENTED_EDGE('',*,*,#8147,.T.);
#8150=ORIENTED_EDGE('',*,*,#8149,.F.);
#8151=EDGE_LOOP('',(#8144,#8146,#8148,#8150));
#8152=FACE_OUTER_BOUND('',#8151,.F.);
#8153=ADVANCED_FACE('',(#8152),#8142,.F.);
#8154=CARTESIAN_POINT('',(-2.8E0,4.675E0,0.E0));
#8155=DIRECTION('',(-7.071067811865E-1,-7.071067811865E-1,0.E0));
#8156=DIRECTION('',(7.071067811865E-1,-7.071067811865E-1,0.E0));
#8157=AXIS2_PLACEMENT_3D('',#8154,#8155,#8156);
#8158=PLANE('',#8157);
#8160=ORIENTED_EDGE('',*,*,#8159,.F.);
#8162=ORIENTED_EDGE('',*,*,#8161,.T.);
#8164=ORIENTED_EDGE('',*,*,#8163,.T.);
#8166=ORIENTED_EDGE('',*,*,#8165,.T.);
#8167=ORIENTED_EDGE('',*,*,#8130,.F.);
#8168=ORIENTED_EDGE('',*,*,#8119,.F.);
#8169=ORIENTED_EDGE('',*,*,#4494,.T.);
#8170=EDGE_LOOP('',(#8160,#8162,#8164,#8166,#8167,#8168,#8169));
#8171=FACE_OUTER_BOUND('',#8170,.F.);
#8172=ADVANCED_FACE('',(#8171),#8158,.T.);
#8173=CARTESIAN_POINT('',(2.502758685025E0,4.355847955711E0,
-6.417223525279E-1));
#8174=DIRECTION('',(0.E0,8.191520442890E-1,-5.735764363510E-1));
#8175=DIRECTION('',(0.E0,5.735764363510E-1,8.191520442890E-1));
#8176=AXIS2_PLACEMENT_3D('',#8173,#8174,#8175);
#8177=PLANE('',#8176);
#8178=ORIENTED_EDGE('',*,*,#8159,.T.);
#8179=ORIENTED_EDGE('',*,*,#4492,.T.);
#8181=ORIENTED_EDGE('',*,*,#8180,.F.);
#8183=ORIENTED_EDGE('',*,*,#8182,.T.);
#8184=EDGE_LOOP('',(#8178,#8179,#8181,#8183));
#8185=FACE_OUTER_BOUND('',#8184,.F.);
#8186=ADVANCED_FACE('',(#8185),#8177,.F.);
#8187=CARTESIAN_POINT('',(2.3E0,4.175E0,0.E0));
#8188=DIRECTION('',(7.071067811865E-1,-7.071067811865E-1,0.E0));
#8189=DIRECTION('',(7.071067811865E-1,7.071067811865E-1,0.E0));
#8190=AXIS2_PLACEMENT_3D('',#8187,#8188,#8189);
#8191=PLANE('',#8190);
#8192=ORIENTED_EDGE('',*,*,#8180,.T.);
#8193=ORIENTED_EDGE('',*,*,#4490,.T.);
#8195=ORIENTED_EDGE('',*,*,#8194,.F.);
#8196=ORIENTED_EDGE('',*,*,#8149,.T.);
#8198=ORIENTED_EDGE('',*,*,#8197,.F.);
#8200=ORIENTED_EDGE('',*,*,#8199,.F.);
#8202=ORIENTED_EDGE('',*,*,#8201,.F.);
#8203=EDGE_LOOP('',(#8192,#8193,#8195,#8196,#8198,#8200,#8202));
#8204=FACE_OUTER_BOUND('',#8203,.F.);
#8205=ADVANCED_FACE('',(#8204),#8191,.T.);
#8206=CARTESIAN_POINT('',(3.15E0,4.775E0,-1.E-1));
#8207=DIRECTION('',(0.E0,-7.071067811865E-1,7.071067811865E-1));
#8208=DIRECTION('',(0.E0,-7.071067811865E-1,-7.071067811865E-1));
#8209=AXIS2_PLACEMENT_3D('',#8206,#8207,#8208);
#8210=PLANE('',#8209);
#8211=ORIENTED_EDGE('',*,*,#4488,.T.);
#8213=ORIENTED_EDGE('',*,*,#8212,.F.);
#8214=ORIENTED_EDGE('',*,*,#8143,.F.);
#8215=ORIENTED_EDGE('',*,*,#8194,.T.);
#8216=EDGE_LOOP('',(#8211,#8213,#8214,#8215));
#8217=FACE_OUTER_BOUND('',#8216,.F.);
#8218=ADVANCED_FACE('',(#8217),#8210,.T.);
#8219=CARTESIAN_POINT('',(3.6E0,3.474999977752E0,-1.E-1));
#8220=DIRECTION('',(-7.071067811865E-1,0.E0,7.071067811865E-1));
#8221=DIRECTION('',(0.E0,-1.E0,0.E0));
#8222=AXIS2_PLACEMENT_3D('',#8219,#8220,#8221);
#8223=PLANE('',#8222);
#8224=ORIENTED_EDGE('',*,*,#4486,.F.);
#8226=ORIENTED_EDGE('',*,*,#8225,.F.);
#8228=ORIENTED_EDGE('',*,*,#8227,.T.);
#8229=ORIENTED_EDGE('',*,*,#8212,.T.);
#8230=EDGE_LOOP('',(#8224,#8226,#8228,#8229));
#8231=FACE_OUTER_BOUND('',#8230,.F.);
#8232=ADVANCED_FACE('',(#8231),#8223,.T.);
#8233=CARTESIAN_POINT('',(3.7E0,2.275E0,-1.131551591578E-1));
#8234=DIRECTION('',(0.E0,0.E0,-1.E0));
#8235=DIRECTION('',(0.E0,-1.E0,0.E0));
#8236=AXIS2_PLACEMENT_3D('',#8233,#8234,#8235);
#8237=CONICAL_SURFACE('',#8236,1.131454176717E-1,4.499753360752E1);
#8239=ORIENTED_EDGE('',*,*,#8238,.T.);
#8240=ORIENTED_EDGE('',*,*,#8225,.T.);
#8242=ORIENTED_EDGE('',*,*,#8241,.F.);
#8243=EDGE_LOOP('',(#8239,#8240,#8242));
#8244=FACE_OUTER_BOUND('',#8243,.F.);
#8245=ADVANCED_FACE('',(#8244),#8237,.T.);
#8246=CARTESIAN_POINT('',(3.7E0,2.275E0,-1.404122887723E1));
#8247=DIRECTION('',(0.E0,0.E0,1.E0));
#8248=DIRECTION('',(-1.E0,0.E0,0.E0));
#8249=AXIS2_PLACEMENT_3D('',#8246,#8247,#8248);
#8250=CYLINDRICAL_SURFACE('',#8249,2.E-1);
#8251=ORIENTED_EDGE('',*,*,#8238,.F.);
#8253=ORIENTED_EDGE('',*,*,#8252,.F.);
#8255=ORIENTED_EDGE('',*,*,#8254,.F.);
#8257=ORIENTED_EDGE('',*,*,#8256,.T.);
#8258=EDGE_LOOP('',(#8251,#8253,#8255,#8257));
#8259=FACE_OUTER_BOUND('',#8258,.F.);
#8260=ADVANCED_FACE('',(#8259),#8250,.T.);
#8261=CARTESIAN_POINT('',(5.E0,2.075E0,0.E0));
#8262=DIRECTION('',(0.E0,1.E0,0.E0));
#8263=DIRECTION('',(-1.E0,0.E0,0.E0));
#8264=AXIS2_PLACEMENT_3D('',#8261,#8262,#8263);
#8265=PLANE('',#8264);
#8267=ORIENTED_EDGE('',*,*,#8266,.T.);
#8268=ORIENTED_EDGE('',*,*,#7509,.F.);
#8270=ORIENTED_EDGE('',*,*,#8269,.F.);
#8271=ORIENTED_EDGE('',*,*,#6576,.F.);
#8273=ORIENTED_EDGE('',*,*,#8272,.T.);
#8274=EDGE_LOOP('',(#8267,#8268,#8270,#8271,#8273));
#8275=FACE_OUTER_BOUND('',#8274,.F.);
#8276=ADVANCED_FACE('',(#8275),#8265,.F.);
#8277=CARTESIAN_POINT('',(5.E0,2.075E0,0.E0));
#8278=DIRECTION('',(0.E0,1.E0,0.E0));
#8279=DIRECTION('',(-1.E0,0.E0,0.E0));
#8280=AXIS2_PLACEMENT_3D('',#8277,#8278,#8279);
#8281=PLANE('',#8280);
#8283=ORIENTED_EDGE('',*,*,#8282,.F.);
#8285=ORIENTED_EDGE('',*,*,#8284,.F.);
#8287=ORIENTED_EDGE('',*,*,#8286,.F.);
#8288=ORIENTED_EDGE('',*,*,#8252,.T.);
#8289=EDGE_LOOP('',(#8283,#8285,#8287,#8288));
#8290=FACE_OUTER_BOUND('',#8289,.F.);
#8291=ADVANCED_FACE('',(#8290),#8281,.F.);
#8292=CARTESIAN_POINT('',(4.75E0,2.175E0,-1.E-1));
#8293=DIRECTION('',(0.E0,-7.071067811865E-1,7.071067811865E-1));
#8294=DIRECTION('',(-1.E0,0.E0,0.E0));
#8295=AXIS2_PLACEMENT_3D('',#8292,#8293,#8294);
#8296=PLANE('',#8295);
#8297=ORIENTED_EDGE('',*,*,#4476,.T.);
#8299=ORIENTED_EDGE('',*,*,#8298,.F.);
#8300=ORIENTED_EDGE('',*,*,#8266,.F.);
#8302=ORIENTED_EDGE('',*,*,#8301,.T.);
#8303=EDGE_LOOP('',(#8297,#8299,#8300,#8302));
#8304=FACE_OUTER_BOUND('',#8303,.F.);
#8305=ADVANCED_FACE('',(#8304),#8296,.T.);
#8306=CARTESIAN_POINT('',(5.1E0,1.7E0,-1.E-1));
#8307=DIRECTION('',(-7.071067811865E-1,0.E0,7.071067811865E-1));
#8308=DIRECTION('',(0.E0,-1.E0,0.E0));
#8309=AXIS2_PLACEMENT_3D('',#8306,#8307,#8308);
#8310=PLANE('',#8309);
#8311=ORIENTED_EDGE('',*,*,#7504,.F.);
#8312=ORIENTED_EDGE('',*,*,#8298,.T.);
#8313=ORIENTED_EDGE('',*,*,#4474,.T.);
#8314=ORIENTED_EDGE('',*,*,#7475,.T.);
#8315=EDGE_LOOP('',(#8311,#8312,#8313,#8314));
#8316=FACE_OUTER_BOUND('',#8315,.F.);
#8317=ADVANCED_FACE('',(#8316),#8310,.T.);
#8318=CARTESIAN_POINT('',(4.5E0,1.875E0,0.E0));
#8319=DIRECTION('',(1.E0,0.E0,0.E0));
#8320=DIRECTION('',(0.E0,1.E0,0.E0));
#8321=AXIS2_PLACEMENT_3D('',#8318,#8319,#8320);
#8322=PLANE('',#8321);
#8324=ORIENTED_EDGE('',*,*,#8323,.F.);
#8325=ORIENTED_EDGE('',*,*,#4478,.T.);
#8326=ORIENTED_EDGE('',*,*,#8301,.F.);
#8327=ORIENTED_EDGE('',*,*,#8272,.F.);
#8328=ORIENTED_EDGE('',*,*,#6574,.F.);
#8330=ORIENTED_EDGE('',*,*,#8329,.F.);
#8331=EDGE_LOOP('',(#8324,#8325,#8326,#8327,#8328,#8330));
#8332=FACE_OUTER_BOUND('',#8331,.F.);
#8333=ADVANCED_FACE('',(#8332),#8322,.T.);
#8334=CARTESIAN_POINT('',(4.25E0,1.975E0,-1.E-1));
#8335=DIRECTION('',(0.E0,-7.071067811865E-1,7.071067811865E-1));
#8336=DIRECTION('',(-1.E0,0.E0,0.E0));
#8337=AXIS2_PLACEMENT_3D('',#8334,#8335,#8336);
#8338=PLANE('',#8337);
#8339=ORIENTED_EDGE('',*,*,#8323,.T.);
#8341=ORIENTED_EDGE('',*,*,#8340,.F.);
#8343=ORIENTED_EDGE('',*,*,#8342,.T.);
#8344=ORIENTED_EDGE('',*,*,#4480,.T.);
#8345=EDGE_LOOP('',(#8339,#8341,#8343,#8344));
#8346=FACE_OUTER_BOUND('',#8345,.F.);
#8347=ADVANCED_FACE('',(#8346),#8338,.T.);
#8348=CARTESIAN_POINT('',(4.E0,1.875E0,0.E0));
#8349=DIRECTION('',(0.E0,-1.E0,0.E0));
#8350=DIRECTION('',(1.E0,0.E0,0.E0));
#8351=AXIS2_PLACEMENT_3D('',#8348,#8349,#8350);
#8352=PLANE('',#8351);
#8353=ORIENTED_EDGE('',*,*,#8340,.T.);
#8354=ORIENTED_EDGE('',*,*,#8329,.T.);
#8355=ORIENTED_EDGE('',*,*,#6572,.F.);
#8357=ORIENTED_EDGE('',*,*,#8356,.F.);
#8358=EDGE_LOOP('',(#8353,#8354,#8355,#8357));
#8359=FACE_OUTER_BOUND('',#8358,.F.);
#8360=ADVANCED_FACE('',(#8359),#8352,.T.);
#8361=CARTESIAN_POINT('',(4.E0,2.075E0,0.E0));
#8362=DIRECTION('',(-1.E0,0.E0,0.E0));
#8363=DIRECTION('',(0.E0,-1.E0,0.E0));
#8364=AXIS2_PLACEMENT_3D('',#8361,#8362,#8363);
#8365=PLANE('',#8364);
#8366=ORIENTED_EDGE('',*,*,#8284,.T.);
#8368=ORIENTED_EDGE('',*,*,#8367,.F.);
#8369=ORIENTED_EDGE('',*,*,#4482,.T.);
#8370=ORIENTED_EDGE('',*,*,#8342,.F.);
#8371=ORIENTED_EDGE('',*,*,#8356,.T.);
#8373=ORIENTED_EDGE('',*,*,#8372,.F.);
#8374=EDGE_LOOP('',(#8366,#8368,#8369,#8370,#8371,#8373));
#8375=FACE_OUTER_BOUND('',#8374,.F.);
#8376=ADVANCED_FACE('',(#8375),#8365,.T.);
#8377=CARTESIAN_POINT('',(3.849999974455E0,2.175E0,-1.E-1));
#8378=DIRECTION('',(0.E0,-7.071067811865E-1,7.071067811865E-1));
#8379=DIRECTION('',(-1.E0,0.E0,0.E0));
#8380=AXIS2_PLACEMENT_3D('',#8377,#8378,#8379);
#8381=PLANE('',#8380);
#8382=ORIENTED_EDGE('',*,*,#8282,.T.);
#8383=ORIENTED_EDGE('',*,*,#8241,.T.);
#8384=ORIENTED_EDGE('',*,*,#4484,.F.);
#8385=ORIENTED_EDGE('',*,*,#8367,.T.);
#8386=EDGE_LOOP('',(#8382,#8383,#8384,#8385));
#8387=FACE_OUTER_BOUND('',#8386,.F.);
#8388=ADVANCED_FACE('',(#8387),#8381,.T.);
#8389=CARTESIAN_POINT('',(-5.862064517798E0,1.875E0,-1.38E1));
#8390=DIRECTION('',(1.E0,0.E0,0.E0));
#8391=DIRECTION('',(0.E0,0.E0,-1.E0));
#8392=AXIS2_PLACEMENT_3D('',#8389,#8390,#8391);
#8393=CYLINDRICAL_SURFACE('',#8392,2.E-1);
#8394=ORIENTED_EDGE('',*,*,#8372,.T.);
#8395=ORIENTED_EDGE('',*,*,#6570,.F.);
#8397=ORIENTED_EDGE('',*,*,#8396,.F.);
#8398=ORIENTED_EDGE('',*,*,#8286,.T.);
#8399=EDGE_LOOP('',(#8394,#8395,#8397,#8398));
#8400=FACE_OUTER_BOUND('',#8399,.F.);
#8401=ADVANCED_FACE('',(#8400),#8393,.F.);
#8402=CARTESIAN_POINT('',(3.7E0,2.275E0,-1.38E1));
#8403=DIRECTION('',(0.E0,0.E0,1.E0));
#8404=DIRECTION('',(2.259885557803E-1,-9.741299567595E-1,0.E0));
#8405=AXIS2_PLACEMENT_3D('',#8402,#8403,#8404);
#8406=TOROIDAL_SURFACE('',#8405,4.E-1,2.E-1);
#8407=ORIENTED_EDGE('',*,*,#6568,.T.);
#8409=ORIENTED_EDGE('',*,*,#8408,.T.);
#8410=ORIENTED_EDGE('',*,*,#8254,.T.);
#8411=ORIENTED_EDGE('',*,*,#8396,.T.);
#8412=EDGE_LOOP('',(#8407,#8409,#8410,#8411));
#8413=FACE_OUTER_BOUND('',#8412,.F.);
#8414=ADVANCED_FACE('',(#8413),#8406,.F.);
#8415=CARTESIAN_POINT('',(3.3E0,5.133769887119E0,-1.38E1));
#8416=DIRECTION('',(0.E0,-1.E0,0.E0));
#8417=DIRECTION('',(0.E0,0.E0,-1.E0));
#8418=AXIS2_PLACEMENT_3D('',#8415,#8416,#8417);
#8419=CYLINDRICAL_SURFACE('',#8418,2.E-1);
#8421=ORIENTED_EDGE('',*,*,#8420,.T.);
#8423=ORIENTED_EDGE('',*,*,#8422,.T.);
#8424=ORIENTED_EDGE('',*,*,#8408,.F.);
#8425=ORIENTED_EDGE('',*,*,#6566,.F.);
#8426=EDGE_LOOP('',(#8421,#8423,#8424,#8425));
#8427=FACE_OUTER_BOUND('',#8426,.F.);
#8428=ADVANCED_FACE('',(#8427),#8419,.F.);
#8429=CARTESIAN_POINT('',(3.5E0,4.175E0,0.E0));
#8430=DIRECTION('',(0.E0,1.E0,0.E0));
#8431=DIRECTION('',(-1.E0,0.E0,0.E0));
#8432=AXIS2_PLACEMENT_3D('',#8429,#8430,#8431);
#8433=PLANE('',#8432);
#8435=ORIENTED_EDGE('',*,*,#8434,.F.);
#8436=ORIENTED_EDGE('',*,*,#8089,.T.);
#8438=ORIENTED_EDGE('',*,*,#8437,.F.);
#8439=ORIENTED_EDGE('',*,*,#8163,.F.);
#8441=ORIENTED_EDGE('',*,*,#8440,.T.);
#8442=ORIENTED_EDGE('',*,*,#8199,.T.);
#8444=ORIENTED_EDGE('',*,*,#8443,.F.);
#8446=ORIENTED_EDGE('',*,*,#8445,.F.);
#8447=ORIENTED_EDGE('',*,*,#8420,.F.);
#8448=ORIENTED_EDGE('',*,*,#6564,.F.);
#8450=ORIENTED_EDGE('',*,*,#8449,.F.);
#8452=ORIENTED_EDGE('',*,*,#8451,.F.);
#8454=ORIENTED_EDGE('',*,*,#8453,.F.);
#8455=ORIENTED_EDGE('',*,*,#6556,.F.);
#8456=EDGE_LOOP('',(#8435,#8436,#8438,#8439,#8441,#8442,#8444,#8446,#8447,#8448,
#8450,#8452,#8454,#8455));
#8457=FACE_OUTER_BOUND('',#8456,.F.);
#8458=ADVANCED_FACE('',(#8457),#8433,.F.);
#8459=CARTESIAN_POINT('',(-3.3E0,-1.929272185486E0,-1.38E1));
#8460=DIRECTION('',(0.E0,1.E0,0.E0));
#8461=DIRECTION('',(0.E0,0.E0,-1.E0));
#8462=AXIS2_PLACEMENT_3D('',#8459,#8460,#8461);
#8463=CYLINDRICAL_SURFACE('',#8462,2.E-1);
#8465=ORIENTED_EDGE('',*,*,#8464,.F.);
#8466=ORIENTED_EDGE('',*,*,#8091,.T.);
#8467=ORIENTED_EDGE('',*,*,#8434,.T.);
#8468=ORIENTED_EDGE('',*,*,#6554,.F.);
#8469=EDGE_LOOP('',(#8465,#8466,#8467,#8468));
#8470=FACE_OUTER_BOUND('',#8469,.F.);
#8471=ADVANCED_FACE('',(#8470),#8463,.F.);
#8472=CARTESIAN_POINT('',(-3.7E0,2.275E0,-1.38E1));
#8473=DIRECTION('',(0.E0,0.E0,1.E0));
#8474=DIRECTION('',(9.741299567595E-1,2.259885557803E-1,0.E0));
#8475=AXIS2_PLACEMENT_3D('',#8472,#8473,#8474);
#8476=TOROIDAL_SURFACE('',#8475,4.E-1,2.E-1);
#8477=ORIENTED_EDGE('',*,*,#8464,.T.);
#8478=ORIENTED_EDGE('',*,*,#6552,.T.);
#8480=ORIENTED_EDGE('',*,*,#8479,.T.);
#8481=ORIENTED_EDGE('',*,*,#8072,.T.);
#8482=EDGE_LOOP('',(#8477,#8478,#8480,#8481));
#8483=FACE_OUTER_BOUND('',#8482,.F.);
#8484=ADVANCED_FACE('',(#8483),#8476,.F.);
#8485=CARTESIAN_POINT('',(-5.862064517798E0,1.875E0,-1.38E1));
#8486=DIRECTION('',(1.E0,0.E0,0.E0));
#8487=DIRECTION('',(0.E0,0.E0,-1.E0));
#8488=AXIS2_PLACEMENT_3D('',#8485,#8486,#8487);
#8489=CYLINDRICAL_SURFACE('',#8488,2.E-1);
#8490=ORIENTED_EDGE('',*,*,#8031,.T.);
#8491=ORIENTED_EDGE('',*,*,#7984,.T.);
#8492=ORIENTED_EDGE('',*,*,#8479,.F.);
#8493=ORIENTED_EDGE('',*,*,#6550,.F.);
#8494=EDGE_LOOP('',(#8490,#8491,#8492,#8493));
#8495=FACE_OUTER_BOUND('',#8494,.F.);
#8496=ADVANCED_FACE('',(#8495),#8489,.F.);
#8497=CARTESIAN_POINT('',(-3.5E0,4.675E0,-4.45E0));
#8498=DIRECTION('',(0.E0,8.660254037844E-1,-5.E-1));
#8499=DIRECTION('',(0.E0,-5.E-1,-8.660254037844E-1));
#8500=AXIS2_PLACEMENT_3D('',#8497,#8498,#8499);
#8501=PLANE('',#8500);
#8502=ORIENTED_EDGE('',*,*,#8165,.F.);
#8503=ORIENTED_EDGE('',*,*,#8437,.T.);
#8504=ORIENTED_EDGE('',*,*,#8087,.T.);
#8505=ORIENTED_EDGE('',*,*,#8132,.F.);
#8506=EDGE_LOOP('',(#8502,#8503,#8504,#8505));
#8507=FACE_OUTER_BOUND('',#8506,.F.);
#8508=ADVANCED_FACE('',(#8507),#8501,.F.);
#8509=CARTESIAN_POINT('',(-3.5E0,4.675E0,-4.45E0));
#8510=DIRECTION('',(0.E0,8.660254037844E-1,-5.E-1));
#8511=DIRECTION('',(0.E0,-5.E-1,-8.660254037844E-1));
#8512=AXIS2_PLACEMENT_3D('',#8509,#8510,#8511);
#8513=PLANE('',#8512);
#8514=ORIENTED_EDGE('',*,*,#8197,.T.);
#8515=ORIENTED_EDGE('',*,*,#8147,.F.);
#8517=ORIENTED_EDGE('',*,*,#8516,.F.);
#8518=ORIENTED_EDGE('',*,*,#8443,.T.);
#8519=EDGE_LOOP('',(#8514,#8515,#8517,#8518));
#8520=FACE_OUTER_BOUND('',#8519,.F.);
#8521=ADVANCED_FACE('',(#8520),#8513,.F.);
#8522=CARTESIAN_POINT('',(3.5E0,2.075E0,0.E0));
#8523=DIRECTION('',(1.E0,0.E0,0.E0));
#8524=DIRECTION('',(0.E0,1.E0,0.E0));
#8525=AXIS2_PLACEMENT_3D('',#8522,#8523,#8524);
#8526=PLANE('',#8525);
#8527=ORIENTED_EDGE('',*,*,#8227,.F.);
#8528=ORIENTED_EDGE('',*,*,#8256,.F.);
#8529=ORIENTED_EDGE('',*,*,#8422,.F.);
#8530=ORIENTED_EDGE('',*,*,#8445,.T.);
#8531=ORIENTED_EDGE('',*,*,#8516,.T.);
#8532=ORIENTED_EDGE('',*,*,#8145,.T.);
#8533=EDGE_LOOP('',(#8527,#8528,#8529,#8530,#8531,#8532));
#8534=FACE_OUTER_BOUND('',#8533,.F.);
#8535=ADVANCED_FACE('',(#8534),#8526,.F.);
#8536=CARTESIAN_POINT('',(2.502758685025E0,5.175E0,-1.215298788879E0));
#8537=DIRECTION('',(1.E0,0.E0,0.E0));
#8538=DIRECTION('',(0.E0,0.E0,-1.E0));
#8539=AXIS2_PLACEMENT_3D('',#8536,#8537,#8538);
#8540=CYLINDRICAL_SURFACE('',#8539,1.E0);
#8541=ORIENTED_EDGE('',*,*,#8440,.F.);
#8542=ORIENTED_EDGE('',*,*,#8161,.F.);
#8543=ORIENTED_EDGE('',*,*,#8182,.F.);
#8544=ORIENTED_EDGE('',*,*,#8201,.T.);
#8545=EDGE_LOOP('',(#8541,#8542,#8543,#8544));
#8546=FACE_OUTER_BOUND('',#8545,.F.);
#8547=ADVANCED_FACE('',(#8546),#8540,.T.);
#8548=CARTESIAN_POINT('',(1.8E0,0.E0,0.E0));
#8549=DIRECTION('',(1.E0,0.E0,0.E0));
#8550=DIRECTION('',(0.E0,0.E0,-1.E0));
#8551=AXIS2_PLACEMENT_3D('',#8548,#8549,#8550);
#8552=PLANE('',#8551);
#8554=ORIENTED_EDGE('',*,*,#8553,.T.);
#8556=ORIENTED_EDGE('',*,*,#8555,.F.);
#8557=ORIENTED_EDGE('',*,*,#8449,.T.);
#8558=ORIENTED_EDGE('',*,*,#6562,.T.);
#8560=ORIENTED_EDGE('',*,*,#8559,.F.);
#8561=EDGE_LOOP('',(#8554,#8556,#8557,#8558,#8560));
#8562=FACE_OUTER_BOUND('',#8561,.F.);
#8563=ADVANCED_FACE('',(#8562),#8552,.F.);
#8564=CARTESIAN_POINT('',(-1.8E0,5.075E0,-1.873513248768E0));
#8565=DIRECTION('',(0.E0,-1.391731009601E-1,9.902680687416E-1));
#8566=DIRECTION('',(0.E0,-9.902680687416E-1,-1.391731009601E-1));
#8567=AXIS2_PLACEMENT_3D('',#8564,#8565,#8566);
#8568=PLANE('',#8567);
#8570=ORIENTED_EDGE('',*,*,#8569,.T.);
#8571=ORIENTED_EDGE('',*,*,#8553,.F.);
#8573=ORIENTED_EDGE('',*,*,#8572,.T.);
#8575=ORIENTED_EDGE('',*,*,#8574,.T.);
#8576=EDGE_LOOP('',(#8570,#8571,#8573,#8575));
#8577=FACE_OUTER_BOUND('',#8576,.F.);
#8578=ADVANCED_FACE('',(#8577),#8568,.F.);
#8579=CARTESIAN_POINT('',(-2.52504E1,4.275E0,-1.884963159278E0));
#8580=DIRECTION('',(1.E0,0.E0,0.E0));
#8581=DIRECTION('',(0.E0,-1.E0,0.E0));
#8582=AXIS2_PLACEMENT_3D('',#8579,#8580,#8581);
#8583=CYLINDRICAL_SURFACE('',#8582,1.E-1);
#8584=ORIENTED_EDGE('',*,*,#8569,.F.);
#8586=ORIENTED_EDGE('',*,*,#8585,.T.);
#8587=ORIENTED_EDGE('',*,*,#8451,.T.);
#8588=ORIENTED_EDGE('',*,*,#8555,.T.);
#8589=EDGE_LOOP('',(#8584,#8586,#8587,#8588));
#8590=FACE_OUTER_BOUND('',#8589,.F.);
#8591=ADVANCED_FACE('',(#8590),#8583,.T.);
#8592=CARTESIAN_POINT('',(-1.8E0,0.E0,0.E0));
#8593=DIRECTION('',(1.E0,0.E0,0.E0));
#8594=DIRECTION('',(0.E0,0.E0,-1.E0));
#8595=AXIS2_PLACEMENT_3D('',#8592,#8593,#8594);
#8596=PLANE('',#8595);
#8597=ORIENTED_EDGE('',*,*,#8453,.T.);
#8598=ORIENTED_EDGE('',*,*,#8585,.F.);
#8599=ORIENTED_EDGE('',*,*,#8574,.F.);
#8601=ORIENTED_EDGE('',*,*,#8600,.T.);
#8602=ORIENTED_EDGE('',*,*,#6558,.F.);
#8603=EDGE_LOOP('',(#8597,#8598,#8599,#8601,#8602));
#8604=FACE_OUTER_BOUND('',#8603,.F.);
#8605=ADVANCED_FACE('',(#8604),#8596,.T.);
#8606=CARTESIAN_POINT('',(-1.8E0,5.075E0,-1.4E1));
#8607=DIRECTION('',(0.E0,1.E0,0.E0));
#8608=DIRECTION('',(0.E0,0.E0,1.E0));
#8609=AXIS2_PLACEMENT_3D('',#8606,#8607,#8608);
#8610=PLANE('',#8609);
#8611=ORIENTED_EDGE('',*,*,#8600,.F.);
#8612=ORIENTED_EDGE('',*,*,#8572,.F.);
#8613=ORIENTED_EDGE('',*,*,#8559,.T.);
#8614=ORIENTED_EDGE('',*,*,#6560,.T.);
#8615=EDGE_LOOP('',(#8611,#8612,#8613,#8614));
#8616=FACE_OUTER_BOUND('',#8615,.F.);
#8617=ADVANCED_FACE('',(#8616),#8610,.F.);
#8618=CARTESIAN_POINT('',(4.8E0,2.142356780842E0,-1.38E1));
#8619=DIRECTION('',(0.E0,-1.E0,0.E0));
#8620=DIRECTION('',(0.E0,0.E0,-1.E0));
#8621=AXIS2_PLACEMENT_3D('',#8618,#8619,#8620);
#8622=CYLINDRICAL_SURFACE('',#8621,2.E-1);
#8623=ORIENTED_EDGE('',*,*,#7480,.T.);
#8624=ORIENTED_EDGE('',*,*,#6578,.F.);
#8625=ORIENTED_EDGE('',*,*,#8269,.T.);
#8626=ORIENTED_EDGE('',*,*,#7507,.T.);
#8627=EDGE_LOOP('',(#8623,#8624,#8625,#8626));
#8628=FACE_OUTER_BOUND('',#8627,.F.);
#8629=ADVANCED_FACE('',(#8628),#8622,.F.);
#8630=CARTESIAN_POINT('',(-4.5E0,1.875E0,0.E0));
#8631=DIRECTION('',(0.E0,-1.E0,0.E0));
#8632=DIRECTION('',(1.E0,0.E0,0.E0));
#8633=AXIS2_PLACEMENT_3D('',#8630,#8631,#8632);
#8634=PLANE('',#8633);
#8635=ORIENTED_EDGE('',*,*,#8014,.T.);
#8636=ORIENTED_EDGE('',*,*,#8033,.T.);
#8637=ORIENTED_EDGE('',*,*,#6548,.F.);
#8638=ORIENTED_EDGE('',*,*,#8001,.F.);
#8639=EDGE_LOOP('',(#8635,#8636,#8637,#8638));
#8640=FACE_OUTER_BOUND('',#8639,.F.);
#8641=ADVANCED_FACE('',(#8640),#8634,.T.);
#8642=CARTESIAN_POINT('',(-4.8E0,-7.423567808417E-1,-1.38E1));
#8643=DIRECTION('',(0.E0,1.E0,0.E0));
#8644=DIRECTION('',(0.E0,0.E0,-1.E0));
#8645=AXIS2_PLACEMENT_3D('',#8642,#8643,#8644);
#8646=CYLINDRICAL_SURFACE('',#8645,2.E-1);
#8647=ORIENTED_EDGE('',*,*,#7926,.T.);
#8648=ORIENTED_EDGE('',*,*,#7865,.T.);
#8649=ORIENTED_EDGE('',*,*,#7969,.T.);
#8650=ORIENTED_EDGE('',*,*,#6542,.F.);
#8651=EDGE_LOOP('',(#8647,#8648,#8649,#8650));
#8652=FACE_OUTER_BOUND('',#8651,.F.);
#8653=ADVANCED_FACE('',(#8652),#8646,.F.);
#8654=CARTESIAN_POINT('',(-4.8E0,8.25E-1,0.E0));
#8655=DIRECTION('',(1.E0,0.E0,0.E0));
#8656=DIRECTION('',(0.E0,1.E0,0.E0));
#8657=AXIS2_PLACEMENT_3D('',#8654,#8655,#8656);
#8658=PLANE('',#8657);
#8659=ORIENTED_EDGE('',*,*,#7909,.T.);
#8660=ORIENTED_EDGE('',*,*,#7928,.T.);
#8661=ORIENTED_EDGE('',*,*,#6540,.F.);
#8662=ORIENTED_EDGE('',*,*,#7895,.F.);
#8663=EDGE_LOOP('',(#8659,#8660,#8661,#8662));
#8664=FACE_OUTER_BOUND('',#8663,.F.);
#8665=ADVANCED_FACE('',(#8664),#8658,.T.);
#8666=CARTESIAN_POINT('',(-4.8E0,-2.129492785486E0,-1.38E1));
#8667=DIRECTION('',(0.E0,1.E0,0.E0));
#8668=DIRECTION('',(0.E0,0.E0,-1.E0));
#8669=AXIS2_PLACEMENT_3D('',#8666,#8667,#8668);
#8670=CYLINDRICAL_SURFACE('',#8669,2.E-1);
#8671=ORIENTED_EDGE('',*,*,#6538,.F.);
#8673=ORIENTED_EDGE('',*,*,#8672,.F.);
#8674=ORIENTED_EDGE('',*,*,#7850,.T.);
#8675=ORIENTED_EDGE('',*,*,#7897,.T.);
#8676=EDGE_LOOP('',(#8671,#8673,#8674,#8675));
#8677=FACE_OUTER_BOUND('',#8676,.F.);
#8678=ADVANCED_FACE('',(#8677),#8670,.F.);
#8679=CARTESIAN_POINT('',(-5.002434515077E0,-4.396326157842E-1,
-1.377954340877E1));
#8680=CARTESIAN_POINT('',(-5.002861886068E0,-4.389557393814E-1,
-1.378385199267E1));
#8681=CARTESIAN_POINT('',(-5.004228772805E0,-4.367965535666E-1,
-1.380388548972E1));
#8682=CARTESIAN_POINT('',(-5.001182029056E0,-4.415762025423E-1,
-1.384156323864E1));
#8683=CARTESIAN_POINT('',(-4.986118638333E0,-4.655556793646E-1,
-1.388745808405E1));
#8684=CARTESIAN_POINT('',(-4.962310188863E0,-5.046147641378E-1,
-1.392656169865E1));
#8685=CARTESIAN_POINT('',(-4.932303928432E0,-5.555444990442E-1,
-1.395790692985E1));
#8686=CARTESIAN_POINT('',(-4.897664859407E0,-6.163337478395E-1,
-1.398161170114E1));
#8687=CARTESIAN_POINT('',(-4.859141503487E0,-6.861488502517E-1,
-1.399776097755E1));
#8688=CARTESIAN_POINT('',(-4.817112168725E0,-7.647699460237E-1,
-1.400592249901E1));
#8689=CARTESIAN_POINT('',(-4.785162551832E0,-8.265290268001E-1,
-1.400525935356E1));
#8690=CARTESIAN_POINT('',(-4.767187466755E0,-8.620027118581E-1,
-1.400250827499E1));
#8691=CARTESIAN_POINT('',(-4.763870767541E0,-8.685718261670E-1,
-1.400191897543E1));
#8692=CARTESIAN_POINT('',(-4.974962055396E0,-5.915562053158E-1,
-1.379487294497E1));
#8693=CARTESIAN_POINT('',(-4.974881526530E0,-5.911166674028E-1,
-1.379598548617E1));
#8694=CARTESIAN_POINT('',(-4.974609060605E0,-5.897233687344E-1,
-1.380102151243E1));
#8695=CARTESIAN_POINT('',(-4.975304579531E0,-5.927528721916E-1,
-1.381003056010E1));
#8696=CARTESIAN_POINT('',(-4.977551681256E0,-6.090679576341E-1,
-1.382606115513E1));
#8697=CARTESIAN_POINT('',(-4.977525375101E0,-6.385188502693E-1,
-1.384791998537E1));
#8698=CARTESIAN_POINT('',(-4.972504598355E0,-6.804686616468E-1,
-1.387382920849E1));
#8699=CARTESIAN_POINT('',(-4.961188064960E0,-7.338955584097E-1,
-1.390154981527E1));
#8700=CARTESIAN_POINT('',(-4.942792747648E0,-7.982370819066E-1,
-1.392921294765E1));
#8701=CARTESIAN_POINT('',(-4.916525189538E0,-8.733889876436E-1,
-1.395504715315E1));
#8702=CARTESIAN_POINT('',(-4.891663414040E0,-9.342509768687E-1,
-1.397050452767E1));
#8703=CARTESIAN_POINT('',(-4.875891572971E0,-9.698513301631E-1,
-1.397738444044E1));
#8704=CARTESIAN_POINT('',(-4.872920803830E0,-9.764696974895E-1,
-1.397858862348E1));
#8705=CARTESIAN_POINT('',(-5.085067323451E0,-7.008661298824E-1,
-1.379479759214E1));
#8706=CARTESIAN_POINT('',(-5.084823182620E0,-7.005973584217E-1,
-1.379595477048E1));
#8707=CARTESIAN_POINT('',(-5.084014304767E0,-6.997551201020E-1,
-1.380107780637E1));
#8708=CARTESIAN_POINT('',(-5.085983114114E0,-7.015253834688E-1,
-1.380984343555E1));
#8709=CARTESIAN_POINT('',(-5.093476474907E0,-7.123258938136E-1,
-1.383002915486E1));
#8710=CARTESIAN_POINT('',(-5.098592357666E0,-7.348636351663E-1,
-1.386264726596E1));
#8711=CARTESIAN_POINT('',(-5.095661630436E0,-7.703523382551E-1,
-1.390456466682E1));
#8712=CARTESIAN_POINT('',(-5.081897912110E0,-8.184819790238E-1,
-1.395154569755E1));
#8713=CARTESIAN_POINT('',(-5.055666458094E0,-8.788852299972E-1,
-1.400005785505E1));
#8714=CARTESIAN_POINT('',(-5.015393232151E0,-9.515410329090E-1,
-1.404686400503E1));
#8715=CARTESIAN_POINT('',(-4.975576502435E0,-1.011757559437E0,
-1.407607283999E1));
#8716=CARTESIAN_POINT('',(-4.949820012076E0,-1.047449051280E0,
-1.408960620382E1));
#8717=CARTESIAN_POINT('',(-4.944953558559E0,-1.054102856445E0,
-1.409199831624E1));
#8718=CARTESIAN_POINT('',(-5.236787922949E0,-6.722931758898E-1,
-1.377938302413E1));
#8719=CARTESIAN_POINT('',(-5.236867054275E0,-6.719797671100E-1,
-1.378378661591E1));
#8720=CARTESIAN_POINT('',(-5.237092215773E0,-6.709934849438E-1,
-1.380400530847E1));
#8721=CARTESIAN_POINT('',(-5.236755605287E0,-6.730929060637E-1,
-1.384116495364E1));
#8722=CARTESIAN_POINT('',(-5.232858607535E0,-6.853348930282E-1,
-1.389590376767E1));
#8723=CARTESIAN_POINT('',(-5.219995043056E0,-7.096796903671E-1,
-1.395790795897E1));
#8724=CARTESIAN_POINT('',(-5.194437345672E0,-7.468572881341E-1,
-1.402332577428E1));
#8725=CARTESIAN_POINT('',(-5.154589569211E0,-7.963715996215E-1,
-1.408802536870E1));
#8726=CARTESIAN_POINT('',(-5.099387398794E0,-8.578042912433E-1,
-1.414855072423E1));
#8727=CARTESIAN_POINT('',(-5.027547719405E0,-9.311125603559E-1,
-1.420134995236E1));
#8728=CARTESIAN_POINT('',(-4.963767250569E0,-9.914978069342E-1,
-1.422995608417E1));
#8729=CARTESIAN_POINT('',(-4.924540352305E0,-1.027165475711E0,
-1.424136653445E1));
#8730=CARTESIAN_POINT('',(-4.917188786263E0,-1.033810017639E0,
-1.424330568156E1));
#8731=(BOUNDED_SURFACE()B_SPLINE_SURFACE(3,3,((#8679,#8680,#8681,#8682,#8683,
#8684,#8685,#8686,#8687,#8688,#8689,#8690,#8691),(#8692,#8693,#8694,#8695,#8696,
#8697,#8698,#8699,#8700,#8701,#8702,#8703,#8704),(#8705,#8706,#8707,#8708,#8709,
#8710,#8711,#8712,#8713,#8714,#8715,#8716,#8717),(#8718,#8719,#8720,#8721,#8722,
#8723,#8724,#8725,#8726,#8727,#8728,#8729,#8730)),.UNSPECIFIED.,.F.,.F.,.F.)B_SPLINE_SURFACE_WITH_KNOTS((4,4),(4,1,1,1,1,1,1,1,1,1,4),(0.E0,1.E0),(
6.040027154946E-2,8.290178560063E-2,1.641270689270E-1,2.526340962985E-1,
3.507636891167E-1,4.579217701950E-1,5.749397888976E-1,7.035358841886E-1,
8.447270226466E-1,1.E0,1.035303233580E0),.UNSPECIFIED.)GEOMETRIC_REPRESENTATION_ITEM()RATIONAL_B_SPLINE_SURFACE(((1.278588994853E0,1.278588994853E0,
1.278588994853E0,1.278588994853E0,1.278588994853E0,1.278588994853E0,
1.278588994853E0,1.278588994853E0,1.278588994853E0,1.278588994853E0,
1.278588994853E0,1.278588994853E0,1.278588994853E0),(9.071370017157E-1,
9.071370017157E-1,9.071370017157E-1,9.071370017157E-1,9.071370017157E-1,
9.071370017157E-1,9.071370017157E-1,9.071370017157E-1,9.071370017157E-1,
9.071370017157E-1,9.071370017157E-1,9.071370017157E-1,9.071370017157E-1),(
9.071370017157E-1,9.071370017157E-1,9.071370017157E-1,9.071370017157E-1,
9.071370017157E-1,9.071370017157E-1,9.071370017157E-1,9.071370017157E-1,
9.071370017157E-1,9.071370017157E-1,9.071370017157E-1,9.071370017157E-1,
9.071370017157E-1),(1.278588994853E0,1.278588994853E0,1.278588994853E0,
1.278588994853E0,1.278588994853E0,1.278588994853E0,1.278588994853E0,
1.278588994853E0,1.278588994853E0,1.278588994853E0,1.278588994853E0,
1.278588994853E0,1.278588994853E0)))REPRESENTATION_ITEM('')SURFACE());
#8733=ORIENTED_EDGE('',*,*,#8732,.F.);
#8734=ORIENTED_EDGE('',*,*,#7834,.F.);
#8735=ORIENTED_EDGE('',*,*,#8672,.T.);
#8736=EDGE_LOOP('',(#8733,#8734,#8735));
#8737=FACE_OUTER_BOUND('',#8736,.F.);
#8738=ADVANCED_FACE('',(#8737),#8731,.T.);
#8739=CARTESIAN_POINT('',(-6.062487317798E0,-8.75E-1,-1.38E1));
#8740=DIRECTION('',(1.E0,0.E0,0.E0));
#8741=DIRECTION('',(0.E0,0.E0,-1.E0));
#8742=AXIS2_PLACEMENT_3D('',#8739,#8740,#8741);
#8743=CYLINDRICAL_SURFACE('',#8742,2.E-1);
#8744=ORIENTED_EDGE('',*,*,#8732,.T.);
#8745=ORIENTED_EDGE('',*,*,#6536,.F.);
#8747=ORIENTED_EDGE('',*,*,#8746,.F.);
#8749=ORIENTED_EDGE('',*,*,#8748,.T.);
#8750=EDGE_LOOP('',(#8744,#8745,#8747,#8749));
#8751=FACE_OUTER_BOUND('',#8750,.F.);
#8752=ADVANCED_FACE('',(#8751),#8743,.F.);
#8753=CARTESIAN_POINT('',(-6.062487317798E0,-1.320330030273E0,-1.38E1));
#8754=DIRECTION('',(7.071067811865E-1,7.071067811865E-1,0.E0));
#8755=DIRECTION('',(0.E0,0.E0,-1.E0));
#8756=AXIS2_PLACEMENT_3D('',#8753,#8754,#8755);
#8757=CYLINDRICAL_SURFACE('',#8756,2.E-1);
#8758=ORIENTED_EDGE('',*,*,#6534,.F.);
#8760=ORIENTED_EDGE('',*,*,#8759,.F.);
#8762=ORIENTED_EDGE('',*,*,#8761,.T.);
#8763=ORIENTED_EDGE('',*,*,#8746,.T.);
#8764=EDGE_LOOP('',(#8758,#8760,#8762,#8763));
#8765=FACE_OUTER_BOUND('',#8764,.F.);
#8766=ADVANCED_FACE('',(#8765),#8757,.F.);
#8767=CARTESIAN_POINT('',(-5.8E0,-2.129492785486E0,-1.38E1));
#8768=DIRECTION('',(0.E0,1.E0,0.E0));
#8769=DIRECTION('',(0.E0,0.E0,-1.E0));
#8770=AXIS2_PLACEMENT_3D('',#8767,#8768,#8769);
#8771=CYLINDRICAL_SURFACE('',#8770,2.E-1);
#8772=ORIENTED_EDGE('',*,*,#7766,.T.);
#8773=ORIENTED_EDGE('',*,*,#8759,.T.);
#8774=ORIENTED_EDGE('',*,*,#6532,.F.);
#8776=ORIENTED_EDGE('',*,*,#8775,.F.);
#8777=EDGE_LOOP('',(#8772,#8773,#8774,#8776));
#8778=FACE_OUTER_BOUND('',#8777,.F.);
#8779=ADVANCED_FACE('',(#8778),#8771,.F.);
#8780=CARTESIAN_POINT('',(-5.362664502040E0,-2.129492785486E0,-1.38E1));
#8781=DIRECTION('',(-7.071067811865E-1,7.071067811865E-1,0.E0));
#8782=DIRECTION('',(0.E0,0.E0,-1.E0));
#8783=AXIS2_PLACEMENT_3D('',#8780,#8781,#8782);
#8784=CYLINDRICAL_SURFACE('',#8783,2.E-1);
#8785=ORIENTED_EDGE('',*,*,#6530,.F.);
#8787=ORIENTED_EDGE('',*,*,#8786,.F.);
#8788=ORIENTED_EDGE('',*,*,#7750,.T.);
#8789=ORIENTED_EDGE('',*,*,#8775,.T.);
#8790=EDGE_LOOP('',(#8785,#8787,#8788,#8789));
#8791=FACE_OUTER_BOUND('',#8790,.F.);
#8792=ADVANCED_FACE('',(#8791),#8784,.F.);
#8793=CARTESIAN_POINT('',(6.056803882836E0,-1.875E0,-1.38E1));
#8794=DIRECTION('',(-1.E0,0.E0,0.E0));
#8795=DIRECTION('',(0.E0,0.E0,-1.E0));
#8796=AXIS2_PLACEMENT_3D('',#8793,#8794,#8795);
#8797=CYLINDRICAL_SURFACE('',#8796,2.E-1);
#8798=ORIENTED_EDGE('',*,*,#6528,.F.);
#8800=ORIENTED_EDGE('',*,*,#8799,.F.);
#8802=ORIENTED_EDGE('',*,*,#8801,.T.);
#8803=ORIENTED_EDGE('',*,*,#8786,.T.);
#8804=EDGE_LOOP('',(#8798,#8800,#8802,#8803));
#8805=FACE_OUTER_BOUND('',#8804,.F.);
#8806=ADVANCED_FACE('',(#8805),#8797,.F.);
#8807=CARTESIAN_POINT('',(6.056803882836E0,-1.435353404689E0,-1.38E1));
#8808=DIRECTION('',(-7.071067811865E-1,-7.071067811865E-1,0.E0));
#8809=DIRECTION('',(0.E0,0.E0,-1.E0));
#8810=AXIS2_PLACEMENT_3D('',#8807,#8808,#8809);
#8811=CYLINDRICAL_SURFACE('',#8810,2.E-1);
#8813=ORIENTED_EDGE('',*,*,#8812,.T.);
#8814=ORIENTED_EDGE('',*,*,#8799,.T.);
#8815=ORIENTED_EDGE('',*,*,#6526,.F.);
#8817=ORIENTED_EDGE('',*,*,#8816,.F.);
#8818=EDGE_LOOP('',(#8813,#8814,#8815,#8817));
#8819=FACE_OUTER_BOUND('',#8818,.F.);
#8820=ADVANCED_FACE('',(#8819),#8811,.F.);
#8821=CARTESIAN_POINT('',(5.7E0,-2.075E0,0.E0));
#8822=DIRECTION('',(7.071067811865E-1,-7.071067811865E-1,0.E0));
#8823=DIRECTION('',(7.071067811865E-1,7.071067811865E-1,0.E0));
#8824=AXIS2_PLACEMENT_3D('',#8821,#8822,#8823);
#8825=PLANE('',#8824);
#8826=ORIENTED_EDGE('',*,*,#7644,.T.);
#8828=ORIENTED_EDGE('',*,*,#8827,.T.);
#8829=ORIENTED_EDGE('',*,*,#8812,.F.);
#8830=ORIENTED_EDGE('',*,*,#7615,.F.);
#8831=EDGE_LOOP('',(#8826,#8828,#8829,#8830));
#8832=FACE_OUTER_BOUND('',#8831,.F.);
#8833=ADVANCED_FACE('',(#8832),#8825,.F.);
#8834=CARTESIAN_POINT('',(-5.E0,-2.075E0,0.E0));
#8835=DIRECTION('',(0.E0,-1.E0,0.E0));
#8836=DIRECTION('',(1.E0,0.E0,0.E0));
#8837=AXIS2_PLACEMENT_3D('',#8834,#8835,#8836);
#8838=PLANE('',#8837);
#8839=ORIENTED_EDGE('',*,*,#7723,.F.);
#8840=ORIENTED_EDGE('',*,*,#7752,.T.);
#8841=ORIENTED_EDGE('',*,*,#8801,.F.);
#8842=ORIENTED_EDGE('',*,*,#8827,.F.);
#8843=ORIENTED_EDGE('',*,*,#7657,.F.);
#8844=ORIENTED_EDGE('',*,*,#7677,.T.);
#8846=ORIENTED_EDGE('',*,*,#8845,.F.);
#8847=ORIENTED_EDGE('',*,*,#7703,.F.);
#8848=EDGE_LOOP('',(#8839,#8840,#8841,#8842,#8843,#8844,#8846,#8847));
#8849=FACE_OUTER_BOUND('',#8848,.F.);
#8850=ADVANCED_FACE('',(#8849),#8838,.F.);
#8851=CARTESIAN_POINT('',(4.7E0,-2.575E0,-7.133974596216E0));
#8852=DIRECTION('',(0.E0,-8.660254037844E-1,-5.E-1));
#8853=DIRECTION('',(0.E0,5.E-1,-8.660254037844E-1));
#8854=AXIS2_PLACEMENT_3D('',#8851,#8852,#8853);
#8855=PLANE('',#8854);
#8856=ORIENTED_EDGE('',*,*,#8845,.T.);
#8857=ORIENTED_EDGE('',*,*,#7675,.F.);
#8859=ORIENTED_EDGE('',*,*,#8858,.T.);
#8860=ORIENTED_EDGE('',*,*,#7705,.T.);
#8861=EDGE_LOOP('',(#8856,#8857,#8859,#8860));
#8862=FACE_OUTER_BOUND('',#8861,.F.);
#8863=ADVANCED_FACE('',(#8862),#8855,.F.);
#8864=CARTESIAN_POINT('',(4.7E0,-2.575E0,0.E0));
#8865=DIRECTION('',(0.E0,-1.E0,0.E0));
#8866=DIRECTION('',(0.E0,0.E0,-1.E0));
#8867=AXIS2_PLACEMENT_3D('',#8864,#8865,#8866);
#8868=PLANE('',#8867);
#8869=ORIENTED_EDGE('',*,*,#7691,.T.);
#8870=ORIENTED_EDGE('',*,*,#7707,.T.);
#8871=ORIENTED_EDGE('',*,*,#8858,.F.);
#8872=ORIENTED_EDGE('',*,*,#7673,.F.);
#8873=EDGE_LOOP('',(#8869,#8870,#8871,#8872));
#8874=FACE_OUTER_BOUND('',#8873,.F.);
#8875=ADVANCED_FACE('',(#8874),#8868,.F.);
#8876=CARTESIAN_POINT('',(5.8E0,5.134068487119E0,-1.38E1));
#8877=DIRECTION('',(0.E0,-1.E0,0.E0));
#8878=DIRECTION('',(0.E0,0.E0,-1.E0));
#8879=AXIS2_PLACEMENT_3D('',#8876,#8877,#8878);
#8880=CYLINDRICAL_SURFACE('',#8879,2.E-1);
#8881=ORIENTED_EDGE('',*,*,#7617,.T.);
#8882=ORIENTED_EDGE('',*,*,#8816,.T.);
#8883=ORIENTED_EDGE('',*,*,#6524,.F.);
#8885=ORIENTED_EDGE('',*,*,#8884,.F.);
#8886=EDGE_LOOP('',(#8881,#8882,#8883,#8885));
#8887=FACE_OUTER_BOUND('',#8886,.F.);
#8888=ADVANCED_FACE('',(#8887),#8880,.F.);
#8889=CARTESIAN_POINT('',(-3.919111995933E-1,5.134068487119E0,-1.38E1));
#8890=DIRECTION('',(7.071067811865E-1,-7.071067811865E-1,0.E0));
#8891=DIRECTION('',(0.E0,0.E0,-1.E0));
#8892=AXIS2_PLACEMENT_3D('',#8889,#8890,#8891);
#8893=CYLINDRICAL_SURFACE('',#8892,2.E-1);
#8894=ORIENTED_EDGE('',*,*,#7602,.T.);
#8895=ORIENTED_EDGE('',*,*,#8884,.T.);
#8896=ORIENTED_EDGE('',*,*,#6522,.F.);
#8897=ORIENTED_EDGE('',*,*,#7342,.F.);
#8898=EDGE_LOOP('',(#8894,#8895,#8896,#8897));
#8899=FACE_OUTER_BOUND('',#8898,.F.);
#8900=ADVANCED_FACE('',(#8899),#8893,.F.);
#8901=CARTESIAN_POINT('',(-5.7E0,-6.75E-1,0.E0));
#8902=DIRECTION('',(-7.071067811865E-1,7.071067811865E-1,0.E0));
#8903=DIRECTION('',(-7.071067811865E-1,-7.071067811865E-1,0.E0));
#8904=AXIS2_PLACEMENT_3D('',#8901,#8902,#8903);
#8905=PLANE('',#8904);
#8906=ORIENTED_EDGE('',*,*,#7793,.T.);
#8908=ORIENTED_EDGE('',*,*,#8907,.T.);
#8909=ORIENTED_EDGE('',*,*,#8761,.F.);
#8910=ORIENTED_EDGE('',*,*,#7764,.F.);
#8911=EDGE_LOOP('',(#8906,#8908,#8909,#8910));
#8912=FACE_OUTER_BOUND('',#8911,.F.);
#8913=ADVANCED_FACE('',(#8912),#8905,.F.);
#8914=CARTESIAN_POINT('',(-5.E0,-6.75E-1,0.E0));
#8915=DIRECTION('',(0.E0,1.E0,0.E0));
#8916=DIRECTION('',(-1.E0,0.E0,0.E0));
#8917=AXIS2_PLACEMENT_3D('',#8914,#8915,#8916);
#8918=PLANE('',#8917);
#8919=ORIENTED_EDGE('',*,*,#7807,.T.);
#8920=ORIENTED_EDGE('',*,*,#7836,.T.);
#8921=ORIENTED_EDGE('',*,*,#8748,.F.);
#8922=ORIENTED_EDGE('',*,*,#8907,.F.);
#8923=EDGE_LOOP('',(#8919,#8920,#8921,#8922));
#8924=FACE_OUTER_BOUND('',#8923,.F.);
#8925=ADVANCED_FACE('',(#8924),#8918,.F.);
#8926=CARTESIAN_POINT('',(4.173517616395E-1,-1.166E0,-1.7E1));
#8927=DIRECTION('',(9.396926207859E-1,3.420201433257E-1,0.E0));
#8928=DIRECTION('',(3.420201433257E-1,-9.396926207859E-1,0.E0));
#8929=AXIS2_PLACEMENT_3D('',#8926,#8927,#8928);
#8930=PLANE('',#8929);
#8931=ORIENTED_EDGE('',*,*,#5499,.F.);
#8933=ORIENTED_EDGE('',*,*,#8932,.T.);
#8935=ORIENTED_EDGE('',*,*,#8934,.T.);
#8937=ORIENTED_EDGE('',*,*,#8936,.F.);
#8938=EDGE_LOOP('',(#8931,#8933,#8935,#8937));
#8939=FACE_OUTER_BOUND('',#8938,.F.);
#8940=ADVANCED_FACE('',(#8939),#8930,.T.);
#8941=CARTESIAN_POINT('',(-8.516482383605E-1,-1.166E0,-1.7E1));
#8942=DIRECTION('',(0.E0,1.E0,0.E0));
#8943=DIRECTION('',(1.E0,0.E0,0.E0));
#8944=AXIS2_PLACEMENT_3D('',#8941,#8942,#8943);
#8945=PLANE('',#8944);
#8946=ORIENTED_EDGE('',*,*,#5545,.F.);
#8948=ORIENTED_EDGE('',*,*,#8947,.T.);
#8950=ORIENTED_EDGE('',*,*,#8949,.T.);
#8951=ORIENTED_EDGE('',*,*,#8932,.F.);
#8952=EDGE_LOOP('',(#8946,#8948,#8950,#8951));
#8953=FACE_OUTER_BOUND('',#8952,.F.);
#8954=ADVANCED_FACE('',(#8953),#8945,.T.);
#8955=CARTESIAN_POINT('',(-7.692089802992E-1,-1.3925E0,-1.7E1));
#8956=DIRECTION('',(-9.396926207859E-1,-3.420201433257E-1,0.E0));
#8957=DIRECTION('',(-3.420201433257E-1,9.396926207859E-1,0.E0));
#8958=AXIS2_PLACEMENT_3D('',#8955,#8956,#8957);
#8959=PLANE('',#8958);
#8960=ORIENTED_EDGE('',*,*,#5543,.F.);
#8962=ORIENTED_EDGE('',*,*,#8961,.T.);
#8964=ORIENTED_EDGE('',*,*,#8963,.T.);
#8965=ORIENTED_EDGE('',*,*,#8947,.F.);
#8966=EDGE_LOOP('',(#8960,#8962,#8964,#8965));
#8967=FACE_OUTER_BOUND('',#8966,.F.);
#8968=ADVANCED_FACE('',(#8967),#8959,.T.);
#8969=CARTESIAN_POINT('',(-1.E0,-1.3925E0,-1.7E1));
#8970=DIRECTION('',(0.E0,1.E0,0.E0));
#8971=DIRECTION('',(1.E0,0.E0,0.E0));
#8972=AXIS2_PLACEMENT_3D('',#8969,#8970,#8971);
#8973=PLANE('',#8972);
#8974=ORIENTED_EDGE('',*,*,#5541,.F.);
#8976=ORIENTED_EDGE('',*,*,#8975,.T.);
#8978=ORIENTED_EDGE('',*,*,#8977,.T.);
#8979=ORIENTED_EDGE('',*,*,#8961,.F.);
#8980=EDGE_LOOP('',(#8974,#8976,#8978,#8979));
#8981=FACE_OUTER_BOUND('',#8980,.F.);
#8982=ADVANCED_FACE('',(#8981),#8973,.T.);
#8983=CARTESIAN_POINT('',(-9.175607419387E-1,-1.619E0,-1.7E1));
#8984=DIRECTION('',(-9.396926207859E-1,-3.420201433257E-1,0.E0));
#8985=DIRECTION('',(-3.420201433257E-1,9.396926207859E-1,0.E0));
#8986=AXIS2_PLACEMENT_3D('',#8983,#8984,#8985);
#8987=PLANE('',#8986);
#8988=ORIENTED_EDGE('',*,*,#5539,.F.);
#8990=ORIENTED_EDGE('',*,*,#8989,.T.);
#8992=ORIENTED_EDGE('',*,*,#8991,.T.);
#8993=ORIENTED_EDGE('',*,*,#8975,.F.);
#8994=EDGE_LOOP('',(#8988,#8990,#8992,#8993));
#8995=FACE_OUTER_BOUND('',#8994,.F.);
#8996=ADVANCED_FACE('',(#8995),#8987,.T.);
#8997=CARTESIAN_POINT('',(-3.205607419387E-1,-1.619E0,-1.7E1));
#8998=DIRECTION('',(0.E0,-1.E0,0.E0));
#8999=DIRECTION('',(-1.E0,0.E0,0.E0));
#9000=AXIS2_PLACEMENT_3D('',#8997,#8998,#8999);
#9001=PLANE('',#9000);
#9002=ORIENTED_EDGE('',*,*,#5537,.F.);
#9004=ORIENTED_EDGE('',*,*,#9003,.T.);
#9006=ORIENTED_EDGE('',*,*,#9005,.T.);
#9007=ORIENTED_EDGE('',*,*,#8989,.F.);
#9008=EDGE_LOOP('',(#9002,#9004,#9006,#9007));
#9009=FACE_OUTER_BOUND('',#9008,.F.);
#9010=ADVANCED_FACE('',(#9009),#9001,.T.);
#9011=CARTESIAN_POINT('',(-2.381214838774E-1,-1.8455E0,-1.7E1));
#9012=DIRECTION('',(-9.396926207859E-1,-3.420201433257E-1,0.E0));
#9013=DIRECTION('',(-3.420201433257E-1,9.396926207859E-1,0.E0));
#9014=AXIS2_PLACEMENT_3D('',#9011,#9012,#9013);
#9015=PLANE('',#9014);
#9016=ORIENTED_EDGE('',*,*,#5535,.F.);
#9018=ORIENTED_EDGE('',*,*,#9017,.T.);
#9020=ORIENTED_EDGE('',*,*,#9019,.T.);
#9021=ORIENTED_EDGE('',*,*,#9003,.F.);
#9022=EDGE_LOOP('',(#9016,#9018,#9020,#9021));
#9023=FACE_OUTER_BOUND('',#9022,.F.);
#9024=ADVANCED_FACE('',(#9023),#9015,.T.);
#9025=CARTESIAN_POINT('',(-8.351214838774E-1,-1.8455E0,-1.7E1));
#9026=DIRECTION('',(0.E0,1.E0,0.E0));
#9027=DIRECTION('',(1.E0,0.E0,0.E0));
#9028=AXIS2_PLACEMENT_3D('',#9025,#9026,#9027);
#9029=PLANE('',#9028);
#9030=ORIENTED_EDGE('',*,*,#5533,.F.);
#9032=ORIENTED_EDGE('',*,*,#9031,.T.);
#9034=ORIENTED_EDGE('',*,*,#9033,.T.);
#9035=ORIENTED_EDGE('',*,*,#9017,.F.);
#9036=EDGE_LOOP('',(#9030,#9032,#9034,#9035));
#9037=FACE_OUTER_BOUND('',#9036,.F.);
#9038=ADVANCED_FACE('',(#9037),#9029,.T.);
#9039=CARTESIAN_POINT('',(-7.526822258161E-1,-2.072E0,-1.7E1));
#9040=DIRECTION('',(-9.396926207859E-1,-3.420201433257E-1,0.E0));
#9041=DIRECTION('',(-3.420201433257E-1,9.396926207859E-1,0.E0));
#9042=AXIS2_PLACEMENT_3D('',#9039,#9040,#9041);
#9043=PLANE('',#9042);
#9044=ORIENTED_EDGE('',*,*,#5531,.F.);
#9046=ORIENTED_EDGE('',*,*,#9045,.T.);
#9048=ORIENTED_EDGE('',*,*,#9047,.T.);
#9049=ORIENTED_EDGE('',*,*,#9031,.F.);
#9050=EDGE_LOOP('',(#9044,#9046,#9048,#9049));
#9051=FACE_OUTER_BOUND('',#9050,.F.);
#9052=ADVANCED_FACE('',(#9051),#9043,.T.);
#9053=CARTESIAN_POINT('',(-1.556822258161E-1,-2.072E0,-1.7E1));
#9054=DIRECTION('',(0.E0,-1.E0,0.E0));
#9055=DIRECTION('',(-1.E0,0.E0,0.E0));
#9056=AXIS2_PLACEMENT_3D('',#9053,#9054,#9055);
#9057=PLANE('',#9056);
#9058=ORIENTED_EDGE('',*,*,#5529,.F.);
#9060=ORIENTED_EDGE('',*,*,#9059,.T.);
#9062=ORIENTED_EDGE('',*,*,#9061,.T.);
#9063=ORIENTED_EDGE('',*,*,#9045,.F.);
#9064=EDGE_LOOP('',(#9058,#9060,#9062,#9063));
#9065=FACE_OUTER_BOUND('',#9064,.F.);
#9066=ADVANCED_FACE('',(#9065),#9057,.T.);
#9067=CARTESIAN_POINT('',(-7.324296775483E-2,-2.2985E0,-1.7E1));
#9068=DIRECTION('',(-9.396926207859E-1,-3.420201433257E-1,0.E0));
#9069=DIRECTION('',(-3.420201433257E-1,9.396926207859E-1,0.E0));
#9070=AXIS2_PLACEMENT_3D('',#9067,#9068,#9069);
#9071=PLANE('',#9070);
#9072=ORIENTED_EDGE('',*,*,#5527,.F.);
#9074=ORIENTED_EDGE('',*,*,#9073,.T.);
#9076=ORIENTED_EDGE('',*,*,#9075,.T.);
#9077=ORIENTED_EDGE('',*,*,#9059,.F.);
#9078=EDGE_LOOP('',(#9072,#9074,#9076,#9077));
#9079=FACE_OUTER_BOUND('',#9078,.F.);
#9080=ADVANCED_FACE('',(#9079),#9071,.T.);
#9081=CARTESIAN_POINT('',(-6.702429677548E-1,-2.2985E0,-1.7E1));
#9082=DIRECTION('',(0.E0,1.E0,0.E0));
#9083=DIRECTION('',(1.E0,0.E0,0.E0));
#9084=AXIS2_PLACEMENT_3D('',#9081,#9082,#9083);
#9085=PLANE('',#9084);
#9086=ORIENTED_EDGE('',*,*,#5525,.F.);
#9088=ORIENTED_EDGE('',*,*,#9087,.T.);
#9090=ORIENTED_EDGE('',*,*,#9089,.T.);
#9091=ORIENTED_EDGE('',*,*,#9073,.F.);
#9092=EDGE_LOOP('',(#9086,#9088,#9090,#9091));
#9093=FACE_OUTER_BOUND('',#9092,.F.);
#9094=ADVANCED_FACE('',(#9093),#9085,.T.);
#9095=CARTESIAN_POINT('',(-5.878037096935E-1,-2.525E0,-1.7E1));
#9096=DIRECTION('',(-9.396926207859E-1,-3.420201433257E-1,0.E0));
#9097=DIRECTION('',(-3.420201433257E-1,9.396926207859E-1,0.E0));
#9098=AXIS2_PLACEMENT_3D('',#9095,#9096,#9097);
#9099=PLANE('',#9098);
#9100=ORIENTED_EDGE('',*,*,#5523,.F.);
#9102=ORIENTED_EDGE('',*,*,#9101,.T.);
#9104=ORIENTED_EDGE('',*,*,#9103,.T.);
#9105=ORIENTED_EDGE('',*,*,#9087,.F.);
#9106=EDGE_LOOP('',(#9100,#9102,#9104,#9105));
#9107=FACE_OUTER_BOUND('',#9106,.F.);
#9108=ADVANCED_FACE('',(#9107),#9099,.T.);
#9109=CARTESIAN_POINT('',(2.551962903065E-1,-2.525E0,-1.7E1));
#9110=DIRECTION('',(0.E0,-1.E0,0.E0));
#9111=DIRECTION('',(-1.E0,0.E0,0.E0));
#9112=AXIS2_PLACEMENT_3D('',#9109,#9110,#9111);
#9113=PLANE('',#9112);
#9114=ORIENTED_EDGE('',*,*,#5521,.F.);
#9116=ORIENTED_EDGE('',*,*,#9115,.T.);
#9118=ORIENTED_EDGE('',*,*,#9117,.T.);
#9119=ORIENTED_EDGE('',*,*,#9101,.F.);
#9120=EDGE_LOOP('',(#9114,#9116,#9118,#9119));
#9121=FACE_OUTER_BOUND('',#9120,.F.);
#9122=ADVANCED_FACE('',(#9121),#9113,.T.);
#9123=CARTESIAN_POINT('',(1.727570322452E-1,-2.2985E0,-1.7E1));
#9124=DIRECTION('',(9.396926207859E-1,3.420201433257E-1,0.E0));
#9125=DIRECTION('',(3.420201433257E-1,-9.396926207859E-1,0.E0));
#9126=AXIS2_PLACEMENT_3D('',#9123,#9124,#9125);
#9127=PLANE('',#9126);
#9128=ORIENTED_EDGE('',*,*,#5519,.F.);
#9130=ORIENTED_EDGE('',*,*,#9129,.T.);
#9132=ORIENTED_EDGE('',*,*,#9131,.T.);
#9133=ORIENTED_EDGE('',*,*,#9115,.F.);
#9134=EDGE_LOOP('',(#9128,#9130,#9132,#9133));
#9135=FACE_OUTER_BOUND('',#9134,.F.);
#9136=ADVANCED_FACE('',(#9135),#9127,.T.);
#9137=CARTESIAN_POINT('',(4.637570322452E-1,-2.2985E0,-1.7E1));
#9138=DIRECTION('',(0.E0,-1.E0,0.E0));
#9139=DIRECTION('',(-1.E0,0.E0,0.E0));
#9140=AXIS2_PLACEMENT_3D('',#9137,#9138,#9139);
#9141=PLANE('',#9140);
#9142=ORIENTED_EDGE('',*,*,#5517,.F.);
#9144=ORIENTED_EDGE('',*,*,#9143,.T.);
#9146=ORIENTED_EDGE('',*,*,#9145,.T.);
#9147=ORIENTED_EDGE('',*,*,#9129,.F.);
#9148=EDGE_LOOP('',(#9142,#9144,#9146,#9147));
#9149=FACE_OUTER_BOUND('',#9148,.F.);
#9150=ADVANCED_FACE('',(#9149),#9141,.T.);
#9151=CARTESIAN_POINT('',(3.813177741839E-1,-2.072E0,-1.7E1));
#9152=DIRECTION('',(9.396926207859E-1,3.420201433257E-1,0.E0));
#9153=DIRECTION('',(3.420201433257E-1,-9.396926207859E-1,0.E0));
#9154=AXIS2_PLACEMENT_3D('',#9151,#9152,#9153);
#9155=PLANE('',#9154);
#9156=ORIENTED_EDGE('',*,*,#5515,.F.);
#9158=ORIENTED_EDGE('',*,*,#9157,.T.);
#9160=ORIENTED_EDGE('',*,*,#9159,.T.);
#9161=ORIENTED_EDGE('',*,*,#9143,.F.);
#9162=EDGE_LOOP('',(#9156,#9158,#9160,#9161));
#9163=FACE_OUTER_BOUND('',#9162,.F.);
#9164=ADVANCED_FACE('',(#9163),#9155,.T.);
#9165=CARTESIAN_POINT('',(9.031777418388E-2,-2.072E0,-1.7E1));
#9166=DIRECTION('',(0.E0,1.E0,0.E0));
#9167=DIRECTION('',(1.E0,0.E0,0.E0));
#9168=AXIS2_PLACEMENT_3D('',#9165,#9166,#9167);
#9169=PLANE('',#9168);
#9170=ORIENTED_EDGE('',*,*,#5513,.F.);
#9172=ORIENTED_EDGE('',*,*,#9171,.T.);
#9174=ORIENTED_EDGE('',*,*,#9173,.T.);
#9175=ORIENTED_EDGE('',*,*,#9157,.F.);
#9176=EDGE_LOOP('',(#9170,#9172,#9174,#9175));
#9177=FACE_OUTER_BOUND('',#9176,.F.);
#9178=ADVANCED_FACE('',(#9177),#9169,.T.);
#9179=CARTESIAN_POINT('',(7.878516122588E-3,-1.8455E0,-1.7E1));
#9180=DIRECTION('',(9.396926207859E-1,3.420201433257E-1,0.E0));
#9181=DIRECTION('',(3.420201433257E-1,-9.396926207859E-1,0.E0));
#9182=AXIS2_PLACEMENT_3D('',#9179,#9180,#9181);
#9183=PLANE('',#9182);
#9184=ORIENTED_EDGE('',*,*,#5511,.F.);
#9186=ORIENTED_EDGE('',*,*,#9185,.T.);
#9188=ORIENTED_EDGE('',*,*,#9187,.T.);
#9189=ORIENTED_EDGE('',*,*,#9171,.F.);
#9190=EDGE_LOOP('',(#9184,#9186,#9188,#9189));
#9191=FACE_OUTER_BOUND('',#9190,.F.);
#9192=ADVANCED_FACE('',(#9191),#9183,.T.);
#9193=CARTESIAN_POINT('',(2.988785161226E-1,-1.8455E0,-1.7E1));
#9194=DIRECTION('',(0.E0,-1.E0,0.E0));
#9195=DIRECTION('',(-1.E0,0.E0,0.E0));
#9196=AXIS2_PLACEMENT_3D('',#9193,#9194,#9195);
#9197=PLANE('',#9196);
#9198=ORIENTED_EDGE('',*,*,#5509,.F.);
#9200=ORIENTED_EDGE('',*,*,#9199,.T.);
#9202=ORIENTED_EDGE('',*,*,#9201,.T.);
#9203=ORIENTED_EDGE('',*,*,#9185,.F.);
#9204=EDGE_LOOP('',(#9198,#9200,#9202,#9203));
#9205=FACE_OUTER_BOUND('',#9204,.F.);
#9206=ADVANCED_FACE('',(#9205),#9197,.T.);
#9207=CARTESIAN_POINT('',(2.164392580613E-1,-1.619E0,-1.7E1));
#9208=DIRECTION('',(9.396926207859E-1,3.420201433257E-1,0.E0));
#9209=DIRECTION('',(3.420201433257E-1,-9.396926207859E-1,0.E0));
#9210=AXIS2_PLACEMENT_3D('',#9207,#9208,#9209);
#9211=PLANE('',#9210);
#9212=ORIENTED_EDGE('',*,*,#5507,.F.);
#9214=ORIENTED_EDGE('',*,*,#9213,.T.);
#9216=ORIENTED_EDGE('',*,*,#9215,.T.);
#9217=ORIENTED_EDGE('',*,*,#9199,.F.);
#9218=EDGE_LOOP('',(#9212,#9214,#9216,#9217));
#9219=FACE_OUTER_BOUND('',#9218,.F.);
#9220=ADVANCED_FACE('',(#9219),#9211,.T.);
#9221=CARTESIAN_POINT('',(-7.164823836054E-2,-1.619E0,-1.7E1));
#9222=DIRECTION('',(0.E0,1.E0,0.E0));
#9223=DIRECTION('',(1.E0,0.E0,0.E0));
#9224=AXIS2_PLACEMENT_3D('',#9221,#9222,#9223);
#9225=PLANE('',#9224);
#9226=ORIENTED_EDGE('',*,*,#5505,.F.);
#9228=ORIENTED_EDGE('',*,*,#9227,.T.);
#9230=ORIENTED_EDGE('',*,*,#9229,.T.);
#9231=ORIENTED_EDGE('',*,*,#9213,.F.);
#9232=EDGE_LOOP('',(#9226,#9228,#9230,#9231));
#9233=FACE_OUTER_BOUND('',#9232,.F.);
#9234=ADVANCED_FACE('',(#9233),#9225,.T.);
#9235=CARTESIAN_POINT('',(-1.556482383605E-1,-1.393074168653E0,-1.7E1));
#9236=DIRECTION('',(9.373105366950E-1,3.484952765829E-1,0.E0));
#9237=DIRECTION('',(3.484952765829E-1,-9.373105366950E-1,0.E0));
#9238=AXIS2_PLACEMENT_3D('',#9235,#9236,#9237);
#9239=PLANE('',#9238);
#9240=ORIENTED_EDGE('',*,*,#5503,.F.);
#9242=ORIENTED_EDGE('',*,*,#9241,.T.);
#9244=ORIENTED_EDGE('',*,*,#9243,.T.);
#9245=ORIENTED_EDGE('',*,*,#9227,.F.);
#9246=EDGE_LOOP('',(#9240,#9242,#9244,#9245));
#9247=FACE_OUTER_BOUND('',#9246,.F.);
#9248=ADVANCED_FACE('',(#9247),#9239,.T.);
#9249=CARTESIAN_POINT('',(5.E-1,-1.393074168653E0,-1.7E1));
#9250=DIRECTION('',(0.E0,-1.E0,0.E0));
#9251=DIRECTION('',(-1.E0,0.E0,0.E0));
#9252=AXIS2_PLACEMENT_3D('',#9249,#9250,#9251);
#9253=PLANE('',#9252);
#9254=ORIENTED_EDGE('',*,*,#5501,.F.);
#9255=ORIENTED_EDGE('',*,*,#8936,.T.);
#9257=ORIENTED_EDGE('',*,*,#9256,.T.);
#9258=ORIENTED_EDGE('',*,*,#9241,.F.);
#9259=EDGE_LOOP('',(#9254,#9255,#9257,#9258));
#9260=FACE_OUTER_BOUND('',#9259,.F.);
#9261=ADVANCED_FACE('',(#9260),#9253,.T.);
#9262=CARTESIAN_POINT('',(7.E0,-3.925E0,-1.715E1));
#9263=DIRECTION('',(0.E0,0.E0,-1.E0));
#9264=DIRECTION('',(-1.E0,0.E0,0.E0));
#9265=AXIS2_PLACEMENT_3D('',#9262,#9263,#9264);
#9266=PLANE('',#9265);
#9267=ORIENTED_EDGE('',*,*,#8934,.F.);
#9268=ORIENTED_EDGE('',*,*,#8949,.F.);
#9269=ORIENTED_EDGE('',*,*,#8963,.F.);
#9270=ORIENTED_EDGE('',*,*,#8977,.F.);
#9271=ORIENTED_EDGE('',*,*,#8991,.F.);
#9272=ORIENTED_EDGE('',*,*,#9005,.F.);
#9273=ORIENTED_EDGE('',*,*,#9019,.F.);
#9274=ORIENTED_EDGE('',*,*,#9033,.F.);
#9275=ORIENTED_EDGE('',*,*,#9047,.F.);
#9276=ORIENTED_EDGE('',*,*,#9061,.F.);
#9277=ORIENTED_EDGE('',*,*,#9075,.F.);
#9278=ORIENTED_EDGE('',*,*,#9089,.F.);
#9279=ORIENTED_EDGE('',*,*,#9103,.F.);
#9280=ORIENTED_EDGE('',*,*,#9117,.F.);
#9281=ORIENTED_EDGE('',*,*,#9131,.F.);
#9282=ORIENTED_EDGE('',*,*,#9145,.F.);
#9283=ORIENTED_EDGE('',*,*,#9159,.F.);
#9284=ORIENTED_EDGE('',*,*,#9173,.F.);
#9285=ORIENTED_EDGE('',*,*,#9187,.F.);
#9286=ORIENTED_EDGE('',*,*,#9201,.F.);
#9287=ORIENTED_EDGE('',*,*,#9215,.F.);
#9288=ORIENTED_EDGE('',*,*,#9229,.F.);
#9289=ORIENTED_EDGE('',*,*,#9243,.F.);
#9290=ORIENTED_EDGE('',*,*,#9256,.F.);
#9291=EDGE_LOOP('',(#9267,#9268,#9269,#9270,#9271,#9272,#9273,#9274,#9275,#9276,
#9277,#9278,#9279,#9280,#9281,#9282,#9283,#9284,#9285,#9286,#9287,#9288,#9289,
#9290));
#9292=FACE_OUTER_BOUND('',#9291,.F.);
#9293=ADVANCED_FACE('',(#9292),#9266,.T.);
#9294=CARTESIAN_POINT('',(5.3E0,2.277E1,-1.06E1));
#9295=DIRECTION('',(0.E0,-1.E0,0.E0));
#9296=DIRECTION('',(-1.E0,0.E0,0.E0));
#9297=AXIS2_PLACEMENT_3D('',#9294,#9295,#9296);
#9298=CYLINDRICAL_SURFACE('',#9297,3.E-1);
#9299=ORIENTED_EDGE('',*,*,#5081,.T.);
#9301=ORIENTED_EDGE('',*,*,#9300,.T.);
#9303=ORIENTED_EDGE('',*,*,#9302,.T.);
#9304=ORIENTED_EDGE('',*,*,#5063,.F.);
#9305=EDGE_LOOP('',(#9299,#9301,#9303,#9304));
#9306=FACE_OUTER_BOUND('',#9305,.F.);
#9307=ADVANCED_FACE('',(#9306),#9298,.T.);
#9308=CARTESIAN_POINT('',(5.E0,-6.025E0,-1.09E1));
#9309=DIRECTION('',(-1.E0,0.E0,0.E0));
#9310=DIRECTION('',(0.E0,0.E0,1.E0));
#9311=AXIS2_PLACEMENT_3D('',#9308,#9309,#9310);
#9312=PLANE('',#9311);
#9313=ORIENTED_EDGE('',*,*,#4935,.F.);
#9315=ORIENTED_EDGE('',*,*,#9314,.F.);
#9316=ORIENTED_EDGE('',*,*,#9300,.F.);
#9317=ORIENTED_EDGE('',*,*,#4864,.T.);
#9318=EDGE_LOOP('',(#9313,#9315,#9316,#9317));
#9319=FACE_OUTER_BOUND('',#9318,.F.);
#9320=ADVANCED_FACE('',(#9319),#9312,.T.);
#9321=CARTESIAN_POINT('',(5.3E0,-5.598320053068E0,-4.238624E1));
#9322=DIRECTION('',(0.E0,0.E0,1.E0));
#9323=DIRECTION('',(-1.E0,0.E0,0.E0));
#9324=AXIS2_PLACEMENT_3D('',#9321,#9322,#9323);
#9325=CYLINDRICAL_SURFACE('',#9324,3.E-1);
#9326=ORIENTED_EDGE('',*,*,#9314,.T.);
#9327=ORIENTED_EDGE('',*,*,#4948,.T.);
#9328=ORIENTED_EDGE('',*,*,#5017,.F.);
#9330=ORIENTED_EDGE('',*,*,#9329,.T.);
#9331=EDGE_LOOP('',(#9326,#9327,#9328,#9330));
#9332=FACE_OUTER_BOUND('',#9331,.F.);
#9333=ADVANCED_FACE('',(#9332),#9325,.T.);
#9334=CARTESIAN_POINT('',(5.3E0,-5.598320053068E0,-1.06E1));
#9335=DIRECTION('',(7.669649888474E-1,-6.416889479197E-1,0.E0));
#9336=DIRECTION('',(-6.416889479197E-1,-7.669649888474E-1,0.E0));
#9337=AXIS2_PLACEMENT_3D('',#9334,#9335,#9336);
#9338=SPHERICAL_SURFACE('',#9337,3.E-1);
#9339=ORIENTED_EDGE('',*,*,#9302,.F.);
#9340=ORIENTED_EDGE('',*,*,#9329,.F.);
#9341=ORIENTED_EDGE('',*,*,#5035,.F.);
#9342=EDGE_LOOP('',(#9339,#9340,#9341));
#9343=FACE_OUTER_BOUND('',#9342,.F.);
#9344=ADVANCED_FACE('',(#9343),#9338,.T.);
#9345=CARTESIAN_POINT('',(5.E0,-1.925E0,-5.E-1));
#9346=DIRECTION('',(0.E0,0.E0,-1.E0));
#9347=DIRECTION('',(9.997756833525E-1,2.117977754723E-2,0.E0));
#9348=AXIS2_PLACEMENT_3D('',#9345,#9346,#9347);
#9349=TOROIDAL_SURFACE('',#9348,1.5E0,5.E-1);
#9351=ORIENTED_EDGE('',*,*,#9350,.F.);
#9352=ORIENTED_EDGE('',*,*,#4432,.F.);
#9353=ORIENTED_EDGE('',*,*,#4541,.F.);
#9354=ORIENTED_EDGE('',*,*,#4905,.F.);
#9355=EDGE_LOOP('',(#9351,#9352,#9353,#9354));
#9356=FACE_OUTER_BOUND('',#9355,.F.);
#9357=ADVANCED_FACE('',(#9356),#9349,.T.);
#9358=CARTESIAN_POINT('',(-2.52504E1,-3.425E0,-5.E-1));
#9359=DIRECTION('',(1.E0,0.E0,0.E0));
#9360=DIRECTION('',(0.E0,0.E0,1.E0));
#9361=AXIS2_PLACEMENT_3D('',#9358,#9359,#9360);
#9362=CYLINDRICAL_SURFACE('',#9361,5.E-1);
#9363=ORIENTED_EDGE('',*,*,#9350,.T.);
#9364=ORIENTED_EDGE('',*,*,#4890,.F.);
#9366=ORIENTED_EDGE('',*,*,#9365,.T.);
#9367=ORIENTED_EDGE('',*,*,#4434,.T.);
#9368=EDGE_LOOP('',(#9363,#9364,#9366,#9367));
#9369=FACE_OUTER_BOUND('',#9368,.F.);
#9370=ADVANCED_FACE('',(#9369),#9362,.T.);
#9371=CARTESIAN_POINT('',(-5.E0,-1.925E0,-5.E-1));
#9372=DIRECTION('',(0.E0,0.E0,-1.E0));
#9373=DIRECTION('',(2.117977754723E-2,-9.997756833525E-1,0.E0));
#9374=AXIS2_PLACEMENT_3D('',#9371,#9372,#9373);
#9375=TOROIDAL_SURFACE('',#9374,1.5E0,5.E-1);
#9376=ORIENTED_EDGE('',*,*,#4852,.F.);
#9377=ORIENTED_EDGE('',*,*,#4597,.F.);
#9378=ORIENTED_EDGE('',*,*,#4436,.F.);
#9379=ORIENTED_EDGE('',*,*,#9365,.F.);
#9380=EDGE_LOOP('',(#9376,#9377,#9378,#9379));
#9381=FACE_OUTER_BOUND('',#9380,.F.);
#9382=ADVANCED_FACE('',(#9381),#9375,.T.);
#9383=CLOSED_SHELL('',(#4530,#4545,#4559,#4573,#4587,#4601,#4632,#4647,#4662,
#4676,#4691,#4703,#4718,#4732,#4747,#4759,#4816,#4828,#4841,#4856,#4894,#4911,
#4926,#4940,#4953,#5009,#5024,#5039,#5054,#5068,#5085,#5111,#5125,#5169,#5184,
#5198,#5212,#5225,#5237,#5253,#5269,#5283,#5296,#5309,#5321,#5335,#5348,#5361,
#5373,#5386,#5401,#5549,#5563,#5576,#5588,#5605,#5623,#5640,#5657,#5672,#5693,
#5706,#5726,#5748,#5763,#5777,#5792,#5805,#5818,#5830,#5854,#5880,#5894,#5907,
#5922,#5935,#5948,#5960,#5974,#5987,#6000,#6014,#6029,#6043,#6057,#6070,#6084,
#6097,#6112,#6125,#6136,#6148,#6163,#6177,#6191,#6204,#6218,#6233,#6247,#6259,
#6273,#6286,#6299,#6312,#6325,#6338,#6356,#6368,#6380,#6392,#6404,#6420,#6443,
#6458,#6472,#6486,#6500,#6514,#6623,#6635,#6656,#6669,#6682,#6695,#6708,#6720,
#6743,#6758,#6772,#6786,#6808,#6822,#6835,#6848,#6861,#6874,#6887,#6900,#6912,
#6924,#6947,#6962,#6976,#6990,#7012,#7026,#7039,#7052,#7065,#7078,#7091,#7104,
#7116,#7128,#7151,#7166,#7180,#7194,#7216,#7230,#7243,#7256,#7269,#7282,#7295,
#7308,#7320,#7332,#7347,#7408,#7422,#7440,#7454,#7467,#7484,#7498,#7513,#7526,
#7539,#7552,#7566,#7579,#7593,#7607,#7622,#7635,#7649,#7663,#7681,#7695,#7713,
#7727,#7741,#7756,#7771,#7784,#7798,#7812,#7825,#7840,#7855,#7871,#7884,#7901,
#7915,#7932,#7945,#7959,#7974,#7990,#8006,#8020,#8037,#8050,#8063,#8077,#8096,
#8109,#8123,#8137,#8153,#8172,#8186,#8205,#8218,#8232,#8245,#8260,#8276,#8291,
#8305,#8317,#8333,#8347,#8360,#8376,#8388,#8401,#8414,#8428,#8458,#8471,#8484,
#8496,#8508,#8521,#8535,#8547,#8563,#8578,#8591,#8605,#8617,#8629,#8641,#8653,
#8665,#8678,#8738,#8752,#8766,#8779,#8792,#8806,#8820,#8833,#8850,#8863,#8875,
#8888,#8900,#8913,#8925,#8940,#8954,#8968,#8982,#8996,#9010,#9024,#9038,#9052,
#9066,#9080,#9094,#9108,#9122,#9136,#9150,#9164,#9178,#9192,#9206,#9220,#9234,
#9248,#9261,#9293,#9307,#9320,#9333,#9344,#9357,#9370,#9382));
#9384=MANIFOLD_SOLID_BREP('',#9383);
#9385=(LENGTH_UNIT()NAMED_UNIT(*)SI_UNIT(.MILLI.,.METRE.));
#9386=DIMENSIONAL_EXPONENTS(0.E0,0.E0,0.E0,0.E0,0.E0,0.E0,0.E0);
#9387=(NAMED_UNIT(*)PLANE_ANGLE_UNIT()SI_UNIT($,.RADIAN.));
#9388=PLANE_ANGLE_MEASURE_WITH_UNIT(PLANE_ANGLE_MEASURE(1.745329251994E-2),
#9387);
#9389=(CONVERSION_BASED_UNIT('DEGREE',#9388)NAMED_UNIT(#9386)PLANE_ANGLE_UNIT(
));
#9390=(NAMED_UNIT(*)SI_UNIT($,.STERADIAN.)SOLID_ANGLE_UNIT());
#9391=UNCERTAINTY_MEASURE_WITH_UNIT(LENGTH_MEASURE(3.097633931642E-3),#9385,
'distance_accuracy_value',
'Maximum model space distance between geometric entities at asserted connectivities');
#9392=(GEOMETRIC_REPRESENTATION_CONTEXT(3)GLOBAL_UNCERTAINTY_ASSIGNED_CONTEXT((
#9391))GLOBAL_UNIT_ASSIGNED_CONTEXT((#9385,#9389,#9390))REPRESENTATION_CONTEXT(
'ID1','3'));
#9394=APPLICATION_CONTEXT('automotive_design');
#9395=APPLICATION_PROTOCOL_DEFINITION('international standard',
'automotive_design',2001,#9394);
#9396=PRODUCT_DEFINITION_CONTEXT('part definition',#9394,'design');
#9397=PRODUCT_CONTEXT('',#9394,'mechanical');
#9398=PRODUCT('C-1565749-4','C-1565749-4','NOT SPECIFIED',(#9397));
#9399=PRODUCT_DEFINITION_FORMATION('1','LAST_VERSION',#9398);
#9406=(LENGTH_UNIT()NAMED_UNIT(*)SI_UNIT(.MILLI.,.METRE.));
#9407=DERIVED_UNIT_ELEMENT(#9406,2.E0);
#9408=MEASURE_REPRESENTATION_ITEM('surface area measure',AREA_MEASURE(
2.014913647351E3),#9602);
#9412=(LENGTH_UNIT()NAMED_UNIT(*)SI_UNIT(.MILLI.,.METRE.));
#9413=DERIVED_UNIT_ELEMENT(#9412,3.E0);
#9414=MEASURE_REPRESENTATION_ITEM('volume measure',VOLUME_MEASURE(
1.617006258217E3),#9603);
#9418=CARTESIAN_POINT('centre point',(-1.821927692970E-5,8.527187724815E-1,
-9.990500936568E0));
#9422=(LENGTH_UNIT()NAMED_UNIT(*)SI_UNIT(.MILLI.,.METRE.));
#9423=DERIVED_UNIT_ELEMENT(#9422,2.E0);
#9424=MEASURE_REPRESENTATION_ITEM('surface area measure',AREA_MEASURE(
2.014913647351E3),#9604);
#9428=(LENGTH_UNIT()NAMED_UNIT(*)SI_UNIT(.MILLI.,.METRE.));
#9429=DERIVED_UNIT_ELEMENT(#9428,3.E0);
#9430=MEASURE_REPRESENTATION_ITEM('volume measure',VOLUME_MEASURE(
1.617006258217E3),#9605);
#9434=CARTESIAN_POINT('centre point',(-1.821927692970E-5,8.527187724815E-1,
-9.990500936568E0));
#9439=PRODUCT_RELATED_PRODUCT_CATEGORY('part','',(#9398));
#9441=GENERAL_PROPERTY('user defined attribute','','');
#9442=GENERAL_PROPERTY_ASSOCIATION('user defined attribute','',#9441,#9440);
#9443=DESCRIPTIVE_REPRESENTATION_ITEM('PART_NO','1565749');
#9447=GENERAL_PROPERTY('user defined attribute','','');
#9448=GENERAL_PROPERTY_ASSOCIATION('user defined attribute','',#9447,#9446);
#9449=DESCRIPTIVE_REPRESENTATION_ITEM('DWG_TITLE','025 4P CAP HOUSING ASSY');
#9453=GENERAL_PROPERTY('user defined attribute','','');
#9454=GENERAL_PROPERTY_ASSOCIATION('user defined attribute','',#9453,#9452);
#9455=DESCRIPTIVE_REPRESENTATION_ITEM('DWG_TITLE_2','-');
#9459=GENERAL_PROPERTY('user defined attribute','','');
#9460=GENERAL_PROPERTY_ASSOCIATION('user defined attribute','',#9459,#9458);
#9461=DESCRIPTIVE_REPRESENTATION_ITEM('DESC','025 4P CAP HOUSING ASSY');
#9465=GENERAL_PROPERTY('user defined attribute','','');
#9466=GENERAL_PROPERTY_ASSOCIATION('user defined attribute','',#9465,#9464);
#9467=VALUE_REPRESENTATION_ITEM('SORT',NUMERIC_MEASURE(0.E0));
#9471=GENERAL_PROPERTY('user defined attribute','','');
#9472=GENERAL_PROPERTY_ASSOCIATION('user defined attribute','',#9471,#9470);
#9473=DESCRIPTIVE_REPRESENTATION_ITEM('TIR','1');
#9477=GENERAL_PROPERTY('user defined attribute','','');
#9478=GENERAL_PROPERTY_ASSOCIATION('user defined attribute','',#9477,#9476);
#9479=DESCRIPTIVE_REPRESENTATION_ITEM('PDMREV','1.0+');
#9483=GENERAL_PROPERTY('user defined attribute','','');
#9484=GENERAL_PROPERTY_ASSOCIATION('user defined attribute','',#9483,#9482);
#9485=DESCRIPTIVE_REPRESENTATION_ITEM('PDMDB','');
#9489=GENERAL_PROPERTY('user defined attribute','','');
#9490=GENERAL_PROPERTY_ASSOCIATION('user defined attribute','',#9489,#9488);
#9491=DESCRIPTIVE_REPRESENTATION_ITEM('PDMRL','Complete');
#9495=GENERAL_PROPERTY('user defined attribute','','');
#9496=GENERAL_PROPERTY_ASSOCIATION('user defined attribute','',#9495,#9494);
#9497=DESCRIPTIVE_REPRESENTATION_ITEM('PROI_REVISION','1');
#9501=GENERAL_PROPERTY('user defined attribute','','');
#9502=GENERAL_PROPERTY_ASSOCIATION('user defined attribute','',#9501,#9500);
#9503=DESCRIPTIVE_REPRESENTATION_ITEM('PROI_VERSION','0+');
#9507=GENERAL_PROPERTY('user defined attribute','','');
#9508=GENERAL_PROPERTY_ASSOCIATION('user defined attribute','',#9507,#9506);
#9509=DESCRIPTIVE_REPRESENTATION_ITEM('PROI_BRANCH','main');
#9513=GENERAL_PROPERTY('user defined attribute','','');
#9514=GENERAL_PROPERTY_ASSOCIATION('user defined attribute','',#9513,#9512);
#9515=DESCRIPTIVE_REPRESENTATION_ITEM('PROI_RELEASE','Complete');
#9519=GENERAL_PROPERTY('user defined attribute','','');
#9520=GENERAL_PROPERTY_ASSOCIATION('user defined attribute','',#9519,#9518);
#9521=VALUE_REPRESENTATION_ITEM('PROI_MODIFIED',NUMERIC_MEASURE(3.E0));
#9525=GENERAL_PROPERTY('user defined attribute','','');
#9526=GENERAL_PROPERTY_ASSOCIATION('user defined attribute','',#9525,#9524);
#9527=DESCRIPTIVE_REPRESENTATION_ITEM('DOC_STATUS','Active');
#9531=GENERAL_PROPERTY('user defined attribute','','');
#9532=GENERAL_PROPERTY_ASSOCIATION('user defined attribute','',#9531,#9530);
#9533=DESCRIPTIVE_REPRESENTATION_ITEM('DWG_SIZE_P','-');
#9537=GENERAL_PROPERTY('user defined attribute','','');
#9538=GENERAL_PROPERTY_ASSOCIATION('user defined attribute','',#9537,#9536);
#9539=DESCRIPTIVE_REPRESENTATION_ITEM('AMPTYPE','F');
#9543=GENERAL_PROPERTY('user defined attribute','','');
#9544=GENERAL_PROPERTY_ASSOCIATION('user defined attribute','',#9543,#9542);
#9546=GENERAL_PROPERTY('user defined attribute','','');
#9547=GENERAL_PROPERTY_ASSOCIATION('user defined attribute','',#9546,#9545);
#9548=DESCRIPTIVE_REPRESENTATION_ITEM('MOD_NUM','MOD36728');
#9552=GENERAL_PROPERTY('user defined attribute','','');
#9553=GENERAL_PROPERTY_ASSOCIATION('user defined attribute','',#9552,#9551);
#9555=GENERAL_PROPERTY('user defined attribute','','');
#9556=GENERAL_PROPERTY_ASSOCIATION('user defined attribute','',#9555,#9554);
#9557=DESCRIPTIVE_REPRESENTATION_ITEM('PROI_CREATED_BY','FR0T9537');
#9561=GENERAL_PROPERTY('user defined attribute','','');
#9562=GENERAL_PROPERTY_ASSOCIATION('user defined attribute','',#9561,#9560);
#9563=DESCRIPTIVE_REPRESENTATION_ITEM('PROI_CREATED_ON','08/20/10 09:18:34');
#9567=GENERAL_PROPERTY('user defined attribute','','');
#9568=GENERAL_PROPERTY_ASSOCIATION('user defined attribute','',#9567,#9566);
#9569=DESCRIPTIVE_REPRESENTATION_ITEM('PROI_LOCATION',
'Root Folder/EMCS MOD SVCS/GPL-931');
#9573=GENERAL_PROPERTY('user defined attribute','','');
#9574=GENERAL_PROPERTY_ASSOCIATION('user defined attribute','',#9573,#9572);
#9575=DESCRIPTIVE_REPRESENTATION_ITEM('PTC_COMMON_NAME','');
#9579=GENERAL_PROPERTY('user defined attribute','','');
#9580=GENERAL_PROPERTY_ASSOCIATION('user defined attribute','',#9579,#9578);
#9581=DESCRIPTIVE_REPRESENTATION_ITEM('PART_REV','F');
#9585=GENERAL_PROPERTY('user defined attribute','','');
#9586=GENERAL_PROPERTY_ASSOCIATION('user defined attribute','',#9585,#9584);
#9587=DESCRIPTIVE_REPRESENTATION_ITEM('DOC_LANGUAGE','English');
#9591=GENERAL_PROPERTY('user defined attribute','','');
#9592=GENERAL_PROPERTY_ASSOCIATION('user defined attribute','',#9591,#9590);
#9593=DESCRIPTIVE_REPRESENTATION_ITEM('REASON_DOC_CHANGE','Not Specified');
#9597=GENERAL_PROPERTY('user defined attribute','','');
#9598=GENERAL_PROPERTY_ASSOCIATION('user defined attribute','',#9597,#9596);
#9599=DESCRIPTIVE_REPRESENTATION_ITEM('SEND_WEIGHT','NO');
#80=CIRCLE('',#79,1.5E0);
#89=CIRCLE('',#88,1.5E0);
#98=CIRCLE('',#97,1.5E0);
#107=CIRCLE('',#106,1.5E0);
#248=CIRCLE('',#247,5.E-1);
#253=CIRCLE('',#252,5.E-1);
#258=CIRCLE('',#257,5.E-1);
#263=CIRCLE('',#262,5.E-1);
#268=CIRCLE('',#267,5.E-1);
#309=CIRCLE('',#308,3.E-1);
#318=B_SPLINE_CURVE_WITH_KNOTS('',3,(#310,#311,#312,#313,#314,#315,#316,#317),
.UNSPECIFIED.,.F.,.F.,(4,1,1,1,1,4),(0.E0,2.E-1,4.E-1,6.E-1,8.E-1,1.E0),
.UNSPECIFIED.);
#327=CIRCLE('',#326,1.7E0);
#341=B_SPLINE_CURVE_WITH_KNOTS('',3,(#332,#333,#334,#335,#336,#337,#338,#339,
#340),.UNSPECIFIED.,.F.,.F.,(4,1,1,1,1,1,4),(0.E0,1.666666666667E-1,
3.333333333333E-1,5.E-1,6.666666666667E-1,8.333333333333E-1,1.E0),
.UNSPECIFIED.);
#346=CIRCLE('',#345,3.E-1);
#351=CIRCLE('',#350,3.E-1);
#356=CIRCLE('',#355,3.E-1);
#361=CIRCLE('',#360,3.E-1);
#384=B_SPLINE_CURVE_WITH_KNOTS('',3,(#374,#375,#376,#377,#378,#379,#380,#381,
#382,#383),.UNSPECIFIED.,.F.,.F.,(4,1,1,1,1,1,1,4),(0.E0,1.428571428571E-1,
2.857142857143E-1,4.285714285714E-1,5.714285714286E-1,7.142857142857E-1,
8.571428571429E-1,1.E0),.UNSPECIFIED.);
#389=CIRCLE('',#388,3.E-1);
#394=CIRCLE('',#393,3.000001100415E-1);
#406=B_SPLINE_CURVE_WITH_KNOTS('',3,(#395,#396,#397,#398,#399,#400,#401,#402,
#403,#404,#405),.UNSPECIFIED.,.F.,.F.,(4,1,1,1,1,1,1,1,4),(0.E0,1.25E-1,2.5E-1,
3.75E-1,5.E-1,6.25E-1,7.5E-1,8.75E-1,1.E0),.UNSPECIFIED.);
#418=B_SPLINE_CURVE_WITH_KNOTS('',3,(#407,#408,#409,#410,#411,#412,#413,#414,
#415,#416,#417),.UNSPECIFIED.,.F.,.F.,(4,1,1,1,1,1,1,1,4),(0.E0,1.25E-1,2.5E-1,
3.75E-1,5.E-1,6.25E-1,7.5E-1,8.75E-1,1.E0),.UNSPECIFIED.);
#423=CIRCLE('',#422,2.E0);
#444=B_SPLINE_CURVE_WITH_KNOTS('',3,(#432,#433,#434,#435,#436,#437,#438,#439,
#440,#441,#442,#443),.UNSPECIFIED.,.F.,.F.,(4,1,1,1,1,1,1,1,1,4),(0.E0,
1.111111111111E-1,2.222222222222E-1,3.333333333333E-1,4.444444444444E-1,
5.555555555556E-1,6.666666666667E-1,7.777777777778E-1,8.888888888889E-1,1.E0),
.UNSPECIFIED.);
#457=CIRCLE('',#456,3.E0);
#466=CIRCLE('',#465,3.E0);
#479=CIRCLE('',#478,3.E0);
#488=CIRCLE('',#487,3.E0);
#517=B_SPLINE_CURVE_WITH_KNOTS('',3,(#505,#506,#507,#508,#509,#510,#511,#512,
#513,#514,#515,#516),.UNSPECIFIED.,.F.,.F.,(4,1,1,1,1,1,1,1,1,4),(0.E0,
1.111111111111E-1,2.222222222222E-1,3.333333333333E-1,4.444444444444E-1,
5.555555555556E-1,6.666666666667E-1,7.777777777778E-1,8.888888888889E-1,1.E0),
.UNSPECIFIED.);
#522=CIRCLE('',#521,3.E-1);
#533=B_SPLINE_CURVE_WITH_KNOTS('',3,(#523,#524,#525,#526,#527,#528,#529,#530,
#531,#532),.UNSPECIFIED.,.F.,.F.,(4,1,1,1,1,1,1,4),(0.E0,1.428571428571E-1,
2.857142857143E-1,4.285714285714E-1,5.714285714286E-1,7.142857142857E-1,
8.571428571429E-1,1.E0),.UNSPECIFIED.);
#538=CIRCLE('',#537,3.E-1);
#543=CIRCLE('',#542,3.000001102910E-1);
#555=B_SPLINE_CURVE_WITH_KNOTS('',3,(#544,#545,#546,#547,#548,#549,#550,#551,
#552,#553,#554),.UNSPECIFIED.,.F.,.F.,(4,1,1,1,1,1,1,1,4),(0.E0,1.25E-1,2.5E-1,
3.75E-1,5.E-1,6.25E-1,7.5E-1,8.75E-1,1.E0),.UNSPECIFIED.);
#567=B_SPLINE_CURVE_WITH_KNOTS('',3,(#556,#557,#558,#559,#560,#561,#562,#563,
#564,#565,#566),.UNSPECIFIED.,.F.,.F.,(4,1,1,1,1,1,1,1,4),(0.E0,1.25E-1,2.5E-1,
3.75E-1,5.E-1,6.25E-1,7.5E-1,8.75E-1,1.E0),.UNSPECIFIED.);
#572=CIRCLE('',#571,2.E0);
#581=CIRCLE('',#580,3.E-1);
#592=B_SPLINE_CURVE_WITH_KNOTS('',3,(#582,#583,#584,#585,#586,#587,#588,#589,
#590,#591),.UNSPECIFIED.,.F.,.F.,(4,1,1,1,1,1,1,4),(0.E0,1.428571428571E-1,
2.857142857143E-1,4.285714285714E-1,5.714285714286E-1,7.142857142857E-1,
8.571428571429E-1,1.E0),.UNSPECIFIED.);
#605=CIRCLE('',#604,1.7E0);
#610=CIRCLE('',#609,2.E0);
#630=B_SPLINE_CURVE_WITH_KNOTS('',3,(#615,#616,#617,#618,#619,#620,#621,#622,
#623,#624,#625,#626,#627,#628,#629),.UNSPECIFIED.,.F.,.F.,(4,1,1,1,1,1,1,1,1,1,
1,1,4),(0.E0,8.333333333333E-2,1.666666666667E-1,2.5E-1,3.333333333333E-1,
4.166666666667E-1,5.E-1,5.833333333333E-1,6.666666666667E-1,7.5E-1,
8.333333333333E-1,9.166666666667E-1,1.E0),.UNSPECIFIED.);
#671=CIRCLE('',#670,2.E0);
#676=CIRCLE('',#675,2.E0);
#841=CIRCLE('',#840,2.E0);
#846=CIRCLE('',#845,2.E0);
#855=CIRCLE('',#854,5.E-1);
#864=CIRCLE('',#863,1.5E0);
#873=CIRCLE('',#872,1.5E0);
#1094=CIRCLE('',#1093,5.E-1);
#1099=CIRCLE('',#1098,5.E-1);
#1104=CIRCLE('',#1103,5.E-1);
#1109=CIRCLE('',#1108,5.E-1);
#1114=CIRCLE('',#1113,3.E-1);
#1135=CIRCLE('',#1134,3.E-1);
#1156=CIRCLE('',#1155,3.E-1);
#1161=CIRCLE('',#1160,3.E-1);
#1206=CIRCLE('',#1205,1.315E0);
#1231=CIRCLE('',#1230,1.315E0);
#1264=CIRCLE('',#1263,1.315E0);
#1277=CIRCLE('',#1276,9.6235E-1);
#1290=CIRCLE('',#1289,1.315E0);
#1295=CIRCLE('',#1294,1.315E0);
#1300=CIRCLE('',#1299,1.315E0);
#1305=CIRCLE('',#1304,1.315E0);
#1318=CIRCLE('',#1317,2.7E0);
#1327=CIRCLE('',#1326,2.7E0);
#1340=CIRCLE('',#1339,2.7E0);
#1357=CIRCLE('',#1356,2.7E0);
#1370=CIRCLE('',#1369,1.315E0);
#1383=CIRCLE('',#1382,9.6235E-1);
#1396=CIRCLE('',#1395,3.E-1);
#1401=CIRCLE('',#1400,3.E-1);
#1406=CIRCLE('',#1405,3.E-1);
#1411=CIRCLE('',#1410,3.E-1);
#1420=CIRCLE('',#1419,3.E0);
#1429=CIRCLE('',#1428,2.E0);
#1445=B_SPLINE_CURVE_WITH_KNOTS('',3,(#1434,#1435,#1436,#1437,#1438,#1439,#1440,
#1441,#1442,#1443,#1444),.UNSPECIFIED.,.F.,.F.,(4,1,1,1,1,1,1,1,4),(0.E0,
1.25E-1,2.5E-1,3.75E-1,5.E-1,6.25E-1,7.5E-1,8.75E-1,1.E0),.UNSPECIFIED.);
#1462=B_SPLINE_CURVE_WITH_KNOTS('',3,(#1454,#1455,#1456,#1457,#1458,#1459,#1460,
#1461),.UNSPECIFIED.,.F.,.F.,(4,1,1,1,1,4),(0.E0,2.E-1,4.E-1,6.E-1,8.E-1,1.E0),
.UNSPECIFIED.);
#1467=CIRCLE('',#1466,3.E-1);
#1476=B_SPLINE_CURVE_WITH_KNOTS('',3,(#1468,#1469,#1470,#1471,#1472,#1473,#1474,
#1475),.UNSPECIFIED.,.F.,.F.,(4,1,1,1,1,4),(0.E0,2.E-1,4.E-1,6.E-1,8.E-1,1.E0),
.UNSPECIFIED.);
#1481=CIRCLE('',#1480,3.E0);
#1510=CIRCLE('',#1509,3.E-1);
#1515=CIRCLE('',#1514,3.E-1);
#1520=CIRCLE('',#1519,3.E-1);
#1529=B_SPLINE_CURVE_WITH_KNOTS('',3,(#1521,#1522,#1523,#1524,#1525,#1526,#1527,
#1528),.UNSPECIFIED.,.F.,.F.,(4,1,1,1,1,4),(0.E0,2.E-1,4.E-1,6.E-1,8.E-1,1.E0),
.UNSPECIFIED.);
#1542=CIRCLE('',#1541,3.E0);
#1551=CIRCLE('',#1550,3.E-1);
#1572=CIRCLE('',#1571,3.E-1);
#1577=CIRCLE('',#1576,3.E-1);
#1582=CIRCLE('',#1581,3.E-1);
#1587=CIRCLE('',#1586,3.E-1);
#1592=CIRCLE('',#1591,3.E-1);
#1597=CIRCLE('',#1596,3.E-1);
#1602=CIRCLE('',#1601,3.E-1);
#1611=B_SPLINE_CURVE_WITH_KNOTS('',3,(#1603,#1604,#1605,#1606,#1607,#1608,#1609,
#1610),.UNSPECIFIED.,.F.,.F.,(4,1,1,1,1,4),(0.E0,2.E-1,4.E-1,6.E-1,8.E-1,1.E0),
.UNSPECIFIED.);
#1620=CIRCLE('',#1619,3.E0);
#1661=CIRCLE('',#1660,5.E-1);
#1674=CIRCLE('',#1673,1.32E0);
#1843=CIRCLE('',#1842,3.999946055955E-1);
#1864=CIRCLE('',#1863,3.999946055955E-1);
#1905=CIRCLE('',#1904,6.8E-1);
#1918=CIRCLE('',#1917,6.8E-1);
#1959=CIRCLE('',#1958,1.32E0);
#1968=CIRCLE('',#1967,1.32E0);
#1993=CIRCLE('',#1992,6.8E-1);
#2018=CIRCLE('',#2017,6.8E-1);
#2059=CIRCLE('',#2058,1.32E0);
#2084=CIRCLE('',#2083,1.32E0);
#2109=CIRCLE('',#2108,6.8E-1);
#2134=CIRCLE('',#2133,6.8E-1);
#2175=CIRCLE('',#2174,1.32E0);
#2200=CIRCLE('',#2199,1.32E0);
#2225=CIRCLE('',#2224,6.8E-1);
#2250=CIRCLE('',#2249,6.8E-1);
#2291=CIRCLE('',#2290,1.32E0);
#2319=B_SPLINE_CURVE_WITH_KNOTS('',3,(#2308,#2309,#2310,#2311,#2312,#2313,#2314,
#2315,#2316,#2317,#2318),.UNSPECIFIED.,.F.,.F.,(4,1,1,1,1,1,1,1,4),(0.E0,
1.25E-1,2.5E-1,3.75E-1,5.E-1,6.25E-1,7.5E-1,8.75E-1,1.E0),.UNSPECIFIED.);
#2331=B_SPLINE_CURVE_WITH_KNOTS('',3,(#2320,#2321,#2322,#2323,#2324,#2325,#2326,
#2327,#2328,#2329,#2330),.UNSPECIFIED.,.F.,.F.,(4,1,1,1,1,1,1,1,4),(0.E0,
1.25E-1,2.5E-1,3.75E-1,5.E-1,6.25E-1,7.5E-1,8.75E-1,1.E0),.UNSPECIFIED.);
#2340=CIRCLE('',#2339,2.E-1);
#2361=CIRCLE('',#2360,2.E-1);
#2402=CIRCLE('',#2401,2.E-1);
#2407=CIRCLE('',#2406,2.E-1);
#2556=CIRCLE('',#2555,2.E-1);
#2605=CIRCLE('',#2604,2.E-1);
#2614=CIRCLE('',#2613,2.E-1);
#2643=CIRCLE('',#2642,2.E-1);
#2672=CIRCLE('',#2671,2.E-1);
#2693=CIRCLE('',#2692,2.E-1);
#2755=B_SPLINE_CURVE_WITH_KNOTS('',3,(#2750,#2751,#2752,#2753,#2754),
.UNSPECIFIED.,.F.,.F.,(4,1,4),(0.E0,5.E-1,1.E0),.UNSPECIFIED.);
#2781=B_SPLINE_CURVE_WITH_KNOTS('',3,(#2776,#2777,#2778,#2779,#2780),
.UNSPECIFIED.,.F.,.F.,(4,1,4),(0.E0,5.E-1,1.E0),.UNSPECIFIED.);
#2806=CIRCLE('',#2805,2.E-1);
#2819=CIRCLE('',#2818,2.E-1);
#2876=CIRCLE('',#2875,2.E-1);
#2885=CIRCLE('',#2884,2.E-1);
#2890=CIRCLE('',#2889,2.E-1);
#2895=CIRCLE('',#2894,2.E-1);
#2900=CIRCLE('',#2899,2.E-1);
#2925=CIRCLE('',#2924,2.E-1);
#2934=CIRCLE('',#2933,2.E-1);
#2939=CIRCLE('',#2938,2.E-1);
#2944=CIRCLE('',#2943,2.E-1);
#3009=CIRCLE('',#3008,1.E-1);
#3014=CIRCLE('',#3013,1.E-1);
#3062=B_SPLINE_CURVE_WITH_KNOTS('',3,(#3051,#3052,#3053,#3054,#3055,#3056,#3057,
#3058,#3059,#3060,#3061),.UNSPECIFIED.,.F.,.F.,(4,1,1,1,1,1,1,1,4),(0.E0,
1.25E-1,2.5E-1,3.75E-1,5.E-1,6.25E-1,7.5E-1,8.75E-1,1.E0),.UNSPECIFIED.);
#3067=CIRCLE('',#3066,1.999976872543E-1);
#3079=B_SPLINE_CURVE_WITH_KNOTS('',3,(#3068,#3069,#3070,#3071,#3072,#3073,#3074,
#3075,#3076,#3077,#3078),.UNSPECIFIED.,.F.,.F.,(4,1,1,1,1,1,1,1,4),(0.E0,
1.25E-1,2.5E-1,3.75E-1,5.E-1,6.25E-1,7.5E-1,8.75E-1,1.E0),.UNSPECIFIED.);
#3088=B_SPLINE_CURVE_WITH_KNOTS('',3,(#3080,#3081,#3082,#3083,#3084,#3085,#3086,
#3087),.UNSPECIFIED.,.F.,.F.,(4,1,1,1,1,4),(0.E0,2.E-1,4.E-1,6.E-1,8.E-1,1.E0),
.UNSPECIFIED.);
#3097=B_SPLINE_CURVE_WITH_KNOTS('',3,(#3089,#3090,#3091,#3092,#3093,#3094,#3095,
#3096),.UNSPECIFIED.,.F.,.F.,(4,1,1,1,1,4),(0.E0,2.E-1,4.E-1,6.E-1,8.E-1,1.E0),
.UNSPECIFIED.);
#3106=B_SPLINE_CURVE_WITH_KNOTS('',3,(#3098,#3099,#3100,#3101,#3102,#3103,#3104,
#3105),.UNSPECIFIED.,.F.,.F.,(4,1,1,1,1,4),(0.E0,2.E-1,4.E-1,6.E-1,8.E-1,1.E0),
.UNSPECIFIED.);
#3115=B_SPLINE_CURVE_WITH_KNOTS('',3,(#3107,#3108,#3109,#3110,#3111,#3112,#3113,
#3114),.UNSPECIFIED.,.F.,.F.,(4,1,1,1,1,4),(0.E0,2.E-1,4.E-1,6.E-1,8.E-1,1.E0),
.UNSPECIFIED.);
#3124=B_SPLINE_CURVE_WITH_KNOTS('',3,(#3116,#3117,#3118,#3119,#3120,#3121,#3122,
#3123),.UNSPECIFIED.,.F.,.F.,(4,1,1,1,1,4),(0.E0,2.E-1,4.E-1,6.E-1,8.E-1,1.E0),
.UNSPECIFIED.);
#3133=B_SPLINE_CURVE_WITH_KNOTS('',3,(#3125,#3126,#3127,#3128,#3129,#3130,#3131,
#3132),.UNSPECIFIED.,.F.,.F.,(4,1,1,1,1,4),(0.E0,2.E-1,4.E-1,6.E-1,8.E-1,1.E0),
.UNSPECIFIED.);
#3190=B_SPLINE_CURVE_WITH_KNOTS('',3,(#3182,#3183,#3184,#3185,#3186,#3187,#3188,
#3189),.UNSPECIFIED.,.F.,.F.,(4,1,1,1,1,4),(0.E0,2.E-1,4.E-1,6.E-1,8.E-1,1.E0),
.UNSPECIFIED.);
#3199=B_SPLINE_CURVE_WITH_KNOTS('',3,(#3191,#3192,#3193,#3194,#3195,#3196,#3197,
#3198),.UNSPECIFIED.,.F.,.F.,(4,1,1,1,1,4),(0.E0,2.E-1,4.E-1,6.E-1,8.E-1,1.E0),
.UNSPECIFIED.);
#3425=B_SPLINE_CURVE_WITH_KNOTS('',3,(#3416,#3417,#3418,#3419,#3420,#3421,#3422,
#3423,#3424),.UNSPECIFIED.,.F.,.F.,(4,1,1,1,1,1,4),(0.E0,1.666666666667E-1,
3.333333333333E-1,5.E-1,6.666666666667E-1,8.333333333333E-1,1.E0),
.UNSPECIFIED.);
#3442=CIRCLE('',#3441,3.E-1);
#3447=CIRCLE('',#3446,3.E-1);
#3452=CIRCLE('',#3451,3.E-1);
#3457=CIRCLE('',#3456,5.E-1);
#3462=CIRCLE('',#3461,2.E0);
#3467=CIRCLE('',#3466,5.E-1);
#3472=CIRCLE('',#3471,2.E0);
#3477=CIRCLE('',#3476,5.E-1);
#4430=EDGE_CURVE('',#4235,#4236,#75,.T.);
#4432=EDGE_CURVE('',#4235,#4229,#80,.T.);
#4434=EDGE_CURVE('',#4258,#4229,#84,.T.);
#4436=EDGE_CURVE('',#4258,#4252,#89,.T.);
#4438=EDGE_CURVE('',#4248,#4252,#93,.T.);
#4440=EDGE_CURVE('',#4244,#4248,#98,.T.);
#4442=EDGE_CURVE('',#4240,#4244,#102,.T.);
#4444=EDGE_CURVE('',#4236,#4240,#107,.T.);
#4448=EDGE_CURVE('',#3766,#3764,#111,.T.);
#4450=EDGE_CURVE('',#4217,#3764,#2507,.T.);
#4452=EDGE_CURVE('',#4214,#4217,#115,.T.);
#4454=EDGE_CURVE('',#3847,#4214,#2475,.T.);
#4456=EDGE_CURVE('',#3847,#3842,#119,.T.);
#4458=EDGE_CURVE('',#3838,#3842,#123,.T.);
#4460=EDGE_CURVE('',#3836,#3838,#127,.T.);
#4462=EDGE_CURVE('',#3832,#3836,#131,.T.);
#4464=EDGE_CURVE('',#3822,#3832,#135,.T.);
#4466=EDGE_CURVE('',#3821,#3822,#139,.T.);
#4468=EDGE_CURVE('',#3850,#3821,#143,.T.);
#4470=EDGE_CURVE('',#3864,#3850,#147,.T.);
#4472=EDGE_CURVE('',#3876,#3864,#151,.T.);
#4474=EDGE_CURVE('',#3868,#3876,#155,.T.);
#4476=EDGE_CURVE('',#3867,#3868,#159,.T.);
#4478=EDGE_CURVE('',#3853,#3867,#163,.T.);
#4480=EDGE_CURVE('',#3858,#3853,#167,.T.);
#4482=EDGE_CURVE('',#3890,#3858,#171,.T.);
#4484=EDGE_CURVE('',#3890,#3879,#175,.T.);
#4486=EDGE_CURVE('',#3879,#3880,#179,.T.);
#4488=EDGE_CURVE('',#4210,#3880,#2785,.T.);
#4490=EDGE_CURVE('',#3581,#4210,#2771,.T.);
#4492=EDGE_CURVE('',#3577,#3581,#183,.T.);
#4494=EDGE_CURVE('',#4206,#3577,#2759,.T.);
#4496=EDGE_CURVE('',#3904,#4206,#2725,.T.);
#4498=EDGE_CURVE('',#3904,#3893,#187,.T.);
#4500=EDGE_CURVE('',#3893,#3894,#191,.T.);
#4502=EDGE_CURVE('',#3815,#3894,#195,.T.);
#4504=EDGE_CURVE('',#3812,#3815,#199,.T.);
#4506=EDGE_CURVE('',#3810,#3812,#203,.T.);
#4508=EDGE_CURVE('',#3802,#3810,#207,.T.);
#4510=EDGE_CURVE('',#3801,#3802,#211,.T.);
#4512=EDGE_CURVE('',#3795,#3801,#215,.T.);
#4514=EDGE_CURVE('',#3792,#3795,#219,.T.);
#4516=EDGE_CURVE('',#3788,#3792,#223,.T.);
#4518=EDGE_CURVE('',#3787,#3788,#227,.T.);
#4520=EDGE_CURVE('',#3778,#3787,#231,.T.);
#4522=EDGE_CURVE('',#3774,#3778,#235,.T.);
#4524=EDGE_CURVE('',#3772,#3774,#239,.T.);
#4526=EDGE_CURVE('',#3766,#3772,#243,.T.);
#4537=EDGE_CURVE('',#4236,#4238,#248,.T.);
#4539=EDGE_CURVE('',#4232,#4238,#654,.T.);
#4541=EDGE_CURVE('',#4232,#4235,#3457,.T.);
#4552=EDGE_CURVE('',#4240,#4242,#253,.T.);
#4554=EDGE_CURVE('',#4238,#4242,#671,.T.);
#4566=EDGE_CURVE('',#4244,#4246,#258,.T.);
#4568=EDGE_CURVE('',#4242,#4246,#732,.T.);
#4580=EDGE_CURVE('',#4248,#4250,#263,.T.);
#4582=EDGE_CURVE('',#4246,#4250,#841,.T.);
#4593=EDGE_CURVE('',#4250,#4221,#292,.T.);
#4597=EDGE_CURVE('',#4252,#4221,#268,.T.);
#4607=EDGE_CURVE('',#4384,#4385,#272,.T.);
#4609=EDGE_CURVE('',#4367,#4385,#1424,.T.);
#4611=EDGE_CURVE('',#4292,#4367,#1415,.T.);
#4613=EDGE_CURVE('',#4292,#4272,#276,.T.);
#4615=EDGE_CURVE('',#4270,#4272,#280,.T.);
#4617=EDGE_CURVE('',#4354,#4270,#1130,.T.);
#4619=EDGE_CURVE('',#4354,#4350,#284,.T.);
#4621=EDGE_CURVE('',#4350,#4250,#288,.T.);
#4624=EDGE_CURVE('',#4221,#4222,#296,.T.);
#4626=EDGE_CURVE('',#4224,#4222,#300,.T.);
#4628=EDGE_CURVE('',#4384,#4224,#304,.T.);
#4639=EDGE_CURVE('',#4388,#4384,#309,.T.);
#4641=EDGE_CURVE('',#4388,#4389,#322,.T.);
#4643=EDGE_CURVE('',#4389,#4385,#318,.T.);
#4653=EDGE_CURVE('',#4391,#4388,#327,.T.);
#4656=EDGE_CURVE('',#4393,#4384,#423,.T.);
#4658=EDGE_CURVE('',#4393,#4391,#351,.T.);
#4670=EDGE_CURVE('',#4395,#4391,#331,.T.);
#4672=EDGE_CURVE('',#4389,#4395,#1429,.T.);
#4682=EDGE_CURVE('',#4391,#4422,#346,.T.);
#4684=EDGE_CURVE('',#4424,#4422,#369,.T.);
#4686=EDGE_CURVE('',#4424,#4395,#341,.T.);
#4699=EDGE_CURVE('',#4422,#4393,#356,.T.);
#4709=EDGE_CURVE('',#4414,#4422,#373,.T.);
#4712=EDGE_CURVE('',#4420,#4393,#427,.T.);
#4714=EDGE_CURVE('',#4414,#4420,#361,.T.);
#4724=EDGE_CURVE('',#4413,#4414,#365,.T.);
#4726=EDGE_CURVE('',#4413,#4424,#492,.T.);
#4739=EDGE_CURVE('',#4414,#4418,#389,.T.);
#4741=EDGE_CURVE('',#4417,#4418,#431,.T.);
#4743=EDGE_CURVE('',#4417,#4413,#384,.T.);
#4753=EDGE_CURVE('',#4418,#4420,#394,.T.);
#4810=EDGE_CURVE('',#4224,#4420,#406,.T.);
#4812=EDGE_CURVE('',#4418,#4224,#418,.T.);
#4837=EDGE_CURVE('',#4417,#4222,#444,.T.);
#4847=EDGE_CURVE('',#4226,#4413,#448,.T.);
#4852=EDGE_CURVE('',#4221,#4226,#3472,.T.);
#4862=EDGE_CURVE('',#4406,#4230,#500,.T.);
#4864=EDGE_CURVE('',#4398,#4406,#452,.T.);
#4866=EDGE_CURVE('',#4366,#4398,#634,.T.);
#4868=EDGE_CURVE('',#3741,#4366,#457,.T.);
#4870=EDGE_CURVE('',#3537,#3741,#461,.T.);
#4872=EDGE_CURVE('',#3536,#3537,#466,.T.);
#4874=EDGE_CURVE('',#3555,#3536,#470,.T.);
#4876=EDGE_CURVE('',#3555,#3548,#905,.T.);
#4878=EDGE_CURVE('',#3548,#3549,#474,.T.);
#4880=EDGE_CURVE('',#3739,#3549,#479,.T.);
#4882=EDGE_CURVE('',#3738,#3739,#483,.T.);
#4884=EDGE_CURVE('',#4364,#3738,#488,.T.);
#4886=EDGE_CURVE('',#4424,#4364,#1433,.T.);
#4890=EDGE_CURVE('',#4226,#4230,#496,.T.);
#4900=EDGE_CURVE('',#4254,#4402,#517,.T.);
#4902=EDGE_CURVE('',#4406,#4402,#533,.T.);
#4905=EDGE_CURVE('',#4230,#4232,#3462,.T.);
#4907=EDGE_CURVE('',#4232,#4254,#650,.T.);
#4917=EDGE_CURVE('',#4401,#4402,#504,.T.);
#4920=EDGE_CURVE('',#4254,#4256,#646,.T.);
#4922=EDGE_CURVE('',#4256,#4401,#555,.T.);
#4933=EDGE_CURVE('',#4405,#4401,#522,.T.);
#4935=EDGE_CURVE('',#4405,#4406,#3429,.T.);
#4946=EDGE_CURVE('',#4408,#4401,#543,.T.);
#4948=EDGE_CURVE('',#4405,#4408,#538,.T.);
#5005=EDGE_CURVE('',#4408,#4256,#567,.T.);
#5015=EDGE_CURVE('',#4379,#4376,#572,.T.);
#5017=EDGE_CURVE('',#4379,#4408,#576,.T.);
#5020=EDGE_CURVE('',#4256,#4376,#642,.T.);
#5031=EDGE_CURVE('',#4376,#4372,#581,.T.);
#5033=EDGE_CURVE('',#4381,#4372,#605,.T.);
#5035=EDGE_CURVE('',#4381,#4379,#3452,.T.);
#5045=EDGE_CURVE('',#4372,#4373,#596,.T.);
#5048=EDGE_CURVE('',#4376,#4377,#638,.T.);
#5050=EDGE_CURVE('',#4377,#4373,#592,.T.);
#5061=EDGE_CURVE('',#4397,#4373,#610,.T.);
#5063=EDGE_CURVE('',#4397,#4381,#600,.T.);
#5076=EDGE_CURVE('',#4377,#4369,#614,.T.);
#5078=EDGE_CURVE('',#4369,#4366,#630,.T.);
#5081=EDGE_CURVE('',#4397,#4398,#3425,.T.);
#5096=EDGE_CURVE('',#4333,#4238,#680,.T.);
#5098=EDGE_CURVE('',#4333,#4334,#658,.T.);
#5100=EDGE_CURVE('',#4313,#4334,#1143,.T.);
#5102=EDGE_CURVE('',#4313,#4310,#662,.T.);
#5104=EDGE_CURVE('',#4310,#4304,#666,.T.);
#5106=EDGE_CURVE('',#4369,#4304,#1615,.T.);
#5118=EDGE_CURVE('',#4342,#4242,#740,.T.);
#5120=EDGE_CURVE('',#4342,#4333,#676,.T.);
#5132=EDGE_CURVE('',#4346,#4246,#850,.T.);
#5134=EDGE_CURVE('',#4346,#4342,#736,.T.);
#5139=EDGE_CURVE('',#3504,#3505,#684,.T.);
#5141=EDGE_CURVE('',#3505,#3507,#688,.T.);
#5143=EDGE_CURVE('',#3507,#3509,#692,.T.);
#5145=EDGE_CURVE('',#3509,#3504,#696,.T.);
#5149=EDGE_CURVE('',#3512,#3513,#700,.T.);
#5151=EDGE_CURVE('',#3513,#3515,#704,.T.);
#5153=EDGE_CURVE('',#3515,#3517,#708,.T.);
#5155=EDGE_CURVE('',#3517,#3512,#712,.T.);
#5159=EDGE_CURVE('',#3520,#3521,#716,.T.);
#5161=EDGE_CURVE('',#3521,#3525,#720,.T.);
#5163=EDGE_CURVE('',#3525,#3523,#724,.T.);
#5165=EDGE_CURVE('',#3523,#3520,#728,.T.);
#5176=EDGE_CURVE('',#3480,#3504,#744,.T.);
#5178=EDGE_CURVE('',#3480,#3481,#760,.T.);
#5180=EDGE_CURVE('',#3481,#3505,#756,.T.);
#5191=EDGE_CURVE('',#3485,#3509,#748,.T.);
#5193=EDGE_CURVE('',#3485,#3480,#764,.T.);
#5205=EDGE_CURVE('',#3483,#3507,#752,.T.);
#5207=EDGE_CURVE('',#3483,#3485,#768,.T.);
#5220=EDGE_CURVE('',#3481,#3483,#772,.T.);
#5243=EDGE_CURVE('',#3488,#3489,#776,.T.);
#5245=EDGE_CURVE('',#3493,#3488,#780,.T.);
#5247=EDGE_CURVE('',#3491,#3493,#784,.T.);
#5249=EDGE_CURVE('',#3489,#3491,#788,.T.);
#5259=EDGE_CURVE('',#3497,#3501,#792,.T.);
#5261=EDGE_CURVE('',#3496,#3497,#796,.T.);
#5263=EDGE_CURVE('',#3499,#3496,#800,.T.);
#5265=EDGE_CURVE('',#3501,#3499,#804,.T.);
#5276=EDGE_CURVE('',#3488,#3512,#808,.T.);
#5279=EDGE_CURVE('',#3489,#3513,#820,.T.);
#5290=EDGE_CURVE('',#3493,#3517,#812,.T.);
#5303=EDGE_CURVE('',#3491,#3515,#816,.T.);
#5328=EDGE_CURVE('',#3497,#3521,#824,.T.);
#5331=EDGE_CURVE('',#3501,#3525,#836,.T.);
#5342=EDGE_CURVE('',#3496,#3520,#828,.T.);
#5355=EDGE_CURVE('',#3499,#3523,#832,.T.);
#5381=EDGE_CURVE('',#4350,#4346,#846,.T.);
#5392=EDGE_CURVE('',#4348,#4344,#873,.T.);
#5394=EDGE_CURVE('',#4344,#4346,#1109,.T.);
#5397=EDGE_CURVE('',#4348,#4350,#855,.T.);
#5407=EDGE_CURVE('',#4337,#4338,#859,.T.);
#5409=EDGE_CURVE('',#4340,#4337,#864,.T.);
#5411=EDGE_CURVE('',#4344,#4340,#868,.T.);
#5414=EDGE_CURVE('',#4352,#4348,#877,.T.);
#5416=EDGE_CURVE('',#3557,#4352,#1126,.T.);
#5418=EDGE_CURVE('',#3557,#3540,#881,.T.);
#5420=EDGE_CURVE('',#3540,#3653,#885,.T.);
#5422=EDGE_CURVE('',#3649,#3653,#889,.T.);
#5424=EDGE_CURVE('',#3648,#3649,#893,.T.);
#5426=EDGE_CURVE('',#3648,#3651,#897,.T.);
#5428=EDGE_CURVE('',#3651,#3655,#901,.T.);
#5430=EDGE_CURVE('',#4186,#3655,#1201,.T.);
#5432=EDGE_CURVE('',#4176,#4186,#1118,.T.);
#5434=EDGE_CURVE('',#3548,#4176,#1501,.T.);
#5437=EDGE_CURVE('',#3555,#4184,#1563,.T.);
#5439=EDGE_CURVE('',#4190,#4184,#1169,.T.);
#5441=EDGE_CURVE('',#4190,#3669,#909,.T.);
#5443=EDGE_CURVE('',#3669,#3667,#913,.T.);
#5445=EDGE_CURVE('',#3663,#3667,#917,.T.);
#5447=EDGE_CURVE('',#3662,#3663,#921,.T.);
#5449=EDGE_CURVE('',#3662,#3665,#925,.T.);
#5451=EDGE_CURVE('',#3665,#3671,#929,.T.);
#5453=EDGE_CURVE('',#4188,#3671,#1656,.T.);
#5455=EDGE_CURVE('',#4338,#4188,#1147,.T.);
#5459=EDGE_CURVE('',#3625,#3621,#933,.T.);
#5461=EDGE_CURVE('',#3625,#3629,#937,.T.);
#5463=EDGE_CURVE('',#3629,#3633,#941,.T.);
#5465=EDGE_CURVE('',#3633,#3621,#945,.T.);
#5469=EDGE_CURVE('',#3947,#3948,#949,.T.);
#5471=EDGE_CURVE('',#3947,#3950,#953,.T.);
#5473=EDGE_CURVE('',#3950,#3952,#957,.T.);
#5475=EDGE_CURVE('',#3952,#3948,#961,.T.);
#5479=EDGE_CURVE('',#3995,#3996,#965,.T.);
#5481=EDGE_CURVE('',#3995,#3998,#969,.T.);
#5483=EDGE_CURVE('',#3998,#4000,#973,.T.);
#5485=EDGE_CURVE('',#4000,#3996,#977,.T.);
#5489=EDGE_CURVE('',#4043,#4044,#981,.T.);
#5491=EDGE_CURVE('',#4043,#4046,#985,.T.);
#5493=EDGE_CURVE('',#4046,#4048,#989,.T.);
#5495=EDGE_CURVE('',#4048,#4044,#993,.T.);
#5499=EDGE_CURVE('',#4129,#4130,#997,.T.);
#5501=EDGE_CURVE('',#4130,#4132,#1001,.T.);
#5503=EDGE_CURVE('',#4132,#4134,#1005,.T.);
#5505=EDGE_CURVE('',#4134,#4136,#1009,.T.);
#5507=EDGE_CURVE('',#4136,#4138,#1013,.T.);
#5509=EDGE_CURVE('',#4138,#4140,#1017,.T.);
#5511=EDGE_CURVE('',#4140,#4142,#1021,.T.);
#5513=EDGE_CURVE('',#4142,#4144,#1025,.T.);
#5515=EDGE_CURVE('',#4144,#4146,#1029,.T.);
#5517=EDGE_CURVE('',#4146,#4148,#1033,.T.);
#5519=EDGE_CURVE('',#4148,#4150,#1037,.T.);
#5521=EDGE_CURVE('',#4150,#4152,#1041,.T.);
#5523=EDGE_CURVE('',#4152,#4154,#1045,.T.);
#5525=EDGE_CURVE('',#4154,#4156,#1049,.T.);
#5527=EDGE_CURVE('',#4156,#4158,#1053,.T.);
#5529=EDGE_CURVE('',#4158,#4160,#1057,.T.);
#5531=EDGE_CURVE('',#4160,#4162,#1061,.T.);
#5533=EDGE_CURVE('',#4162,#4164,#1065,.T.);
#5535=EDGE_CURVE('',#4164,#4166,#1069,.T.);
#5537=EDGE_CURVE('',#4166,#4168,#1073,.T.);
#5539=EDGE_CURVE('',#4168,#4170,#1077,.T.);
#5541=EDGE_CURVE('',#4170,#4172,#1081,.T.);
#5543=EDGE_CURVE('',#4172,#4174,#1085,.T.);
#5545=EDGE_CURVE('',#4174,#4129,#1089,.T.);
#5556=EDGE_CURVE('',#4337,#4333,#1094,.T.);
#5559=EDGE_CURVE('',#4338,#4334,#1099,.T.);
#5572=EDGE_CURVE('',#4340,#4342,#1104,.T.);
#5594=EDGE_CURVE('',#4261,#4262,#1114,.T.);
#5596=EDGE_CURVE('',#4261,#4176,#1505,.T.);
#5599=EDGE_CURVE('',#4186,#4178,#1122,.T.);
#5601=EDGE_CURVE('',#4262,#4178,#1177,.T.);
#5612=EDGE_CURVE('',#4354,#4352,#1661,.T.);
#5615=EDGE_CURVE('',#4269,#4270,#1135,.T.);
#5617=EDGE_CURVE('',#3543,#4269,#1189,.T.);
#5619=EDGE_CURVE('',#3543,#3557,#1139,.T.);
#5632=EDGE_CURVE('',#4188,#4180,#1151,.T.);
#5634=EDGE_CURVE('',#4314,#4180,#1632,.T.);
#5636=EDGE_CURVE('',#4313,#4314,#1156,.T.);
#5646=EDGE_CURVE('',#4323,#4324,#1161,.T.);
#5648=EDGE_CURVE('',#4182,#4323,#1644,.T.);
#5650=EDGE_CURVE('',#4182,#4190,#1165,.T.);
#5653=EDGE_CURVE('',#4324,#4184,#1559,.T.);
#5664=EDGE_CURVE('',#4262,#4264,#1173,.T.);
#5666=EDGE_CURVE('',#4264,#4266,#1520,.T.);
#5668=EDGE_CURVE('',#4261,#4266,#1489,.T.);
#5680=EDGE_CURVE('',#3545,#4178,#1181,.T.);
#5682=EDGE_CURVE('',#3545,#3541,#1218,.T.);
#5684=EDGE_CURVE('',#3541,#3543,#1185,.T.);
#5687=EDGE_CURVE('',#4269,#4274,#1193,.T.);
#5689=EDGE_CURVE('',#4274,#4264,#1197,.T.);
#5699=EDGE_CURVE('',#3655,#3545,#1222,.T.);
#5712=EDGE_CURVE('',#3675,#3674,#1206,.T.);
#5714=EDGE_CURVE('',#3674,#3653,#1210,.T.);
#5717=EDGE_CURVE('',#3540,#3541,#1214,.T.);
#5722=EDGE_CURVE('',#3651,#3675,#1226,.T.);
#5732=EDGE_CURVE('',#3678,#3679,#1231,.T.);
#5734=EDGE_CURVE('',#3679,#3667,#1235,.T.);
#5737=EDGE_CURVE('',#3553,#3669,#1239,.T.);
#5739=EDGE_CURVE('',#3552,#3553,#1243,.T.);
#5741=EDGE_CURVE('',#3671,#3552,#1247,.T.);
#5744=EDGE_CURVE('',#3665,#3678,#1251,.T.);
#5754=EDGE_CURVE('',#3528,#3674,#1255,.T.);
#5757=EDGE_CURVE('',#3675,#3529,#1259,.T.);
#5759=EDGE_CURVE('',#3528,#3529,#1290,.T.);
#5770=EDGE_CURVE('',#3674,#3675,#1264,.T.);
#5773=EDGE_CURVE('',#3529,#3528,#1295,.T.);
#5784=EDGE_CURVE('',#3644,#3675,#1268,.T.);
#5786=EDGE_CURVE('',#3644,#3645,#1277,.T.);
#5788=EDGE_CURVE('',#3645,#3674,#1285,.T.);
#5801=EDGE_CURVE('',#3648,#3644,#1281,.T.);
#5812=EDGE_CURVE('',#3645,#3649,#1272,.T.);
#5836=EDGE_CURVE('',#4277,#4278,#1309,.T.);
#5838=EDGE_CURVE('',#4294,#4277,#1313,.T.);
#5840=EDGE_CURVE('',#4288,#4294,#1318,.T.);
#5842=EDGE_CURVE('',#4286,#4288,#1322,.T.);
#5844=EDGE_CURVE('',#4285,#4286,#1327,.T.);
#5846=EDGE_CURVE('',#4278,#4285,#1331,.T.);
#5860=EDGE_CURVE('',#4301,#4302,#1335,.T.);
#5862=EDGE_CURVE('',#4306,#4301,#1340,.T.);
#5864=EDGE_CURVE('',#4308,#4306,#1344,.T.);
#5866=EDGE_CURVE('',#4318,#4308,#1348,.T.);
#5868=EDGE_CURVE('',#4328,#4318,#1352,.T.);
#5870=EDGE_CURVE('',#4302,#4328,#1357,.T.);
#5874=EDGE_CURVE('',#3532,#3533,#1300,.T.);
#5876=EDGE_CURVE('',#3533,#3532,#1305,.T.);
#5886=EDGE_CURVE('',#3679,#3532,#1365,.T.);
#5889=EDGE_CURVE('',#3533,#3678,#1361,.T.);
#5901=EDGE_CURVE('',#3679,#3678,#1370,.T.);
#5914=EDGE_CURVE('',#3658,#3678,#1374,.T.);
#5916=EDGE_CURVE('',#3658,#3659,#1383,.T.);
#5918=EDGE_CURVE('',#3659,#3679,#1391,.T.);
#5931=EDGE_CURVE('',#3662,#3658,#1387,.T.);
#5942=EDGE_CURVE('',#3659,#3663,#1378,.T.);
#5967=EDGE_CURVE('',#4274,#4277,#1401,.T.);
#5970=EDGE_CURVE('',#4278,#4264,#1510,.T.);
#5980=EDGE_CURVE('',#4277,#4272,#1396,.T.);
#5983=EDGE_CURVE('',#4272,#4274,#1406,.T.);
#5994=EDGE_CURVE('',#4294,#4292,#1411,.T.);
#6008=EDGE_CURVE('',#4290,#4292,#1420,.T.);
#6010=EDGE_CURVE('',#4290,#4288,#1462,.T.);
#6021=EDGE_CURVE('',#4364,#4367,#1445,.T.);
#6024=EDGE_CURVE('',#4290,#3738,#1453,.T.);
#6049=EDGE_CURVE('',#4282,#4290,#1449,.T.);
#6053=EDGE_CURVE('',#4282,#3739,#1485,.T.);
#6066=EDGE_CURVE('',#4282,#4286,#1476,.T.);
#6076=EDGE_CURVE('',#4281,#4282,#1481,.T.);
#6078=EDGE_CURVE('',#4285,#4281,#1467,.T.);
#6093=EDGE_CURVE('',#4281,#3549,#1497,.T.);
#6104=EDGE_CURVE('',#4266,#4281,#1493,.T.);
#6121=EDGE_CURVE('',#4266,#4278,#1515,.T.);
#6154=EDGE_CURVE('',#4297,#4298,#1533,.T.);
#6156=EDGE_CURVE('',#4297,#4301,#1611,.T.);
#6159=EDGE_CURVE('',#4298,#4302,#1529,.T.);
#6170=EDGE_CURVE('',#4298,#3537,#1537,.T.);
#6173=EDGE_CURVE('',#4297,#3741,#1624,.T.);
#6183=EDGE_CURVE('',#4298,#4330,#1542,.T.);
#6185=EDGE_CURVE('',#4330,#3536,#1546,.T.);
#6198=EDGE_CURVE('',#4328,#4330,#1551,.T.);
#6210=EDGE_CURVE('',#4330,#4326,#1567,.T.);
#6214=EDGE_CURVE('',#4318,#4326,#1572,.T.);
#6224=EDGE_CURVE('',#4324,#4326,#1555,.T.);
#6241=EDGE_CURVE('',#4326,#4320,#1582,.T.);
#6243=EDGE_CURVE('',#4323,#4320,#1648,.T.);
#6254=EDGE_CURVE('',#4320,#4318,#1577,.T.);
#6266=EDGE_CURVE('',#4308,#4316,#1587,.T.);
#6268=EDGE_CURVE('',#4320,#4316,#1652,.T.);
#6280=EDGE_CURVE('',#4310,#4308,#1592,.T.);
#6282=EDGE_CURVE('',#4316,#4310,#1597,.T.);
#6293=EDGE_CURVE('',#4306,#4304,#1602,.T.);
#6305=EDGE_CURVE('',#4304,#4297,#1620,.T.);
#6332=EDGE_CURVE('',#4314,#4316,#1628,.T.);
#6346=EDGE_CURVE('',#3552,#4180,#1636,.T.);
#6349=EDGE_CURVE('',#3553,#4182,#1640,.T.);
#6410=EDGE_CURVE('',#3588,#3619,#1665,.T.);
#6412=EDGE_CURVE('',#3623,#3619,#1714,.T.);
#6414=EDGE_CURVE('',#3589,#3623,#1706,.T.);
#6416=EDGE_CURVE('',#3588,#3589,#1690,.T.);
#6426=EDGE_CURVE('',#3621,#3601,#1669,.T.);
#6428=EDGE_CURVE('',#3601,#3609,#1674,.T.);
#6430=EDGE_CURVE('',#3609,#3612,#1678,.T.);
#6432=EDGE_CURVE('',#3612,#3613,#1930,.T.);
#6434=EDGE_CURVE('',#3604,#3613,#1926,.T.);
#6436=EDGE_CURVE('',#3596,#3604,#1918,.T.);
#6438=EDGE_CURVE('',#3625,#3596,#1710,.T.);
#6450=EDGE_CURVE('',#3593,#3588,#1702,.T.);
#6452=EDGE_CURVE('',#3593,#3631,#1682,.T.);
#6454=EDGE_CURVE('',#3631,#3619,#1718,.T.);
#6466=EDGE_CURVE('',#3633,#3600,#1686,.T.);
#6468=EDGE_CURVE('',#3600,#3601,#1954,.T.);
#6479=EDGE_CURVE('',#3589,#3591,#1694,.T.);
#6481=EDGE_CURVE('',#3591,#3593,#1698,.T.);
#6493=EDGE_CURVE('',#3623,#3627,#1726,.T.);
#6495=EDGE_CURVE('',#3591,#3627,#1896,.T.);
#6507=EDGE_CURVE('',#3596,#3597,#1913,.T.);
#6509=EDGE_CURVE('',#3629,#3597,#1900,.T.);
#6520=EDGE_CURVE('',#3750,#3719,#1778,.T.);
#6522=EDGE_CURVE('',#3719,#3715,#1782,.T.);
#6524=EDGE_CURVE('',#3715,#3711,#1786,.T.);
#6526=EDGE_CURVE('',#3711,#3705,#1790,.T.);
#6528=EDGE_CURVE('',#3705,#3701,#1794,.T.);
#6530=EDGE_CURVE('',#3701,#3699,#1798,.T.);
#6532=EDGE_CURVE('',#3699,#3690,#1802,.T.);
#6534=EDGE_CURVE('',#3690,#3691,#1806,.T.);
#6536=EDGE_CURVE('',#3691,#3754,#1810,.T.);
#6538=EDGE_CURVE('',#3754,#3727,#1814,.T.);
#6540=EDGE_CURVE('',#3727,#3730,#1818,.T.);
#6542=EDGE_CURVE('',#3730,#3735,#1822,.T.);
#6544=EDGE_CURVE('',#3735,#3748,#1826,.T.);
#6546=EDGE_CURVE('',#3748,#3749,#1830,.T.);
#6548=EDGE_CURVE('',#3749,#4059,#1834,.T.);
#6550=EDGE_CURVE('',#4059,#4062,#1838,.T.);
#6552=EDGE_CURVE('',#3760,#4062,#1843,.T.);
#6554=EDGE_CURVE('',#3760,#4066,#1847,.T.);
#6556=EDGE_CURVE('',#4066,#4200,#1851,.T.);
#6558=EDGE_CURVE('',#4200,#4194,#3030,.T.);
#6560=EDGE_CURVE('',#4198,#4194,#3034,.T.);
#6562=EDGE_CURVE('',#4202,#4198,#2992,.T.);
#6564=EDGE_CURVE('',#4202,#4075,#1855,.T.);
#6566=EDGE_CURVE('',#4075,#4078,#1859,.T.);
#6568=EDGE_CURVE('',#4072,#4078,#1864,.T.);
#6570=EDGE_CURVE('',#4072,#4070,#1868,.T.);
#6572=EDGE_CURVE('',#4070,#3744,#1872,.T.);
#6574=EDGE_CURVE('',#3744,#3745,#1876,.T.);
#6576=EDGE_CURVE('',#3745,#3685,#1880,.T.);
#6578=EDGE_CURVE('',#3685,#3683,#1884,.T.);
#6580=EDGE_CURVE('',#3683,#3722,#1888,.T.);
#6582=EDGE_CURVE('',#3722,#3750,#1892,.T.);
#6588=EDGE_CURVE('',#3627,#3631,#1722,.T.);
#6593=EDGE_CURVE('',#3955,#3956,#1730,.T.);
#6595=EDGE_CURVE('',#3960,#3956,#1734,.T.);
#6597=EDGE_CURVE('',#3958,#3960,#1738,.T.);
#6599=EDGE_CURVE('',#3955,#3958,#1742,.T.);
#6603=EDGE_CURVE('',#4003,#4004,#1746,.T.);
#6605=EDGE_CURVE('',#4008,#4004,#1750,.T.);
#6607=EDGE_CURVE('',#4006,#4008,#1754,.T.);
#6609=EDGE_CURVE('',#4003,#4006,#1758,.T.);
#6613=EDGE_CURVE('',#4051,#4052,#1762,.T.);
#6615=EDGE_CURVE('',#4056,#4052,#1766,.T.);
#6617=EDGE_CURVE('',#4054,#4056,#1770,.T.);
#6619=EDGE_CURVE('',#4051,#4054,#1774,.T.);
#6642=EDGE_CURVE('',#3597,#3605,#1905,.T.);
#6644=EDGE_CURVE('',#3605,#3615,#1909,.T.);
#6646=EDGE_CURVE('',#3615,#3617,#1938,.T.);
#6648=EDGE_CURVE('',#3608,#3617,#1950,.T.);
#6650=EDGE_CURVE('',#3600,#3608,#1959,.T.);
#6664=EDGE_CURVE('',#3604,#3605,#1922,.T.);
#6677=EDGE_CURVE('',#3613,#3615,#1942,.T.);
#6689=EDGE_CURVE('',#3617,#3612,#1934,.T.);
#6701=EDGE_CURVE('',#3608,#3609,#1946,.T.);
#6727=EDGE_CURVE('',#3948,#3928,#1963,.T.);
#6729=EDGE_CURVE('',#3928,#3936,#1968,.T.);
#6731=EDGE_CURVE('',#3936,#3939,#1972,.T.);
#6733=EDGE_CURVE('',#3939,#3940,#2030,.T.);
#6735=EDGE_CURVE('',#3931,#3940,#2026,.T.);
#6737=EDGE_CURVE('',#3923,#3931,#2018,.T.);
#6739=EDGE_CURVE('',#3947,#3923,#2005,.T.);
#6750=EDGE_CURVE('',#3916,#3955,#2009,.T.);
#6752=EDGE_CURVE('',#3915,#3916,#2063,.T.);
#6754=EDGE_CURVE('',#3915,#3956,#1976,.T.);
#6765=EDGE_CURVE('',#3952,#3927,#1980,.T.);
#6767=EDGE_CURVE('',#3927,#3928,#2054,.T.);
#6780=EDGE_CURVE('',#3920,#3915,#2075,.T.);
#6782=EDGE_CURVE('',#3920,#3960,#1984,.T.);
#6793=EDGE_CURVE('',#3950,#3924,#1988,.T.);
#6795=EDGE_CURVE('',#3924,#3932,#1993,.T.);
#6797=EDGE_CURVE('',#3932,#3942,#1997,.T.);
#6799=EDGE_CURVE('',#3942,#3944,#2038,.T.);
#6801=EDGE_CURVE('',#3935,#3944,#2050,.T.);
#6803=EDGE_CURVE('',#3927,#3935,#2059,.T.);
#6816=EDGE_CURVE('',#3918,#3920,#2071,.T.);
#6818=EDGE_CURVE('',#3918,#3958,#2001,.T.);
#6830=EDGE_CURVE('',#3923,#3924,#2013,.T.);
#6843=EDGE_CURVE('',#3916,#3918,#2067,.T.);
#6856=EDGE_CURVE('',#3931,#3932,#2022,.T.);
#6869=EDGE_CURVE('',#3940,#3942,#2042,.T.);
#6881=EDGE_CURVE('',#3944,#3939,#2034,.T.);
#6893=EDGE_CURVE('',#3935,#3936,#2046,.T.);
#6931=EDGE_CURVE('',#3996,#3976,#2079,.T.);
#6933=EDGE_CURVE('',#3976,#3984,#2084,.T.);
#6935=EDGE_CURVE('',#3984,#3987,#2088,.T.);
#6937=EDGE_CURVE('',#3987,#3988,#2146,.T.);
#6939=EDGE_CURVE('',#3979,#3988,#2142,.T.);
#6941=EDGE_CURVE('',#3971,#3979,#2134,.T.);
#6943=EDGE_CURVE('',#3995,#3971,#2121,.T.);
#6954=EDGE_CURVE('',#3964,#4003,#2125,.T.);
#6956=EDGE_CURVE('',#3963,#3964,#2179,.T.);
#6958=EDGE_CURVE('',#3963,#4004,#2092,.T.);
#6969=EDGE_CURVE('',#4000,#3975,#2096,.T.);
#6971=EDGE_CURVE('',#3975,#3976,#2170,.T.);
#6984=EDGE_CURVE('',#3968,#3963,#2191,.T.);
#6986=EDGE_CURVE('',#3968,#4008,#2100,.T.);
#6997=EDGE_CURVE('',#3998,#3972,#2104,.T.);
#6999=EDGE_CURVE('',#3972,#3980,#2109,.T.);
#7001=EDGE_CURVE('',#3980,#3990,#2113,.T.);
#7003=EDGE_CURVE('',#3990,#3992,#2154,.T.);
#7005=EDGE_CURVE('',#3983,#3992,#2166,.T.);
#7007=EDGE_CURVE('',#3975,#3983,#2175,.T.);
#7020=EDGE_CURVE('',#3966,#3968,#2187,.T.);
#7022=EDGE_CURVE('',#3966,#4006,#2117,.T.);
#7034=EDGE_CURVE('',#3971,#3972,#2129,.T.);
#7047=EDGE_CURVE('',#3964,#3966,#2183,.T.);
#7060=EDGE_CURVE('',#3979,#3980,#2138,.T.);
#7073=EDGE_CURVE('',#3988,#3990,#2158,.T.);
#7085=EDGE_CURVE('',#3992,#3987,#2150,.T.);
#7097=EDGE_CURVE('',#3983,#3984,#2162,.T.);
#7135=EDGE_CURVE('',#4044,#4024,#2195,.T.);
#7137=EDGE_CURVE('',#4024,#4032,#2200,.T.);
#7139=EDGE_CURVE('',#4032,#4035,#2204,.T.);
#7141=EDGE_CURVE('',#4035,#4036,#2262,.T.);
#7143=EDGE_CURVE('',#4027,#4036,#2258,.T.);
#7145=EDGE_CURVE('',#4019,#4027,#2250,.T.);
#7147=EDGE_CURVE('',#4043,#4019,#2237,.T.);
#7158=EDGE_CURVE('',#4012,#4051,#2241,.T.);
#7160=EDGE_CURVE('',#4011,#4012,#2295,.T.);
#7162=EDGE_CURVE('',#4011,#4052,#2208,.T.);
#7173=EDGE_CURVE('',#4048,#4023,#2212,.T.);
#7175=EDGE_CURVE('',#4023,#4024,#2286,.T.);
#7188=EDGE_CURVE('',#4016,#4011,#2307,.T.);
#7190=EDGE_CURVE('',#4016,#4056,#2216,.T.);
#7201=EDGE_CURVE('',#4046,#4020,#2220,.T.);
#7203=EDGE_CURVE('',#4020,#4028,#2225,.T.);
#7205=EDGE_CURVE('',#4028,#4038,#2229,.T.);
#7207=EDGE_CURVE('',#4038,#4040,#2270,.T.);
#7209=EDGE_CURVE('',#4031,#4040,#2282,.T.);
#7211=EDGE_CURVE('',#4023,#4031,#2291,.T.);
#7224=EDGE_CURVE('',#4014,#4016,#2303,.T.);
#7226=EDGE_CURVE('',#4014,#4054,#2233,.T.);
#7238=EDGE_CURVE('',#4019,#4020,#2245,.T.);
#7251=EDGE_CURVE('',#4012,#4014,#2299,.T.);
#7264=EDGE_CURVE('',#4027,#4028,#2254,.T.);
#7277=EDGE_CURVE('',#4036,#4038,#2274,.T.);
#7289=EDGE_CURVE('',#4040,#4035,#2266,.T.);
#7301=EDGE_CURVE('',#4031,#4032,#2278,.T.);
#7338=EDGE_CURVE('',#3750,#3752,#2319,.T.);
#7340=EDGE_CURVE('',#3752,#3717,#2419,.T.);
#7342=EDGE_CURVE('',#3717,#3719,#3199,.T.);
#7401=EDGE_CURVE('',#3750,#3751,#2331,.T.);
#7403=EDGE_CURVE('',#3751,#3752,#2407,.T.);
#7416=EDGE_CURVE('',#3722,#3723,#2340,.T.);
#7418=EDGE_CURVE('',#3723,#3751,#2373,.T.);
#7428=EDGE_CURVE('',#3850,#3860,#2335,.T.);
#7431=EDGE_CURVE('',#3825,#3821,#2393,.T.);
#7433=EDGE_CURVE('',#3723,#3825,#2377,.T.);
#7436=EDGE_CURVE('',#3860,#3722,#2344,.T.);
#7447=EDGE_CURVE('',#3862,#3860,#2348,.T.);
#7449=EDGE_CURVE('',#3862,#3864,#2356,.T.);
#7463=EDGE_CURVE('',#3862,#3683,#2352,.T.);
#7473=EDGE_CURVE('',#3682,#3874,#2385,.T.);
#7475=EDGE_CURVE('',#3876,#3874,#2851,.T.);
#7480=EDGE_CURVE('',#3682,#3683,#2361,.T.);
#7490=EDGE_CURVE('',#3825,#3826,#2365,.T.);
#7492=EDGE_CURVE('',#3751,#3826,#2369,.T.);
#7504=EDGE_CURVE('',#3872,#3874,#2381,.T.);
#7507=EDGE_CURVE('',#3687,#3682,#2389,.T.);
#7509=EDGE_CURVE('',#3687,#3872,#2814,.T.);
#7520=EDGE_CURVE('',#3822,#3826,#2397,.T.);
#7532=EDGE_CURVE('',#3826,#3828,#2402,.T.);
#7535=EDGE_CURVE('',#3822,#3828,#2427,.T.);
#7546=EDGE_CURVE('',#3752,#3828,#2423,.T.);
#7558=EDGE_CURVE('',#3828,#3830,#2411,.T.);
#7560=EDGE_CURVE('',#3830,#3717,#2415,.T.);
#7575=EDGE_CURVE('',#3830,#3832,#2431,.T.);
#7585=EDGE_CURVE('',#3830,#3834,#2439,.T.);
#7589=EDGE_CURVE('',#3834,#3836,#2435,.T.);
#7600=EDGE_CURVE('',#3834,#3713,#2443,.T.);
#7602=EDGE_CURVE('',#3717,#3713,#2447,.T.);
#7613=EDGE_CURVE('',#3834,#3840,#2451,.T.);
#7615=EDGE_CURVE('',#3840,#3709,#2455,.T.);
#7617=EDGE_CURVE('',#3713,#3709,#2459,.T.);
#7629=EDGE_CURVE('',#3840,#3838,#2463,.T.);
#7642=EDGE_CURVE('',#3844,#3842,#2467,.T.);
#7644=EDGE_CURVE('',#3840,#3844,#3137,.T.);
#7655=EDGE_CURVE('',#3847,#3848,#2471,.T.);
#7657=EDGE_CURVE('',#3848,#3844,#3161,.T.);
#7671=EDGE_CURVE('',#4213,#4214,#2487,.T.);
#7673=EDGE_CURVE('',#4213,#3636,#2479,.T.);
#7675=EDGE_CURVE('',#3636,#3641,#2483,.T.);
#7677=EDGE_CURVE('',#3848,#3641,#3165,.T.);
#7689=EDGE_CURVE('',#4217,#4218,#2491,.T.);
#7691=EDGE_CURVE('',#4213,#4218,#3181,.T.);
#7701=EDGE_CURVE('',#3763,#3764,#2495,.T.);
#7703=EDGE_CURVE('',#3763,#3640,#3173,.T.);
#7705=EDGE_CURVE('',#3637,#3640,#2499,.T.);
#7707=EDGE_CURVE('',#4218,#3637,#2503,.T.);
#7721=EDGE_CURVE('',#3768,#3766,#2511,.T.);
#7723=EDGE_CURVE('',#3768,#3763,#3149,.T.);
#7733=EDGE_CURVE('',#3768,#3770,#2519,.T.);
#7737=EDGE_CURVE('',#3770,#3772,#2515,.T.);
#7748=EDGE_CURVE('',#3770,#3697,#2523,.T.);
#7750=EDGE_CURVE('',#3703,#3697,#2527,.T.);
#7752=EDGE_CURVE('',#3768,#3703,#3153,.T.);
#7762=EDGE_CURVE('',#3770,#3776,#2531,.T.);
#7764=EDGE_CURVE('',#3776,#3694,#2535,.T.);
#7766=EDGE_CURVE('',#3697,#3694,#2539,.T.);
#7778=EDGE_CURVE('',#3776,#3774,#2543,.T.);
#7791=EDGE_CURVE('',#3780,#3778,#2547,.T.);
#7793=EDGE_CURVE('',#3776,#3780,#3203,.T.);
#7805=EDGE_CURVE('',#3787,#3790,#2551,.T.);
#7807=EDGE_CURVE('',#3780,#3790,#3215,.T.);
#7818=EDGE_CURVE('',#3790,#3783,#2556,.T.);
#7821=EDGE_CURVE('',#3787,#3783,#2592,.T.);
#7832=EDGE_CURVE('',#3783,#3756,#2572,.T.);
#7834=EDGE_CURVE('',#3756,#3906,#3067,.T.);
#7836=EDGE_CURVE('',#3790,#3906,#3219,.T.);
#7846=EDGE_CURVE('',#3783,#3784,#2560,.T.);
#7848=EDGE_CURVE('',#3726,#3784,#2564,.T.);
#7850=EDGE_CURVE('',#3756,#3726,#2568,.T.);
#7861=EDGE_CURVE('',#3805,#3806,#2576,.T.);
#7863=EDGE_CURVE('',#3733,#3806,#2580,.T.);
#7865=EDGE_CURVE('',#3731,#3733,#2584,.T.);
#7867=EDGE_CURVE('',#3731,#3805,#2588,.T.);
#7880=EDGE_CURVE('',#3788,#3784,#2596,.T.);
#7893=EDGE_CURVE('',#3798,#3792,#2600,.T.);
#7895=EDGE_CURVE('',#3798,#3727,#3050,.T.);
#7897=EDGE_CURVE('',#3726,#3727,#2605,.T.);
#7907=EDGE_CURVE('',#3795,#3796,#2609,.T.);
#7909=EDGE_CURVE('',#3798,#3796,#3046,.T.);
#7923=EDGE_CURVE('',#3805,#3801,#2626,.T.);
#7926=EDGE_CURVE('',#3730,#3731,#2614,.T.);
#7928=EDGE_CURVE('',#3796,#3730,#2618,.T.);
#7939=EDGE_CURVE('',#3806,#3802,#2622,.T.);
#7951=EDGE_CURVE('',#3806,#3808,#2634,.T.);
#7955=EDGE_CURVE('',#3810,#3808,#2630,.T.);
#7966=EDGE_CURVE('',#3748,#3808,#2638,.T.);
#7969=EDGE_CURVE('',#3733,#3735,#2643,.T.);
#7980=EDGE_CURVE('',#3897,#3898,#2647,.T.);
#7982=EDGE_CURVE('',#3908,#3897,#2651,.T.);
#7984=EDGE_CURVE('',#4060,#3908,#2655,.T.);
#7986=EDGE_CURVE('',#4060,#3898,#2659,.T.);
#7999=EDGE_CURVE('',#3818,#3812,#2663,.T.);
#8001=EDGE_CURVE('',#3818,#3749,#3042,.T.);
#8012=EDGE_CURVE('',#3815,#3816,#2667,.T.);
#8014=EDGE_CURVE('',#3818,#3816,#3038,.T.);
#8028=EDGE_CURVE('',#3898,#3894,#2684,.T.);
#8031=EDGE_CURVE('',#4059,#4060,#2672,.T.);
#8033=EDGE_CURVE('',#3816,#4059,#2676,.T.);
#8044=EDGE_CURVE('',#3897,#3893,#2680,.T.);
#8056=EDGE_CURVE('',#3900,#3897,#2693,.T.);
#8059=EDGE_CURVE('',#3900,#3893,#2688,.T.);
#8070=EDGE_CURVE('',#3759,#3900,#2717,.T.);
#8072=EDGE_CURVE('',#3908,#3759,#2939,.T.);
#8083=EDGE_CURVE('',#3902,#3900,#2697,.T.);
#8085=EDGE_CURVE('',#3902,#3561,#2701,.T.);
#8087=EDGE_CURVE('',#3560,#3561,#2705,.T.);
#8089=EDGE_CURVE('',#4065,#3560,#2709,.T.);
#8091=EDGE_CURVE('',#3759,#4065,#2713,.T.);
#8105=EDGE_CURVE('',#3904,#3902,#2721,.T.);
#8115=EDGE_CURVE('',#3902,#4204,#2733,.T.);
#8119=EDGE_CURVE('',#4206,#4204,#2729,.T.);
#8130=EDGE_CURVE('',#4204,#3569,#2737,.T.);
#8132=EDGE_CURVE('',#3569,#3561,#2952,.T.);
#8143=EDGE_CURVE('',#4208,#3884,#2741,.T.);
#8145=EDGE_CURVE('',#3565,#3884,#2980,.T.);
#8147=EDGE_CURVE('',#3565,#3573,#2960,.T.);
#8149=EDGE_CURVE('',#4208,#3573,#2745,.T.);
#8159=EDGE_CURVE('',#3576,#3577,#2749,.T.);
#8161=EDGE_CURVE('',#3576,#3583,#2755,.T.);
#8163=EDGE_CURVE('',#3583,#3568,#2908,.T.);
#8165=EDGE_CURVE('',#3568,#3569,#2948,.T.);
#8180=EDGE_CURVE('',#3580,#3581,#2767,.T.);
#8182=EDGE_CURVE('',#3580,#3576,#2763,.T.);
#8194=EDGE_CURVE('',#4208,#4210,#2789,.T.);
#8197=EDGE_CURVE('',#3572,#3573,#2956,.T.);
#8199=EDGE_CURVE('',#3585,#3572,#2775,.T.);
#8201=EDGE_CURVE('',#3580,#3585,#2781,.T.);
#8212=EDGE_CURVE('',#3884,#3880,#2797,.T.);
#8225=EDGE_CURVE('',#3883,#3879,#2793,.T.);
#8227=EDGE_CURVE('',#3883,#3884,#2964,.T.);
#8238=EDGE_CURVE('',#3886,#3883,#2806,.T.);
#8241=EDGE_CURVE('',#3886,#3879,#2801,.T.);
#8252=EDGE_CURVE('',#3910,#3886,#2839,.T.);
#8254=EDGE_CURVE('',#3912,#3910,#2885,.T.);
#8256=EDGE_CURVE('',#3912,#3883,#2968,.T.);
#8266=EDGE_CURVE('',#3871,#3872,#2810,.T.);
#8269=EDGE_CURVE('',#3685,#3687,#2819,.T.);
#8272=EDGE_CURVE('',#3745,#3871,#2823,.T.);
#8282=EDGE_CURVE('',#3888,#3886,#2827,.T.);
#8284=EDGE_CURVE('',#4069,#3888,#2831,.T.);
#8286=EDGE_CURVE('',#3910,#4069,#2835,.T.);
#8298=EDGE_CURVE('',#3872,#3868,#2843,.T.);
#8301=EDGE_CURVE('',#3871,#3867,#2847,.T.);
#8323=EDGE_CURVE('',#3853,#3854,#2855,.T.);
#8329=EDGE_CURVE('',#3854,#3744,#2859,.T.);
#8340=EDGE_CURVE('',#3856,#3854,#2863,.T.);
#8342=EDGE_CURVE('',#3856,#3858,#2871,.T.);
#8356=EDGE_CURVE('',#3856,#4070,#2867,.T.);
#8367=EDGE_CURVE('',#3890,#3888,#2880,.T.);
#8372=EDGE_CURVE('',#4069,#4070,#2876,.T.);
#8396=EDGE_CURVE('',#3910,#4072,#2890,.T.);
#8408=EDGE_CURVE('',#4078,#3912,#2895,.T.);
#8420=EDGE_CURVE('',#4075,#4076,#2925,.T.);
#8422=EDGE_CURVE('',#4076,#3912,#2972,.T.);
#8434=EDGE_CURVE('',#4065,#4066,#2900,.T.);
#8437=EDGE_CURVE('',#3568,#3560,#2904,.T.);
#8440=EDGE_CURVE('',#3583,#3585,#2912,.T.);
#8443=EDGE_CURVE('',#3564,#3572,#2916,.T.);
#8445=EDGE_CURVE('',#4076,#3564,#2920,.T.);
#8449=EDGE_CURVE('',#4362,#4202,#2988,.T.);
#8451=EDGE_CURVE('',#4361,#4362,#2929,.T.);
#8453=EDGE_CURVE('',#4200,#4361,#3018,.T.);
#8464=EDGE_CURVE('',#3759,#3760,#2934,.T.);
#8479=EDGE_CURVE('',#4062,#3908,#2944,.T.);
#8516=EDGE_CURVE('',#3564,#3565,#2976,.T.);
#8553=EDGE_CURVE('',#4197,#4358,#2984,.T.);
#8555=EDGE_CURVE('',#4362,#4358,#3014,.T.);
#8559=EDGE_CURVE('',#4197,#4198,#2996,.T.);
#8569=EDGE_CURVE('',#4357,#4358,#3000,.T.);
#8572=EDGE_CURVE('',#4197,#4193,#3004,.T.);
#8574=EDGE_CURVE('',#4193,#4357,#3022,.T.);
#8585=EDGE_CURVE('',#4357,#4361,#3009,.T.);
#8600=EDGE_CURVE('',#4193,#4194,#3026,.T.);
#8672=EDGE_CURVE('',#3756,#3754,#3062,.T.);
#8732=EDGE_CURVE('',#3906,#3754,#3079,.T.);
#8746=EDGE_CURVE('',#3695,#3691,#3088,.T.);
#8748=EDGE_CURVE('',#3695,#3906,#3223,.T.);
#8759=EDGE_CURVE('',#3694,#3690,#3097,.T.);
#8761=EDGE_CURVE('',#3694,#3695,#3211,.T.);
#8775=EDGE_CURVE('',#3697,#3699,#3106,.T.);
#8786=EDGE_CURVE('',#3703,#3701,#3115,.T.);
#8799=EDGE_CURVE('',#3707,#3705,#3124,.T.);
#8801=EDGE_CURVE('',#3707,#3703,#3157,.T.);
#8812=EDGE_CURVE('',#3709,#3707,#3145,.T.);
#8816=EDGE_CURVE('',#3709,#3711,#3133,.T.);
#8827=EDGE_CURVE('',#3844,#3707,#3141,.T.);
#8845=EDGE_CURVE('',#3640,#3641,#3169,.T.);
#8858=EDGE_CURVE('',#3636,#3637,#3177,.T.);
#8884=EDGE_CURVE('',#3713,#3715,#3190,.T.);
#8907=EDGE_CURVE('',#3780,#3695,#3207,.T.);
#8932=EDGE_CURVE('',#4129,#4081,#3227,.T.);
#8934=EDGE_CURVE('',#4081,#4082,#3323,.T.);
#8936=EDGE_CURVE('',#4130,#4082,#3319,.T.);
#8947=EDGE_CURVE('',#4174,#4126,#3231,.T.);
#8949=EDGE_CURVE('',#4126,#4081,#3327,.T.);
#8961=EDGE_CURVE('',#4172,#4124,#3235,.T.);
#8963=EDGE_CURVE('',#4124,#4126,#3331,.T.);
#8975=EDGE_CURVE('',#4170,#4122,#3239,.T.);
#8977=EDGE_CURVE('',#4122,#4124,#3335,.T.);
#8989=EDGE_CURVE('',#4168,#4120,#3243,.T.);
#8991=EDGE_CURVE('',#4120,#4122,#3339,.T.);
#9003=EDGE_CURVE('',#4166,#4118,#3247,.T.);
#9005=EDGE_CURVE('',#4118,#4120,#3343,.T.);
#9017=EDGE_CURVE('',#4164,#4116,#3251,.T.);
#9019=EDGE_CURVE('',#4116,#4118,#3347,.T.);
#9031=EDGE_CURVE('',#4162,#4114,#3255,.T.);
#9033=EDGE_CURVE('',#4114,#4116,#3351,.T.);
#9045=EDGE_CURVE('',#4160,#4112,#3259,.T.);
#9047=EDGE_CURVE('',#4112,#4114,#3355,.T.);
#9059=EDGE_CURVE('',#4158,#4110,#3263,.T.);
#9061=EDGE_CURVE('',#4110,#4112,#3359,.T.);
#9073=EDGE_CURVE('',#4156,#4108,#3267,.T.);
#9075=EDGE_CURVE('',#4108,#4110,#3363,.T.);
#9087=EDGE_CURVE('',#4154,#4106,#3271,.T.);
#9089=EDGE_CURVE('',#4106,#4108,#3367,.T.);
#9101=EDGE_CURVE('',#4152,#4104,#3275,.T.);
#9103=EDGE_CURVE('',#4104,#4106,#3371,.T.);
#9115=EDGE_CURVE('',#4150,#4102,#3279,.T.);
#9117=EDGE_CURVE('',#4102,#4104,#3375,.T.);
#9129=EDGE_CURVE('',#4148,#4100,#3283,.T.);
#9131=EDGE_CURVE('',#4100,#4102,#3379,.T.);
#9143=EDGE_CURVE('',#4146,#4098,#3287,.T.);
#9145=EDGE_CURVE('',#4098,#4100,#3383,.T.);
#9157=EDGE_CURVE('',#4144,#4096,#3291,.T.);
#9159=EDGE_CURVE('',#4096,#4098,#3387,.T.);
#9171=EDGE_CURVE('',#4142,#4094,#3295,.T.);
#9173=EDGE_CURVE('',#4094,#4096,#3391,.T.);
#9185=EDGE_CURVE('',#4140,#4092,#3299,.T.);
#9187=EDGE_CURVE('',#4092,#4094,#3395,.T.);
#9199=EDGE_CURVE('',#4138,#4090,#3303,.T.);
#9201=EDGE_CURVE('',#4090,#4092,#3399,.T.);
#9213=EDGE_CURVE('',#4136,#4088,#3307,.T.);
#9215=EDGE_CURVE('',#4088,#4090,#3403,.T.);
#9227=EDGE_CURVE('',#4134,#4086,#3311,.T.);
#9229=EDGE_CURVE('',#4086,#4088,#3407,.T.);
#9241=EDGE_CURVE('',#4132,#4084,#3315,.T.);
#9243=EDGE_CURVE('',#4084,#4086,#3411,.T.);
#9256=EDGE_CURVE('',#4082,#4084,#3415,.T.);
#9300=EDGE_CURVE('',#4398,#4410,#3437,.T.);
#9302=EDGE_CURVE('',#4410,#4381,#3442,.T.);
#9314=EDGE_CURVE('',#4410,#4405,#3433,.T.);
#9329=EDGE_CURVE('',#4379,#4410,#3447,.T.);
#9350=EDGE_CURVE('',#4229,#4230,#3467,.T.);
#9365=EDGE_CURVE('',#4226,#4258,#3477,.T.);
#9393=ADVANCED_BREP_SHAPE_REPRESENTATION('',(#9384),#9392);
#9400=PRODUCT_DEFINITION('part definition','',#9399,#9396);
#9401=PRODUCT_DEFINITION_SHAPE('','SHAPE FOR C-1565749-4.',#9400);
#9402=SHAPE_ASPECT('','solid data associated with C-1565749-4',#9401,.F.);
#9403=PROPERTY_DEFINITION('',
'shape for solid data with which properties are associated',#9402);
#9404=SHAPE_REPRESENTATION('',(#9384),#9392);
#9405=SHAPE_DEFINITION_REPRESENTATION(#9403,#9404);
#9409=PROPERTY_DEFINITION('geometric_validation_property','area of C-1565749-4',
#9402);
#9410=REPRESENTATION('surface area',(#9408),#9392);
#9411=PROPERTY_DEFINITION_REPRESENTATION(#9409,#9410);
#9415=PROPERTY_DEFINITION('geometric_validation_property',
'volume of C-1565749-4',#9402);
#9416=REPRESENTATION('volume',(#9414),#9392);
#9417=PROPERTY_DEFINITION_REPRESENTATION(#9415,#9416);
#9419=PROPERTY_DEFINITION('geometric_validation_property',
'centroid of C-1565749-4',#9402);
#9420=REPRESENTATION('centroid',(#9418),#9392);
#9421=PROPERTY_DEFINITION_REPRESENTATION(#9419,#9420);
#9425=PROPERTY_DEFINITION('geometric_validation_property','area of C-1565749-4',
#9401);
#9426=REPRESENTATION('surface area',(#9424),#9392);
#9427=PROPERTY_DEFINITION_REPRESENTATION(#9425,#9426);
#9431=PROPERTY_DEFINITION('geometric_validation_property',
'volume of C-1565749-4',#9401);
#9432=REPRESENTATION('volume',(#9430),#9392);
#9433=PROPERTY_DEFINITION_REPRESENTATION(#9431,#9432);
#9435=PROPERTY_DEFINITION('geometric_validation_property',
'centroid of C-1565749-4',#9401);
#9436=REPRESENTATION('centroid',(#9434),#9392);
#9437=PROPERTY_DEFINITION_REPRESENTATION(#9435,#9436);
#9438=SHAPE_DEFINITION_REPRESENTATION(#9401,#9393);
#9440=PROPERTY_DEFINITION('user defined attribute','',#9400);
#9444=REPRESENTATION('',(#9443),#9392);
#9445=PROPERTY_DEFINITION_REPRESENTATION(#9440,#9444);
#9446=PROPERTY_DEFINITION('user defined attribute','',#9400);
#9450=REPRESENTATION('',(#9449),#9392);
#9451=PROPERTY_DEFINITION_REPRESENTATION(#9446,#9450);
#9452=PROPERTY_DEFINITION('user defined attribute','',#9400);
#9456=REPRESENTATION('',(#9455),#9392);
#9457=PROPERTY_DEFINITION_REPRESENTATION(#9452,#9456);
#9458=PROPERTY_DEFINITION('user defined attribute','',#9400);
#9462=REPRESENTATION('',(#9461),#9392);
#9463=PROPERTY_DEFINITION_REPRESENTATION(#9458,#9462);
#9464=PROPERTY_DEFINITION('user defined attribute','',#9400);
#9468=REPRESENTATION('',(#9467),#9392);
#9469=PROPERTY_DEFINITION_REPRESENTATION(#9464,#9468);
#9470=PROPERTY_DEFINITION('user defined attribute','',#9400);
#9474=REPRESENTATION('',(#9473),#9392);
#9475=PROPERTY_DEFINITION_REPRESENTATION(#9470,#9474);
#9476=PROPERTY_DEFINITION('user defined attribute','',#9400);
#9480=REPRESENTATION('',(#9479),#9392);
#9481=PROPERTY_DEFINITION_REPRESENTATION(#9476,#9480);
#9482=PROPERTY_DEFINITION('user defined attribute','',#9400);
#9486=REPRESENTATION('',(#9485),#9392);
#9487=PROPERTY_DEFINITION_REPRESENTATION(#9482,#9486);
#9488=PROPERTY_DEFINITION('user defined attribute','',#9400);
#9492=REPRESENTATION('',(#9491),#9392);
#9493=PROPERTY_DEFINITION_REPRESENTATION(#9488,#9492);
#9494=PROPERTY_DEFINITION('user defined attribute','',#9400);
#9498=REPRESENTATION('',(#9497),#9392);
#9499=PROPERTY_DEFINITION_REPRESENTATION(#9494,#9498);
#9500=PROPERTY_DEFINITION('user defined attribute','',#9400);
#9504=REPRESENTATION('',(#9503),#9392);
#9505=PROPERTY_DEFINITION_REPRESENTATION(#9500,#9504);
#9506=PROPERTY_DEFINITION('user defined attribute','',#9400);
#9510=REPRESENTATION('',(#9509),#9392);
#9511=PROPERTY_DEFINITION_REPRESENTATION(#9506,#9510);
#9512=PROPERTY_DEFINITION('user defined attribute','',#9400);
#9516=REPRESENTATION('',(#9515),#9392);
#9517=PROPERTY_DEFINITION_REPRESENTATION(#9512,#9516);
#9518=PROPERTY_DEFINITION('user defined attribute','',#9400);
#9522=REPRESENTATION('',(#9521),#9392);
#9523=PROPERTY_DEFINITION_REPRESENTATION(#9518,#9522);
#9524=PROPERTY_DEFINITION('user defined attribute','',#9400);
#9528=REPRESENTATION('',(#9527),#9392);
#9529=PROPERTY_DEFINITION_REPRESENTATION(#9524,#9528);
#9530=PROPERTY_DEFINITION('user defined attribute','',#9400);
#9534=REPRESENTATION('',(#9533),#9392);
#9535=PROPERTY_DEFINITION_REPRESENTATION(#9530,#9534);
#9536=PROPERTY_DEFINITION('user defined attribute','',#9400);
#9540=REPRESENTATION('',(#9539),#9392);
#9541=PROPERTY_DEFINITION_REPRESENTATION(#9536,#9540);
#9542=PROPERTY_DEFINITION('user defined attribute','',#9400);
#9545=PROPERTY_DEFINITION('user defined attribute','',#9400);
#9549=REPRESENTATION('',(#9548),#9392);
#9550=PROPERTY_DEFINITION_REPRESENTATION(#9545,#9549);
#9551=PROPERTY_DEFINITION('user defined attribute','',#9400);
#9554=PROPERTY_DEFINITION('user defined attribute','',#9400);
#9558=REPRESENTATION('',(#9557),#9392);
#9559=PROPERTY_DEFINITION_REPRESENTATION(#9554,#9558);
#9560=PROPERTY_DEFINITION('user defined attribute','',#9400);
#9564=REPRESENTATION('',(#9563),#9392);
#9565=PROPERTY_DEFINITION_REPRESENTATION(#9560,#9564);
#9566=PROPERTY_DEFINITION('user defined attribute','',#9400);
#9570=REPRESENTATION('',(#9569),#9392);
#9571=PROPERTY_DEFINITION_REPRESENTATION(#9566,#9570);
#9572=PROPERTY_DEFINITION('user defined attribute','',#9400);
#9576=REPRESENTATION('',(#9575),#9392);
#9577=PROPERTY_DEFINITION_REPRESENTATION(#9572,#9576);
#9578=PROPERTY_DEFINITION('user defined attribute','',#9400);
#9582=REPRESENTATION('',(#9581),#9392);
#9583=PROPERTY_DEFINITION_REPRESENTATION(#9578,#9582);
#9584=PROPERTY_DEFINITION('user defined attribute','',#9400);
#9588=REPRESENTATION('',(#9587),#9392);
#9589=PROPERTY_DEFINITION_REPRESENTATION(#9584,#9588);
#9590=PROPERTY_DEFINITION('user defined attribute','',#9400);
#9594=REPRESENTATION('',(#9593),#9392);
#9595=PROPERTY_DEFINITION_REPRESENTATION(#9590,#9594);
#9596=PROPERTY_DEFINITION('user defined attribute','',#9400);
#9600=REPRESENTATION('',(#9599),#9392);
#9601=PROPERTY_DEFINITION_REPRESENTATION(#9596,#9600);
#9602=DERIVED_UNIT((#9407));
#9603=DERIVED_UNIT((#9413));
#9604=DERIVED_UNIT((#9423));
#9605=DERIVED_UNIT((#9429));
ENDSEC;
END-ISO-10303-21;
