ISO-10303-21;
HEADER;
FILE_DESCRIPTION (( 'STEP AP214' ),
    '1' );
FILE_NAME ('PA4332.332NLT.STEP',
    '2025-08-11T06:45:58',
    ( '' ),
    ( '' ),
    'SwSTEP 2.0',
    'SolidWorks 2024',
    '' );
FILE_SCHEMA (( 'AUTOMOTIVE_DESIGN' ));
ENDSEC;

DATA;
#1 = ORIENTED_EDGE ( 'NONE', *, *, #152, .F. ) ;
#2 = CYLINDRICAL_SURFACE ( 'NONE', #6250, 0.1000000000000009076 ) ;
#3 = SURFACE_SIDE_STYLE ('',( #4619 ) ) ;
#4 = VECTOR ( 'NONE', #524, 1000.000000000000000 ) ;
#5 = SURFACE_STYLE_USAGE ( .BOTH. , #6845 ) ;
#6 =( LENGTH_UNIT ( ) NAMED_UNIT ( * ) SI_UNIT ( .MILLI., .METRE. ) );
#7 = CARTESIAN_POINT ( 'NONE',  ( -0.5899999999999999689, 2.099999999999999645, -1.450000000000000178 ) ) ;
#8 = CLOSED_SHELL ( 'NONE', ( #5002, #6794, #6720, #4410, #3085, #6353, #533, #4648, #2310, #6719, #6357, #4808, #2771, #4975, #2894, #5025, #4422, #1840, #1608, #857, #5910, #6025, #4481, #6588, #1075, #6582 ) ) ;
#9 = LINE ( 'NONE', #2314, #1110 ) ;
#10 = CARTESIAN_POINT ( 'NONE',  ( -0.5899999999999999689, 2.099999999999999201, 0.1318986559964987482 ) ) ;
#11 = VECTOR ( 'NONE', #5417, 1000.000000000000000 ) ;
#12 = CARTESIAN_POINT ( 'NONE',  ( -1.939999999999999947, 1.750000000000000444, 1.349999999999998312 ) ) ;
#13 = COLOUR_RGB ( '',0.1098039215686274495, 0.1098039215686274495, 0.1098039215686274495 ) ;
#15 = VECTOR ( 'NONE', #1239, 1000.000000000000000 ) ;
#14 = CARTESIAN_POINT ( 'NONE',  ( -1.490000000000000213, -1.630201072457980294, -0.4821249457939816296 ) ) ;
#16 = ORIENTED_EDGE ( 'NONE', *, *, #4159, .F. ) ;
#17 = FILL_AREA_STYLE_COLOUR ( '', #1198 ) ;
#18 = MECHANICAL_DESIGN_GEOMETRIC_PRESENTATION_REPRESENTATION (  '', ( #1212 ), #1332 ) ;
#19 = ORIENTED_EDGE ( 'NONE', *, *, #4233, .F. ) ;
#20 = DIRECTION ( 'NONE',  ( 0.000000000000000000, 0.000000000000000000, -1.000000000000000000 ) ) ;
#21 = CIRCLE ( 'NONE', #357, 0.1499999999999999667 ) ;
#22 = SURFACE_SIDE_STYLE ('',( #6946 ) ) ;
#23 = CARTESIAN_POINT ( 'NONE',  ( 0.000000000000000000, -2.000000000000000444, 1.399999999999998135 ) ) ;
#24 = AXIS2_PLACEMENT_3D ( 'NONE', #6916, #1648, #3557 ) ;
#25 = ORIENTED_EDGE ( 'NONE', *, *, #4723, .T. ) ;
#26 =( GEOMETRIC_REPRESENTATION_CONTEXT ( 3 ) GLOBAL_UNCERTAINTY_ASSIGNED_CONTEXT ( ( #5681 ) ) GLOBAL_UNIT_ASSIGNED_CONTEXT ( ( #1258, #7407, #3874 ) ) REPRESENTATION_CONTEXT ( 'NONE', 'WORKASPACE' ) );
#27 = ORIENTED_EDGE ( 'NONE', *, *, #1322, .T. ) ;
#28 = DIRECTION ( 'NONE',  ( 0.000000000000000000, 0.000000000000000000, -1.000000000000000000 ) ) ;
#29 =( NAMED_UNIT ( * ) PLANE_ANGLE_UNIT ( ) SI_UNIT ( $, .RADIAN. ) );
#30 = CARTESIAN_POINT ( 'NONE',  ( -0.02026934533631476187, -1.253089310387592414, 1.549999999999999822 ) ) ;
#31 = MECHANICAL_DESIGN_GEOMETRIC_PRESENTATION_REPRESENTATION (  '', ( #5973 ), #6697 ) ;
#32 = CARTESIAN_POINT ( 'NONE',  ( -0.8406802948058132996, -0.03731443850149582936, -1.809439435930382478 ) ) ;
#33 =( LENGTH_UNIT ( ) NAMED_UNIT ( * ) SI_UNIT ( .MILLI., .METRE. ) );
#34 = EDGE_CURVE ( 'NONE', #6256, #2042, #4140, .T. ) ;
#35 = TOROIDAL_SURFACE ( 'NONE', #742, 0.1699999999999999567, 0.04999999999999998196 ) ;
#36 = AXIS2_PLACEMENT_3D ( 'NONE', #2983, #7052, #1896 ) ;
#37 = LINE ( 'NONE', #693, #7315 ) ;
#38 = ORIENTED_EDGE ( 'NONE', *, *, #6158, .T. ) ;
#39 = PRESENTATION_LAYER_ASSIGNMENT (  '', '', ( #4881 ) ) ;
#40 = SURFACE_STYLE_FILL_AREA ( #1127 ) ;
#41 = ORIENTED_EDGE ( 'NONE', *, *, #1384, .F. ) ;
#42 = DIRECTION ( 'NONE',  ( 0.000000000000000000, 0.000000000000000000, 1.000000000000000000 ) ) ;
#43 =( GEOMETRIC_REPRESENTATION_CONTEXT ( 3 ) GLOBAL_UNCERTAINTY_ASSIGNED_CONTEXT ( ( #1708 ) ) GLOBAL_UNIT_ASSIGNED_CONTEXT ( ( #6349, #4518, #3457 ) ) REPRESENTATION_CONTEXT ( 'NONE', 'WORKASPACE' ) );
#44 = CARTESIAN_POINT ( 'NONE',  ( 0.05000000000000000278, -0.6747223250267422312, 1.800000000000001155 ) ) ;
#45 = PRESENTATION_STYLE_ASSIGNMENT (( #3486 ) ) ;
#46 = FACE_OUTER_BOUND ( 'NONE', #5337, .T. ) ;
#47 = CARTESIAN_POINT ( 'NONE',  ( -1.889999999999999902, -1.800000000000000044, -1.349999999999999201 ) ) ;
#48 = FACE_OUTER_BOUND ( 'NONE', #5579, .T. ) ;
#49 = FILL_AREA_STYLE_COLOUR ( '', #4892 ) ;
#50 = CARTESIAN_POINT ( 'NONE',  ( -0.5899999999999999689, -1.113397459621555896, -1.600000000000000311 ) ) ;
#51 = ORIENTED_EDGE ( 'NONE', *, *, #2682, .F. ) ;
#52 = CARTESIAN_POINT ( 'NONE',  ( -0.6360293123678153471, 1.120823996575649018, 1.588916774137679733 ) ) ;
#53 = UNCERTAINTY_MEASURE_WITH_UNIT (LENGTH_MEASURE( 1.000000000000000082E-05 ), #5198, 'distance_accuracy_value', 'NONE');
#54 = DIRECTION ( 'NONE',  ( 1.000000000000000000, -0.000000000000000000, -0.000000000000000000 ) ) ;
#55 =( NAMED_UNIT ( * ) SI_UNIT ( $, .STERADIAN. ) SOLID_ANGLE_UNIT ( ) );
#56 = EDGE_CURVE ( 'NONE', #2374, #2209, #5256, .T. ) ;
#57 = EDGE_LOOP ( 'NONE', ( #4547, #5899, #1985, #6275 ) ) ;
#58 = FILL_AREA_STYLE ('',( #4720 ) ) ;
#59 =( GEOMETRIC_REPRESENTATION_CONTEXT ( 3 ) GLOBAL_UNCERTAINTY_ASSIGNED_CONTEXT ( ( #7554 ) ) GLOBAL_UNIT_ASSIGNED_CONTEXT ( ( #5494, #6140, #2139 ) ) REPRESENTATION_CONTEXT ( 'NONE', 'WORKASPACE' ) );
#60 = CARTESIAN_POINT ( 'NONE',  ( -1.889999999999999902, 1.599999999999999867, -1.549999999999998712 ) ) ;
#61 =( LENGTH_UNIT ( ) NAMED_UNIT ( * ) SI_UNIT ( .MILLI., .METRE. ) );
#62 =( NAMED_UNIT ( * ) PLANE_ANGLE_UNIT ( ) SI_UNIT ( $, .RADIAN. ) );
#63 = UNCERTAINTY_MEASURE_WITH_UNIT (LENGTH_MEASURE( 1.000000000000000082E-05 ), #2250, 'distance_accuracy_value', 'NONE');
#64 =( LENGTH_UNIT ( ) NAMED_UNIT ( * ) SI_UNIT ( .MILLI., .METRE. ) );
#65 = STYLED_ITEM ( 'NONE', ( #7137 ), #3853 ) ;
#66 = CARTESIAN_POINT ( 'NONE',  ( -1.939999999999999947, 0.8102885682970049075, 2.024999999999999911 ) ) ;
#67 = VERTEX_POINT ( 'NONE', #3648 ) ;
#68 = ADVANCED_FACE ( 'NONE', ( #7170 ), #1213, .F. ) ;
#69 = ORIENTED_EDGE ( 'NONE', *, *, #2328, .F. ) ;
#70 = VECTOR ( 'NONE', #2623, 1000.000000000000000 ) ;
#71 =( NAMED_UNIT ( * ) SI_UNIT ( $, .STERADIAN. ) SOLID_ANGLE_UNIT ( ) );
#72 = CARTESIAN_POINT ( 'NONE',  ( -0.5946613495367144564, -0.03903711216595601163, -1.850415197882297802 ) ) ;
#73 = DIRECTION ( 'NONE',  ( 0.000000000000000000, 0.000000000000000000, -1.000000000000000000 ) ) ;
#74 = STYLED_ITEM ( 'NONE', ( #124 ), #4263 ) ;
#75 = EDGE_CURVE ( 'NONE', #5260, #3157, #338, .T. ) ;
#76 = CARTESIAN_POINT ( 'NONE',  ( -0.5900000000000000799, 2.099999999999999645, -0.1318986559964983041 ) ) ;
#77 = DIRECTION ( 'NONE',  ( 0.000000000000000000, 0.000000000000000000, -1.000000000000000000 ) ) ;
#78 =( NAMED_UNIT ( * ) PLANE_ANGLE_UNIT ( ) SI_UNIT ( $, .RADIAN. ) );
#79 = ORIENTED_EDGE ( 'NONE', *, *, #1184, .T. ) ;
#80 = EDGE_LOOP ( 'NONE', ( #7356, #3063, #7409, #6059 ) ) ;
#81 = LINE ( 'NONE', #5347, #3098 ) ;
#82 =( NAMED_UNIT ( * ) SI_UNIT ( $, .STERADIAN. ) SOLID_ANGLE_UNIT ( ) );
#83 = DIRECTION ( 'NONE',  ( 0.000000000000000000, 0.000000000000000000, -1.000000000000000000 ) ) ;
#84 = CARTESIAN_POINT ( 'NONE',  ( -0.5899999999999999689, -0.8535898384862272703, -2.050000000000000266 ) ) ;
#85 = CARTESIAN_POINT ( 'NONE',  ( -1.889999999999999902, 0.8102885682970052406, 2.025000000000000355 ) ) ;
#86 =( LENGTH_UNIT ( ) NAMED_UNIT ( * ) SI_UNIT ( .MILLI., .METRE. ) );
#87 = CARTESIAN_POINT ( 'NONE',  ( -0.8406803038083928703, -0.1133489185248097997, 1.804663793605830291 ) ) ;
#88 = STYLED_ITEM ( 'NONE', ( #7013 ), #2041 ) ;
#89 = ORIENTED_EDGE ( 'NONE', *, *, #5281, .F. ) ;
#90 = ADVANCED_FACE ( 'NONE', ( #900 ), #3125, .F. ) ;
#91 = LINE ( 'NONE', #6569, #2215 ) ;
#92 = STYLED_ITEM ( 'NONE', ( #1053 ), #2234 ) ;
#93 =( LENGTH_UNIT ( ) NAMED_UNIT ( * ) SI_UNIT ( .MILLI., .METRE. ) );
#94 = VERTEX_POINT ( 'NONE', #791 ) ;
#95 = DIRECTION ( 'NONE',  ( 0.000000000000000000, 0.9589418073282237609, -0.2836029092905780757 ) ) ;
#96 = CARTESIAN_POINT ( 'NONE',  ( -0.6349882762469153397, 1.171997532311541024, -1.553581456212337342 ) ) ;
#97 = PRESENTATION_STYLE_ASSIGNMENT (( #5940 ) ) ;
#98 = DIRECTION ( 'NONE',  ( -1.000000000000000000, 0.000000000000000000, 0.000000000000000000 ) ) ;
#99 = FACE_OUTER_BOUND ( 'NONE', #6322, .T. ) ;
#100 = PLANE ( 'NONE',  #3691 ) ;
#101 = DIRECTION ( 'NONE',  ( 0.000000000000000000, 1.000000000000000000, 2.710505431213758620E-16 ) ) ;
#102 = DIRECTION ( 'NONE',  ( 0.000000000000000000, 0.000000000000000000, 1.000000000000000000 ) ) ;
#103 = CARTESIAN_POINT ( 'NONE',  ( 0.06000000000000000472, -2.000000000000000888, -1.399999999999998579 ) ) ;
#104 =( NAMED_UNIT ( * ) PLANE_ANGLE_UNIT ( ) SI_UNIT ( $, .RADIAN. ) );
#105 = VERTEX_POINT ( 'NONE', #2605 ) ;
#106 = ORIENTED_EDGE ( 'NONE', *, *, #994, .F. ) ;
#107 = EDGE_CURVE ( 'NONE', #7271, #6447, #4372, .T. ) ;
#108 = CIRCLE ( 'NONE', #3487, 0.09999999999999982514 ) ;
#109 =( NAMED_UNIT ( * ) SI_UNIT ( $, .STERADIAN. ) SOLID_ANGLE_UNIT ( ) );
#110 = COLOUR_RGB ( '',0.8980392156862745390, 0.8980392156862745390, 0.8980392156862745390 ) ;
#111 = LINE ( 'NONE', #6339, #1585 ) ;
#112 = ORIENTED_EDGE ( 'NONE', *, *, #6967, .F. ) ;
#113 =( NAMED_UNIT ( * ) SI_UNIT ( $, .STERADIAN. ) SOLID_ANGLE_UNIT ( ) );
#114 = AXIS2_PLACEMENT_3D ( 'NONE', #4805, #4160, #6476 ) ;
#115 = ORIENTED_EDGE ( 'NONE', *, *, #1251, .T. ) ;
#116 = DIRECTION ( 'NONE',  ( 0.000000000000000000, 0.000000000000000000, 1.000000000000000000 ) ) ;
#117 = LINE ( 'NONE', #190, #3259 ) ;
#118 = AXIS2_PLACEMENT_3D ( 'NONE', #3905, #2735, #3378 ) ;
#119 = CARTESIAN_POINT ( 'NONE',  ( -1.315340249733749634, 1.681810481936868662, -0.4102622767046549823 ) ) ;
#120 = CARTESIAN_POINT ( 'NONE',  ( 0.06000000000000000472, 1.050000000000000044, 1.549999999999999822 ) ) ;
#121 = FACE_OUTER_BOUND ( 'NONE', #6145, .T. ) ;
#122 = LINE ( 'NONE', #3456, #3217 ) ;
#123 = SURFACE_STYLE_FILL_AREA ( #2440 ) ;
#124 = PRESENTATION_STYLE_ASSIGNMENT (( #675 ) ) ;
#125 = ORIENTED_EDGE ( 'NONE', *, *, #3233, .F. ) ;
#126 = UNCERTAINTY_MEASURE_WITH_UNIT (LENGTH_MEASURE( 1.000000000000000082E-05 ), #5231, 'distance_accuracy_value', 'NONE');
#127 = AXIS2_PLACEMENT_3D ( 'NONE', #2563, #2483, #7054 ) ;
#128 = FILL_AREA_STYLE_COLOUR ( '', #4239 ) ;
#129 = VECTOR ( 'NONE', #4231, 1000.000000000000114 ) ;
#130 =( LENGTH_UNIT ( ) NAMED_UNIT ( * ) SI_UNIT ( .MILLI., .METRE. ) );
#131 = ADVANCED_FACE ( 'NONE', ( #3200 ), #7361, .T. ) ;
#132 = DIRECTION ( 'NONE',  ( -0.000000000000000000, -0.000000000000000000, 1.000000000000000000 ) ) ;
#133 =( NAMED_UNIT ( * ) SI_UNIT ( $, .STERADIAN. ) SOLID_ANGLE_UNIT ( ) );
#134 =( GEOMETRIC_REPRESENTATION_CONTEXT ( 3 ) GLOBAL_UNCERTAINTY_ASSIGNED_CONTEXT ( ( #1038 ) ) GLOBAL_UNIT_ASSIGNED_CONTEXT ( ( #3855, #4615, #3036 ) ) REPRESENTATION_CONTEXT ( 'NONE', 'WORKASPACE' ) );
#135 = FILL_AREA_STYLE ('',( #1405 ) ) ;
#136 = PRESENTATION_LAYER_ASSIGNMENT (  '', '', ( #5471 ) ) ;
#137 = LINE ( 'NONE', #7095, #6571 ) ;
#138 = CARTESIAN_POINT ( 'NONE',  ( -0.5899999999999999689, 2.099999999999999645, -1.450000000000000178 ) ) ;
#139 = ORIENTED_EDGE ( 'NONE', *, *, #6618, .F. ) ;
#140 = EDGE_LOOP ( 'NONE', ( #7363, #2938, #7066, #2136 ) ) ;
#141 = SURFACE_STYLE_USAGE ( .BOTH. , #961 ) ;
#142 = STYLED_ITEM ( 'NONE', ( #45 ), #3015 ) ;
#143 = MECHANICAL_DESIGN_GEOMETRIC_PRESENTATION_REPRESENTATION (  '', ( #1458 ), #1306 ) ;
#144 = UNCERTAINTY_MEASURE_WITH_UNIT (LENGTH_MEASURE( 1.000000000000000082E-05 ), #6452, 'distance_accuracy_value', 'NONE');
#145 = CARTESIAN_POINT ( 'NONE',  ( -0.5899999999999999689, 2.000000000000000444, 1.449999999999999734 ) ) ;
#146 = LINE ( 'NONE', #6338, #1327 ) ;
#147 = EDGE_CURVE ( 'NONE', #7301, #4563, #6233, .T. ) ;
#148 = ORIENTED_EDGE ( 'NONE', *, *, #4999, .T. ) ;
#149 = PRESENTATION_STYLE_ASSIGNMENT (( #5238 ) ) ;
#150 = VERTEX_POINT ( 'NONE', #6191 ) ;
#151 = DIRECTION ( 'NONE',  ( 0.000000000000000000, -1.000000000000000000, 0.000000000000000000 ) ) ;
#152 = EDGE_CURVE ( 'NONE', #4433, #4658, #4624, .T. ) ;
#153 = DIRECTION ( 'NONE',  ( 0.000000000000000000, 1.000000000000000000, 0.000000000000000000 ) ) ;
#154 = MECHANICAL_DESIGN_GEOMETRIC_PRESENTATION_REPRESENTATION (  '', ( #3182 ), #5731 ) ;
#155 = AXIS2_PLACEMENT_3D ( 'NONE', #6501, #4764, #101 ) ;
#156 = CARTESIAN_POINT ( 'NONE',  ( -1.489999999999999991, 1.800000000000000266, 0.08991653416261302656 ) ) ;
#157 = CARTESIAN_POINT ( 'NONE',  ( 0.05000000000000000278, 1.850000000000000533, 1.399999999999999023 ) ) ;
#158 = SURFACE_STYLE_FILL_AREA ( #3011 ) ;
#159 = CARTESIAN_POINT ( 'NONE',  ( -0.1699999999999999845, 1.300000000000000044, 1.520047317545275778 ) ) ;
#160 = LINE ( 'NONE', #1925, #926 ) ;
#162 = STYLED_ITEM ( 'NONE', ( #6280 ), #5603 ) ;
#161 = DIRECTION ( 'NONE',  ( 1.000000000000000000, -0.000000000000000000, -0.000000000000000000 ) ) ;
#163 = PRESENTATION_LAYER_ASSIGNMENT (  '', '', ( #5365 ) ) ;
#164 = MECHANICAL_DESIGN_GEOMETRIC_PRESENTATION_REPRESENTATION (  '', ( #1594 ), #1347 ) ;
#165 = EDGE_LOOP ( 'NONE', ( #3962, #1137, #2456, #6901, #4413 ) ) ;
#166 = EDGE_CURVE ( 'NONE', #1179, #3732, #4313, .T. ) ;
#167 = DIRECTION ( 'NONE',  ( 0.000000000000000000, 0.000000000000000000, -1.000000000000000000 ) ) ;
#168 = CARTESIAN_POINT ( 'NONE',  ( -0.000000000000000000, 1.259650250578977948, 1.626063469885635770 ) ) ;
#169 = ORIENTED_EDGE ( 'NONE', *, *, #2567, .F. ) ;
#170 = MECHANICAL_DESIGN_GEOMETRIC_PRESENTATION_REPRESENTATION (  '', ( #3550 ), #6581 ) ;
#171 = FACE_OUTER_BOUND ( 'NONE', #7111, .T. ) ;
#172 = DIRECTION ( 'NONE',  ( 0.000000000000000000, -0.4999999999999965028, -0.8660254037844407060 ) ) ;
#173 = CARTESIAN_POINT ( 'NONE',  ( -0.01117802668170824777, 1.250706952529651250, 1.549999999999999822 ) ) ;
#174 =( NAMED_UNIT ( * ) PLANE_ANGLE_UNIT ( ) SI_UNIT ( $, .RADIAN. ) );
#175 = DIRECTION ( 'NONE',  ( 0.000000000000000000, 5.421010862427514281E-16, -1.000000000000000000 ) ) ;
#176 = SURFACE_STYLE_FILL_AREA ( #1983 ) ;
#177 = CARTESIAN_POINT ( 'NONE',  ( -0.05335789467589521773, 1.306516818904389865, 1.549999999999999822 ) ) ;
#178 = VERTEX_POINT ( 'NONE', #1058 ) ;
#179 = ORIENTED_EDGE ( 'NONE', *, *, #3978, .F. ) ;
#180 = CARTESIAN_POINT ( 'NONE',  ( -1.489999999999999991, -1.600000000000000311, 1.549999999999998268 ) ) ;
#181 = CIRCLE ( 'NONE', #1731, 0.1999999999999996503 ) ;
#182 = EDGE_CURVE ( 'NONE', #424, #2796, #3598, .T. ) ;
#183 = EDGE_CURVE ( 'NONE', #7301, #6159, #3379, .T. ) ;
#184 = CARTESIAN_POINT ( 'NONE',  ( 1.530591602633186772E-38, -1.337261918453074516, 1.636917814881603706 ) ) ;
#185 = DIRECTION ( 'NONE',  ( -1.000000000000000000, -0.000000000000000000, -0.000000000000000000 ) ) ;
#186 = ORIENTED_EDGE ( 'NONE', *, *, #4062, .F. ) ;
#187 = FACE_OUTER_BOUND ( 'NONE', #5675, .T. ) ;
#188 = ORIENTED_EDGE ( 'NONE', *, *, #3898, .F. ) ;
#189 = LINE ( 'NONE', #7272, #3811 ) ;
#190 = CARTESIAN_POINT ( 'NONE',  ( -1.889999999999999902, -0.7669872981077823226, 2.050000000000000266 ) ) ;
#191 = STYLED_ITEM ( 'NONE', ( #1662 ), #4197 ) ;
#192 = CARTESIAN_POINT ( 'NONE',  ( -1.315340258850431043, 1.681740023738231615, 0.4105005104839355434 ) ) ;
#193 = AXIS2_PLACEMENT_3D ( 'NONE', #821, #2292, #4600 ) ;
#194 =( NAMED_UNIT ( * ) PLANE_ANGLE_UNIT ( ) SI_UNIT ( $, .RADIAN. ) );
#195 = CARTESIAN_POINT ( 'NONE',  ( -1.889999999999999902, -1.113397459621555674, 1.599999999999999867 ) ) ;
#196 = ORIENTED_EDGE ( 'NONE', *, *, #166, .F. ) ;
#197 = LINE ( 'NONE', #2048, #2564 ) ;
#198 = ORIENTED_EDGE ( 'NONE', *, *, #3411, .F. ) ;
#199 = SURFACE_STYLE_USAGE ( .BOTH. , #643 ) ;
#200 = DIRECTION ( 'NONE',  ( 1.000000000000000000, 0.000000000000000000, -0.000000000000000000 ) ) ;
#201 = EDGE_CURVE ( 'NONE', #4878, #2042, #6269, .T. ) ;
#202 =( NAMED_UNIT ( * ) SI_UNIT ( $, .STERADIAN. ) SOLID_ANGLE_UNIT ( ) );
#203 = CARTESIAN_POINT ( 'NONE',  ( -0.05379829255225484358, 1.296668090121799510, 1.549999999999999822 ) ) ;
#204 =( NAMED_UNIT ( * ) PLANE_ANGLE_UNIT ( ) SI_UNIT ( $, .RADIAN. ) );
#205 =( LENGTH_UNIT ( ) NAMED_UNIT ( * ) SI_UNIT ( .MILLI., .METRE. ) );
#206 = SURFACE_STYLE_FILL_AREA ( #5333 ) ;
#207 = CARTESIAN_POINT ( 'NONE',  ( -0.8406516964877221998, -3.570265972773233744E-18, -1.808224717252046476 ) ) ;
#208 = ORIENTED_EDGE ( 'NONE', *, *, #2349, .T. ) ;
#209 = VERTEX_POINT ( 'NONE', #5782 ) ;
#210 = CARTESIAN_POINT ( 'NONE',  ( 0.05000000000000000278, -0.6747223250267422312, 2.000000000000001332 ) ) ;
#211 = EDGE_CURVE ( 'NONE', #5290, #5054, #5202, .T. ) ;
#212 = SURFACE_STYLE_USAGE ( .BOTH. , #7232 ) ;
#213 = CARTESIAN_POINT ( 'NONE',  ( -1.939999999999999947, -0.8102885682970057957, -2.025000000000000355 ) ) ;
#214 = UNCERTAINTY_MEASURE_WITH_UNIT (LENGTH_MEASURE( 1.000000000000000082E-05 ), #6189, 'distance_accuracy_value', 'NONE');
#215 =( NAMED_UNIT ( * ) SI_UNIT ( $, .STERADIAN. ) SOLID_ANGLE_UNIT ( ) );
#216 = APPLICATION_PROTOCOL_DEFINITION ( 'draft international standard', 'automotive_design', 1998, #7289 ) ;
#217 = SURFACE_STYLE_USAGE ( .BOTH. , #7150 ) ;
#218 = VECTOR ( 'NONE', #935, 1000.000000000000227 ) ;
#219 = VERTEX_POINT ( 'NONE', #2736 ) ;
#220 = EDGE_CURVE ( 'NONE', #5195, #2209, #3415, .T. ) ;
#221 = COLOUR_RGB ( '',0.9686274509803921573, 0.8784313725490195957, 0.5999999999999999778 ) ;
#222 = CIRCLE ( 'NONE', #4456, 0.1999999999999996503 ) ;
#223 = EDGE_CURVE ( 'NONE', #830, #1298, #1290, .T. ) ;
#224 = ORIENTED_EDGE ( 'NONE', *, *, #4735, .F. ) ;
#225 = DIRECTION ( 'NONE',  ( -0.000000000000000000, -1.606225440719267353E-16, -1.000000000000000000 ) ) ;
#226 = DIRECTION ( 'NONE',  ( 1.000000000000000000, 0.000000000000000000, -0.000000000000000000 ) ) ;
#227 = SURFACE_STYLE_FILL_AREA ( #701 ) ;
#228 = EDGE_CURVE ( 'NONE', #5103, #1946, #4933, .T. ) ;
#229 =( GEOMETRIC_REPRESENTATION_CONTEXT ( 3 ) GLOBAL_UNCERTAINTY_ASSIGNED_CONTEXT ( ( #5827 ) ) GLOBAL_UNIT_ASSIGNED_CONTEXT ( ( #6398, #1605, #5114 ) ) REPRESENTATION_CONTEXT ( 'NONE', 'WORKASPACE' ) );
#230 = CARTESIAN_POINT ( 'NONE',  ( -1.889999999999999902, -0.7669872981077823226, 2.100000000000000089 ) ) ;
#231 = ORIENTED_EDGE ( 'NONE', *, *, #2915, .T. ) ;
#232 = LINE ( 'NONE', #5221, #4320 ) ;
#233 = PRESENTATION_LAYER_ASSIGNMENT (  '', '', ( #5199 ) ) ;
#234 = ORIENTED_EDGE ( 'NONE', *, *, #4159, .T. ) ;
#235 = AXIS2_PLACEMENT_3D ( 'NONE', #1037, #1788, #2906 ) ;
#236 = DIRECTION ( 'NONE',  ( 1.000000000000000000, -0.000000000000000000, -0.000000000000000000 ) ) ;
#237 = SURFACE_STYLE_USAGE ( .BOTH. , #6570 ) ;
#238 =( LENGTH_UNIT ( ) NAMED_UNIT ( * ) SI_UNIT ( .MILLI., .METRE. ) );
#239 = CYLINDRICAL_SURFACE ( 'NONE', #5192, 0.1000000000000011297 ) ;
#240 = DIRECTION ( 'NONE',  ( 3.394179123533940784E-16, 0.2836029092905782978, 0.9589418073282236499 ) ) ;
#241 =( NAMED_UNIT ( * ) PLANE_ANGLE_UNIT ( ) SI_UNIT ( $, .RADIAN. ) );
#242 = MECHANICAL_DESIGN_GEOMETRIC_PRESENTATION_REPRESENTATION (  '', ( #947 ), #1922 ) ;
#243 = AXIS2_PLACEMENT_3D ( 'NONE', #2826, #5141, #2899 ) ;
#244 = EDGE_CURVE ( 'NONE', #4561, #6646, #2510, .T. ) ;
#245 = CARTESIAN_POINT ( 'NONE',  ( -0.04077852570890423689, 1.266761635560947452, 1.549999999999999822 ) ) ;
#246 = CIRCLE ( 'NONE', #3038, 0.1000000000000006994 ) ;
#247 = CARTESIAN_POINT ( 'NONE',  ( -0.5900000000000003020, 0.1159679160405762272, -1.846361677041961968 ) ) ;
#248 = LINE ( 'NONE', #6054, #5000 ) ;
#249 =( NAMED_UNIT ( * ) SI_UNIT ( $, .STERADIAN. ) SOLID_ANGLE_UNIT ( ) );
#250 = VECTOR ( 'NONE', #7430, 1000.000000000000000 ) ;
#251 = CARTESIAN_POINT ( 'NONE',  ( -1.939999999999999947, -0.8102885682970026870, 2.024999999999999023 ) ) ;
#252 = VERTEX_POINT ( 'NONE', #2350 ) ;
#253 = ORIENTED_EDGE ( 'NONE', *, *, #904, .T. ) ;
#254 = LINE ( 'NONE', #1410, #4129 ) ;
#255 = COLOUR_RGB ( '',0.9686274509803921573, 0.8784313725490195957, 0.5999999999999999778 ) ;
#256 = CARTESIAN_POINT ( 'NONE',  ( -1.889999999999999902, -1.800000000000000488, 1.349999999999998312 ) ) ;
#257 = LINE ( 'NONE', #3671, #269 ) ;
#258 = ORIENTED_EDGE ( 'NONE', *, *, #2290, .F. ) ;
#259 = DIRECTION ( 'NONE',  ( 1.000000000000000000, 0.000000000000000000, 0.000000000000000000 ) ) ;
#260 = ORIENTED_EDGE ( 'NONE', *, *, #1717, .F. ) ;
#261 = ADVANCED_FACE ( 'NONE', ( #46 ), #6517, .F. ) ;
#262 = VECTOR ( 'NONE', #6490, 1000.000000000000114 ) ;
#263 = PRESENTATION_LAYER_ASSIGNMENT (  '', '', ( #3872 ) ) ;
#264 = DIRECTION ( 'NONE',  ( 0.000000000000000000, 0.000000000000000000, -1.000000000000000000 ) ) ;
#265 = PRESENTATION_STYLE_ASSIGNMENT (( #4332 ) ) ;
#266 = DIRECTION ( 'NONE',  ( 0.000000000000000000, 0.000000000000000000, 1.000000000000000000 ) ) ;
#267 = B_SPLINE_CURVE_WITH_KNOTS ( 'NONE', 3,
 ( #4163, #1235, #4774, #1722, #2423, #5917, #6477, #7001, #7556, #6410, #4084, #2966, #1273 ),
 .UNSPECIFIED., .F., .F.,
 ( 4, 3, 3, 3, 4 ),
 ( 0.000000000000000000, 2.905729115789861601E-05, 5.824914696034178826E-05, 8.608381990495729129E-05, 0.0001060717522531155337 ),
 .UNSPECIFIED. ) ;
#268 = VERTEX_POINT ( 'NONE', #703 ) ;
#269 = VECTOR ( 'NONE', #808, 1000.000000000000000 ) ;
#270 = CARTESIAN_POINT ( 'NONE',  ( -1.889999999999999902, -1.200000000000000178, -1.500000000000001332 ) ) ;
#271 = STYLED_ITEM ( 'NONE', ( #2367 ), #6750 ) ;
#272 = ORIENTED_EDGE ( 'NONE', *, *, #4689, .F. ) ;
#273 = SURFACE_STYLE_USAGE ( .BOTH. , #3266 ) ;
#274 =( NAMED_UNIT ( * ) PLANE_ANGLE_UNIT ( ) SI_UNIT ( $, .RADIAN. ) );
#275 = DIRECTION ( 'NONE',  ( 0.000000000000000000, 0.000000000000000000, -1.000000000000000000 ) ) ;
#276 = DIRECTION ( 'NONE',  ( 0.000000000000000000, 0.000000000000000000, -1.000000000000000000 ) ) ;
#277 = MECHANICAL_DESIGN_GEOMETRIC_PRESENTATION_REPRESENTATION (  '', ( #6215 ), #2949 ) ;
#278 = CIRCLE ( 'NONE', #6706, 0.1499999999999999667 ) ;
#279 = EDGE_CURVE ( 'NONE', #2382, #5413, #326, .T. ) ;
#280 = FACE_OUTER_BOUND ( 'NONE', #7493, .T. ) ;
#281 = ORIENTED_EDGE ( 'NONE', *, *, #5992, .F. ) ;
#282 = CARTESIAN_POINT ( 'NONE',  ( -0.5899999999999999689, -0.8535898384862272703, -2.050000000000000266 ) ) ;
#283 = PLANE ( 'NONE',  #4031 ) ;
#284 = CARTESIAN_POINT ( 'NONE',  ( 0.05000000000000000278, -2.000000000000000888, -1.399999999999998579 ) ) ;
#285 = ORIENTED_EDGE ( 'NONE', *, *, #6799, .F. ) ;
#286 = ORIENTED_EDGE ( 'NONE', *, *, #6464, .F. ) ;
#287 = CARTESIAN_POINT ( 'NONE',  ( -0.5899999999999998579, 1.346638215541207995, 1.549999999999999600 ) ) ;
#288 = SURFACE_SIDE_STYLE ('',( #7305 ) ) ;
#289 = SURFACE_STYLE_FILL_AREA ( #5418 ) ;
#290 = PRESENTATION_STYLE_ASSIGNMENT (( #5497 ) ) ;
#291 = PLANE ( 'NONE',  #6696 ) ;
#292 = EDGE_CURVE ( 'NONE', #3786, #219, #757, .T. ) ;
#293 = PLANE ( 'NONE',  #1837 ) ;
#294 = EDGE_LOOP ( 'NONE', ( #4398, #2333, #6272, #2417, #3912, #395 ) ) ;
#295 = CARTESIAN_POINT ( 'NONE',  ( 0.000000000000000000, -1.199999999999999734, 1.549999999999999822 ) ) ;
#296 = DIRECTION ( 'NONE',  ( -1.000000000000000000, 0.000000000000000000, 0.000000000000000000 ) ) ;
#297 = CARTESIAN_POINT ( 'NONE',  ( -0.5899999999999999689, -0.8535898384862263821, 2.049999999999999822 ) ) ;
#298 = CARTESIAN_POINT ( 'NONE',  ( -0.8899999999999987921, -0.1318986559964707428, 2.100000000000000977 ) ) ;
#299 = PRESENTATION_LAYER_ASSIGNMENT (  '', '', ( #4416 ) ) ;
#300 = CARTESIAN_POINT ( 'NONE',  ( -1.315340151904196286, -1.658115844191424104, 0.4903806193033523053 ) ) ;
#301 = SURFACE_STYLE_USAGE ( .BOTH. , #6565 ) ;
#302 = ORIENTED_EDGE ( 'NONE', *, *, #914, .F. ) ;
#303 = FILL_AREA_STYLE_COLOUR ( '', #5300 ) ;
#304 = DIRECTION ( 'NONE',  ( 0.000000000000000000, -0.06268536002194978474, -0.9980333389415999568 ) ) ;
#305 =( GEOMETRIC_REPRESENTATION_CONTEXT ( 3 ) GLOBAL_UNCERTAINTY_ASSIGNED_CONTEXT ( ( #3843 ) ) GLOBAL_UNIT_ASSIGNED_CONTEXT ( ( #6384, #4748, #4587 ) ) REPRESENTATION_CONTEXT ( 'NONE', 'WORKASPACE' ) );
#306 = ORIENTED_EDGE ( 'NONE', *, *, #413, .F. ) ;
#307 =( NAMED_UNIT ( * ) SI_UNIT ( $, .STERADIAN. ) SOLID_ANGLE_UNIT ( ) );
#308 = FILL_AREA_STYLE ('',( #6653 ) ) ;
#309 = FILL_AREA_STYLE ('',( #4259 ) ) ;
#310 = VECTOR ( 'NONE', #4633, 1000.000000000000000 ) ;
#311 = AXIS2_PLACEMENT_3D ( 'NONE', #6121, #4401, #5046 ) ;
#312 = EDGE_CURVE ( 'NONE', #5044, #1870, #5963, .T. ) ;
#313 = ORIENTED_EDGE ( 'NONE', *, *, #3687, .F. ) ;
#314 = PLANE ( 'NONE',  #4704 ) ;
#315 = FACE_OUTER_BOUND ( 'NONE', #5135, .T. ) ;
#316 = DIRECTION ( 'NONE',  ( 0.000000000000000000, 0.000000000000000000, 1.000000000000000000 ) ) ;
#317 = PRESENTATION_STYLE_ASSIGNMENT (( #7413 ) ) ;
#318 =( GEOMETRIC_REPRESENTATION_CONTEXT ( 3 ) GLOBAL_UNCERTAINTY_ASSIGNED_CONTEXT ( ( #5139 ) ) GLOBAL_UNIT_ASSIGNED_CONTEXT ( ( #1318, #894, #820 ) ) REPRESENTATION_CONTEXT ( 'NONE', 'WORKASPACE' ) );
#319 = ORIENTED_EDGE ( 'NONE', *, *, #5205, .F. ) ;
#320 = EDGE_LOOP ( 'NONE', ( #5213, #1891, #4071, #7366 ) ) ;
#321 = DIRECTION ( 'NONE',  ( 1.000000000000000000, 0.000000000000000000, -0.000000000000000000 ) ) ;
#322 = FACE_OUTER_BOUND ( 'NONE', #752, .T. ) ;
#323 = CARTESIAN_POINT ( 'NONE',  ( 0.000000000000000000, -2.000000000000000888, -1.550000000000000044 ) ) ;
#324 = CARTESIAN_POINT ( 'NONE',  ( -0.6899999999999998357, -1.300000000000000044, 1.520047317545275778 ) ) ;
#325 = CARTESIAN_POINT ( 'NONE',  ( -0.05093334047626720679, -1.316429603561435346, 1.549999937511751469 ) ) ;
#326 = CIRCLE ( 'NONE', #2710, 0.1999999999999998723 ) ;
#327 = LINE ( 'NONE', #6030, #620 ) ;
#328 = ORIENTED_EDGE ( 'NONE', *, *, #5705, .T. ) ;
#329 =( NAMED_UNIT ( * ) PLANE_ANGLE_UNIT ( ) SI_UNIT ( $, .RADIAN. ) );
#330 = FILL_AREA_STYLE ('',( #1523 ) ) ;
#331 = FILL_AREA_STYLE_COLOUR ( '', #4262 ) ;
#332 = DIRECTION ( 'NONE',  ( 0.000000000000000000, 0.000000000000000000, -1.000000000000000000 ) ) ;
#333 = VERTEX_POINT ( 'NONE', #4703 ) ;
#334 = PRESENTATION_STYLE_ASSIGNMENT (( #5545 ) ) ;
#335 = VERTEX_POINT ( 'NONE', #84 ) ;
#336 = CIRCLE ( 'NONE', #1301, 0.1500000000000000222 ) ;
#337 = DIRECTION ( 'NONE',  ( 0.000000000000000000, 0.000000000000000000, 1.000000000000000000 ) ) ;
#338 = LINE ( 'NONE', #4934, #218 ) ;
#339 = LINE ( 'NONE', #6126, #6411 ) ;
#340 =( LENGTH_UNIT ( ) NAMED_UNIT ( * ) SI_UNIT ( .MILLI., .METRE. ) );
#341 = ORIENTED_EDGE ( 'NONE', *, *, #3978, .T. ) ;
#342 = PRESENTATION_LAYER_ASSIGNMENT (  '', '', ( #2659 ) ) ;
#343 = CARTESIAN_POINT ( 'NONE',  ( -1.889999999999999902, 1.600000000000000311, 1.349999999999998312 ) ) ;
#344 = STYLED_ITEM ( 'NONE', ( #2240 ), #5884 ) ;
#345 = EDGE_LOOP ( 'NONE', ( #616, #2342, #1793, #382 ) ) ;
#346 =( LENGTH_UNIT ( ) NAMED_UNIT ( * ) SI_UNIT ( .MILLI., .METRE. ) );
#347 = AXIS2_PLACEMENT_3D ( 'NONE', #5178, #4453, #997 ) ;
#348 = CARTESIAN_POINT ( 'NONE',  ( 0.05000000000000000278, -1.050000000000000044, 1.549999999999999822 ) ) ;
#349 = CIRCLE ( 'NONE', #4592, 0.1499999999999999667 ) ;
#350 = DIRECTION ( 'NONE',  ( 0.000000000000000000, 1.548860246407865801E-16, -1.000000000000000000 ) ) ;
#351 = DIRECTION ( 'NONE',  ( 0.000000000000000000, 0.000000000000000000, -1.000000000000000000 ) ) ;
#352 = EDGE_LOOP ( 'NONE', ( #2883, #919, #5491, #411 ) ) ;
#353 = ORIENTED_EDGE ( 'NONE', *, *, #75, .F. ) ;
#354 = MECHANICAL_DESIGN_GEOMETRIC_PRESENTATION_REPRESENTATION (  '', ( #4370 ), #4847 ) ;
#355 =( BOUNDED_SURFACE ( )  B_SPLINE_SURFACE ( 3, 2, ( 
 ( #6358, #1630, #2169 ),
 ( #2284, #6855, #467 ),
 ( #5105, #428, #6937 ),
 ( #1139, #991, #7452 ) ),
 .UNSPECIFIED., .F., .F., .F. ) 
 B_SPLINE_SURFACE_WITH_KNOTS ( ( 4, 4 ),
 ( 3, 3 ),
 ( 0.001268555391236608852, 0.001535423663854125270 ),
 ( 0.000000000000000000, 1.000000000000000000 ),
 .UNSPECIFIED. ) 
 GEOMETRIC_REPRESENTATION_ITEM ( )  RATIONAL_B_SPLINE_SURFACE ( (
 ( 1.000000000000000000, 0.7630199824727422753, 1.000000000000000000),
 ( 1.000000000000000000, 0.7689853311879666364, 1.000000000000000000),
 ( 1.000000000000000000, 0.7689109364608932573, 1.000000000000000000),
 ( 1.000000000000000000, 0.7630199824727256219, 1.000000000000000000) ) ) 
 REPRESENTATION_ITEM ( '' )  SURFACE ( )  );
#356 = UNCERTAINTY_MEASURE_WITH_UNIT (LENGTH_MEASURE( 1.000000000000000082E-05 ), #7268, 'distance_accuracy_value', 'NONE');
#357 = AXIS2_PLACEMENT_3D ( 'NONE', #887, #5541, #1460 ) ;
#358 = CARTESIAN_POINT ( 'NONE',  ( 0.03669237769973826557, -1.268040991716055332, 1.549999999999999822 ) ) ;
#359 = CARTESIAN_POINT ( 'NONE',  ( -0.6267694360889208838, -1.200000000000000178, -1.550000000000000266 ) ) ;
#360 = FACE_OUTER_BOUND ( 'NONE', #4369, .T. ) ;
#361 = ORIENTED_EDGE ( 'NONE', *, *, #3562, .T. ) ;
#362 = FILL_AREA_STYLE ('',( #404 ) ) ;
#363 = CARTESIAN_POINT ( 'NONE',  ( -0.6399999999999997913, -1.299999999997653921, 1.437718188028045407 ) ) ;
#364 = PRESENTATION_LAYER_ASSIGNMENT (  '', '', ( #3403 ) ) ;
#365 = STYLED_ITEM ( 'NONE', ( #3088 ), #2894 ) ;
#366 = DIRECTION ( 'NONE',  ( 2.527713580004890695E-16, 0.2836029092905777982, -0.9589418073282238719 ) ) ;
#367 = DIRECTION ( 'NONE',  ( -4.456451673059561904E-19, -0.9980333389416008449, -0.06268536002193673962 ) ) ;
#368 = SURFACE_STYLE_FILL_AREA ( #5577 ) ;
#369 = CARTESIAN_POINT ( 'NONE',  ( 0.05000000000000000278, -1.849999999999999867, -1.549999999999999822 ) ) ;
#370 = ADVANCED_FACE ( 'NONE', ( #121 ), #402, .F. ) ;
#371 = AXIS2_PLACEMENT_3D ( 'NONE', #1470, #6800, #457 ) ;
#372 = EDGE_CURVE ( 'NONE', #3434, #2638, #3342, .T. ) ;
#373 = ORIENTED_EDGE ( 'NONE', *, *, #4853, .F. ) ;
#374 = EDGE_CURVE ( 'NONE', #1946, #531, #3443, .T. ) ;
#375 = SURFACE_STYLE_FILL_AREA ( #787 ) ;
#376 = FILL_AREA_STYLE ('',( #5622 ) ) ;
#377 = DIRECTION ( 'NONE',  ( 1.000000000000000000, 0.000000000000000000, -0.000000000000000000 ) ) ;
#378 = SURFACE_STYLE_USAGE ( .BOTH. , #6157 ) ;
#379 = MECHANICAL_DESIGN_GEOMETRIC_PRESENTATION_REPRESENTATION (  '', ( #6209 ), #732 ) ;
#380 = ADVANCED_FACE ( 'NONE', ( #721 ), #6499, .F. ) ;
#381 = ORIENTED_EDGE ( 'NONE', *, *, #75, .T. ) ;
#382 = ORIENTED_EDGE ( 'NONE', *, *, #34, .T. ) ;
#383 = EDGE_CURVE ( 'NONE', #6356, #3296, #6786, .T. ) ;
#384 =( GEOMETRIC_REPRESENTATION_CONTEXT ( 3 ) GLOBAL_UNCERTAINTY_ASSIGNED_CONTEXT ( ( #356 ) ) GLOBAL_UNIT_ASSIGNED_CONTEXT ( ( #7268, #3712, #695 ) ) REPRESENTATION_CONTEXT ( 'NONE', 'WORKASPACE' ) );
#385 = MECHANICAL_DESIGN_GEOMETRIC_PRESENTATION_REPRESENTATION (  '', ( #5358 ), #4628 ) ;
#386 = DIRECTION ( 'NONE',  ( 0.000000000000000000, 1.000000000000000000, 5.654342256568348053E-16 ) ) ;
#387 =( LENGTH_UNIT ( ) NAMED_UNIT ( * ) SI_UNIT ( .MILLI., .METRE. ) );
#388 = EDGE_LOOP ( 'NONE', ( #3071, #6995, #4014, #1267 ) ) ;
#389 = MECHANICAL_DESIGN_GEOMETRIC_PRESENTATION_REPRESENTATION (  '', ( #3663 ), #811 ) ;
#390 = COLOUR_RGB ( '',0.1098039215686274495, 0.1098039215686274495, 0.1098039215686274495 ) ;
#391 = FILL_AREA_STYLE ('',( #4938 ) ) ;
#392 =( NAMED_UNIT ( * ) SI_UNIT ( $, .STERADIAN. ) SOLID_ANGLE_UNIT ( ) );
#393 = COLOUR_RGB ( '',0.1098039215686274495, 0.1098039215686274495, 0.1098039215686274495 ) ;
#394 = CARTESIAN_POINT ( 'NONE',  ( -0.6063454782904310614, -1.061278032723606879, -1.690273495448620933 ) ) ;
#395 = ORIENTED_EDGE ( 'NONE', *, *, #2373, .T. ) ;
#396 =( GEOMETRIC_REPRESENTATION_CONTEXT ( 3 ) GLOBAL_UNCERTAINTY_ASSIGNED_CONTEXT ( ( #5149 ) ) GLOBAL_UNIT_ASSIGNED_CONTEXT ( ( #340, #2090, #6010 ) ) REPRESENTATION_CONTEXT ( 'NONE', 'WORKASPACE' ) );
#397 =( NAMED_UNIT ( * ) PLANE_ANGLE_UNIT ( ) SI_UNIT ( $, .RADIAN. ) );
#398 = ORIENTED_EDGE ( 'NONE', *, *, #1824, .T. ) ;
#399 = CIRCLE ( 'NONE', #6587, 0.1000000000000002554 ) ;
#400 = CARTESIAN_POINT ( 'NONE',  ( 1.975206554762960543E-16, -1.349931384972484549, 1.549999999999999822 ) ) ;
#401 = DIRECTION ( 'NONE',  ( 1.000000000000000000, -0.000000000000000000, -0.000000000000000000 ) ) ;
#402 = TOROIDAL_SURFACE ( 'NONE', #5010, 1.877069063257455372, 0.1499999999999999944 ) ;
#403 = ORIENTED_EDGE ( 'NONE', *, *, #2602, .F. ) ;
#404 = FILL_AREA_STYLE_COLOUR ( '', #7108 ) ;
#405 = SURFACE_SIDE_STYLE ('',( #962 ) ) ;
#406 = EDGE_CURVE ( 'NONE', #5957, #6197, #2487, .T. ) ;
#407 = DIRECTION ( 'NONE',  ( 0.000000000000000000, 0.000000000000000000, 1.000000000000000000 ) ) ;
#408 = EDGE_CURVE ( 'NONE', #5112, #6256, #6949, .T. ) ;
#409 = CARTESIAN_POINT ( 'NONE',  ( -0.5899999999999999689, 0.7669872981077823226, 2.000000000000000000 ) ) ;
#410 =( NAMED_UNIT ( * ) SI_UNIT ( $, .STERADIAN. ) SOLID_ANGLE_UNIT ( ) );
#411 = ORIENTED_EDGE ( 'NONE', *, *, #5123, .T. ) ;
#412 = CARTESIAN_POINT ( 'NONE',  ( 0.000000000000000000, -1.311521528929225244, 1.659565464429407333 ) ) ;
#413 = EDGE_CURVE ( 'NONE', #5054, #6699, #5424, .T. ) ;
#414 = AXIS2_PLACEMENT_3D ( 'NONE', #2176, #4423, #6633 ) ;
#415 = PRESENTATION_LAYER_ASSIGNMENT (  '', '', ( #1135 ) ) ;
#416 = DIRECTION ( 'NONE',  ( -1.000000000000000000, 0.000000000000000000, 0.000000000000000000 ) ) ;
#417 = LINE ( 'NONE', #974, #6047 ) ;
#418 = DIRECTION ( 'NONE',  ( 0.000000000000000000, 0.000000000000000000, 1.000000000000000000 ) ) ;
#419 = CARTESIAN_POINT ( 'NONE',  ( 0.05000000000000000278, -1.849999999999999645, 1.549999999999999156 ) ) ;
#420 = CIRCLE ( 'NONE', #4662, 0.1199999999999998845 ) ;
#421 = COLOUR_RGB ( '',0.8980392156862745390, 0.8980392156862745390, 0.8980392156862745390 ) ;
#422 = EDGE_LOOP ( 'NONE', ( #2534, #998, #4461, #3425 ) ) ;
#423 = ADVANCED_FACE ( 'NONE', ( #3406 ), #1357, .F. ) ;
#424 = VERTEX_POINT ( 'NONE', #5850 ) ;
#425 = CARTESIAN_POINT ( 'NONE',  ( -1.889999999999999902, -1.750000000000000000, 1.349999999999998312 ) ) ;
#426 = PRESENTATION_LAYER_ASSIGNMENT (  '', '', ( #5401 ) ) ;
#427 = ORIENTED_EDGE ( 'NONE', *, *, #279, .T. ) ;
#428 = CARTESIAN_POINT ( 'NONE',  ( -0.5946029764655884620, -1.850364436609194252, -0.04000047259253881188 ) ) ;
#429 = AXIS2_PLACEMENT_3D ( 'NONE', #4965, #7247, #5474 ) ;
#430 =( LENGTH_UNIT ( ) NAMED_UNIT ( * ) SI_UNIT ( .MILLI., .METRE. ) );
#431 = PLANE ( 'NONE',  #5862 ) ;
#432 = ADVANCED_FACE ( 'NONE', ( #624 ), #555, .F. ) ;
#433 = ORIENTED_EDGE ( 'NONE', *, *, #3154, .T. ) ;
#434 =( LENGTH_UNIT ( ) NAMED_UNIT ( * ) SI_UNIT ( .MILLI., .METRE. ) );
#435 = ORIENTED_EDGE ( 'NONE', *, *, #7378, .T. ) ;
#436 = PRESENTATION_STYLE_ASSIGNMENT (( #4920 ) ) ;
#437 = DIRECTION ( 'NONE',  ( 0.000000000000000000, -0.8660254037844351549, 0.5000000000000061062 ) ) ;
#438 = UNCERTAINTY_MEASURE_WITH_UNIT (LENGTH_MEASURE( 1.000000000000000082E-05 ), #4528, 'distance_accuracy_value', 'NONE');
#439 = COLOUR_RGB ( '',0.1098039215686274495, 0.1098039215686274495, 0.1098039215686274495 ) ;
#440 = CARTESIAN_POINT ( 'NONE',  ( 0.06000000000000000472, 1.850000000000000977, -1.399999999999999245 ) ) ;
#441 = CARTESIAN_POINT ( 'NONE',  ( -0.01966687643063637705, -1.347457695270128930, 1.549999999999999822 ) ) ;
#442 = EDGE_CURVE ( 'NONE', #2601, #4442, #4266, .T. ) ;
#443 = DIRECTION ( 'NONE',  ( 0.000000000000000000, -0.8660254037844404840, -0.4999999999999967804 ) ) ;
#444 = ORIENTED_EDGE ( 'NONE', *, *, #5142, .F. ) ;
#445 = PRESENTATION_STYLE_ASSIGNMENT (( #5155 ) ) ;
#446 = LINE ( 'NONE', #551, #3153 ) ;
#447 = ADVANCED_FACE ( 'NONE', ( #4162 ), #1380, .T. ) ;
#448 = CARTESIAN_POINT ( 'NONE',  ( -1.889999999999999902, 1.199999999999999734, 1.549999999999999822 ) ) ;
#449 = UNCERTAINTY_MEASURE_WITH_UNIT (LENGTH_MEASURE( 1.000000000000000082E-05 ), #3553, 'distance_accuracy_value', 'NONE');
#450 = EDGE_CURVE ( 'NONE', #7376, #1906, #1272, .T. ) ;
#451 = LINE ( 'NONE', #1574, #4967 ) ;
#452 = EDGE_CURVE ( 'NONE', #630, #5909, #772, .T. ) ;
#453 = EDGE_LOOP ( 'NONE', ( #713, #5654, #2344, #5590, #3392, #3889, #169, #5729 ) ) ;
#454 = CARTESIAN_POINT ( 'NONE',  ( -0.5899999999999999689, -0.7669872981077828777, -2.100000000000000977 ) ) ;
#455 = EDGE_CURVE ( 'NONE', #3278, #7370, #6048, .T. ) ;
#456 = PRESENTATION_STYLE_ASSIGNMENT (( #4584 ) ) ;
#457 = DIRECTION ( 'NONE',  ( -1.000000000000000000, 0.000000000000000000, -0.000000000000000000 ) ) ;
#458 = CARTESIAN_POINT ( 'NONE',  ( 0.03578865498784741805, 1.267453686441034177, 1.549999999999999822 ) ) ;
#459 = CARTESIAN_POINT ( 'NONE',  ( -0.6387408738133368846, -1.141388950453919637, -1.568976886809337667 ) ) ;
#460 = DIRECTION ( 'NONE',  ( -1.000000000000000000, 0.000000000000000000, -0.000000000000000000 ) ) ;
#461 = ORIENTED_EDGE ( 'NONE', *, *, #2751, .T. ) ;
#462 = DIRECTION ( 'NONE',  ( 0.000000000000000000, 3.794707603699268674E-15, 1.000000000000000000 ) ) ;
#463 =( GEOMETRIC_REPRESENTATION_CONTEXT ( 3 ) GLOBAL_UNCERTAINTY_ASSIGNED_CONTEXT ( ( #2178 ) ) GLOBAL_UNIT_ASSIGNED_CONTEXT ( ( #346, #4068, #1628 ) ) REPRESENTATION_CONTEXT ( 'NONE', 'WORKASPACE' ) );
#464 = ORIENTED_EDGE ( 'NONE', *, *, #6093, .T. ) ;
#465 = ORIENTED_EDGE ( 'NONE', *, *, #2717, .T. ) ;
#466 = SURFACE_STYLE_USAGE ( .BOTH. , #5138 ) ;
#467 = CARTESIAN_POINT ( 'NONE',  ( -0.8406802948057749969, -1.809439435930389584, 0.03731443850150543973 ) ) ;
#468 = CIRCLE ( 'NONE', #694, 0.1199999999999998845 ) ;
#469 = FILL_AREA_STYLE_COLOUR ( '', #393 ) ;
#470 = ORIENTED_EDGE ( 'NONE', *, *, #3740, .F. ) ;
#471 = FACE_OUTER_BOUND ( 'NONE', #6741, .T. ) ;
#472 = ORIENTED_EDGE ( 'NONE', *, *, #6974, .T. ) ;
#473 =( GEOMETRIC_REPRESENTATION_CONTEXT ( 3 ) GLOBAL_UNCERTAINTY_ASSIGNED_CONTEXT ( ( #3629 ) ) GLOBAL_UNIT_ASSIGNED_CONTEXT ( ( #5425, #6602, #3677 ) ) REPRESENTATION_CONTEXT ( 'NONE', 'WORKASPACE' ) );
#474 = EDGE_CURVE ( 'NONE', #1803, #6894, #5061, .T. ) ;
#475 = STYLED_ITEM ( 'NONE', ( #7194 ), #1268 ) ;
#476 = COLOUR_RGB ( '',0.1098039215686274495, 0.1098039215686274495, 0.1098039215686274495 ) ;
#477 = DIRECTION ( 'NONE',  ( 1.000000000000000000, 0.000000000000000000, 0.000000000000000000 ) ) ;
#478 = SURFACE_STYLE_USAGE ( .BOTH. , #6829 ) ;
#479 =( LENGTH_UNIT ( ) NAMED_UNIT ( * ) SI_UNIT ( .MILLI., .METRE. ) );
#480 = AXIS2_PLACEMENT_3D ( 'NONE', #2170, #6056, #350 ) ;
#481 = ORIENTED_EDGE ( 'NONE', *, *, #2576, .F. ) ;
#482 = SURFACE_STYLE_FILL_AREA ( #7350 ) ;
#483 = VERTEX_POINT ( 'NONE', #5457 ) ;
#484 = CARTESIAN_POINT ( 'NONE',  ( -1.889999999999999902, 1.600000000000000311, 1.549999999999998490 ) ) ;
#485 = TOROIDAL_SURFACE ( 'NONE', #5459, 0.1700000000000000122, 0.04999999999999998196 ) ;
#486 = CARTESIAN_POINT ( 'NONE',  ( -1.889999999999999902, -1.600000000000000311, 1.549999999999998268 ) ) ;
#487 = DIRECTION ( 'NONE',  ( 1.000000000000000000, -0.000000000000000000, -0.000000000000000000 ) ) ;
#488 = VERTEX_POINT ( 'NONE', #6635 ) ;
#489 = STYLED_ITEM ( 'NONE', ( #2263 ), #3236 ) ;
#490 = FILL_AREA_STYLE ('',( #3903 ) ) ;
#491 = EDGE_CURVE ( 'NONE', #3157, #588, #2422, .T. ) ;
#492 = DIRECTION ( 'NONE',  ( 1.000000000000000000, -0.000000000000000000, -0.000000000000000000 ) ) ;
#493 = CARTESIAN_POINT ( 'NONE',  ( -1.889999999999999902, -1.599999999999999867, -1.349999999999999201 ) ) ;
#494 = CARTESIAN_POINT ( 'NONE',  ( -1.889999999999999902, -1.599999999999999867, -1.349999999999999201 ) ) ;
#495 = CARTESIAN_POINT ( 'NONE',  ( 0.04453699791264315727, 1.281923014281377338, 1.549999999999999822 ) ) ;
#496 = PRESENTATION_LAYER_ASSIGNMENT (  '', '', ( #2800 ) ) ;
#497 =( NAMED_UNIT ( * ) SI_UNIT ( $, .STERADIAN. ) SOLID_ANGLE_UNIT ( ) );
#498 = STYLED_ITEM ( 'NONE', ( #4087 ), #2825 ) ;
#499 = CARTESIAN_POINT ( 'NONE',  ( -0.5899999999999999689, -2.099999999999999645, -1.450000000000000178 ) ) ;
#500 = ORIENTED_EDGE ( 'NONE', *, *, #4091, .T. ) ;
#501 = PRESENTATION_STYLE_ASSIGNMENT (( #2165 ) ) ;
#502 = STYLED_ITEM ( 'NONE', ( #4790 ), #5658 ) ;
#503 = ORIENTED_EDGE ( 'NONE', *, *, #6664, .T. ) ;
#504 = SURFACE_SIDE_STYLE ('',( #1138 ) ) ;
#505 = EDGE_CURVE ( 'NONE', #4230, #150, #2154, .T. ) ;
#506 = UNCERTAINTY_MEASURE_WITH_UNIT (LENGTH_MEASURE( 1.000000000000000082E-05 ), #7403, 'distance_accuracy_value', 'NONE');
#507 = FACE_OUTER_BOUND ( 'NONE', #7262, .T. ) ;
#508 = ORIENTED_EDGE ( 'NONE', *, *, #6117, .F. ) ;
#509 = ORIENTED_EDGE ( 'NONE', *, *, #6556, .T. ) ;
#510 = MECHANICAL_DESIGN_GEOMETRIC_PRESENTATION_REPRESENTATION (  '', ( #6574 ), #5253 ) ;
#511 = TOROIDAL_SURFACE ( 'NONE', #6700, 2.104138126514910834, 0.2999999999999999889 ) ;
#512 = CARTESIAN_POINT ( 'NONE',  ( 0.05000000000000000278, 0.6747223250267392336, -2.000000000000000888 ) ) ;
#513 = UNCERTAINTY_MEASURE_WITH_UNIT (LENGTH_MEASURE( 1.000000000000000082E-05 ), #61, 'distance_accuracy_value', 'NONE');
#514 = CARTESIAN_POINT ( 'NONE',  ( -1.939999999999999947, 0.7669872981077823226, 2.000000000000000000 ) ) ;
#515 = FILL_AREA_STYLE ('',( #3927 ) ) ;
#516 = ORIENTED_EDGE ( 'NONE', *, *, #1645, .T. ) ;
#517 = FACE_OUTER_BOUND ( 'NONE', #6120, .T. ) ;
#518 = PLANE ( 'NONE',  #2903 ) ;
#519 = ORIENTED_EDGE ( 'NONE', *, *, #5930, .F. ) ;
#520 = CARTESIAN_POINT ( 'NONE',  ( -1.939999999999999947, -1.749999999999999778, -1.349999999999999201 ) ) ;
#521 = UNCERTAINTY_MEASURE_WITH_UNIT (LENGTH_MEASURE( 1.000000000000000082E-05 ), #1652, 'distance_accuracy_value', 'NONE');
#522 = FILL_AREA_STYLE ('',( #2965 ) ) ;
#523 = SURFACE_SIDE_STYLE ('',( #5040 ) ) ;
#524 = DIRECTION ( 'NONE',  ( -1.000000000000000000, -0.000000000000000000, -0.000000000000000000 ) ) ;
#525 = EDGE_LOOP ( 'NONE', ( #5286, #2828, #4287, #4454 ) ) ;
#526 = PRESENTATION_STYLE_ASSIGNMENT (( #2121 ) ) ;
#527 = CARTESIAN_POINT ( 'NONE',  ( 0.03479723746640666499, 1.334111807670725458, 1.549999999999999822 ) ) ;
#528 = CARTESIAN_POINT ( 'NONE',  ( -1.939999999999999947, 1.600000000000000311, 1.349999999999998312 ) ) ;
#529 =( NAMED_UNIT ( * ) PLANE_ANGLE_UNIT ( ) SI_UNIT ( $, .RADIAN. ) );
#530 = DIRECTION ( 'NONE',  ( 0.000000000000000000, 0.000000000000000000, -1.000000000000000000 ) ) ;
#531 = VERTEX_POINT ( 'NONE', #4198 ) ;
#532 = STYLED_ITEM ( 'NONE', ( #2960 ), #2531 ) ;
#533 = ADVANCED_FACE ( 'NONE', ( #1340 ), #6511, .T. ) ;
#534 = CARTESIAN_POINT ( 'NONE',  ( -1.321292353250548057, -1.698393385109378206, -0.3296412328999570041 ) ) ;
#535 = DIRECTION ( 'NONE',  ( 0.000000000000000000, 1.000000000000000000, 3.794707603699259997E-15 ) ) ;
#536 = VERTEX_POINT ( 'NONE', #6213 ) ;
#537 = DIRECTION ( 'NONE',  ( 0.000000000000000000, 1.000000000000000000, 5.654342256568348053E-16 ) ) ;
#538 = FILL_AREA_STYLE ('',( #6897 ) ) ;
#539 = CIRCLE ( 'NONE', #4787, 0.1000000000000002554 ) ;
#540 = CARTESIAN_POINT ( 'NONE',  ( 0.000000000000000000, 1.300000000000000044, 1.659689717982965051 ) ) ;
#541 = VECTOR ( 'NONE', #1765, 1000.000000000000000 ) ;
#542 = EDGE_CURVE ( 'NONE', #5157, #2282, #4950, .T. ) ;
#543 = EDGE_CURVE ( 'NONE', #536, #6628, #2988, .T. ) ;
#544 = EDGE_LOOP ( 'NONE', ( #5983, #7033, #2143, #286 ) ) ;
#545 = VERTEX_POINT ( 'NONE', #323 ) ;
#546 = CARTESIAN_POINT ( 'NONE',  ( -0.6417656533298935484, 1.283897249509121874, 1.448376618006415484 ) ) ;
#547 = PRESENTATION_LAYER_ASSIGNMENT (  '', '', ( #4182 ) ) ;
#548 = CARTESIAN_POINT ( 'NONE',  ( -1.315340151904195842, 0.000000000000000000, 1.729109974682633943 ) ) ;
#549 = DIRECTION ( 'NONE',  ( 0.000000000000000000, -1.000000000000000000, 8.131516293641289172E-16 ) ) ;
#550 = ORIENTED_EDGE ( 'NONE', *, *, #7304, .F. ) ;
#551 = CARTESIAN_POINT ( 'NONE',  ( 0.000000000000000000, -1.849999999999999645, 1.549999999999999156 ) ) ;
#552 = CARTESIAN_POINT ( 'NONE',  ( -0.007496939879275766987, 1.250092121492316410, 1.549999999999999822 ) ) ;
#553 = DIRECTION ( 'NONE',  ( -1.000000000000000000, 0.000000000000000000, 0.000000000000000000 ) ) ;
#554 = FILL_AREA_STYLE ('',( #3512 ) ) ;
#555 = CYLINDRICAL_SURFACE ( 'NONE', #979, 0.09999999999999982514 ) ;
#556 = CARTESIAN_POINT ( 'NONE',  ( -1.315340151904195842, -1.658115844191424104, -0.4903806193033528604 ) ) ;
#557 = SURFACE_STYLE_USAGE ( .BOTH. , #2341 ) ;
#558 = EDGE_LOOP ( 'NONE', ( #1833, #4917, #858, #5551 ) ) ;
#559 = CARTESIAN_POINT ( 'NONE',  ( -0.000000000000000000, -1.250619867323154333, 1.593983411287683394 ) ) ;
#560 = DIRECTION ( 'NONE',  ( 0.000000000000000000, 0.000000000000000000, 1.000000000000000000 ) ) ;
#561 = SURFACE_SIDE_STYLE ('',( #5781 ) ) ;
#562 = DIRECTION ( 'NONE',  ( -1.000000000000000000, -0.000000000000000000, -0.000000000000000000 ) ) ;
#563 = DIRECTION ( 'NONE',  ( 0.000000000000000000, -1.000000000000000000, -2.710505431213758620E-16 ) ) ;
#564 = ORIENTED_EDGE ( 'NONE', *, *, #5872, .F. ) ;
#565 = CARTESIAN_POINT ( 'NONE',  ( -0.6351987972563448714, 1.118087918481559528, 1.592463275251343902 ) ) ;
#566 = UNCERTAINTY_MEASURE_WITH_UNIT (LENGTH_MEASURE( 1.000000000000000082E-05 ), #7250, 'distance_accuracy_value', 'NONE');
#567 =( NAMED_UNIT ( * ) PLANE_ANGLE_UNIT ( ) SI_UNIT ( $, .RADIAN. ) );
#568 = COLOUR_RGB ( '',0.6666666666666666297, 0.6980392156862744724, 0.7686274509803920907 ) ;
#569 = B_SPLINE_CURVE_WITH_KNOTS ( 'NONE', 3,
 ( #3680, #5965, #5428, #747, #7198, #4856, #4896, #1427, #2003, #1967 ),
 .UNSPECIFIED., .F., .F.,
 ( 4, 2, 2, 2, 4 ),
 ( 0.000000000000000000, 0.0002501508901134583997, 0.0005003017802269167993, 0.0007504526703403751990, 0.001000603560453833599 ),
 .UNSPECIFIED. ) ;
#570 = TOROIDAL_SURFACE ( 'NONE', #5920, 0.1700000000000000122, 0.04999999999999998196 ) ;
#571 = AXIS2_PLACEMENT_3D ( 'NONE', #1527, #5004, #967 ) ;
#572 = ORIENTED_EDGE ( 'NONE', *, *, #2636, .F. ) ;
#573 = EDGE_CURVE ( 'NONE', #872, #1385, #1182, .T. ) ;
#574 =( NAMED_UNIT ( * ) SI_UNIT ( $, .STERADIAN. ) SOLID_ANGLE_UNIT ( ) );
#575 = CARTESIAN_POINT ( 'NONE',  ( -0.5899999999999999689, 1.199999999999999734, 1.649999999999999467 ) ) ;
#576 = UNCERTAINTY_MEASURE_WITH_UNIT (LENGTH_MEASURE( 1.000000000000000082E-05 ), #3746, 'distance_accuracy_value', 'NONE');
#577 = PRESENTATION_LAYER_ASSIGNMENT (  '', '', ( #4108 ) ) ;
#578 = ORIENTED_EDGE ( 'NONE', *, *, #2838, .T. ) ;
#579 = ORIENTED_EDGE ( 'NONE', *, *, #2060, .F. ) ;
#580 = PRESENTATION_STYLE_ASSIGNMENT (( #2836 ) ) ;
#581 = AXIS2_PLACEMENT_3D ( 'NONE', #885, #296, #6715 ) ;
#582 = SURFACE_SIDE_STYLE ('',( #1864 ) ) ;
#583 = CARTESIAN_POINT ( 'NONE',  ( 0.000000000000000000, 1.050000000000000044, -1.549999999999999822 ) ) ;
#584 = PRESENTATION_STYLE_ASSIGNMENT (( #5234 ) ) ;
#585 = VECTOR ( 'NONE', #1045, 1000.000000000000114 ) ;
#586 =( NAMED_UNIT ( * ) PLANE_ANGLE_UNIT ( ) SI_UNIT ( $, .RADIAN. ) );
#587 = AXIS2_PLACEMENT_3D ( 'NONE', #5176, #1105, #2945 ) ;
#588 = VERTEX_POINT ( 'NONE', #3284 ) ;
#589 = ORIENTED_EDGE ( 'NONE', *, *, #923, .F. ) ;
#590 = CARTESIAN_POINT ( 'NONE',  ( -1.489999999999999991, 1.199999999999999734, 1.549999999999999822 ) ) ;
#591 =( LENGTH_UNIT ( ) NAMED_UNIT ( * ) SI_UNIT ( .MILLI., .METRE. ) );
#592 = LINE ( 'NONE', #5892, #5959 ) ;
#593 = EDGE_CURVE ( 'NONE', #7151, #7048, #4425, .T. ) ;
#594 = CARTESIAN_POINT ( 'NONE',  ( -0.6063454782904311724, 1.061278032723606213, 1.690273495448620711 ) ) ;
#595 = DIRECTION ( 'NONE',  ( 0.000000000000000000, 0.000000000000000000, -1.000000000000000000 ) ) ;
#596 = DIRECTION ( 'NONE',  ( -1.000000000000000000, -0.000000000000000000, -0.000000000000000000 ) ) ;
#597 = ADVANCED_FACE ( 'NONE', ( #6067 ), #846, .T. ) ;
#598 = VECTOR ( 'NONE', #3291, 1000.000000000000000 ) ;
#599 =( NAMED_UNIT ( * ) SI_UNIT ( $, .STERADIAN. ) SOLID_ANGLE_UNIT ( ) );
#600 = MECHANICAL_DESIGN_GEOMETRIC_PRESENTATION_REPRESENTATION (  '', ( #6192 ), #5469 ) ;
#601 = ORIENTED_EDGE ( 'NONE', *, *, #6012, .T. ) ;
#602 = DIRECTION ( 'NONE',  ( -0.000000000000000000, 2.710505431213758620E-16, 1.000000000000000000 ) ) ;
#603 = LINE ( 'NONE', #5257, #5254 ) ;
#604 = EDGE_CURVE ( 'NONE', #5100, #812, #6518, .T. ) ;
#605 = SURFACE_SIDE_STYLE ('',( #4678 ) ) ;
#606 = STYLED_ITEM ( 'NONE', ( #3678 ), #3085 ) ;
#607 = ORIENTED_EDGE ( 'NONE', *, *, #1545, .F. ) ;
#608 = ADVANCED_FACE ( 'NONE', ( #2832 ), #5557, .F. ) ;
#609 = DIRECTION ( 'NONE',  ( 0.000000000000000000, 0.000000000000000000, 1.000000000000000000 ) ) ;
#610 = CARTESIAN_POINT ( 'NONE',  ( 0.000000000000000000, -2.000000000000000444, 1.549999999999998934 ) ) ;
#611 = DIRECTION ( 'NONE',  ( 0.000000000000000000, 0.000000000000000000, -1.000000000000000000 ) ) ;
#612 = COLOUR_RGB ( '',0.6666666666666666297, 0.6980392156862744724, 0.7686274509803920907 ) ;
#613 = AXIS2_PLACEMENT_3D ( 'NONE', #2720, #443, #2107 ) ;
#614 = PRESENTATION_LAYER_ASSIGNMENT (  '', '', ( #3893 ) ) ;
#615 = DIRECTION ( 'NONE',  ( -1.000000000000000000, 0.000000000000000000, 0.000000000000000000 ) ) ;
#616 = ORIENTED_EDGE ( 'NONE', *, *, #1453, .T. ) ;
#617 = ORIENTED_EDGE ( 'NONE', *, *, #374, .F. ) ;
#618 =( NAMED_UNIT ( * ) PLANE_ANGLE_UNIT ( ) SI_UNIT ( $, .RADIAN. ) );
#619 = VECTOR ( 'NONE', #2370, 1000.000000000000000 ) ;
#620 = VECTOR ( 'NONE', #5536, 1000.000000000000000 ) ;
#621 = CARTESIAN_POINT ( 'NONE',  ( -0.8406802951305166749, 0.03826977840990284513, -1.809379432042863112 ) ) ;
#622 = TOROIDAL_SURFACE ( 'NONE', #988, 2.104138126514910834, 0.2999999999999999889 ) ;
#623 = MECHANICAL_DESIGN_GEOMETRIC_PRESENTATION_REPRESENTATION (  '', ( #7468 ), #3067 ) ;
#624 = FACE_OUTER_BOUND ( 'NONE', #6650, .T. ) ;
#625 = DIRECTION ( 'NONE',  ( 0.000000000000000000, 1.000000000000000000, -3.794707603699259997E-15 ) ) ;
#626 = ORIENTED_EDGE ( 'NONE', *, *, #2963, .F. ) ;
#627 =( GEOMETRIC_REPRESENTATION_CONTEXT ( 3 ) GLOBAL_UNCERTAINTY_ASSIGNED_CONTEXT ( ( #1413 ) ) GLOBAL_UNIT_ASSIGNED_CONTEXT ( ( #6388, #2317, #6892 ) ) REPRESENTATION_CONTEXT ( 'NONE', 'WORKASPACE' ) );
#628 =( NAMED_UNIT ( * ) PLANE_ANGLE_UNIT ( ) SI_UNIT ( $, .RADIAN. ) );
#629 = ADVANCED_FACE ( 'NONE', ( #6906 ), #1040, .F. ) ;
#630 = VERTEX_POINT ( 'NONE', #4535 ) ;
#631 = CARTESIAN_POINT ( 'NONE',  ( -1.889999999999999902, 1.200000000000000178, -1.649999999999999911 ) ) ;
#632 = CARTESIAN_POINT ( 'NONE',  ( 0.000000000000000000, 0.7669872981077828777, -2.100000000000000977 ) ) ;
#633 = SURFACE_SIDE_STYLE ('',( #5815 ) ) ;
#634 =( NAMED_UNIT ( * ) SI_UNIT ( $, .STERADIAN. ) SOLID_ANGLE_UNIT ( ) );
#635 = DIRECTION ( 'NONE',  ( 1.000000000000000000, 0.000000000000000000, 0.000000000000000000 ) ) ;
#636 = CARTESIAN_POINT ( 'NONE',  ( -0.8899999999999999023, 0.000000000000000000, 0.000000000000000000 ) ) ;
#637 =( NAMED_UNIT ( * ) PLANE_ANGLE_UNIT ( ) SI_UNIT ( $, .RADIAN. ) );
#638 = AXIS2_PLACEMENT_3D ( 'NONE', #3569, #161, #2892 ) ;
#639 = ORIENTED_EDGE ( 'NONE', *, *, #955, .F. ) ;
#640 = CARTESIAN_POINT ( 'NONE',  ( -0.6399999999999997913, 1.300000000000000044, 1.437718188025924437 ) ) ;
#641 = FILL_AREA_STYLE ('',( #4673 ) ) ;
#642 = EDGE_LOOP ( 'NONE', ( #7446, #2470, #1226, #519, #1794 ) ) ;
#643 = SURFACE_SIDE_STYLE ('',( #4180 ) ) ;
#644 =( LENGTH_UNIT ( ) NAMED_UNIT ( * ) SI_UNIT ( .MILLI., .METRE. ) );
#645 = EDGE_CURVE ( 'NONE', #2610, #7018, #6865, .T. ) ;
#646 = MECHANICAL_DESIGN_GEOMETRIC_PRESENTATION_REPRESENTATION (  '', ( #6187 ), #5517 ) ;
#647 =( GEOMETRIC_REPRESENTATION_CONTEXT ( 3 ) GLOBAL_UNCERTAINTY_ASSIGNED_CONTEXT ( ( #6224 ) ) GLOBAL_UNIT_ASSIGNED_CONTEXT ( ( #6257, #4428, #6791 ) ) REPRESENTATION_CONTEXT ( 'NONE', 'WORKASPACE' ) );
#648 =( NAMED_UNIT ( * ) PLANE_ANGLE_UNIT ( ) SI_UNIT ( $, .RADIAN. ) );
#649 = DIRECTION ( 'NONE',  ( -1.000000000000000000, -0.000000000000000000, -0.000000000000000000 ) ) ;
#650 = UNCERTAINTY_MEASURE_WITH_UNIT (LENGTH_MEASURE( 1.000000000000000082E-05 ), #4832, 'distance_accuracy_value', 'NONE');
#651 = CARTESIAN_POINT ( 'NONE',  ( 0.000000000000000000, -2.000000000000000888, -1.399999999999998579 ) ) ;
#652 = DIRECTION ( 'NONE',  ( 1.000000000000000000, 0.000000000000000000, 0.000000000000000000 ) ) ;
#653 = ORIENTED_EDGE ( 'NONE', *, *, #1544, .F. ) ;
#654 = EDGE_LOOP ( 'NONE', ( #5712, #3941, #1516, #6248 ) ) ;
#655 = DIRECTION ( 'NONE',  ( 0.000000000000000000, -0.8660254037844387076, -0.4999999999999998335 ) ) ;
#656 = DIRECTION ( 'NONE',  ( 0.000000000000000000, 0.000000000000000000, -1.000000000000000000 ) ) ;
#657 = FILL_AREA_STYLE ('',( #5382 ) ) ;
#658 = FACE_OUTER_BOUND ( 'NONE', #1383, .T. ) ;
#659 = CIRCLE ( 'NONE', #311, 0.1200000000000000927 ) ;
#660 = VERTEX_POINT ( 'NONE', #3548 ) ;
#661 = FACE_OUTER_BOUND ( 'NONE', #3481, .T. ) ;
#662 = ORIENTED_EDGE ( 'NONE', *, *, #7299, .F. ) ;
#663 = SURFACE_STYLE_FILL_AREA ( #7005 ) ;
#664 = SURFACE_SIDE_STYLE ('',( #700 ) ) ;
#665 = CARTESIAN_POINT ( 'NONE',  ( -1.489999999999999991, 1.800000000000000266, 0.3578679287145659638 ) ) ;
#666 =( NAMED_UNIT ( * ) PLANE_ANGLE_UNIT ( ) SI_UNIT ( $, .RADIAN. ) );
#667 = ADVANCED_FACE ( 'NONE', ( #7022, #4114 ), #511, .F. ) ;
#668 = DIRECTION ( 'NONE',  ( 0.000000000000000000, -1.548860246407865308E-16, -1.000000000000000000 ) ) ;
#669 = SURFACE_SIDE_STYLE ('',( #1729 ) ) ;
#670 = CARTESIAN_POINT ( 'NONE',  ( -0.8406802948057958691, 0.03731443850163440601, 1.809439435930385365 ) ) ;
#671 = VECTOR ( 'NONE', #3643, 1000.000000000000114 ) ;
#672 = FACE_OUTER_BOUND ( 'NONE', #3177, .T. ) ;
#673 = EDGE_CURVE ( 'NONE', #7339, #1308, #1232, .T. ) ;
#674 = LINE ( 'NONE', #4754, #1825 ) ;
#675 = SURFACE_STYLE_USAGE ( .BOTH. , #1819 ) ;
#676 = VERTEX_POINT ( 'NONE', #1658 ) ;
#677 = CARTESIAN_POINT ( 'NONE',  ( -1.315340151904196286, -1.658115844191424104, 0.4903806193033523053 ) ) ;
#678 = CARTESIAN_POINT ( 'NONE',  ( 0.05000000000000000278, 0.6747223250267392336, -1.800000000000001155 ) ) ;
#679 = ADVANCED_FACE ( 'NONE', ( #6348 ), #622, .F. ) ;
#680 =( NAMED_UNIT ( * ) SI_UNIT ( $, .STERADIAN. ) SOLID_ANGLE_UNIT ( ) );
#681 = CYLINDRICAL_SURFACE ( 'NONE', #5864, 0.09999999999999961697 ) ;
#682 = CARTESIAN_POINT ( 'NONE',  ( -0.8406803038083915380, 0.000000000000000000, 0.000000000000000000 ) ) ;
#683 = EDGE_CURVE ( 'NONE', #3384, #5812, #9, .T. ) ;
#684 = DIRECTION ( 'NONE',  ( 1.000000000000000000, -0.000000000000000000, -0.000000000000000000 ) ) ;
#685 = CARTESIAN_POINT ( 'NONE',  ( -1.797507432172994636E-14, 1.349931384972484771, 1.549999999999999822 ) ) ;
#686 = ORIENTED_EDGE ( 'NONE', *, *, #1809, .T. ) ;
#687 = EDGE_CURVE ( 'NONE', #7151, #7183, #4626, .T. ) ;
#688 = EDGE_LOOP ( 'NONE', ( #7558, #7414, #6106, #2220 ) ) ;
#689 = PRESENTATION_LAYER_ASSIGNMENT (  '', '', ( #7283 ) ) ;
#690 = CARTESIAN_POINT ( 'NONE',  ( 0.000000000000000000, -0.8479274057836300171, 1.900000000000001243 ) ) ;
#691 = FACE_OUTER_BOUND ( 'NONE', #3515, .T. ) ;
#692 = CARTESIAN_POINT ( 'NONE',  ( -1.939999999999999947, 0.8102885682970034642, -2.024999999999999467 ) ) ;
#693 = CARTESIAN_POINT ( 'NONE',  ( 0.000000000000000000, 1.050000000000000044, 1.549999999999999822 ) ) ;
#694 = AXIS2_PLACEMENT_3D ( 'NONE', #2200, #6234, #3056 ) ;
#695 =( NAMED_UNIT ( * ) SI_UNIT ( $, .STERADIAN. ) SOLID_ANGLE_UNIT ( ) );
#696 = ORIENTED_EDGE ( 'NONE', *, *, #4744, .T. ) ;
#697 = AXIS2_PLACEMENT_3D ( 'NONE', #4583, #492, #5091 ) ;
#698 = DIRECTION ( 'NONE',  ( -0.000000000000000000, 0.8660254037844407060, 0.4999999999999966138 ) ) ;
#699 = ORIENTED_EDGE ( 'NONE', *, *, #5219, .T. ) ;
#700 = SURFACE_STYLE_FILL_AREA ( #4851 ) ;
#701 = FILL_AREA_STYLE ('',( #4814 ) ) ;
#702 =( GEOMETRIC_REPRESENTATION_CONTEXT ( 3 ) GLOBAL_UNCERTAINTY_ASSIGNED_CONTEXT ( ( #5292 ) ) GLOBAL_UNIT_ASSIGNED_CONTEXT ( ( #7458, #397, #2787 ) ) REPRESENTATION_CONTEXT ( 'NONE', 'WORKASPACE' ) );
#703 = CARTESIAN_POINT ( 'NONE',  ( -0.8406803038083915380, 1.804663793605829181, 0.1133489185248341830 ) ) ;
#704 = STYLED_ITEM ( 'NONE', ( #6816 ), #4612 ) ;
#705 = DIRECTION ( 'NONE',  ( 0.000000000000000000, 0.000000000000000000, 1.000000000000000000 ) ) ;
#706 = PRESENTATION_STYLE_ASSIGNMENT (( #5467 ) ) ;
#707 = PRESENTATION_STYLE_ASSIGNMENT (( #5929 ) ) ;
#708 = ADVANCED_FACE ( 'NONE', ( #48 ), #35, .T. ) ;
#709 = CARTESIAN_POINT ( 'NONE',  ( -0.1699999999999999845, 1.300000000000000044, 1.520047317545275778 ) ) ;
#710 =( GEOMETRIC_REPRESENTATION_CONTEXT ( 3 ) GLOBAL_UNCERTAINTY_ASSIGNED_CONTEXT ( ( #4236 ) ) GLOBAL_UNIT_ASSIGNED_CONTEXT ( ( #1617, #2807, #1051 ) ) REPRESENTATION_CONTEXT ( 'NONE', 'WORKASPACE' ) );
#711 = DIRECTION ( 'NONE',  ( 1.000000000000000000, -0.000000000000000000, -0.000000000000000000 ) ) ;
#712 = SURFACE_STYLE_USAGE ( .BOTH. , #3728 ) ;
#713 = ORIENTED_EDGE ( 'NONE', *, *, #5823, .T. ) ;
#714 = AXIS2_PLACEMENT_3D ( 'NONE', #6408, #2230, #73 ) ;
#715 = UNCERTAINTY_MEASURE_WITH_UNIT (LENGTH_MEASURE( 1.000000000000000082E-05 ), #5055, 'distance_accuracy_value', 'NONE');
#716 = AXIS2_PLACEMENT_3D ( 'NONE', #1438, #6092, #2729 ) ;
#717 = PLANE ( 'NONE',  #6305 ) ;
#718 = AXIS2_PLACEMENT_3D ( 'NONE', #2761, #7482, #2843 ) ;
#719 = DIRECTION ( 'NONE',  ( 0.000000000000000000, -0.8660254037844407060, 0.4999999999999965028 ) ) ;
#720 = EDGE_CURVE ( 'NONE', #2830, #7151, #2391, .T. ) ;
#721 = FACE_OUTER_BOUND ( 'NONE', #4483, .T. ) ;
#722 = FILL_AREA_STYLE ('',( #4763 ) ) ;
#723 = SURFACE_STYLE_USAGE ( .BOTH. , #5876 ) ;
#724 = SURFACE_STYLE_FILL_AREA ( #5907 ) ;
#725 = CARTESIAN_POINT ( 'NONE',  ( 0.05000000000000000278, -1.850000000000000533, 1.399999999999999023 ) ) ;
#726 = ORIENTED_EDGE ( 'NONE', *, *, #3191, .T. ) ;
#727 = ORIENTED_EDGE ( 'NONE', *, *, #4210, .T. ) ;
#728 = DIRECTION ( 'NONE',  ( 0.000000000000000000, -1.000000000000000000, -5.421010862427526114E-16 ) ) ;
#729 = DIRECTION ( 'NONE',  ( -1.000000000000000000, 0.000000000000000000, 0.000000000000000000 ) ) ;
#730 = AXIS2_PLACEMENT_3D ( 'NONE', #1395, #7325, #2664 ) ;
#731 = SURFACE_STYLE_USAGE ( .BOTH. , #6027 ) ;
#732 =( GEOMETRIC_REPRESENTATION_CONTEXT ( 3 ) GLOBAL_UNCERTAINTY_ASSIGNED_CONTEXT ( ( #2168 ) ) GLOBAL_UNIT_ASSIGNED_CONTEXT ( ( #5807, #2920, #6409 ) ) REPRESENTATION_CONTEXT ( 'NONE', 'WORKASPACE' ) );
#733 = SURFACE_STYLE_USAGE ( .BOTH. , #1414 ) ;
#734 = CARTESIAN_POINT ( 'NONE',  ( -1.889999999999999902, 0.8535898384862273813, -2.050000000000000711 ) ) ;
#735 = ORIENTED_EDGE ( 'NONE', *, *, #3721, .F. ) ;
#736 = CARTESIAN_POINT ( 'NONE',  ( 0.000000000000000000, -2.000000000000000888, -1.399999999999998579 ) ) ;
#737 = EDGE_LOOP ( 'NONE', ( #4996, #4932, #3287, #2535 ) ) ;
#738 =( NAMED_UNIT ( * ) SI_UNIT ( $, .STERADIAN. ) SOLID_ANGLE_UNIT ( ) );
#739 = DIRECTION ( 'NONE',  ( 1.000000000000000000, 0.000000000000000000, 0.000000000000000000 ) ) ;
#740 = MECHANICAL_DESIGN_GEOMETRIC_PRESENTATION_REPRESENTATION (  '', ( #4755 ), #384 ) ;
#741 = AXIS2_PLACEMENT_3D ( 'NONE', #2371, #7541, #6950 ) ;
#742 = AXIS2_PLACEMENT_3D ( 'NONE', #746, #3081, #2511 ) ;
#743 = CARTESIAN_POINT ( 'NONE',  ( -1.438321722290228255, 1.708626404447719738, 0.08462461926405642765 ) ) ;
#744 = SURFACE_STYLE_USAGE ( .BOTH. , #5962 ) ;
#745 = FILL_AREA_STYLE_COLOUR ( '', #5379 ) ;
#746 = CARTESIAN_POINT ( 'NONE',  ( -0.1699999999999999845, -1.300000000000000044, 1.520047317545275778 ) ) ;
#748 = VECTOR ( 'NONE', #5227, 1000.000000000000000 ) ;
#747 = CARTESIAN_POINT ( 'NONE',  ( -1.330977749127254750, 1.720486828232586918, -0.1659015554910271972 ) ) ;
#749 = ORIENTED_EDGE ( 'NONE', *, *, #7217, .F. ) ;
#750 = LINE ( 'NONE', #1285, #4983 ) ;
#751 = CARTESIAN_POINT ( 'NONE',  ( -1.797507432172994636E-14, 1.349931384972484771, 1.549999999999999822 ) ) ;
#752 = EDGE_LOOP ( 'NONE', ( #7200, #6833, #6607, #3353 ) ) ;
#753 = PRESENTATION_LAYER_ASSIGNMENT (  '', '', ( #4155 ) ) ;
#754 = CARTESIAN_POINT ( 'NONE',  ( -0.5899999999999999689, -1.346638215541207773, -1.550000000000000044 ) ) ;
#755 = DIRECTION ( 'NONE',  ( 0.000000000000000000, 0.000000000000000000, 1.000000000000000000 ) ) ;
#756 = LINE ( 'NONE', #5294, #3760 ) ;
#757 = CIRCLE ( 'NONE', #3320, 0.2000000000000000944 ) ;
#758 = ADVANCED_FACE ( 'NONE', ( #5394 ), #7161, .T. ) ;
#759 = FACE_OUTER_BOUND ( 'NONE', #3393, .T. ) ;
#760 = EDGE_CURVE ( 'NONE', #2902, #545, #160, .T. ) ;
#761 = EDGE_CURVE ( 'NONE', #5185, #7271, #4821, .T. ) ;
#762 = CARTESIAN_POINT ( 'NONE',  ( 0.000000000000000000, 2.099999999999999645, -1.450000000000000178 ) ) ;
#763 = DIRECTION ( 'NONE',  ( 1.000000000000000000, -0.000000000000000000, -0.000000000000000000 ) ) ;
#764 = ORIENTED_EDGE ( 'NONE', *, *, #7140, .F. ) ;
#765 = VERTEX_POINT ( 'NONE', #1389 ) ;
#766 = CARTESIAN_POINT ( 'NONE',  ( 0.000000000000000000, 0.6747223250267422312, 1.800000000000001155 ) ) ;
#767 = VECTOR ( 'NONE', #1146, 1000.000000000000000 ) ;
#768 = EDGE_CURVE ( 'NONE', #4530, #5112, #5427, .T. ) ;
#769 = PRESENTATION_LAYER_ASSIGNMENT (  '', '', ( #4907 ) ) ;
#770 = CARTESIAN_POINT ( 'NONE',  ( -0.5899999999999999689, 0.000000000000000000, 0.000000000000000000 ) ) ;
#771 = SURFACE_STYLE_USAGE ( .BOTH. , #4283 ) ;
#772 = LINE ( 'NONE', #807, #4710 ) ;
#773 = CARTESIAN_POINT ( 'NONE',  ( -1.939999999999999947, 1.600000000000000311, 1.499999999999999778 ) ) ;
#774 = CIRCLE ( 'NONE', #2848, 0.2000000000000000944 ) ;
#775 = FACE_OUTER_BOUND ( 'NONE', #6964, .T. ) ;
#776 = VERTEX_POINT ( 'NONE', #300 ) ;
#777 =( NAMED_UNIT ( * ) SI_UNIT ( $, .STERADIAN. ) SOLID_ANGLE_UNIT ( ) );
#778 = ORIENTED_EDGE ( 'NONE', *, *, #2608, .T. ) ;
#779 =( LENGTH_UNIT ( ) NAMED_UNIT ( * ) SI_UNIT ( .MILLI., .METRE. ) );
#780 = SURFACE_STYLE_FILL_AREA ( #2473 ) ;
#781 = AXIS2_PLACEMENT_3D ( 'NONE', #2397, #6979, #2980 ) ;
#782 = CARTESIAN_POINT ( 'NONE',  ( -0.8406803038083915380, -0.1133489185248035686, -1.804663793605831179 ) ) ;
#783 = DIRECTION ( 'NONE',  ( -1.000000000000000000, -0.000000000000000000, -0.000000000000000000 ) ) ;
#784 = CIRCLE ( 'NONE', #3459, 0.1000000000000002554 ) ;
#785 = SURFACE_STYLE_FILL_AREA ( #3756 ) ;
#786 = ORIENTED_EDGE ( 'NONE', *, *, #408, .F. ) ;
#787 = FILL_AREA_STYLE ('',( #303 ) ) ;
#788 = VERTEX_POINT ( 'NONE', #2551 ) ;
#789 = CARTESIAN_POINT ( 'NONE',  ( -1.939999999999999947, -0.8102885682970026870, 2.024999999999999023 ) ) ;
#790 = PLANE ( 'NONE',  #371 ) ;
#791 = CARTESIAN_POINT ( 'NONE',  ( -1.939999999999999947, 1.200000000000000178, -1.499999999999998668 ) ) ;
#792 = FILL_AREA_STYLE_COLOUR ( '', #6910 ) ;
#793 = DIRECTION ( 'NONE',  ( -1.000000000000000000, -0.000000000000000000, -0.000000000000000000 ) ) ;
#794 =( GEOMETRIC_REPRESENTATION_CONTEXT ( 3 ) GLOBAL_UNCERTAINTY_ASSIGNED_CONTEXT ( ( #2251 ) ) GLOBAL_UNIT_ASSIGNED_CONTEXT ( ( #2661, #6082, #3227 ) ) REPRESENTATION_CONTEXT ( 'NONE', 'WORKASPACE' ) );
#795 = FILL_AREA_STYLE_COLOUR ( '', #4642 ) ;
#796 = CARTESIAN_POINT ( 'NONE',  ( -0.8406516964877221998, -3.570265972773233744E-18, -1.808224717252046476 ) ) ;
#797 = CARTESIAN_POINT ( 'NONE',  ( -1.340000000000000080, -1.800000000000000266, -0.5323422472791545790 ) ) ;
#798 = CARTESIAN_POINT ( 'NONE',  ( -1.340000000000000080, 1.656158728900766652, -0.4898018108855680119 ) ) ;
#799 = CARTESIAN_POINT ( 'NONE',  ( -1.889999999999999902, -1.600000000000000311, 1.549999999999998268 ) ) ;
#800 = EDGE_CURVE ( 'NONE', #4402, #1776, #3021, .T. ) ;
#801 = CARTESIAN_POINT ( 'NONE',  ( -1.489999999999999991, -1.800000000000000044, -1.349999999999999201 ) ) ;
#802 = ORIENTED_EDGE ( 'NONE', *, *, #491, .T. ) ;
#803 = ORIENTED_EDGE ( 'NONE', *, *, #3468, .T. ) ;
#804 = CARTESIAN_POINT ( 'NONE',  ( 0.000000000000000000, 0.8479274057836300171, 1.900000000000001243 ) ) ;
#805 = DIRECTION ( 'NONE',  ( 0.000000000000000000, 0.000000000000000000, 1.000000000000000000 ) ) ;
#806 = UNCERTAINTY_MEASURE_WITH_UNIT (LENGTH_MEASURE( 1.000000000000000082E-05 ), #2768, 'distance_accuracy_value', 'NONE');
#807 = CARTESIAN_POINT ( 'NONE',  ( -0.5899999999999999689, 0.7669872981077828777, -2.100000000000000977 ) ) ;
#808 = DIRECTION ( 'NONE',  ( 1.000000000000000000, -0.000000000000000000, -0.000000000000000000 ) ) ;
#809 = ORIENTED_EDGE ( 'NONE', *, *, #7046, .F. ) ;
#810 = MECHANICAL_DESIGN_GEOMETRIC_PRESENTATION_REPRESENTATION (  '', ( #5433 ), #3974 ) ;
#811 =( GEOMETRIC_REPRESENTATION_CONTEXT ( 3 ) GLOBAL_UNCERTAINTY_ASSIGNED_CONTEXT ( ( #5901 ) ) GLOBAL_UNIT_ASSIGNED_CONTEXT ( ( #854, #4817, #5505 ) ) REPRESENTATION_CONTEXT ( 'NONE', 'WORKASPACE' ) );
#812 = VERTEX_POINT ( 'NONE', #4294 ) ;
#813 = LINE ( 'NONE', #3152, #6129 ) ;
#814 =( NAMED_UNIT ( * ) PLANE_ANGLE_UNIT ( ) SI_UNIT ( $, .RADIAN. ) );
#815 = SURFACE_STYLE_FILL_AREA ( #6118 ) ;
#816 = MECHANICAL_DESIGN_GEOMETRIC_PRESENTATION_REPRESENTATION (  '', ( #3893 ), #4826 ) ;
#817 =( NAMED_UNIT ( * ) SI_UNIT ( $, .STERADIAN. ) SOLID_ANGLE_UNIT ( ) );
#818 = CARTESIAN_POINT ( 'NONE',  ( 0.000000000000000000, -0.6747223250267422312, 2.000000000000001332 ) ) ;
#819 = ORIENTED_EDGE ( 'NONE', *, *, #7207, .F. ) ;
#820 =( NAMED_UNIT ( * ) SI_UNIT ( $, .STERADIAN. ) SOLID_ANGLE_UNIT ( ) );
#821 = CARTESIAN_POINT ( 'NONE',  ( -1.889999999999999902, -1.200000000000000178, -1.649999999999999911 ) ) ;
#822 = ORIENTED_EDGE ( 'NONE', *, *, #2368, .F. ) ;
#823 = PRESENTATION_LAYER_ASSIGNMENT (  '', '', ( #475 ) ) ;
#824 =( BOUNDED_SURFACE ( )  B_SPLINE_SURFACE ( 3, 2, ( 
 ( #3485, #1205, #1920 ),
 ( #119, #3639, #2387 ),
 ( #7115, #5279, #4745 ),
 ( #5891, #6516, #4170 ),
 ( #5390, #2432, #7039 ),
 ( #5961, #743, #156 ),
 ( #7079, #3008, #4245 ),
 ( #5247, #1810, #665 ),
 ( #192, #4131, #2508 ),
 ( #6484, #1884, #4664 ) ),
 .UNSPECIFIED., .F., .F., .T. ) 
 B_SPLINE_SURFACE_WITH_KNOTS ( ( 4, 2, 2, 2, 4 ),
 ( 3, 3 ),
 ( 0.0003979952809598929922, 0.0006720056495498909124, 0.0009460160181398889409, 0.001220026386729886969, 0.001494036755319884998 ),
 ( 0.000000000000000000, 1.000000000000000000 ),
 .UNSPECIFIED. ) 
 GEOMETRIC_REPRESENTATION_ITEM ( )  RATIONAL_B_SPLINE_SURFACE ( (
 ( 1.000000000000000000, 0.6463748961301957197, 1.000000000000000000),
 ( 1.000000000000000000, 0.7087472819424177617, 1.000000000000000000),
 ( 1.000000000000000000, 0.7506530617551314677, 1.000000000000000000),
 ( 1.000000000000000000, 0.8059282159384497657, 1.000000000000000000),
 ( 1.000000000000000000, 0.8192404023327219953, 1.000000000000000000),
 ( 1.000000000000000000, 0.8192979104083997210, 1.000000000000000000),
 ( 1.000000000000000000, 0.8058642782705645047, 1.000000000000000000),
 ( 1.000000000000000000, 0.7504117710735080937, 1.000000000000000000),
 ( 1.000000000000000000, 0.7085493722546968298, 1.000000000000000000),
 ( 1.000000000000000000, 0.6463748961301956086, 1.000000000000000000) ) ) 
 REPRESENTATION_ITEM ( '' )  SURFACE ( )  );
#825 = CARTESIAN_POINT ( 'NONE',  ( -1.939999999999999947, -1.599999999999999867, -1.500000000000000222 ) ) ;
#826 = DIRECTION ( 'NONE',  ( 0.000000000000000000, -0.5000000000000063283, 0.8660254037844349329 ) ) ;
#827 =( LENGTH_UNIT ( ) NAMED_UNIT ( * ) SI_UNIT ( .MILLI., .METRE. ) );
#828 = COLOUR_RGB ( '',0.1098039215686274495, 0.1098039215686274495, 0.1098039215686274495 ) ;
#829 = CARTESIAN_POINT ( 'NONE',  ( -0.5899999999999999689, 2.000000000000000888, -1.550000000000000044 ) ) ;
#830 = VERTEX_POINT ( 'NONE', #1852 ) ;
#831 = ADVANCED_FACE ( 'NONE', ( #7082 ), #4785, .F. ) ;
#832 = COLOUR_RGB ( '',0.8980392156862745390, 0.8980392156862745390, 0.8980392156862745390 ) ;
#833 = LINE ( 'NONE', #4610, #6284 ) ;
#834 = CARTESIAN_POINT ( 'NONE',  ( 0.000000000000000000, -0.6747223250267422312, 1.800000000000001155 ) ) ;
#835 = DIRECTION ( 'NONE',  ( 0.000000000000000000, 0.000000000000000000, -1.000000000000000000 ) ) ;
#836 = CARTESIAN_POINT ( 'NONE',  ( -1.489999999999999991, -1.599999999999999867, -1.549999999999998934 ) ) ;
#837 = CARTESIAN_POINT ( 'NONE',  ( -1.889999999999999902, 1.750000000000001110, 1.349999999999998312 ) ) ;
#838 = CIRCLE ( 'NONE', #714, 2.104138126514910834 ) ;
#839 = DIRECTION ( 'NONE',  ( -1.000000000000000000, -0.000000000000000000, -0.000000000000000000 ) ) ;
#840 = ORIENTED_EDGE ( 'NONE', *, *, #3072, .F. ) ;
#841 = ORIENTED_EDGE ( 'NONE', *, *, #645, .T. ) ;
#842 = ADVANCED_FACE ( 'NONE', ( #1572 ), #891, .F. ) ;
#843 = CARTESIAN_POINT ( 'NONE',  ( -2.067951531382569187E-22, 1.277339100046097409, 1.659689718041941431 ) ) ;
#844 = VECTOR ( 'NONE', #4318, 1000.000000000000000 ) ;
#845 = CARTESIAN_POINT ( 'NONE',  ( -0.5899999999999999689, -2.000000000000000444, 1.549999999999998934 ) ) ;
#846 = CYLINDRICAL_SURFACE ( 'NONE', #1302, 0.09999999999999917288 ) ;
#847 = SURFACE_STYLE_FILL_AREA ( #2542 ) ;
#848 = ORIENTED_EDGE ( 'NONE', *, *, #3377, .F. ) ;
#849 = COLOUR_RGB ( '',0.9686274509803921573, 0.8784313725490195957, 0.5999999999999999778 ) ;
#850 = SURFACE_SIDE_STYLE ('',( #2072 ) ) ;
#851 = VECTOR ( 'NONE', #3645, 1000.000000000000000 ) ;
#852 = CARTESIAN_POINT ( 'NONE',  ( -0.5899999999999999689, -2.099999999999999645, -1.450000000000000178 ) ) ;
#853 =( LENGTH_UNIT ( ) NAMED_UNIT ( * ) SI_UNIT ( .MILLI., .METRE. ) );
#854 =( LENGTH_UNIT ( ) NAMED_UNIT ( * ) SI_UNIT ( .MILLI., .METRE. ) );
#855 = CARTESIAN_POINT ( 'NONE',  ( -1.939999999999999947, -1.600000000000000311, 1.499999999999998224 ) ) ;
#856 = ADVANCED_FACE ( 'NONE', ( #2116 ), #6681, .T. ) ;
#857 = ADVANCED_FACE ( 'NONE', ( #2078 ), #1143, .T. ) ;
#858 = ORIENTED_EDGE ( 'NONE', *, *, #1400, .F. ) ;
#859 =( GEOMETRIC_REPRESENTATION_CONTEXT ( 3 ) GLOBAL_UNCERTAINTY_ASSIGNED_CONTEXT ( ( #7071 ) ) GLOBAL_UNIT_ASSIGNED_CONTEXT ( ( #1416, #5498, #1307 ) ) REPRESENTATION_CONTEXT ( 'NONE', 'WORKASPACE' ) );
#860 =( GEOMETRIC_REPRESENTATION_CONTEXT ( 3 ) GLOBAL_UNCERTAINTY_ASSIGNED_CONTEXT ( ( #1778 ) ) GLOBAL_UNIT_ASSIGNED_CONTEXT ( ( #6869, #1521, #6289 ) ) REPRESENTATION_CONTEXT ( 'NONE', 'WORKASPACE' ) );
#861 = FACE_OUTER_BOUND ( 'NONE', #3151, .T. ) ;
#862 = COLOUR_RGB ( '',0.1098039215686274495, 0.1098039215686274495, 0.1098039215686274495 ) ;
#863 = ORIENTED_EDGE ( 'NONE', *, *, #2338, .T. ) ;
#864 = DIRECTION ( 'NONE',  ( 1.000000000000000000, 0.000000000000000000, 0.000000000000000000 ) ) ;
#865 = CARTESIAN_POINT ( 'NONE',  ( 0.05000000000000000278, -0.8479274057836261314, -1.900000000000002354 ) ) ;
#866 = AXIS2_PLACEMENT_3D ( 'NONE', #3834, #5024, #5674 ) ;
#867 = PRESENTATION_STYLE_ASSIGNMENT (( #1435 ) ) ;
#868 = FILL_AREA_STYLE ('',( #6089 ) ) ;
#869 =( GEOMETRIC_REPRESENTATION_CONTEXT ( 3 ) GLOBAL_UNCERTAINTY_ASSIGNED_CONTEXT ( ( #7051 ) ) GLOBAL_UNIT_ASSIGNED_CONTEXT ( ( #3634, #4888, #777 ) ) REPRESENTATION_CONTEXT ( 'NONE', 'WORKASPACE' ) );
#870 = DIRECTION ( 'NONE',  ( 0.000000000000000000, 1.000000000000000000, 0.000000000000000000 ) ) ;
#871 = STYLED_ITEM ( 'NONE', ( #3761 ), #5836 ) ;
#872 = VERTEX_POINT ( 'NONE', #3470 ) ;
#873 = DIRECTION ( 'NONE',  ( 1.000000000000000000, -0.000000000000000000, -0.000000000000000000 ) ) ;
#874 = CARTESIAN_POINT ( 'NONE',  ( -1.939999999999999947, 1.199999999999999734, 1.499999999999999556 ) ) ;
#875 = DIRECTION ( 'NONE',  ( 1.000000000000000000, 0.000000000000000000, 0.000000000000000000 ) ) ;
#876 = SURFACE_STYLE_FILL_AREA ( #950 ) ;
#877 = VERTEX_POINT ( 'NONE', #3724 ) ;
#878 = B_SPLINE_CURVE_WITH_KNOTS ( 'NONE', 3,
 ( #6527, #5477, #4864, #168, #3124, #7210, #3684, #5436, #3199, #5513, #2480, #3162, #1973, #751 ),
 .UNSPECIFIED., .F., .F.,
 ( 4, 2, 2, 2, 2, 2, 4 ),
 ( 0.0005208966982194494560, 0.0005874824552261344139, 0.0006207753337294769471, 0.0006540682122328195887, 0.0006873610907361621218, 0.0007206539692395046550, 0.0007872397262461891792 ),
 .UNSPECIFIED. ) ;
#879 = ORIENTED_EDGE ( 'NONE', *, *, #2450, .F. ) ;
#880 = CARTESIAN_POINT ( 'NONE',  ( -1.489999999999999991, -1.199999999999999734, 1.549999999999999822 ) ) ;
#881 = UNCERTAINTY_MEASURE_WITH_UNIT (LENGTH_MEASURE( 1.000000000000000082E-05 ), #4145, 'distance_accuracy_value', 'NONE');
#882 = CARTESIAN_POINT ( 'NONE',  ( 0.000000000000000000, -2.099999999999999645, -1.450000000000000178 ) ) ;
#883 =( GEOMETRIC_REPRESENTATION_CONTEXT ( 3 ) GLOBAL_UNCERTAINTY_ASSIGNED_CONTEXT ( ( #5773 ) ) GLOBAL_UNIT_ASSIGNED_CONTEXT ( ( #6903, #4039, #574 ) ) REPRESENTATION_CONTEXT ( 'NONE', 'WORKASPACE' ) );
#884 = ORIENTED_EDGE ( 'NONE', *, *, #2740, .T. ) ;
#885 = CARTESIAN_POINT ( 'NONE',  ( -1.340000000000000080, 0.000000000000000000, 0.000000000000000000 ) ) ;
#886 = CARTESIAN_POINT ( 'NONE',  ( -0.8406516964877221998, -3.570265972773233744E-18, -1.808224717252046476 ) ) ;
#887 = CARTESIAN_POINT ( 'NONE',  ( 0.05000000000000000278, -1.850000000000000977, -1.399999999999999689 ) ) ;
#888 = AXIS2_PLACEMENT_3D ( 'NONE', #5332, #5978, #5407 ) ;
#889 = PRESENTATION_LAYER_ASSIGNMENT (  '', '', ( #532 ) ) ;
#890 = UNCERTAINTY_MEASURE_WITH_UNIT (LENGTH_MEASURE( 1.000000000000000082E-05 ), #2701, 'distance_accuracy_value', 'NONE');
#891 = PLANE ( 'NONE',  #5314 ) ;
#892 =( LENGTH_UNIT ( ) NAMED_UNIT ( * ) SI_UNIT ( .MILLI., .METRE. ) );
#893 = ORIENTED_EDGE ( 'NONE', *, *, #5090, .F. ) ;
#894 =( NAMED_UNIT ( * ) PLANE_ANGLE_UNIT ( ) SI_UNIT ( $, .RADIAN. ) );
#895 = SURFACE_STYLE_FILL_AREA ( #3794 ) ;
#896 = AXIS2_PLACEMENT_3D ( 'NONE', #3915, #2936, #535 ) ;
#897 = ORIENTED_EDGE ( 'NONE', *, *, #1539, .F. ) ;
#898 = CARTESIAN_POINT ( 'NONE',  ( -0.8406803038083915380, 1.804663793605829181, 0.1133489185248341830 ) ) ;
#899 = DIRECTION ( 'NONE',  ( -0.000000000000000000, -1.000000000000000000, -5.654342256568344109E-16 ) ) ;
#900 = FACE_OUTER_BOUND ( 'NONE', #1201, .T. ) ;
#901 = CARTESIAN_POINT ( 'NONE',  ( -1.889999999999999902, -0.8535898384862276034, -2.050000000000000266 ) ) ;
#902 = LINE ( 'NONE', #2773, #4519 ) ;
#903 =( GEOMETRIC_REPRESENTATION_CONTEXT ( 3 ) GLOBAL_UNCERTAINTY_ASSIGNED_CONTEXT ( ( #5305 ) ) GLOBAL_UNIT_ASSIGNED_CONTEXT ( ( #7070, #7188, #3708 ) ) REPRESENTATION_CONTEXT ( 'NONE', 'WORKASPACE' ) );
#904 = EDGE_CURVE ( 'NONE', #4658, #5163, #222, .T. ) ;
#905 = ORIENTED_EDGE ( 'NONE', *, *, #4711, .F. ) ;
#906 = VERTEX_POINT ( 'NONE', #4147 ) ;
#907 = DIRECTION ( 'NONE',  ( 0.000000000000000000, 0.000000000000000000, 1.000000000000000000 ) ) ;
#908 = SURFACE_SIDE_STYLE ('',( #5595 ) ) ;
#909 =( NAMED_UNIT ( * ) PLANE_ANGLE_UNIT ( ) SI_UNIT ( $, .RADIAN. ) );
#910 = AXIS2_PLACEMENT_3D ( 'NONE', #4786, #1248, #1771 ) ;
#911 = ORIENTED_EDGE ( 'NONE', *, *, #408, .T. ) ;
#912 = VERTEX_POINT ( 'NONE', #2324 ) ;
#913 =( NAMED_UNIT ( * ) SI_UNIT ( $, .STERADIAN. ) SOLID_ANGLE_UNIT ( ) );
#914 = EDGE_CURVE ( 'NONE', #1013, #4005, #1178, .T. ) ;
#915 = EDGE_CURVE ( 'NONE', #960, #6505, #7533, .T. ) ;
#916 = SURFACE_SIDE_STYLE ('',( #1451 ) ) ;
#917 = CARTESIAN_POINT ( 'NONE',  ( 0.04510246886506883573, -1.282536548010775990, 1.549999999999999822 ) ) ;
#918 = MECHANICAL_DESIGN_GEOMETRIC_PRESENTATION_REPRESENTATION (  '', ( #3239 ), #5180 ) ;
#919 = ORIENTED_EDGE ( 'NONE', *, *, #2907, .F. ) ;
#920 = LINE ( 'NONE', #6714, #3336 ) ;
#921 = CARTESIAN_POINT ( 'NONE',  ( -0.6568423304663523199, -1.261884656338334132, 1.440615422069373652 ) ) ;
#922 = DIRECTION ( 'NONE',  ( -1.000000000000000000, -0.000000000000000000, -0.000000000000000000 ) ) ;
#923 = EDGE_CURVE ( 'NONE', #5112, #4878, #232, .T. ) ;
#924 = DIRECTION ( 'NONE',  ( 0.000000000000000000, 0.000000000000000000, -1.000000000000000000 ) ) ;
#925 = DIRECTION ( 'NONE',  ( 1.000000000000000000, 0.000000000000000000, 0.000000000000000000 ) ) ;
#926 = VECTOR ( 'NONE', #5928, 1000.000000000000000 ) ;
#927 = ADVANCED_FACE ( 'NONE', ( #7204 ), #6737, .T. ) ;
#928 = ORIENTED_EDGE ( 'NONE', *, *, #1955, .T. ) ;
#929 = DIRECTION ( 'NONE',  ( 0.000000000000000000, -8.131516293641290158E-16, 1.000000000000000000 ) ) ;
#930 = DIRECTION ( 'NONE',  ( 1.000000000000000000, 0.000000000000000000, 0.000000000000000000 ) ) ;
#931 =( GEOMETRIC_REPRESENTATION_CONTEXT ( 3 ) GLOBAL_UNCERTAINTY_ASSIGNED_CONTEXT ( ( #7465 ) ) GLOBAL_UNIT_ASSIGNED_CONTEXT ( ( #1361, #6529, #2560 ) ) REPRESENTATION_CONTEXT ( 'NONE', 'WORKASPACE' ) );
#932 = AXIS2_PLACEMENT_3D ( 'NONE', #4684, #1749, #5759 ) ;
#933 = PLANE ( 'NONE',  #4136 ) ;
#934 = CYLINDRICAL_SURFACE ( 'NONE', #6320, 0.09999999999999982514 ) ;
#935 = DIRECTION ( 'NONE',  ( 0.000000000000000000, -0.5000000000000001110, -0.8660254037844384856 ) ) ;
#936 = PLANE ( 'NONE',  #3744 ) ;
#937 = COLOUR_RGB ( '',0.8980392156862745390, 0.8980392156862745390, 0.8980392156862745390 ) ;
#938 = EDGE_LOOP ( 'NONE', ( #1626, #2543, #6208, #3802 ) ) ;
#939 = COLOUR_RGB ( '',0.9686274509803921573, 0.8784313725490195957, 0.5999999999999999778 ) ;
#940 = ORIENTED_EDGE ( 'NONE', *, *, #6271, .T. ) ;
#941 = PRODUCT ( 'PA4332.332NLT', 'PA4332.332NLT', '', ( #2582 ) ) ;
#942 =( NAMED_UNIT ( * ) PLANE_ANGLE_UNIT ( ) SI_UNIT ( $, .RADIAN. ) );
#943 = PRESENTATION_LAYER_ASSIGNMENT (  '', '', ( #5206 ) ) ;
#944 = VERTEX_POINT ( 'NONE', #4680 ) ;
#945 = CARTESIAN_POINT ( 'NONE',  ( 0.05000000000000000278, -0.6747223250267392336, -1.800000000000001155 ) ) ;
#946 = UNCERTAINTY_MEASURE_WITH_UNIT (LENGTH_MEASURE( 1.000000000000000082E-05 ), #2494, 'distance_accuracy_value', 'NONE');
#947 = STYLED_ITEM ( 'NONE', ( #580 ), #1432 ) ;
#948 = PRESENTATION_STYLE_ASSIGNMENT (( #6736 ) ) ;
#949 = COLOUR_RGB ( '',0.1098039215686274495, 0.1098039215686274495, 0.1098039215686274495 ) ;
#950 = FILL_AREA_STYLE ('',( #6135 ) ) ;
#951 = EDGE_CURVE ( 'NONE', #5386, #4807, #2985, .T. ) ;
#952 = ORIENTED_EDGE ( 'NONE', *, *, #5518, .T. ) ;
#953 = CARTESIAN_POINT ( 'NONE',  ( -1.889999999999999902, 1.800000000000000488, 1.349999999999998312 ) ) ;
#954 = ORIENTED_EDGE ( 'NONE', *, *, #1477, .T. ) ;
#955 = EDGE_CURVE ( 'NONE', #1035, #1052, #5403, .T. ) ;
#956 = CIRCLE ( 'NONE', #2175, 1.729109974682633943 ) ;
#957 = VECTOR ( 'NONE', #922, 1000.000000000000000 ) ;
#958 = CARTESIAN_POINT ( 'NONE',  ( 0.04645487139503069046, -1.287914580675295406, 1.549999999999999822 ) ) ;
#959 = FACE_OUTER_BOUND ( 'NONE', #6471, .T. ) ;
#960 = VERTEX_POINT ( 'NONE', #1532 ) ;
#961 = SURFACE_SIDE_STYLE ('',( #6748 ) ) ;
#962 = SURFACE_STYLE_FILL_AREA ( #330 ) ;
#963 = VECTOR ( 'NONE', #4285, 1000.000000000000000 ) ;
#964 = VECTOR ( 'NONE', #7127, 1000.000000000000000 ) ;
#965 = SURFACE_STYLE_USAGE ( .BOTH. , #3894 ) ;
#966 = UNCERTAINTY_MEASURE_WITH_UNIT (LENGTH_MEASURE( 1.000000000000000082E-05 ), #3884, 'distance_accuracy_value', 'NONE');
#967 = DIRECTION ( 'NONE',  ( 0.000000000000000000, -1.606225440719267599E-16, -1.000000000000000000 ) ) ;
#968 = LINE ( 'NONE', #6151, #2923 ) ;
#969 = EDGE_LOOP ( 'NONE', ( #2781, #4862, #3089, #3919 ) ) ;
#970 = DIRECTION ( 'NONE',  ( 0.000000000000000000, 0.000000000000000000, 1.000000000000000000 ) ) ;
#971 = FILL_AREA_STYLE_COLOUR ( '', #4153 ) ;
#972 = TOROIDAL_SURFACE ( 'NONE', #2670, 0.1700000000000000122, 0.04999999999999998196 ) ;
#973 = CARTESIAN_POINT ( 'NONE',  ( 0.03066021598134738291, 1.338069672877834071, 1.549999999999999822 ) ) ;
#974 = CARTESIAN_POINT ( 'NONE',  ( 0.000000000000000000, -1.849999999999999645, 1.549999999999999156 ) ) ;
#975 = EDGE_CURVE ( 'NONE', #6029, #6023, #784, .T. ) ;
#976 = CARTESIAN_POINT ( 'NONE',  ( -0.6330644189661071009, -1.113397459621555896, -1.600000000000000311 ) ) ;
#978 = STYLED_ITEM ( 'NONE', ( #2794 ), #5239 ) ;
#977 = DIRECTION ( 'NONE',  ( 1.000000000000000000, 0.000000000000000000, 0.000000000000000000 ) ) ;
#979 = AXIS2_PLACEMENT_3D ( 'NONE', #4614, #1721, #3478 ) ;
#980 = AXIS2_PLACEMENT_3D ( 'NONE', #1401, #7290, #386 ) ;
#981 = ORIENTED_EDGE ( 'NONE', *, *, #2834, .F. ) ;
#982 = FILL_AREA_STYLE_COLOUR ( '', #6644 ) ;
#983 = ORIENTED_EDGE ( 'NONE', *, *, #3309, .F. ) ;
#984 = MECHANICAL_DESIGN_GEOMETRIC_PRESENTATION_REPRESENTATION (  '', ( #4272 ), #2819 ) ;
#985 = CARTESIAN_POINT ( 'NONE',  ( 0.000000000000000000, -0.8535898384862263821, 2.049999999999999822 ) ) ;
#986 =( LENGTH_UNIT ( ) NAMED_UNIT ( * ) SI_UNIT ( .MILLI., .METRE. ) );
#987 = VERTEX_POINT ( 'NONE', #5582 ) ;
#988 = AXIS2_PLACEMENT_3D ( 'NONE', #636, #5742, #595 ) ;
#989 = COLOUR_RGB ( '',0.9686274509803921573, 0.8784313725490195957, 0.5999999999999999778 ) ;
#990 = EDGE_CURVE ( 'NONE', #5163, #2713, #2630, .T. ) ;
#991 = CARTESIAN_POINT ( 'NONE',  ( -0.5899999999999998579, -1.846361677041960192, -0.1159679160406080350 ) ) ;
#992 = CARTESIAN_POINT ( 'NONE',  ( 0.000000000000000000, -2.000000000000000888, -1.399999999999998579 ) ) ;
#993 = MECHANICAL_DESIGN_GEOMETRIC_PRESENTATION_REPRESENTATION (  '', ( #162 ), #627 ) ;
#994 = EDGE_CURVE ( 'NONE', #7128, #812, #659, .T. ) ;
#995 = EDGE_LOOP ( 'NONE', ( #5855, #2291, #7192, #6765, #2615, #79 ) ) ;
#996 = AXIS2_PLACEMENT_3D ( 'NONE', #6693, #1473, #6127 ) ;
#997 = DIRECTION ( 'NONE',  ( 0.000000000000000000, 0.000000000000000000, 1.000000000000000000 ) ) ;
#998 = ORIENTED_EDGE ( 'NONE', *, *, #147, .F. ) ;
#999 = EDGE_CURVE ( 'NONE', #5921, #4558, #1031, .T. ) ;
#1000 = EDGE_CURVE ( 'NONE', #2416, #6911, #6230, .T. ) ;
#1001 = SURFACE_SIDE_STYLE ('',( #4457 ) ) ;
#1002 = CARTESIAN_POINT ( 'NONE',  ( 0.02837400871527902615, -1.260474578041627325, 1.549999999999999822 ) ) ;
#1003 = PRESENTATION_STYLE_ASSIGNMENT (( #2225 ) ) ;
#1004 = MECHANICAL_DESIGN_GEOMETRIC_PRESENTATION_REPRESENTATION (  '', ( #3080 ), #5623 ) ;
#1005 = EDGE_CURVE ( 'NONE', #6894, #3748, #5034, .T. ) ;
#1006 = ORIENTED_EDGE ( 'NONE', *, *, #3965, .T. ) ;
#1007 = DIRECTION ( 'NONE',  ( -1.000000000000000000, 0.000000000000000000, 0.000000000000000000 ) ) ;
#1008 = CARTESIAN_POINT ( 'NONE',  ( -0.7399999999999998801, -1.300000000000000044, 1.520047317545275778 ) ) ;
#1009 = DIRECTION ( 'NONE',  ( 0.000000000000000000, -0.5000000000000003331, 0.8660254037844384856 ) ) ;
#1010 = CARTESIAN_POINT ( 'NONE',  ( -1.939999999999999947, 0.8102885682970034642, -2.024999999999999467 ) ) ;
#1011 =( LENGTH_UNIT ( ) NAMED_UNIT ( * ) SI_UNIT ( .MILLI., .METRE. ) );
#1012 = CARTESIAN_POINT ( 'NONE',  ( -0.5199999999999999067, -1.300000000000000044, 1.520047317545275778 ) ) ;
#1013 = VERTEX_POINT ( 'NONE', #2600 ) ;
#1014 = PRESENTATION_STYLE_ASSIGNMENT (( #6686 ) ) ;
#1015 = VECTOR ( 'NONE', #5987, 1000.000000000000000 ) ;
#1016 = FILL_AREA_STYLE_COLOUR ( '', #2285 ) ;
#1017 =( NAMED_UNIT ( * ) PLANE_ANGLE_UNIT ( ) SI_UNIT ( $, .RADIAN. ) );
#1018 =( NAMED_UNIT ( * ) SI_UNIT ( $, .STERADIAN. ) SOLID_ANGLE_UNIT ( ) );
#1019 = EDGE_CURVE ( 'NONE', #4558, #1385, #2252, .T. ) ;
#1020 = PLANE ( 'NONE',  #6221 ) ;
#1021 =( GEOMETRIC_REPRESENTATION_CONTEXT ( 3 ) GLOBAL_UNCERTAINTY_ASSIGNED_CONTEXT ( ( #2502 ) ) GLOBAL_UNIT_ASSIGNED_CONTEXT ( ( #1901, #6052, #1018 ) ) REPRESENTATION_CONTEXT ( 'NONE', 'WORKASPACE' ) );
#1022 = ADVANCED_FACE ( 'NONE', ( #861 ), #1579, .F. ) ;
#1023 = CIRCLE ( 'NONE', #4789, 0.1499999999999999667 ) ;
#1024 = ORIENTED_EDGE ( 'NONE', *, *, #6069, .T. ) ;
#1025 = ORIENTED_EDGE ( 'NONE', *, *, #2817, .T. ) ;
#1026 = SURFACE_STYLE_USAGE ( .BOTH. , #3386 ) ;
#1027 = CIRCLE ( 'NONE', #7000, 2.104138126514910834 ) ;
#1028 = ORIENTED_EDGE ( 'NONE', *, *, #4015, .T. ) ;
#1029 = CARTESIAN_POINT ( 'NONE',  ( 0.05000000000000000278, 0.6747223250267392336, -2.000000000000000888 ) ) ;
#1030 = UNCERTAINTY_MEASURE_WITH_UNIT (LENGTH_MEASURE( 1.000000000000000082E-05 ), #3069, 'distance_accuracy_value', 'NONE');
#1031 = CIRCLE ( 'NONE', #6489, 0.3000000000000000999 ) ;
#1032 = DIRECTION ( 'NONE',  ( 1.000000000000000000, -0.000000000000000000, -0.000000000000000000 ) ) ;
#1033 = B_SPLINE_CURVE_WITH_KNOTS ( 'NONE', 3,
 ( #2219, #4531, #4493, #3961 ),
 .UNSPECIFIED., .F., .F.,
 ( 4, 4 ),
 ( 0.000000000000000000, 0.0003206487872063988999 ),
 .UNSPECIFIED. ) ;
#1034 = ORIENTED_EDGE ( 'NONE', *, *, #3725, .F. ) ;
#1035 = VERTEX_POINT ( 'NONE', #2698 ) ;
#1036 = LINE ( 'NONE', #7462, #2484 ) ;
#1037 = CARTESIAN_POINT ( 'NONE',  ( -1.315340151904195842, 0.000000000000000000, 0.000000000000000000 ) ) ;
#1038 = UNCERTAINTY_MEASURE_WITH_UNIT (LENGTH_MEASURE( 1.000000000000000082E-05 ), #3855, 'distance_accuracy_value', 'NONE');
#1039 =( GEOMETRIC_REPRESENTATION_CONTEXT ( 3 ) GLOBAL_UNCERTAINTY_ASSIGNED_CONTEXT ( ( #715 ) ) GLOBAL_UNIT_ASSIGNED_CONTEXT ( ( #5055, #6849, #4026 ) ) REPRESENTATION_CONTEXT ( 'NONE', 'WORKASPACE' ) );
#1040 = PLANE ( 'NONE',  #1962 ) ;
#1041 = EDGE_CURVE ( 'NONE', #3847, #7416, #4670, .T. ) ;
#1042 = CARTESIAN_POINT ( 'NONE',  ( -0.02997109632588364561, -1.342208719788406279, 1.549999999999999822 ) ) ;
#1043 = ORIENTED_EDGE ( 'NONE', *, *, #6680, .F. ) ;
#1044 = CYLINDRICAL_SURFACE ( 'NONE', #4176, 0.04999999999999991257 ) ;
#1045 = DIRECTION ( 'NONE',  ( 0.000000000000000000, 0.4999999999999953371, -0.8660254037844413721 ) ) ;
#1046 = ORIENTED_EDGE ( 'NONE', *, *, #1019, .F. ) ;
#1047 = MECHANICAL_DESIGN_GEOMETRIC_PRESENTATION_REPRESENTATION (  '', ( #2135 ), #7387 ) ;
#1048 = DIRECTION ( 'NONE',  ( 0.000000000000000000, 0.000000000000000000, 1.000000000000000000 ) ) ;
#1049 = COLOUR_RGB ( '',0.6666666666666666297, 0.6980392156862744724, 0.7686274509803920907 ) ;
#1050 = SURFACE_STYLE_FILL_AREA ( #6262 ) ;
#1051 =( NAMED_UNIT ( * ) SI_UNIT ( $, .STERADIAN. ) SOLID_ANGLE_UNIT ( ) );
#1052 = VERTEX_POINT ( 'NONE', #270 ) ;
#1053 = PRESENTATION_STYLE_ASSIGNMENT (( #2731 ) ) ;
#1054 = DIRECTION ( 'NONE',  ( 0.000000000000000000, 0.000000000000000000, 1.000000000000000000 ) ) ;
#1055 = EDGE_CURVE ( 'NONE', #4687, #5429, #4337, .T. ) ;
#1056 =( NAMED_UNIT ( * ) SI_UNIT ( $, .STERADIAN. ) SOLID_ANGLE_UNIT ( ) );
#1057 = VECTOR ( 'NONE', #2161, 1000.000000000000000 ) ;
#1058 = CARTESIAN_POINT ( 'NONE',  ( 0.000000000000000000, -1.199999999999999734, 1.549999999999999822 ) ) ;
#1059 = FILL_AREA_STYLE_COLOUR ( '', #6004 ) ;
#1060 = FACE_OUTER_BOUND ( 'NONE', #345, .T. ) ;
#1061 = CIRCLE ( 'NONE', #3838, 0.1000000000000009076 ) ;
#1062 = COLOUR_RGB ( '',0.1098039215686274495, 0.1098039215686274495, 0.1098039215686274495 ) ;
#1063 = ORIENTED_EDGE ( 'NONE', *, *, #1461, .T. ) ;
#1064 = CARTESIAN_POINT ( 'NONE',  ( -1.315340151904196286, -1.658115844191423882, 0.4903806193033524163 ) ) ;
#1065 = SURFACE_STYLE_FILL_AREA ( #7369 ) ;
#1066 = ORIENTED_EDGE ( 'NONE', *, *, #3149, .F. ) ;
#1067 = CARTESIAN_POINT ( 'NONE',  ( -1.889999999999999902, 1.070096189432334643, -1.575000000000000400 ) ) ;
#1068 =( LENGTH_UNIT ( ) NAMED_UNIT ( * ) SI_UNIT ( .MILLI., .METRE. ) );
#1069 = PRESENTATION_LAYER_ASSIGNMENT (  '', '', ( #4355 ) ) ;
#1070 = MECHANICAL_DESIGN_GEOMETRIC_PRESENTATION_REPRESENTATION (  '', ( #1505 ), #4947 ) ;
#1071 = ORIENTED_EDGE ( 'NONE', *, *, #999, .F. ) ;
#1072 = SURFACE_STYLE_FILL_AREA ( #6820 ) ;
#1073 = ORIENTED_EDGE ( 'NONE', *, *, #720, .T. ) ;
#1074 = AXIS2_PLACEMENT_3D ( 'NONE', #3193, #226, #1493 ) ;
#1075 = ADVANCED_FACE ( 'NONE', ( #1466 ), #5509, .T. ) ;
#1076 = CARTESIAN_POINT ( 'NONE',  ( -0.6399999999999997913, 1.300000000000000044, 1.520047317545275778 ) ) ;
#1077 = PRESENTATION_STYLE_ASSIGNMENT (( #3399 ) ) ;
#1078 = DIRECTION ( 'NONE',  ( -0.000000000000000000, -1.548860246407865308E-16, -1.000000000000000000 ) ) ;
#1079 = DIRECTION ( 'NONE',  ( 0.000000000000000000, 2.710505431213758620E-16, -1.000000000000000000 ) ) ;
#1080 = AXIS2_PLACEMENT_3D ( 'NONE', #678, #793, #6578 ) ;
#1081 = ORIENTED_EDGE ( 'NONE', *, *, #6543, .T. ) ;
#1082 = FACE_OUTER_BOUND ( 'NONE', #4974, .T. ) ;
#1083 = SURFACE_STYLE_FILL_AREA ( #2914 ) ;
#1084 = ORIENTED_EDGE ( 'NONE', *, *, #7107, .F. ) ;
#1085 = DIRECTION ( 'NONE',  ( 1.000000000000000000, 0.000000000000000000, 0.000000000000000000 ) ) ;
#1086 = FACE_OUTER_BOUND ( 'NONE', #7257, .T. ) ;
#1087 = ORIENTED_EDGE ( 'NONE', *, *, #1944, .T. ) ;
#1088 = EDGE_CURVE ( 'NONE', #6894, #3434, #3738, .T. ) ;
#1089 = AXIS2_PLACEMENT_3D ( 'NONE', #766, #1987, #3212 ) ;
#1090 =( NAMED_UNIT ( * ) SI_UNIT ( $, .STERADIAN. ) SOLID_ANGLE_UNIT ( ) );
#1091 = SURFACE_STYLE_FILL_AREA ( #1685 ) ;
#1092 = FACE_OUTER_BOUND ( 'NONE', #5984, .T. ) ;
#1093 = CARTESIAN_POINT ( 'NONE',  ( -0.5899999999999999689, 0.8535898384862271593, -2.050000000000000711 ) ) ;
#1094 = EDGE_CURVE ( 'NONE', #5633, #960, #6868, .T. ) ;
#1095 = CARTESIAN_POINT ( 'NONE',  ( -0.6301317640076441462, -1.189953483976323279, -1.550000000000000266 ) ) ;
#1096 = SURFACE_STYLE_USAGE ( .BOTH. , #3525 ) ;
#1097 = FACE_OUTER_BOUND ( 'NONE', #3348, .T. ) ;
#1098 =( NAMED_UNIT ( * ) SI_UNIT ( $, .STERADIAN. ) SOLID_ANGLE_UNIT ( ) );
#1099 = VERTEX_POINT ( 'NONE', #5242 ) ;
#1100 =( GEOMETRIC_REPRESENTATION_CONTEXT ( 3 ) GLOBAL_UNCERTAINTY_ASSIGNED_CONTEXT ( ( #6077 ) ) GLOBAL_UNIT_ASSIGNED_CONTEXT ( ( #3414, #2272, #1811 ) ) REPRESENTATION_CONTEXT ( 'NONE', 'WORKASPACE' ) );
#1101 = CARTESIAN_POINT ( 'NONE',  ( -1.334761272224439743, -1.725860402123363224, 0.08334426378235598731 ) ) ;
#1102 =( NAMED_UNIT ( * ) PLANE_ANGLE_UNIT ( ) SI_UNIT ( $, .RADIAN. ) );
#1103 = ORIENTED_EDGE ( 'NONE', *, *, #6063, .T. ) ;
#1104 = PLANE ( 'NONE',  #4629 ) ;
#1105 = DIRECTION ( 'NONE',  ( 0.000000000000000000, 0.8660254037844403729, -0.4999999999999971134 ) ) ;
#1106 = TOROIDAL_SURFACE ( 'NONE', #3531, 1.877069063257455372, 0.1499999999999999944 ) ;
#1107 = ORIENTED_EDGE ( 'NONE', *, *, #2520, .F. ) ;
#1108 = ORIENTED_EDGE ( 'NONE', *, *, #5201, .F. ) ;
#1109 = COLOUR_RGB ( '',0.9686274509803921573, 0.8784313725490195957, 0.5999999999999999778 ) ;
#1110 = VECTOR ( 'NONE', #2930, 1000.000000000000000 ) ;
#1111 = VECTOR ( 'NONE', #4185, 1000.000000000000000 ) ;
#1112 = LINE ( 'NONE', #1076, #5391 ) ;
#1113 = VECTOR ( 'NONE', #3391, 1000.000000000000000 ) ;
#1114 = CARTESIAN_POINT ( 'NONE',  ( -1.889999999999999902, -1.070096189432333089, 1.574999999999999512 ) ) ;
#1115 = DIRECTION ( 'NONE',  ( 0.000000000000000000, 0.000000000000000000, -1.000000000000000000 ) ) ;
#1116 = DIRECTION ( 'NONE',  ( 0.000000000000000000, -0.9589418073282239829, 0.2836029092905774651 ) ) ;
#1117 = STYLED_ITEM ( 'NONE', ( #5792 ), #6889 ) ;
#1118 = CARTESIAN_POINT ( 'NONE',  ( -0.03337137116473760934, 1.340310530087106544, 1.549999999999999822 ) ) ;
#1119 = EDGE_LOOP ( 'NONE', ( #2246, #4391, #3323, #1603 ) ) ;
#1120 = FILL_AREA_STYLE ('',( #6997 ) ) ;
#1121 = CARTESIAN_POINT ( 'NONE',  ( -0.02242085147190420527, 1.253578693418180512, 1.549999999999999822 ) ) ;
#1122 = SURFACE_SIDE_STYLE ('',( #6222 ) ) ;
#1123 = FACE_OUTER_BOUND ( 'NONE', #3238, .T. ) ;
#1124 = SURFACE_SIDE_STYLE ('',( #1680 ) ) ;
#1125 = SURFACE_STYLE_USAGE ( .BOTH. , #1160 ) ;
#1126 = EDGE_LOOP ( 'NONE', ( #7401, #1958, #6130, #6162 ) ) ;
#1127 = FILL_AREA_STYLE ('',( #4054 ) ) ;
#1128 = FILL_AREA_STYLE ('',( #6304 ) ) ;
#1129 = DIRECTION ( 'NONE',  ( 0.000000000000000000, 0.000000000000000000, -1.000000000000000000 ) ) ;
#1130 = CARTESIAN_POINT ( 'NONE',  ( 0.000000000000000000, -1.849999999999999645, 1.549999999999999156 ) ) ;
#1131 = CARTESIAN_POINT ( 'NONE',  ( 0.003617872376496657043, 1.349744531287954796, 1.549999999999999822 ) ) ;
#1132 = DIRECTION ( 'NONE',  ( 0.000000000000000000, 0.000000000000000000, 1.000000000000000000 ) ) ;
#1133 = FILL_AREA_STYLE ('',( #982 ) ) ;
#1134 = CIRCLE ( 'NONE', #6724, 0.04999999999999991257 ) ;
#1135 = STYLED_ITEM ( 'NONE', ( #1715 ), #2536 ) ;
#1136 = CARTESIAN_POINT ( 'NONE',  ( -1.330988861732008477, -1.720507750855034601, 0.1656998043181089897 ) ) ;
#1137 = ORIENTED_EDGE ( 'NONE', *, *, #5770, .F. ) ;
#1138 = SURFACE_STYLE_FILL_AREA ( #1737 ) ;
#1139 = CARTESIAN_POINT ( 'NONE',  ( -0.5900000000000000799, -2.099999999999999645, -0.1318986559964987482 ) ) ;
#1140 =( GEOMETRIC_REPRESENTATION_CONTEXT ( 3 ) GLOBAL_UNCERTAINTY_ASSIGNED_CONTEXT ( ( #4388 ) ) GLOBAL_UNIT_ASSIGNED_CONTEXT ( ( #205, #174, #680 ) ) REPRESENTATION_CONTEXT ( 'NONE', 'WORKASPACE' ) );
#1141 = STYLED_ITEM ( 'NONE', ( #2506 ), #2345 ) ;
#1142 = ORIENTED_EDGE ( 'NONE', *, *, #2011, .F. ) ;
#1143 = PLANE ( 'NONE',  #4213 ) ;
#1144 =( GEOMETRIC_REPRESENTATION_CONTEXT ( 3 ) GLOBAL_UNCERTAINTY_ASSIGNED_CONTEXT ( ( #6066 ) ) GLOBAL_UNIT_ASSIGNED_CONTEXT ( ( #93, #2441, #2358 ) ) REPRESENTATION_CONTEXT ( 'NONE', 'WORKASPACE' ) );
#1145 = AXIS2_PLACEMENT_3D ( 'NONE', #6609, #2364, #20 ) ;
#1146 = DIRECTION ( 'NONE',  ( 1.000000000000000000, 0.000000000000000000, 0.000000000000000000 ) ) ;
#1147 =( NAMED_UNIT ( * ) PLANE_ANGLE_UNIT ( ) SI_UNIT ( $, .RADIAN. ) );
#1148 = FACE_OUTER_BOUND ( 'NONE', #3518, .T. ) ;
#1149 = LINE ( 'NONE', #6439, #6096 ) ;
#1150 = ORIENTED_EDGE ( 'NONE', *, *, #220, .T. ) ;
#1151 = VERTEX_POINT ( 'NONE', #1727 ) ;
#1152 = SURFACE_STYLE_USAGE ( .BOTH. , #3509 ) ;
#1153 = LINE ( 'NONE', #7473, #6177 ) ;
#1154 = EDGE_CURVE ( 'NONE', #6031, #3384, #2288, .T. ) ;
#1155 = CARTESIAN_POINT ( 'NONE',  ( -0.05179723488040301194, -1.285092800936328716, 1.549999999999999822 ) ) ;
#1156 = EDGE_CURVE ( 'NONE', #1151, #2610, #4717, .T. ) ;
#1157 = FILL_AREA_STYLE ('',( #5847 ) ) ;
#1158 = FILL_AREA_STYLE ('',( #4048 ) ) ;
#1159 = DIRECTION ( 'NONE',  ( 1.000000000000000000, -0.000000000000000000, -0.000000000000000000 ) ) ;
#1160 = SURFACE_SIDE_STYLE ('',( #5918 ) ) ;
#1161 = VERTEX_POINT ( 'NONE', #5738 ) ;
#1162 = PLANE ( 'NONE',  #1684 ) ;
#1163 = VERTEX_POINT ( 'NONE', #590 ) ;
#1164 = AXIS2_PLACEMENT_3D ( 'NONE', #6647, #6722, #7203 ) ;
#1165 = EDGE_CURVE ( 'NONE', #1600, #872, #3376, .T. ) ;
#1166 = SURFACE_STYLE_USAGE ( .BOTH. , #4018 ) ;
#1167 = DIRECTION ( 'NONE',  ( 0.000000000000000000, -1.000000000000000000, 3.794707603699268674E-15 ) ) ;
#1168 = DIRECTION ( 'NONE',  ( 0.000000000000000000, 0.000000000000000000, -1.000000000000000000 ) ) ;
#1169 = ADVANCED_FACE ( 'NONE', ( #4549 ), #5814, .T. ) ;
#1170 = CARTESIAN_POINT ( 'NONE',  ( -0.5900000000000000799, -0.1159679160405828469, 1.846361677041961302 ) ) ;
#1171 = EDGE_CURVE ( 'NONE', #219, #483, #6882, .T. ) ;
#1172 = PLANE ( 'NONE',  #4384 ) ;
#1173 = LINE ( 'NONE', #4066, #6011 ) ;
#1174 = ORIENTED_EDGE ( 'NONE', *, *, #7231, .F. ) ;
#1175 = CARTESIAN_POINT ( 'NONE',  ( -0.6377777933336313820, 1.126584253556441206, 1.581450336011698488 ) ) ;
#1176 = CARTESIAN_POINT ( 'NONE',  ( -0.6368542758591801967, 1.163163500296017672, -1.556574207442605662 ) ) ;
#1177 = DIRECTION ( 'NONE',  ( 0.000000000000000000, -0.4999999999999966138, -0.8660254037844407060 ) ) ;
#1178 = CIRCLE ( 'NONE', #5434, 1.808219949365267976 ) ;
#1179 = VERTEX_POINT ( 'NONE', #5423 ) ;
#1180 = CARTESIAN_POINT ( 'NONE',  ( -0.8406803038083915380, 0.000000000000000000, 0.000000000000000000 ) ) ;
#1181 = MECHANICAL_DESIGN_GEOMETRIC_PRESENTATION_REPRESENTATION (  '', ( #7159 ), #7535 ) ;
#1182 = CIRCLE ( 'NONE', #2039, 0.3000000000000002109 ) ;
#1183 = DIRECTION ( 'NONE',  ( -1.000000000000000000, 0.000000000000000000, 1.807003620809174632E-16 ) ) ;
#1184 = EDGE_CURVE ( 'NONE', #1589, #1947, #5388, .T. ) ;
#1185 = UNCERTAINTY_MEASURE_WITH_UNIT (LENGTH_MEASURE( 1.000000000000000082E-05 ), #3985, 'distance_accuracy_value', 'NONE');
#1186 = SURFACE_SIDE_STYLE ('',( #6365 ) ) ;
#1187 = LINE ( 'NONE', #4606, #3666 ) ;
#1188 = ORIENTED_EDGE ( 'NONE', *, *, #1733, .F. ) ;
#1189 = VERTEX_POINT ( 'NONE', #4701 ) ;
#1190 =( NAMED_UNIT ( * ) SI_UNIT ( $, .STERADIAN. ) SOLID_ANGLE_UNIT ( ) );
#1191 = AXIS2_PLACEMENT_3D ( 'NONE', #5165, #7516, #2237 ) ;
#1192 = VECTOR ( 'NONE', #5225, 1000.000000000000114 ) ;
#1193 =( LENGTH_UNIT ( ) NAMED_UNIT ( * ) SI_UNIT ( .MILLI., .METRE. ) );
#1194 = CARTESIAN_POINT ( 'NONE',  ( 0.000000000000000000, 1.050000000000000044, -1.549999999999999822 ) ) ;
#1195 = CARTESIAN_POINT ( 'NONE',  ( -0.5900000000000003020, 1.846361677041959970, 0.1159679160406083542 ) ) ;
#1196 = VECTOR ( 'NONE', #2261, 1000.000000000000227 ) ;
#1197 = FILL_AREA_STYLE ('',( #6963 ) ) ;
#1198 = COLOUR_RGB ( '',0.6666666666666666297, 0.6980392156862744724, 0.7686274509803920907 ) ;
#1199 = ORIENTED_EDGE ( 'NONE', *, *, #4253, .F. ) ;
#1200 = LINE ( 'NONE', #2383, #15 ) ;
#1201 = EDGE_LOOP ( 'NONE', ( #4728, #3476, #2442, #848, #1510, #3339, #4659, #3920, #2228, #6340, #4966, #3552, #4469, #2132, #4500, #3563, #3916, #403, #639, #4115, #7002, #41, #2182, #5631 ) ) ;
#1202 = SURFACE_SIDE_STYLE ('',( #663 ) ) ;
#1203 =( LENGTH_UNIT ( ) NAMED_UNIT ( * ) SI_UNIT ( .MILLI., .METRE. ) );
#1204 = PRESENTATION_LAYER_ASSIGNMENT (  '', '', ( #7303 ) ) ;
#1205 = CARTESIAN_POINT ( 'NONE',  ( -1.490000000000000213, 1.630201072457979850, -0.4821249457939830174 ) ) ;
#1206 = FILL_AREA_STYLE ('',( #3522 ) ) ;
#1207 = EDGE_CURVE ( 'NONE', #6505, #3211, #117, .T. ) ;
#1208 = SURFACE_STYLE_USAGE ( .BOTH. , #6424 ) ;
#1209 = CARTESIAN_POINT ( 'NONE',  ( -0.5900000000000000799, -0.1318986559964712146, 2.100000000000000533 ) ) ;
#1210 =( NAMED_UNIT ( * ) SI_UNIT ( $, .STERADIAN. ) SOLID_ANGLE_UNIT ( ) );
#1212 = STYLED_ITEM ( 'NONE', ( #2558 ), #2916 ) ;
#1211 = CARTESIAN_POINT ( 'NONE',  ( -1.889999999999999902, 1.799999999999999600, -1.349999999999999201 ) ) ;
#1213 = PLANE ( 'NONE',  #2147 ) ;
#1214 = DIRECTION ( 'NONE',  ( 1.000000000000000000, 0.000000000000000000, 0.000000000000000000 ) ) ;
#1215 =( NAMED_UNIT ( * ) PLANE_ANGLE_UNIT ( ) SI_UNIT ( $, .RADIAN. ) );
#1216 = AXIS2_PLACEMENT_3D ( 'NONE', #3529, #6426, #2979 ) ;
#1217 = MECHANICAL_DESIGN_GEOMETRIC_PRESENTATION_REPRESENTATION (  '', ( #3872 ), #1900 ) ;
#1218 = FILL_AREA_STYLE ('',( #4306 ) ) ;
#1219 = CARTESIAN_POINT ( 'NONE',  ( -0.7399999999999998801, 1.300000000012557555, 1.308264122049154210 ) ) ;
#1220 = PRESENTATION_STYLE_ASSIGNMENT (( #5758 ) ) ;
#1221 = EDGE_CURVE ( 'NONE', #1613, #5752, #5890, .T. ) ;
#1222 = FILL_AREA_STYLE ('',( #6437 ) ) ;
#1223 = LINE ( 'NONE', #5878, #748 ) ;
#1224 = AXIS2_PLACEMENT_3D ( 'NONE', #3505, #4686, #3474 ) ;
#1225 = PRESENTATION_STYLE_ASSIGNMENT (( #6909 ) ) ;
#1226 = ORIENTED_EDGE ( 'NONE', *, *, #5852, .F. ) ;
#1227 = ORIENTED_EDGE ( 'NONE', *, *, #3218, .T. ) ;
#1228 = ADVANCED_FACE ( 'NONE', ( #1917 ), #7155, .T. ) ;
#1229 = CIRCLE ( 'NONE', #5614, 0.1500000000000006051 ) ;
#1230 = CIRCLE ( 'NONE', #7464, 0.09999999999999961697 ) ;
#1231 = DIRECTION ( 'NONE',  ( -1.000000000000000000, 0.000000000000000000, 0.000000000000000000 ) ) ;
#1232 = CIRCLE ( 'NONE', #3302, 0.1999999999999996503 ) ;
#1233 =( GEOMETRIC_REPRESENTATION_CONTEXT ( 3 ) GLOBAL_UNCERTAINTY_ASSIGNED_CONTEXT ( ( #6435 ) ) GLOBAL_UNIT_ASSIGNED_CONTEXT ( ( #5369, #2490, #1902 ) ) REPRESENTATION_CONTEXT ( 'NONE', 'WORKASPACE' ) );
#1234 = SURFACE_STYLE_USAGE ( .BOTH. , #4577 ) ;
#1235 = CARTESIAN_POINT ( 'NONE',  ( -0.6354693662940124055, -1.118088681402075624, 1.591874565526565366 ) ) ;
#1236 = FILL_AREA_STYLE_COLOUR ( '', #6310 ) ;
#1237 = EDGE_CURVE ( 'NONE', #3929, #333, #4225, .T. ) ;
#1238 = ORIENTED_EDGE ( 'NONE', *, *, #7038, .T. ) ;
#1239 = DIRECTION ( 'NONE',  ( 1.000000000000000000, 0.000000000000000000, 0.000000000000000000 ) ) ;
#1240 = AXIS2_PLACEMENT_3D ( 'NONE', #7360, #6612, #2557 ) ;
#1241 = ORIENTED_EDGE ( 'NONE', *, *, #994, .T. ) ;
#1242 = LINE ( 'NONE', #3520, #541 ) ;
#1243 = CARTESIAN_POINT ( 'NONE',  ( 0.000000000000000000, -1.050000000000000044, -1.549999999999999822 ) ) ;
#1244 = COLOUR_RGB ( '',0.9686274509803921573, 0.8784313725490195957, 0.5999999999999999778 ) ;
#1245 = CYLINDRICAL_SURFACE ( 'NONE', #6777, 0.2000000000000000944 ) ;
#1246 = FACE_OUTER_BOUND ( 'NONE', #1877, .T. ) ;
#1247 = CARTESIAN_POINT ( 'NONE',  ( -0.5946029764656165506, -0.04000047259245497616, 1.850364436609207131 ) ) ;
#1248 = DIRECTION ( 'NONE',  ( -1.000000000000000000, 0.000000000000000000, 0.000000000000000000 ) ) ;
#1249 = EDGE_CURVE ( 'NONE', #3198, #3483, #6562, .T. ) ;
#1250 = DIRECTION ( 'NONE',  ( 0.000000000000000000, 0.000000000000000000, 1.000000000000000000 ) ) ;
#1251 = EDGE_CURVE ( 'NONE', #6227, #788, #1666, .T. ) ;
#1252 = CARTESIAN_POINT ( 'NONE',  ( -1.889999999999999902, 0.8535898384862270483, 2.050000000000000266 ) ) ;
#1253 = CARTESIAN_POINT ( 'NONE',  ( -1.340000000000000080, 0.000000000000000000, 1.877069063257455372 ) ) ;
#1254 =( NAMED_UNIT ( * ) PLANE_ANGLE_UNIT ( ) SI_UNIT ( $, .RADIAN. ) );
#1255 = EDGE_CURVE ( 'NONE', #6023, #6695, #1313, .T. ) ;
#1256 = CARTESIAN_POINT ( 'NONE',  ( -0.8406516964877221998, -1.016275356298555638E-15, 1.808224717252046476 ) ) ;
#1257 = DIRECTION ( 'NONE',  ( 1.000000000000000000, -0.000000000000000000, -0.000000000000000000 ) ) ;
#1258 =( LENGTH_UNIT ( ) NAMED_UNIT ( * ) SI_UNIT ( .MILLI., .METRE. ) );
#1259 = PRESENTATION_LAYER_ASSIGNMENT (  '', '', ( #4906 ) ) ;
#1260 =( GEOMETRIC_REPRESENTATION_CONTEXT ( 3 ) GLOBAL_UNCERTAINTY_ASSIGNED_CONTEXT ( ( #3337 ) ) GLOBAL_UNIT_ASSIGNED_CONTEXT ( ( #779, #329, #4328 ) ) REPRESENTATION_CONTEXT ( 'NONE', 'WORKASPACE' ) );
#1261 = SURFACE_SIDE_STYLE ('',( #1331 ) ) ;
#1262 = LINE ( 'NONE', #762, #6668 ) ;
#1263 = CYLINDRICAL_SURFACE ( 'NONE', #1706, 0.1499999999999999667 ) ;
#1264 = CIRCLE ( 'NONE', #5277, 0.1999999999999996503 ) ;
#1265 = CARTESIAN_POINT ( 'NONE',  ( -0.01773328409289337548, 1.348087529127290907, 1.549999999999999822 ) ) ;
#1266 = ORIENTED_EDGE ( 'NONE', *, *, #3373, .F. ) ;
#1267 = ORIENTED_EDGE ( 'NONE', *, *, #915, .T. ) ;
#1268 = ADVANCED_FACE ( 'NONE', ( #2547 ), #3564, .T. ) ;
#1269 = COLOUR_RGB ( '',0.7921568627450980005, 0.8196078431372548767, 0.9333333333333333481 ) ;
#1270 = PRESENTATION_STYLE_ASSIGNMENT (( #3034 ) ) ;
#1271 = UNCERTAINTY_MEASURE_WITH_UNIT (LENGTH_MEASURE( 1.000000000000000082E-05 ), #6627, 'distance_accuracy_value', 'NONE');
#1272 = LINE ( 'NONE', #1952, #1786 ) ;
#1273 = CARTESIAN_POINT ( 'NONE',  ( -0.6267694360889213279, -1.199999999999999734, 1.549999999999999822 ) ) ;
#1274 =( GEOMETRIC_REPRESENTATION_CONTEXT ( 3 ) GLOBAL_UNCERTAINTY_ASSIGNED_CONTEXT ( ( #3831 ) ) GLOBAL_UNIT_ASSIGNED_CONTEXT ( ( #1823, #1215, #3541 ) ) REPRESENTATION_CONTEXT ( 'NONE', 'WORKASPACE' ) );
#1275 = SURFACE_STYLE_FILL_AREA ( #1197 ) ;
#1276 = VERTEX_POINT ( 'NONE', #6677 ) ;
#1277 = ORIENTED_EDGE ( 'NONE', *, *, #4959, .T. ) ;
#1278 = DIRECTION ( 'NONE',  ( 0.000000000000000000, -0.4999999999999965583, -0.8660254037844407060 ) ) ;
#1279 = LINE ( 'NONE', #7080, #4749 ) ;
#1280 = CARTESIAN_POINT ( 'NONE',  ( -9.659257778674560150E-15, -1.250068615027514429, 1.549999999999999822 ) ) ;
#1281 = CYLINDRICAL_SURFACE ( 'NONE', #2123, 0.1500000000000008271 ) ;
#1282 = CARTESIAN_POINT ( 'NONE',  ( -0.8406802951305071270, -0.03826977840983832035, 1.809379432042868885 ) ) ;
#1283 = EDGE_CURVE ( 'NONE', #1627, #1299, #6778, .T. ) ;
#1284 = CYLINDRICAL_SURFACE ( 'NONE', #3014, 0.09999999999999917288 ) ;
#1285 = CARTESIAN_POINT ( 'NONE',  ( 0.000000000000000000, 0.6747223250267422312, 2.000000000000001332 ) ) ;
#1286 = FACE_OUTER_BOUND ( 'NONE', #6796, .T. ) ;
#1287 = VERTEX_POINT ( 'NONE', #3288 ) ;
#1288 = DIRECTION ( 'NONE',  ( 1.000000000000000000, -0.000000000000000000, -0.000000000000000000 ) ) ;
#1289 = SURFACE_SIDE_STYLE ('',( #1897 ) ) ;
#1290 = CIRCLE ( 'NONE', #6890, 0.09999999999999961697 ) ;
#1291 = SURFACE_SIDE_STYLE ('',( #3545 ) ) ;
#1292 = SURFACE_STYLE_USAGE ( .BOTH. , #1261 ) ;
#1293 = FILL_AREA_STYLE_COLOUR ( '', #3784 ) ;
#1294 = COLOUR_RGB ( '',0.1098039215686274495, 0.1098039215686274495, 0.1098039215686274495 ) ;
#1295 = PRESENTATION_STYLE_ASSIGNMENT (( #6502 ) ) ;
#1296 = CARTESIAN_POINT ( 'NONE',  ( -1.939999999999999947, -1.749999999999999778, -1.349999999999999201 ) ) ;
#1297 = CARTESIAN_POINT ( 'NONE',  ( -0.04552223484786944302, 1.327773403416961484, 1.549999999999999822 ) ) ;
#1298 = VERTEX_POINT ( 'NONE', #2589 ) ;
#1299 = VERTEX_POINT ( 'NONE', #1422 ) ;
#1300 = CARTESIAN_POINT ( 'NONE',  ( -0.05379829256049055430, -1.299999999999802869, 1.549999999999999822 ) ) ;
#1301 = AXIS2_PLACEMENT_3D ( 'NONE', #6573, #1857, #95 ) ;
#1302 = AXIS2_PLACEMENT_3D ( 'NONE', #4040, #4075, #1115 ) ;
#1303 = CARTESIAN_POINT ( 'NONE',  ( -0.5899999999999999689, 0.8535898384862267152, 2.050000000000000266 ) ) ;
#1304 = PLANE ( 'NONE',  #1311 ) ;
#1305 =( LENGTH_UNIT ( ) NAMED_UNIT ( * ) SI_UNIT ( .MILLI., .METRE. ) );
#1306 =( GEOMETRIC_REPRESENTATION_CONTEXT ( 3 ) GLOBAL_UNCERTAINTY_ASSIGNED_CONTEXT ( ( #7381 ) ) GLOBAL_UNIT_ASSIGNED_CONTEXT ( ( #1653, #1621, #4472 ) ) REPRESENTATION_CONTEXT ( 'NONE', 'WORKASPACE' ) );
#1307 =( NAMED_UNIT ( * ) SI_UNIT ( $, .STERADIAN. ) SOLID_ANGLE_UNIT ( ) );
#1308 = VERTEX_POINT ( 'NONE', #2689 ) ;
#1309 = MECHANICAL_DESIGN_GEOMETRIC_PRESENTATION_REPRESENTATION (  '', ( #4946 ), #4359 ) ;
#1310 = FILL_AREA_STYLE ('',( #5461 ) ) ;
#1311 = AXIS2_PLACEMENT_3D ( 'NONE', #1518, #437, #1486 ) ;
#1312 = VERTEX_POINT ( 'NONE', #363 ) ;
#1313 = LINE ( 'NONE', #5923, #4109 ) ;
#1314 = VECTOR ( 'NONE', #3404, 1000.000000000000000 ) ;
#1315 = FILL_AREA_STYLE_COLOUR ( '', #2688 ) ;
#1316 = DIRECTION ( 'NONE',  ( 0.000000000000000000, 0.000000000000000000, 1.000000000000000000 ) ) ;
#1317 = EDGE_CURVE ( 'NONE', #67, #4088, #6912, .T. ) ;
#1318 =( LENGTH_UNIT ( ) NAMED_UNIT ( * ) SI_UNIT ( .MILLI., .METRE. ) );
#1319 = ORIENTED_EDGE ( 'NONE', *, *, #406, .F. ) ;
#1320 = COLOUR_RGB ( '',0.9686274509803921573, 0.8784313725490195957, 0.5999999999999999778 ) ;
#1321 = EDGE_CURVE ( 'NONE', #335, #2416, #3146, .T. ) ;
#1322 = EDGE_CURVE ( 'NONE', #4035, #2079, #1998, .T. ) ;
#1323 = DIRECTION ( 'NONE',  ( 0.000000000000000000, 0.000000000000000000, 1.000000000000000000 ) ) ;
#1324 = DIRECTION ( 'NONE',  ( 1.000000000000000000, 0.000000000000000000, 0.000000000000000000 ) ) ;
#1325 = CARTESIAN_POINT ( 'NONE',  ( -1.889999999999999902, -0.7669872981077828777, -2.000000000000000000 ) ) ;
#1326 = DIRECTION ( 'NONE',  ( 0.000000000000000000, 1.000000000000000000, 0.000000000000000000 ) ) ;
#1327 = VECTOR ( 'NONE', #3446, 1000.000000000000114 ) ;
#1328 = VECTOR ( 'NONE', #6061, 1000.000000000000000 ) ;
#1329 = PRESENTATION_STYLE_ASSIGNMENT (( #6533 ) ) ;
#1330 = CARTESIAN_POINT ( 'NONE',  ( -0.05289005395618681660, -1.290662096409919357, 1.549999999999999822 ) ) ;
#1331 = SURFACE_STYLE_FILL_AREA ( #2366 ) ;
#1332 =( GEOMETRIC_REPRESENTATION_CONTEXT ( 3 ) GLOBAL_UNCERTAINTY_ASSIGNED_CONTEXT ( ( #5161 ) ) GLOBAL_UNIT_ASSIGNED_CONTEXT ( ( #1536, #1017, #6125 ) ) REPRESENTATION_CONTEXT ( 'NONE', 'WORKASPACE' ) );
#1333 = DIRECTION ( 'NONE',  ( -0.000000000000000000, -1.606225440719267353E-16, -1.000000000000000000 ) ) ;
#1334 = ORIENTED_EDGE ( 'NONE', *, *, #5532, .F. ) ;
#1335 = ORIENTED_EDGE ( 'NONE', *, *, #3881, .T. ) ;
#1336 = CARTESIAN_POINT ( 'NONE',  ( -1.489999999999999991, 0.7669872981077828777, -2.100000000000000977 ) ) ;
#1337 =( NAMED_UNIT ( * ) PLANE_ANGLE_UNIT ( ) SI_UNIT ( $, .RADIAN. ) );
#1338 = AXIS2_PLACEMENT_3D ( 'NONE', #4254, #5969, #1250 ) ;
#1339 = UNCERTAINTY_MEASURE_WITH_UNIT (LENGTH_MEASURE( 1.000000000000000082E-05 ), #6204, 'distance_accuracy_value', 'NONE');
#1340 = FACE_OUTER_BOUND ( 'NONE', #995, .T. ) ;
#1341 = APPLICATION_PROTOCOL_DEFINITION ( 'draft international standard', 'automotive_design', 1998, #2472 ) ;
#1342 = ORIENTED_EDGE ( 'NONE', *, *, #201, .T. ) ;
#1343 = ORIENTED_EDGE ( 'NONE', *, *, #3636, .F. ) ;
#1344 = DIRECTION ( 'NONE',  ( 0.000000000000000000, 0.000000000000000000, 1.000000000000000000 ) ) ;
#1345 = DIRECTION ( 'NONE',  ( 1.000000000000000000, -0.000000000000000000, -0.000000000000000000 ) ) ;
#1346 = AXIS2_PLACEMENT_3D ( 'NONE', #2142, #1079, #6788 ) ;
#1347 =( GEOMETRIC_REPRESENTATION_CONTEXT ( 3 ) GLOBAL_UNCERTAINTY_ASSIGNED_CONTEXT ( ( #6827 ) ) GLOBAL_UNIT_ASSIGNED_CONTEXT ( ( #4033, #7529, #3466 ) ) REPRESENTATION_CONTEXT ( 'NONE', 'WORKASPACE' ) );
#1348 = FILL_AREA_STYLE_COLOUR ( '', #937 ) ;
#1349 = FILL_AREA_STYLE_COLOUR ( '', #5349 ) ;
#1350 = CARTESIAN_POINT ( 'NONE',  ( -1.340000000000000080, 0.000000000000000000, 0.000000000000000000 ) ) ;
#1352 = COLOUR_RGB ( '',0.6666666666666666297, 0.6980392156862744724, 0.7686274509803920907 ) ;
#1351 = SURFACE_STYLE_USAGE ( .BOTH. , #1390 ) ;
#1353 = ORIENTED_EDGE ( 'NONE', *, *, #3154, .F. ) ;
#1354 = AXIS2_PLACEMENT_3D ( 'NONE', #4905, #7171, #7214 ) ;
#1355 = DIRECTION ( 'NONE',  ( 1.000000000000000000, 0.000000000000000000, 0.000000000000000000 ) ) ;
#1356 = EDGE_LOOP ( 'NONE', ( #6705, #7292, #2217, #5273 ) ) ;
#1357 =( BOUNDED_SURFACE ( )  B_SPLINE_SURFACE ( 3, 2, ( 
 ( #76, #4655, #2379 ),
 ( #7481, #2805, #4122 ),
 ( #2266, #4011, #6298 ),
 ( #6337, #1195, #2231 ) ),
 .UNSPECIFIED., .F., .F., .T. ) 
 B_SPLINE_SURFACE_WITH_KNOTS ( ( 4, 4 ),
 ( 3, 3 ),
 ( 0.001268555391236367291, 0.001535423663854126571 ),
 ( 0.000000000000000000, 1.000000000000000000 ),
 .UNSPECIFIED. ) 
 GEOMETRIC_REPRESENTATION_ITEM ( )  RATIONAL_B_SPLINE_SURFACE ( (
 ( 1.000000000000000000, 0.7630199824727257329, 1.000000000000000000),
 ( 1.000000000000000000, 0.7689853311879670805, 1.000000000000000000),
 ( 1.000000000000000000, 0.7689109364608983643, 1.000000000000000000),
 ( 1.000000000000000000, 0.7630199824727261770, 1.000000000000000000) ) ) 
 REPRESENTATION_ITEM ( '' )  SURFACE ( )  );
#1358 = FILL_AREA_STYLE_COLOUR ( '', #1476 ) ;
#1359 = ORIENTED_EDGE ( 'NONE', *, *, #2621, .T. ) ;
#1360 = MECHANICAL_DESIGN_GEOMETRIC_PRESENTATION_REPRESENTATION (  '', ( #3313 ), #5261 ) ;
#1361 =( LENGTH_UNIT ( ) NAMED_UNIT ( * ) SI_UNIT ( .MILLI., .METRE. ) );
#1362 = EDGE_CURVE ( 'NONE', #4538, #4138, #2900, .T. ) ;
#1363 = SURFACE_STYLE_FILL_AREA ( #3091 ) ;
#1364 = STYLED_ITEM ( 'NONE', ( #3654 ), #380 ) ;
#1365 = PRESENTATION_LAYER_ASSIGNMENT (  '', '', ( #6236 ) ) ;
#1366 = LINE ( 'NONE', #2565, #6336 ) ;
#1367 = CARTESIAN_POINT ( 'NONE',  ( -0.05379829256049055430, -1.299999999999802869, 1.549999999999999822 ) ) ;
#1368 = CARTESIAN_POINT ( 'NONE',  ( -0.8406803038083928703, 0.1133489185248033743, -1.804663793605831179 ) ) ;
#1369 = CARTESIAN_POINT ( 'NONE',  ( -1.489999999999999991, 0.000000000000000000, 1.877069063257455372 ) ) ;
#1370 = CARTESIAN_POINT ( 'NONE',  ( -1.889999999999999902, -1.200000000000000178, -1.550000000000000266 ) ) ;
#1371 = CARTESIAN_POINT ( 'NONE',  ( -1.939999999999999947, -1.750000000000000000, 1.349999999999998312 ) ) ;
#1372 = PRESENTATION_STYLE_ASSIGNMENT (( #6504 ) ) ;
#1373 = EDGE_LOOP ( 'NONE', ( #1762, #1928, #1479, #2363 ) ) ;
#1374 = ORIENTED_EDGE ( 'NONE', *, *, #4505, .F. ) ;
#1375 = CARTESIAN_POINT ( 'NONE',  ( 0.000000000000000000, -2.000000000000000444, 1.399999999999998135 ) ) ;
#1376 = COLOUR_RGB ( '',0.1098039215686274495, 0.1098039215686274495, 0.1098039215686274495 ) ;
#1377 = VECTOR ( 'NONE', #3849, 1000.000000000000227 ) ;
#1378 = CARTESIAN_POINT ( 'NONE',  ( -1.889999999999999902, 1.199999999999999734, 1.500000000000000888 ) ) ;
#1379 =( NAMED_UNIT ( * ) PLANE_ANGLE_UNIT ( ) SI_UNIT ( $, .RADIAN. ) );
#1380 = CYLINDRICAL_SURFACE ( 'NONE', #4462, 0.2000000000000000944 ) ;
#1381 = COLOUR_RGB ( '',0.1098039215686274495, 0.1098039215686274495, 0.1098039215686274495 ) ;
#1382 = CIRCLE ( 'NONE', #2114, 1.808219949365267976 ) ;
#1383 = EDGE_LOOP ( 'NONE', ( #461, #3375, #6302, #2102 ) ) ;
#1384 = EDGE_CURVE ( 'NONE', #3084, #252, #4924, .T. ) ;
#1385 = VERTEX_POINT ( 'NONE', #4329 ) ;
#1386 = DIRECTION ( 'NONE',  ( 1.000000000000000000, 0.000000000000000000, 0.000000000000000000 ) ) ;
#1387 =( LENGTH_UNIT ( ) NAMED_UNIT ( * ) SI_UNIT ( .MILLI., .METRE. ) );
#1388 = VECTOR ( 'NONE', #4931, 1000.000000000000000 ) ;
#1389 = CARTESIAN_POINT ( 'NONE',  ( 0.05000000000000000278, 1.050000000000000044, -1.549999999999999822 ) ) ;
#1390 = SURFACE_SIDE_STYLE ('',( #7276 ) ) ;
#1391 = VERTEX_POINT ( 'NONE', #6180 ) ;
#1392 = PRESENTATION_STYLE_ASSIGNMENT (( #1971 ) ) ;
#1393 = EDGE_LOOP ( 'NONE', ( #4837, #4193, #2384, #4954 ) ) ;
#1394 = EDGE_CURVE ( 'NONE', #5553, #5794, #7273, .T. ) ;
#1395 = CARTESIAN_POINT ( 'NONE',  ( -1.489999999999999991, 0.000000000000000000, 0.000000000000000000 ) ) ;
#1396 = FACE_OUTER_BOUND ( 'NONE', #352, .T. ) ;
#1397 = DIRECTION ( 'NONE',  ( -1.000000000000000000, 0.000000000000000000, 0.000000000000000000 ) ) ;
#1398 = MECHANICAL_DESIGN_GEOMETRIC_PRESENTATION_REPRESENTATION (  '', ( #1757 ), #1039 ) ;
#1399 = DIRECTION ( 'NONE',  ( 1.000000000000000000, -0.000000000000000000, -0.000000000000000000 ) ) ;
#1400 = EDGE_CURVE ( 'NONE', #2884, #1312, #5389, .T. ) ;
#1401 = CARTESIAN_POINT ( 'NONE',  ( -1.889999999999999902, -0.7669872981077823226, 2.100000000000000089 ) ) ;
#1402 = ORIENTED_EDGE ( 'NONE', *, *, #1503, .F. ) ;
#1403 =( LENGTH_UNIT ( ) NAMED_UNIT ( * ) SI_UNIT ( .MILLI., .METRE. ) );
#1404 = CARTESIAN_POINT ( 'NONE',  ( -0.6374634273887351821, -1.159808969246016064, -1.557840283594577713 ) ) ;
#1405 = FILL_AREA_STYLE_COLOUR ( '', #1802 ) ;
#1406 = FACE_OUTER_BOUND ( 'NONE', #4714, .T. ) ;
#1407 =( NAMED_UNIT ( * ) PLANE_ANGLE_UNIT ( ) SI_UNIT ( $, .RADIAN. ) );
#1408 = ORIENTED_EDGE ( 'NONE', *, *, #4637, .T. ) ;
#1409 = ORIENTED_EDGE ( 'NONE', *, *, #1703, .T. ) ;
#1410 = CARTESIAN_POINT ( 'NONE',  ( -1.889999999999999902, -1.200000000000000178, -1.500000000000000000 ) ) ;
#1411 = ADVANCED_FACE ( 'NONE', ( #4429 ), #6749, .T. ) ;
#1412 = PRESENTATION_STYLE_ASSIGNMENT (( #3324 ) ) ;
#1413 = UNCERTAINTY_MEASURE_WITH_UNIT (LENGTH_MEASURE( 1.000000000000000082E-05 ), #6388, 'distance_accuracy_value', 'NONE');
#1414 = SURFACE_SIDE_STYLE ('',( #3710 ) ) ;
#1415 = LINE ( 'NONE', #773, #963 ) ;
#1416 =( LENGTH_UNIT ( ) NAMED_UNIT ( * ) SI_UNIT ( .MILLI., .METRE. ) );
#1417 = EDGE_LOOP ( 'NONE', ( #2101, #5056, #1663, #106 ) ) ;
#1418 = CIRCLE ( 'NONE', #5926, 0.1499999999999999944 ) ;
#1419 = MECHANICAL_DESIGN_GEOMETRIC_PRESENTATION_REPRESENTATION (  '', ( #3737 ), #7531 ) ;
#1420 = VERTEX_POINT ( 'NONE', #1612 ) ;
#1421 = DIRECTION ( 'NONE',  ( -1.000000000000000000, -0.000000000000000000, -0.000000000000000000 ) ) ;
#1422 = CARTESIAN_POINT ( 'NONE',  ( -1.889999999999999902, -1.113397459621555674, 1.599999999999999867 ) ) ;
#1423 = DIRECTION ( 'NONE',  ( 1.000000000000000000, -0.000000000000000000, -0.000000000000000000 ) ) ;
#1424 = PRESENTATION_LAYER_ASSIGNMENT (  '', '', ( #7412 ) ) ;
#1425 = UNCERTAINTY_MEASURE_WITH_UNIT (LENGTH_MEASURE( 1.000000000000000082E-05 ), #2877, 'distance_accuracy_value', 'NONE');
#1426 =( NAMED_UNIT ( * ) PLANE_ANGLE_UNIT ( ) SI_UNIT ( $, .RADIAN. ) );
#1427 = CARTESIAN_POINT ( 'NONE',  ( -1.321312036811269408, 1.698449646472851571, 0.3293419275996675721 ) ) ;
#1428 = ORIENTED_EDGE ( 'NONE', *, *, #1237, .T. ) ;
#1429 =( GEOMETRIC_REPRESENTATION_CONTEXT ( 3 ) GLOBAL_UNCERTAINTY_ASSIGNED_CONTEXT ( ( #4772 ) ) GLOBAL_UNIT_ASSIGNED_CONTEXT ( ( #1965, #6181, #5158 ) ) REPRESENTATION_CONTEXT ( 'NONE', 'WORKASPACE' ) );
#1430 = ORIENTED_EDGE ( 'NONE', *, *, #7547, .F. ) ;
#1431 = STYLED_ITEM ( 'NONE', ( #4364 ), #1411 ) ;
#1432 = ADVANCED_FACE ( 'NONE', ( #6292 ), #518, .T. ) ;
#1433 = AXIS2_PLACEMENT_3D ( 'NONE', #575, #3503, #7538 ) ;
#1434 = DIRECTION ( 'NONE',  ( -0.000000000000000000, 0.8660254037844350439, 0.5000000000000064393 ) ) ;
#1435 = SURFACE_STYLE_USAGE ( .BOTH. , #5437 ) ;
#1436 = CARTESIAN_POINT ( 'NONE',  ( -0.1699999999999999845, 1.300000000000000044, 1.520047317545275778 ) ) ;
#1437 = DIRECTION ( 'NONE',  ( 0.000000000000000000, 1.000000000000000000, 0.000000000000000000 ) ) ;
#1438 = CARTESIAN_POINT ( 'NONE',  ( 0.05000000000000000278, -0.6747223250267392336, -1.800000000000001155 ) ) ;
#1439 = SURFACE_SIDE_STYLE ('',( #6657 ) ) ;
#1440 = ORIENTED_EDGE ( 'NONE', *, *, #1088, .T. ) ;
#1441 = DIRECTION ( 'NONE',  ( -0.000000000000000000, -1.000000000000000000, -0.000000000000000000 ) ) ;
#1442 =( NAMED_UNIT ( * ) SI_UNIT ( $, .STERADIAN. ) SOLID_ANGLE_UNIT ( ) );
#1443 =( NAMED_UNIT ( * ) SI_UNIT ( $, .STERADIAN. ) SOLID_ANGLE_UNIT ( ) );
#1444 = MECHANICAL_DESIGN_GEOMETRIC_PRESENTATION_REPRESENTATION (  '', ( #5947 ), #3272 ) ;
#1445 = VERTEX_POINT ( 'NONE', #1008 ) ;
#1446 = ORIENTED_EDGE ( 'NONE', *, *, #761, .T. ) ;
#1447 = CARTESIAN_POINT ( 'NONE',  ( -1.939999999999999947, 1.600000000000000311, 1.499999999999999778 ) ) ;
#1448 = COLOUR_RGB ( '',0.1098039215686274495, 0.1098039215686274495, 0.1098039215686274495 ) ;
#1449 =( GEOMETRIC_REPRESENTATION_CONTEXT ( 3 ) GLOBAL_UNCERTAINTY_ASSIGNED_CONTEXT ( ( #5694 ) ) GLOBAL_UNIT_ASSIGNED_CONTEXT ( ( #4167, #628, #2343 ) ) REPRESENTATION_CONTEXT ( 'NONE', 'WORKASPACE' ) );
#1450 = CARTESIAN_POINT ( 'NONE',  ( -0.5899999999999999689, 2.000000000000000888, -1.450000000000000178 ) ) ;
#1451 = SURFACE_STYLE_FILL_AREA ( #6783 ) ;
#1452 = CARTESIAN_POINT ( 'NONE',  ( -9.659257778674560150E-15, -1.250068615027514429, 1.549999999999999822 ) ) ;
#1453 = EDGE_CURVE ( 'NONE', #2042, #1420, #6834, .T. ) ;
#1454 = DIRECTION ( 'NONE',  ( 0.000000000000000000, 1.000000000000000000, 0.000000000000000000 ) ) ;
#1455 = ORIENTED_EDGE ( 'NONE', *, *, #1773, .T. ) ;
#1456 = AXIS2_PLACEMENT_3D ( 'NONE', #1728, #3565, #6419 ) ;
#1457 = CARTESIAN_POINT ( 'NONE',  ( -0.6418009365765241503, -1.283811275518103923, 1.448384139541013083 ) ) ;
#1458 = STYLED_ITEM ( 'NONE', ( #7395 ), #5867 ) ;
#1459 = CARTESIAN_POINT ( 'NONE',  ( -0.5899999999999999689, -0.7669872981077833218, 2.100000000000000089 ) ) ;
#1460 = DIRECTION ( 'NONE',  ( 0.000000000000000000, 0.000000000000000000, 1.000000000000000000 ) ) ;
#1461 = EDGE_CURVE ( 'NONE', #812, #5100, #7173, .T. ) ;
#1462 = PLANE ( 'NONE',  #718 ) ;
#1463 = ORIENTED_EDGE ( 'NONE', *, *, #147, .T. ) ;
#1464 = PRESENTATION_LAYER_ASSIGNMENT (  '', '', ( #6818 ) ) ;
#1465 = AXIS2_PLACEMENT_3D ( 'NONE', #3176, #4877, #5375 ) ;
#1466 = FACE_OUTER_BOUND ( 'NONE', #57, .T. ) ;
#1467 = STYLED_ITEM ( 'NONE', ( #3437 ), #629 ) ;
#1468 =( GEOMETRIC_REPRESENTATION_CONTEXT ( 3 ) GLOBAL_UNCERTAINTY_ASSIGNED_CONTEXT ( ( #4682 ) ) GLOBAL_UNIT_ASSIGNED_CONTEXT ( ( #4411, #5519, #6732 ) ) REPRESENTATION_CONTEXT ( 'NONE', 'WORKASPACE' ) );
#1469 = ORIENTED_EDGE ( 'NONE', *, *, #604, .T. ) ;
#1470 = CARTESIAN_POINT ( 'NONE',  ( 0.000000000000000000, -1.050000000000000044, -1.549999999999999822 ) ) ;
#1471 = AXIS2_PLACEMENT_3D ( 'NONE', #7179, #2570, #5373 ) ;
#1472 = STYLED_ITEM ( 'NONE', ( #7239 ), #1624 ) ;
#1473 = DIRECTION ( 'NONE',  ( 0.000000000000000000, 0.9980333389416008449, -0.06268536002193560164 ) ) ;
#1474 = ORIENTED_EDGE ( 'NONE', *, *, #450, .T. ) ;
#1475 = EDGE_CURVE ( 'NONE', #7474, #1099, #3442, .T. ) ;
#1476 = COLOUR_RGB ( '',0.6666666666666666297, 0.6980392156862744724, 0.7686274509803920907 ) ;
#1477 = EDGE_CURVE ( 'NONE', #6315, #1161, #5118, .T. ) ;
#1478 = MECHANICAL_DESIGN_GEOMETRIC_PRESENTATION_REPRESENTATION (  '', ( #6969 ), #2331 ) ;
#1479 = ORIENTED_EDGE ( 'NONE', *, *, #4482, .F. ) ;
#1480 = DIRECTION ( 'NONE',  ( 0.000000000000000000, 1.000000000000000000, 2.710505431213758620E-16 ) ) ;
#1481 = PLANE ( 'NONE',  #480 ) ;
#1482 = ORIENTED_EDGE ( 'NONE', *, *, #673, .F. ) ;
#1483 = VERTEX_POINT ( 'NONE', #2798 ) ;
#1484 = EDGE_CURVE ( 'NONE', #5460, #4194, #1153, .T. ) ;
#1485 = DIRECTION ( 'NONE',  ( 0.000000000000000000, 0.000000000000000000, -1.000000000000000000 ) ) ;
#1486 = DIRECTION ( 'NONE',  ( 0.000000000000000000, -0.5000000000000061062, -0.8660254037844351549 ) ) ;
#1487 = CARTESIAN_POINT ( 'NONE',  ( 0.04341199915453048536, -1.320722290336347804, 1.549999999999999822 ) ) ;
#1488 = AXIS2_PLACEMENT_3D ( 'NONE', #3555, #4196, #805 ) ;
#1489 = CARTESIAN_POINT ( 'NONE',  ( -0.7400000000037832981, -1.307231856402904180, 1.301077948283782870 ) ) ;
#1490 = VERTEX_POINT ( 'NONE', #4541 ) ;
#1491 =( LENGTH_UNIT ( ) NAMED_UNIT ( * ) SI_UNIT ( .MILLI., .METRE. ) );
#1492 = DIRECTION ( 'NONE',  ( 1.000000000000000000, 0.000000000000000000, 0.000000000000000000 ) ) ;
#1493 = DIRECTION ( 'NONE',  ( 0.000000000000000000, 0.000000000000000000, 1.000000000000000000 ) ) ;
#1494 = DIRECTION ( 'NONE',  ( 1.000000000000000000, -0.000000000000000000, -0.000000000000000000 ) ) ;
#1495 = VECTOR ( 'NONE', #1768, 1000.000000000000000 ) ;
#1496 = MECHANICAL_DESIGN_GEOMETRIC_PRESENTATION_REPRESENTATION (  '', ( #2488 ), #1741 ) ;
#1497 = FILL_AREA_STYLE_COLOUR ( '', #3839 ) ;
#1498 = EDGE_LOOP ( 'NONE', ( #5421, #4242, #2860, #4158 ) ) ;
#1499 = CARTESIAN_POINT ( 'NONE',  ( -0.8406803038083915380, 0.000000000000000000, 0.000000000000000000 ) ) ;
#1500 = AXIS2_PLACEMENT_3D ( 'NONE', #7118, #1887, #705 ) ;
#1501 = STYLED_ITEM ( 'NONE', ( #1014 ), #1022 ) ;
#1502 = DIRECTION ( 'NONE',  ( 0.000000000000000000, 0.000000000000000000, -1.000000000000000000 ) ) ;
#1503 = EDGE_CURVE ( 'NONE', #5399, #2374, #446, .T. ) ;
#1504 = CARTESIAN_POINT ( 'NONE',  ( 0.000000000000000000, -1.050000000000000044, 1.549999999999999822 ) ) ;
#1505 = STYLED_ITEM ( 'NONE', ( #5915 ), #4356 ) ;
#1506 = EDGE_CURVE ( 'NONE', #5044, #877, #6872, .T. ) ;
#1507 = ORIENTED_EDGE ( 'NONE', *, *, #3652, .F. ) ;
#1508 = ORIENTED_EDGE ( 'NONE', *, *, #5823, .F. ) ;
#1509 = FILL_AREA_STYLE_COLOUR ( '', #6733 ) ;
#1510 = ORIENTED_EDGE ( 'NONE', *, *, #3218, .F. ) ;
#1511 =( NAMED_UNIT ( * ) SI_UNIT ( $, .STERADIAN. ) SOLID_ANGLE_UNIT ( ) );
#1512 = DIRECTION ( 'NONE',  ( 1.000000000000000000, -0.000000000000000000, -0.000000000000000000 ) ) ;
#1513 =( GEOMETRIC_REPRESENTATION_CONTEXT ( 3 ) GLOBAL_UNCERTAINTY_ASSIGNED_CONTEXT ( ( #4449 ) ) GLOBAL_UNIT_ASSIGNED_CONTEXT ( ( #5008, #4400, #3121 ) ) REPRESENTATION_CONTEXT ( 'NONE', 'WORKASPACE' ) );
#1514 = VERTEX_POINT ( 'NONE', #2300 ) ;
#1515 = PRESENTATION_STYLE_ASSIGNMENT (( #2137 ) ) ;
#1516 = ORIENTED_EDGE ( 'NONE', *, *, #5047, .T. ) ;
#1517 = SURFACE_SIDE_STYLE ('',( #6742 ) ) ;
#1518 = CARTESIAN_POINT ( 'NONE',  ( 0.05000000000000000278, 1.050000000000000044, -1.549999999999999822 ) ) ;
#1519 = CARTESIAN_POINT ( 'NONE',  ( 0.04723372275511426160, -1.310090931198512942, 1.549999999999999822 ) ) ;
#1520 = CARTESIAN_POINT ( 'NONE',  ( 0.000000000000000000, -1.850000000000000533, 1.399999999999999023 ) ) ;
#1521 =( NAMED_UNIT ( * ) PLANE_ANGLE_UNIT ( ) SI_UNIT ( $, .RADIAN. ) );
#1522 = ORIENTED_EDGE ( 'NONE', *, *, #975, .F. ) ;
#1523 = FILL_AREA_STYLE_COLOUR ( '', #4831 ) ;
#1524 = EDGE_CURVE ( 'NONE', #4452, #2969, #1643, .T. ) ;
#1525 =( LENGTH_UNIT ( ) NAMED_UNIT ( * ) SI_UNIT ( .MILLI., .METRE. ) );
#1526 = CARTESIAN_POINT ( 'NONE',  ( -1.889999999999999902, 1.599999999999999867, -1.549999999999998712 ) ) ;
#1527 = CARTESIAN_POINT ( 'NONE',  ( -1.889999999999999902, 1.800000000000000044, -1.349999999999999201 ) ) ;
#1528 = DIRECTION ( 'NONE',  ( 1.000000000000000000, 0.000000000000000000, 0.000000000000000000 ) ) ;
#1529 = AXIS2_PLACEMENT_3D ( 'NONE', #945, #2097, #6165 ) ;
#1530 = ORIENTED_EDGE ( 'NONE', *, *, #4735, .T. ) ;
#1531 = CARTESIAN_POINT ( 'NONE',  ( 0.06000000000000000472, -1.850000000000000533, 1.549999999999999156 ) ) ;
#1532 = CARTESIAN_POINT ( 'NONE',  ( -1.939999999999999947, -0.7669872981077823226, 2.049999999999999378 ) ) ;
#1533 = VECTOR ( 'NONE', #6803, 1000.000000000000000 ) ;
#1534 = VECTOR ( 'NONE', #6744, 1000.000000000000000 ) ;
#1535 = FILL_AREA_STYLE_COLOUR ( '', #5724 ) ;
#1536 =( LENGTH_UNIT ( ) NAMED_UNIT ( * ) SI_UNIT ( .MILLI., .METRE. ) );
#1537 = DIRECTION ( 'NONE',  ( 1.000000000000000000, 0.000000000000000000, 0.000000000000000000 ) ) ;
#1538 = CARTESIAN_POINT ( 'NONE',  ( -1.489999999999999991, -0.7669872981077823226, 2.100000000000000089 ) ) ;
#1539 = EDGE_CURVE ( 'NONE', #219, #2741, #4572, .T. ) ;
#1540 = FILL_AREA_STYLE ('',( #1059 ) ) ;
#1541 = EDGE_LOOP ( 'NONE', ( #5735, #3703, #5799, #2788 ) ) ;
#1542 = LINE ( 'NONE', #3028, #2742 ) ;
#1543 = MECHANICAL_DESIGN_GEOMETRIC_PRESENTATION_REPRESENTATION (  '', ( #1431 ), #3980 ) ;
#1544 = EDGE_CURVE ( 'NONE', #3672, #2749, #3331, .T. ) ;
#1545 = EDGE_CURVE ( 'NONE', #6747, #94, #1716, .T. ) ;
#1546 = ORIENTED_EDGE ( 'NONE', *, *, #3394, .T. ) ;
#1547 =( GEOMETRIC_REPRESENTATION_CONTEXT ( 3 ) GLOBAL_UNCERTAINTY_ASSIGNED_CONTEXT ( ( #6444 ) ) GLOBAL_UNIT_ASSIGNED_CONTEXT ( ( #3361, #6670, #3283 ) ) REPRESENTATION_CONTEXT ( 'NONE', 'WORKASPACE' ) );
#1548 =( LENGTH_UNIT ( ) NAMED_UNIT ( * ) SI_UNIT ( .MILLI., .METRE. ) );
#1549 =( NAMED_UNIT ( * ) PLANE_ANGLE_UNIT ( ) SI_UNIT ( $, .RADIAN. ) );
#1550 = ORIENTED_EDGE ( 'NONE', *, *, #1156, .T. ) ;
#1551 = UNCERTAINTY_MEASURE_WITH_UNIT (LENGTH_MEASURE( 1.000000000000000082E-05 ), #2872, 'distance_accuracy_value', 'NONE');
#1552 = VECTOR ( 'NONE', #5766, 1000.000000000000000 ) ;
#1553 = CARTESIAN_POINT ( 'NONE',  ( 0.000000000000000000, -0.7669872981077828777, -2.100000000000000977 ) ) ;
#1554 = CIRCLE ( 'NONE', #243, 0.2000000000000000944 ) ;
#1555 = ADVANCED_FACE ( 'NONE', ( #4080 ), #4651, .T. ) ;
#1556 = CARTESIAN_POINT ( 'NONE',  ( -0.5899999999999999689, 1.199999999999999734, 1.549999999999999822 ) ) ;
#1557 = PRESENTATION_STYLE_ASSIGNMENT (( #2020 ) ) ;
#1558 = ORIENTED_EDGE ( 'NONE', *, *, #2646, .F. ) ;
#1559 = DIRECTION ( 'NONE',  ( -0.000000000000000000, -1.000000000000000000, -0.000000000000000000 ) ) ;
#1560 = ORIENTED_EDGE ( 'NONE', *, *, #2351, .F. ) ;
#1561 = CIRCLE ( 'NONE', #5828, 0.09999999999999917288 ) ;
#1562 = CARTESIAN_POINT ( 'NONE',  ( -0.6267694360889213279, -1.199999999999999734, 1.549999999999999822 ) ) ;
#1563 = UNCERTAINTY_MEASURE_WITH_UNIT (LENGTH_MEASURE( 1.000000000000000082E-05 ), #3099, 'distance_accuracy_value', 'NONE');
#1564 =( NAMED_UNIT ( * ) SI_UNIT ( $, .STERADIAN. ) SOLID_ANGLE_UNIT ( ) );
#1565 = CARTESIAN_POINT ( 'NONE',  ( -1.889999999999999902, -0.8102885682970057957, -2.025000000000000355 ) ) ;
#1566 = PLANE ( 'NONE',  #1346 ) ;
#1567 = ORIENTED_EDGE ( 'NONE', *, *, #7038, .F. ) ;
#1568 = CARTESIAN_POINT ( 'NONE',  ( -1.489999999999999991, 0.8535898384862270483, 2.050000000000000266 ) ) ;
#1569 = AXIS2_PLACEMENT_3D ( 'NONE', #6962, #5191, #625 ) ;
#1570 = AXIS2_PLACEMENT_3D ( 'NONE', #3647, #1434, #826 ) ;
#1571 = FILL_AREA_STYLE ('',( #2229 ) ) ;
#1572 = FACE_OUTER_BOUND ( 'NONE', #2799, .T. ) ;
#1573 = PRESENTATION_STYLE_ASSIGNMENT (( #2117 ) ) ;
#1574 = CARTESIAN_POINT ( 'NONE',  ( -0.1699999999999999567, -1.300000000000000044, 1.740047317545275751 ) ) ;
#1575 = MECHANICAL_DESIGN_GEOMETRIC_PRESENTATION_REPRESENTATION (  '', ( #142 ), #1100 ) ;
#1576 = ORIENTED_EDGE ( 'NONE', *, *, #4637, .F. ) ;
#1577 = MANIFOLD_SOLID_BREP ( 'Boss-Extrude5[2]', #3270 ) ;
#1578 = CARTESIAN_POINT ( 'NONE',  ( -0.000000000000000000, -1.289173461088215955, 1.659810166669147380 ) ) ;
#1579 = PLANE ( 'NONE',  #429 ) ;
#1580 =( NAMED_UNIT ( * ) PLANE_ANGLE_UNIT ( ) SI_UNIT ( $, .RADIAN. ) );
#1581 = PRESENTATION_STYLE_ASSIGNMENT (( #6232 ) ) ;
#1582 = DIRECTION ( 'NONE',  ( 0.000000000000000000, 0.5000000000000003331, -0.8660254037844384856 ) ) ;
#1583 = SURFACE_SIDE_STYLE ('',( #3381 ) ) ;
#1585 = VECTOR ( 'NONE', #2267, 1000.000000000000000 ) ;
#1584 = FACE_OUTER_BOUND ( 'NONE', #388, .T. ) ;
#1586 = COLOUR_RGB ( '',0.1098039215686274495, 0.1098039215686274495, 0.1098039215686274495 ) ;
#1587 = ORIENTED_EDGE ( 'NONE', *, *, #3350, .F. ) ;
#1588 = CARTESIAN_POINT ( 'NONE',  ( -1.889999999999999902, -1.200000000000000178, -1.550000000000000266 ) ) ;
#1589 = VERTEX_POINT ( 'NONE', #2173 ) ;
#1590 = FILL_AREA_STYLE ('',( #5101 ) ) ;
#1591 = EDGE_CURVE ( 'NONE', #7459, #5553, #1033, .T. ) ;
#1592 = EDGE_LOOP ( 'NONE', ( #3624, #3111, #1675, #4444, #6132, #2235, #4352, #3122 ) ) ;
#1593 = STYLED_ITEM ( 'NONE', ( #3568 ), #679 ) ;
#1594 = STYLED_ITEM ( 'NONE', ( #4562 ), #6887 ) ;
#1595 = DIRECTION ( 'NONE',  ( 0.000000000000000000, 0.000000000000000000, -1.000000000000000000 ) ) ;
#1596 = FACE_OUTER_BOUND ( 'NONE', #3976, .T. ) ;
#1597 = SURFACE_STYLE_USAGE ( .BOTH. , #4636 ) ;
#1598 = MECHANICAL_DESIGN_GEOMETRIC_PRESENTATION_REPRESENTATION (  '', ( #4881 ), #3527 ) ;
#1599 = CARTESIAN_POINT ( 'NONE',  ( -0.6330644189661075449, -1.113397459621555674, 1.599999999999999867 ) ) ;
#1600 = VERTEX_POINT ( 'NONE', #6207 ) ;
#1601 = PRESENTATION_LAYER_ASSIGNMENT (  '', '', ( #6350 ) ) ;
#1602 = SURFACE_SIDE_STYLE ('',( #1072 ) ) ;
#1603 = ORIENTED_EDGE ( 'NONE', *, *, #4762, .F. ) ;
#1604 = STYLED_ITEM ( 'NONE', ( #6002 ), #7265 ) ;
#1605 =( NAMED_UNIT ( * ) PLANE_ANGLE_UNIT ( ) SI_UNIT ( $, .RADIAN. ) );
#1606 = DIRECTION ( 'NONE',  ( 0.000000000000000000, 0.000000000000000000, 1.000000000000000000 ) ) ;
#1607 = B_SPLINE_CURVE_WITH_KNOTS ( 'NONE', 3,
 ( #7145, #5070, #6109, #2752, #7266, #5643, #6781, #7343 ),
 .UNSPECIFIED., .F., .F.,
 ( 4, 2, 2, 4 ),
 ( 1.114357386578888442E-14, 3.320669042488808530E-05, 6.641338083863260514E-05, 0.0001328267616661214280 ),
 .UNSPECIFIED. ) ;
#1608 = ADVANCED_FACE ( 'NONE', ( #471 ), #2820, .T. ) ;
#1609 = CARTESIAN_POINT ( 'NONE',  ( -1.340000000000000080, -1.656158728900766652, 0.4898018108855673458 ) ) ;
#1610 = EDGE_LOOP ( 'NONE', ( #1342, #6524, #786, #4768 ) ) ;
#1611 = CARTESIAN_POINT ( 'NONE',  ( -0.5899999999999999689, -0.8535898384862269372, -2.049999999999999822 ) ) ;
#1612 = CARTESIAN_POINT ( 'NONE',  ( -1.489999999999999991, 1.113397459621555674, 1.599999999999999867 ) ) ;
#1613 = VERTEX_POINT ( 'NONE', #953 ) ;
#1614 = CARTESIAN_POINT ( 'NONE',  ( -0.5899999999999999689, -0.7669872981077833218, 2.100000000000000089 ) ) ;
#1615 = CARTESIAN_POINT ( 'NONE',  ( -0.5899999999999999689, -2.099999999999999201, -0.1318986559964980820 ) ) ;
#1616 = FILL_AREA_STYLE ('',( #2232 ) ) ;
#1617 =( LENGTH_UNIT ( ) NAMED_UNIT ( * ) SI_UNIT ( .MILLI., .METRE. ) );
#1618 = ORIENTED_EDGE ( 'NONE', *, *, #2290, .T. ) ;
#1619 = CARTESIAN_POINT ( 'NONE',  ( -0.000000000000000000, -1.349335050384802059, 1.594126135960314272 ) ) ;
#1620 = PRESENTATION_STYLE_ASSIGNMENT (( #4057 ) ) ;
#1621 =( NAMED_UNIT ( * ) PLANE_ANGLE_UNIT ( ) SI_UNIT ( $, .RADIAN. ) );
#1622 = CARTESIAN_POINT ( 'NONE',  ( -1.797507432172994636E-14, 1.349931384972484771, 1.549999999999999822 ) ) ;
#1623 = DIRECTION ( 'NONE',  ( 0.000000000000000000, 0.000000000000000000, -1.000000000000000000 ) ) ;
#1624 = ADVANCED_FACE ( 'NONE', ( #6114 ), #7152, .T. ) ;
#1625 = PLANE ( 'NONE',  #5655 ) ;
#1626 = ORIENTED_EDGE ( 'NONE', *, *, #3140, .T. ) ;
#1627 = VERTEX_POINT ( 'NONE', #3148 ) ;
#1628 =( NAMED_UNIT ( * ) SI_UNIT ( $, .STERADIAN. ) SOLID_ANGLE_UNIT ( ) );
#1629 = UNCERTAINTY_MEASURE_WITH_UNIT (LENGTH_MEASURE( 1.000000000000000082E-05 ), #4042, 'distance_accuracy_value', 'NONE');
#1630 = CARTESIAN_POINT ( 'NONE',  ( -0.5900000000000132916, -1.846361677041971516, 0.1159679160403962322 ) ) ;
#1631 = DIRECTION ( 'NONE',  ( -1.000000000000000000, 0.000000000000000000, 0.000000000000000000 ) ) ;
#1632 = SURFACE_STYLE_USAGE ( .BOTH. , #6858 ) ;
#1633 = ORIENTED_EDGE ( 'NONE', *, *, #6618, .T. ) ;
#1634 = ORIENTED_EDGE ( 'NONE', *, *, #543, .F. ) ;
#1635 = CARTESIAN_POINT ( 'NONE',  ( -0.1699999999999999567, -1.300000000000000044, 1.690047317545275707 ) ) ;
#1636 = FACE_OUTER_BOUND ( 'NONE', #2705, .T. ) ;
#1637 = UNCERTAINTY_MEASURE_WITH_UNIT (LENGTH_MEASURE( 1.000000000000000082E-05 ), #644, 'distance_accuracy_value', 'NONE');
#1638 = STYLED_ITEM ( 'NONE', ( #7122 ), #2111 ) ;
#1639 = CARTESIAN_POINT ( 'NONE',  ( -1.889999999999999902, 1.599999999999999867, -1.499999999999998668 ) ) ;
#1640 = CARTESIAN_POINT ( 'NONE',  ( -0.03907848592004670857, -1.335446977300684956, 1.549999999999999822 ) ) ;
#1641 = CARTESIAN_POINT ( 'NONE',  ( 0.05000000000000000278, 0.6747223250267392336, -1.800000000000001155 ) ) ;
#1642 = ORIENTED_EDGE ( 'NONE', *, *, #3791, .F. ) ;
#1643 = LINE ( 'NONE', #3969, #6787 ) ;
#1644 = ORIENTED_EDGE ( 'NONE', *, *, #6318, .T. ) ;
#1645 = EDGE_CURVE ( 'NONE', #5911, #5510, #1230, .T. ) ;
#1646 = DIRECTION ( 'NONE',  ( 1.000000000000000000, -0.000000000000000000, -0.000000000000000000 ) ) ;
#1647 = AXIS2_PLACEMENT_3D ( 'NONE', #4554, #416, #3981 ) ;
#1648 = DIRECTION ( 'NONE',  ( -1.000000000000000000, 0.000000000000000000, 0.000000000000000000 ) ) ;
#1649 = PRESENTATION_STYLE_ASSIGNMENT (( #3372 ) ) ;
#1650 = SURFACE_STYLE_FILL_AREA ( #3975 ) ;
#1651 = ORIENTED_EDGE ( 'NONE', *, *, #5930, .T. ) ;
#1652 =( LENGTH_UNIT ( ) NAMED_UNIT ( * ) SI_UNIT ( .MILLI., .METRE. ) );
#1653 =( LENGTH_UNIT ( ) NAMED_UNIT ( * ) SI_UNIT ( .MILLI., .METRE. ) );
#1654 = CYLINDRICAL_SURFACE ( 'NONE', #1456, 0.09999999999999982514 ) ;
#1655 = CARTESIAN_POINT ( 'NONE',  ( 0.004166856743470745937, 1.250411333094507027, 1.549999999999999822 ) ) ;
#1656 = AXIS2_PLACEMENT_3D ( 'NONE', #2167, #1441, #4912 ) ;
#1657 = CARTESIAN_POINT ( 'NONE',  ( -0.6377777933336310490, -1.126584253556441650, -1.581450336011698932 ) ) ;
#1658 = CARTESIAN_POINT ( 'NONE',  ( -0.8406803038083915380, -0.1133489185248035686, -1.804663793605831179 ) ) ;
#1659 = DIRECTION ( 'NONE',  ( 1.000000000000000000, 0.000000000000000000, 0.000000000000000000 ) ) ;
#1660 =( GEOMETRIC_REPRESENTATION_CONTEXT ( 3 ) GLOBAL_UNCERTAINTY_ASSIGNED_CONTEXT ( ( #4843 ) ) GLOBAL_UNIT_ASSIGNED_CONTEXT ( ( #1525, #4009, #5080 ) ) REPRESENTATION_CONTEXT ( 'NONE', 'WORKASPACE' ) );
#1661 = VERTEX_POINT ( 'NONE', #3785 ) ;
#1662 = PRESENTATION_STYLE_ASSIGNMENT (( #1026 ) ) ;
#1663 = ORIENTED_EDGE ( 'NONE', *, *, #1461, .F. ) ;
#1664 = DIRECTION ( 'NONE',  ( 0.000000000000000000, -1.000000000000000000, 2.710505431213758620E-16 ) ) ;
#1665 = AXIS2_PLACEMENT_3D ( 'NONE', #3610, #1397, #3649 ) ;
#1666 = CIRCLE ( 'NONE', #3618, 0.09999999999999961697 ) ;
#1667 = ORIENTED_EDGE ( 'NONE', *, *, #687, .F. ) ;
#1668 =( LENGTH_UNIT ( ) NAMED_UNIT ( * ) SI_UNIT ( .MILLI., .METRE. ) );
#1669 = ORIENTED_EDGE ( 'NONE', *, *, #107, .F. ) ;
#1670 = VECTOR ( 'NONE', #1009, 1000.000000000000114 ) ;
#1671 = CARTESIAN_POINT ( 'NONE',  ( -1.340000000000000080, 0.000000000000000000, 0.000000000000000000 ) ) ;
#1672 = LINE ( 'NONE', #4004, #6341 ) ;
#1673 =( NAMED_UNIT ( * ) SI_UNIT ( $, .STERADIAN. ) SOLID_ANGLE_UNIT ( ) );
#1674 = STYLED_ITEM ( 'NONE', ( #6226 ), #4975 ) ;
#1675 = ORIENTED_EDGE ( 'NONE', *, *, #3754, .F. ) ;
#1676 = DIRECTION ( 'NONE',  ( 1.000000000000000000, -0.000000000000000000, -0.000000000000000000 ) ) ;
#1677 = CARTESIAN_POINT ( 'NONE',  ( -0.03241163827246916485, 1.259029945927677252, 1.549999999999999822 ) ) ;
#1678 =( LENGTH_UNIT ( ) NAMED_UNIT ( * ) SI_UNIT ( .MILLI., .METRE. ) );
#1679 = STYLED_ITEM ( 'NONE', ( #6919 ), #5025 ) ;
#1680 = SURFACE_STYLE_FILL_AREA ( #3513 ) ;
#1681 = CARTESIAN_POINT ( 'NONE',  ( 0.000000000000000000, -0.7669872981077833218, 2.100000000000000089 ) ) ;
#1682 = ORIENTED_EDGE ( 'NONE', *, *, #7441, .T. ) ;
#1683 = CIRCLE ( 'NONE', #5952, 0.09999999999999982514 ) ;
#1684 = AXIS2_PLACEMENT_3D ( 'NONE', #7074, #3482, #6414 ) ;
#1685 = FILL_AREA_STYLE ('',( #5048 ) ) ;
#1686 = DIRECTION ( 'NONE',  ( -1.000000000000000000, 0.000000000000000000, 0.000000000000000000 ) ) ;
#1687 = CARTESIAN_POINT ( 'NONE',  ( 0.02750168160568907880, 1.259423874234483209, 1.549999999999999822 ) ) ;
#1688 = FILL_AREA_STYLE ('',( #5783 ) ) ;
#1689 = LINE ( 'NONE', #4555, #3197 ) ;
#1690 = FACE_OUTER_BOUND ( 'NONE', #5746, .T. ) ;
#1691 = VECTOR ( 'NONE', #3194, 1000.000000000000000 ) ;
#1692 = ADVANCED_BREP_SHAPE_REPRESENTATION ( 'PA4332.332NLT', ( #4263, #6750, #6615, #1577, #6196 ), #6442 ) ;
#1693 = FACE_OUTER_BOUND ( 'NONE', #3357, .T. ) ;
#1694 = PRESENTATION_LAYER_ASSIGNMENT (  '', '', ( #871 ) ) ;
#1695 = ORIENTED_EDGE ( 'NONE', *, *, #5275, .F. ) ;
#1696 = LINE ( 'NONE', #2861, #2403 ) ;
#1697 = MECHANICAL_DESIGN_GEOMETRIC_PRESENTATION_REPRESENTATION (  '', ( #4621 ), #4987 ) ;
#1698 = STYLED_ITEM ( 'NONE', ( #7094 ), #6720 ) ;
#1699 = ADVANCED_FACE ( 'NONE', ( #187 ), #293, .T. ) ;
#1700 = COLOUR_RGB ( '',0.6666666666666666297, 0.6980392156862744724, 0.7686274509803920907 ) ;
#1701 = ORIENTED_EDGE ( 'NONE', *, *, #4503, .T. ) ;
#1702 = VERTEX_POINT ( 'NONE', #4360 ) ;
#1703 = EDGE_CURVE ( 'NONE', #5869, #3672, #327, .T. ) ;
#1704 = VECTOR ( 'NONE', #6049, 1000.000000000000000 ) ;
#1705 = LINE ( 'NONE', #2221, #6362 ) ;
#1706 = AXIS2_PLACEMENT_3D ( 'NONE', #1943, #1830, #6542 ) ;
#1707 = SURFACE_STYLE_FILL_AREA ( #5148 ) ;
#1708 = UNCERTAINTY_MEASURE_WITH_UNIT (LENGTH_MEASURE( 1.000000000000000082E-05 ), #6349, 'distance_accuracy_value', 'NONE');
#1709 =( NAMED_UNIT ( * ) SI_UNIT ( $, .STERADIAN. ) SOLID_ANGLE_UNIT ( ) );
#1710 = CARTESIAN_POINT ( 'NONE',  ( -0.7399999999999998801, 1.300000000012557555, 1.308264122049154210 ) ) ;
#1711 = AXIS2_PLACEMENT_3D ( 'NONE', #5020, #7373, #835 ) ;
#1712 = EDGE_LOOP ( 'NONE', ( #1043, #1103, #5810, #4379, #578, #1073, #4055, #4542, #2268, #6994, #4739, #3741, #6186, #4729, #2518, #38 ) ) ;
#1713 = EDGE_CURVE ( 'NONE', #960, #4402, #2030, .T. ) ;
#1714 = ORIENTED_EDGE ( 'NONE', *, *, #3908, .T. ) ;
#1715 = PRESENTATION_STYLE_ASSIGNMENT (( #6404 ) ) ;
#1716 = LINE ( 'NONE', #2759, #5941 ) ;
#1717 = EDGE_CURVE ( 'NONE', #1312, #2884, #2026, .T. ) ;
#1718 = DIRECTION ( 'NONE',  ( 0.000000000000000000, 0.000000000000000000, 1.000000000000000000 ) ) ;
#1719 = DIRECTION ( 'NONE',  ( 0.000000000000000000, -0.4999999999999966138, -0.8660254037844407060 ) ) ;
#1720 = CARTESIAN_POINT ( 'NONE',  ( -1.889999999999999902, 1.599999999999999867, -1.349999999999999201 ) ) ;
#1721 = DIRECTION ( 'NONE',  ( 1.000000000000000000, 0.000000000000000000, 0.000000000000000000 ) ) ;
#1722 = CARTESIAN_POINT ( 'NONE',  ( -0.6381527718985695596, -1.131098442462682430, 1.577525346713959387 ) ) ;
#1723 = AXIS2_PLACEMENT_3D ( 'NONE', #3096, #5405, #1718 ) ;
#1724 = ORIENTED_EDGE ( 'NONE', *, *, #455, .F. ) ;
#1725 = ORIENTED_EDGE ( 'NONE', *, *, #7282, .T. ) ;
#1726 = CARTESIAN_POINT ( 'NONE',  ( -1.939999999999999947, -1.600000000000000311, 1.499999999999998224 ) ) ;
#1727 = CARTESIAN_POINT ( 'NONE',  ( -1.889999999999999902, 1.750000000000000444, -1.349999999999999201 ) ) ;
#1728 = CARTESIAN_POINT ( 'NONE',  ( -1.889999999999999902, 1.199999999999999734, 1.649999999999999467 ) ) ;
#1729 = SURFACE_STYLE_FILL_AREA ( #1688 ) ;
#1730 =( LENGTH_UNIT ( ) NAMED_UNIT ( * ) SI_UNIT ( .MILLI., .METRE. ) );
#1731 = AXIS2_PLACEMENT_3D ( 'NONE', #5953, #729, #3066 ) ;
#1732 = AXIS2_PLACEMENT_3D ( 'NONE', #7385, #5612, #2144 ) ;
#1733 = EDGE_CURVE ( 'NONE', #4530, #6514, #3364, .T. ) ;
#1734 = CARTESIAN_POINT ( 'NONE',  ( -1.451497385928221417, -1.675164320505895033, -0.3363310240302568310 ) ) ;
#1735 = SURFACE_SIDE_STYLE ('',( #6427 ) ) ;
#1736 = ORIENTED_EDGE ( 'NONE', *, *, #7418, .T. ) ;
#1737 = FILL_AREA_STYLE ('',( #4595 ) ) ;
#1738 = ADVANCED_FACE ( 'NONE', ( #360 ), #7347, .T. ) ;
#1739 = AXIS2_PLACEMENT_3D ( 'NONE', #6886, #3307, #3172 ) ;
#1740 = PRESENTATION_STYLE_ASSIGNMENT (( #1597 ) ) ;
#1741 =( GEOMETRIC_REPRESENTATION_CONTEXT ( 3 ) GLOBAL_UNCERTAINTY_ASSIGNED_CONTEXT ( ( #2189 ) ) GLOBAL_UNIT_ASSIGNED_CONTEXT ( ( #2926, #6449, #738 ) ) REPRESENTATION_CONTEXT ( 'NONE', 'WORKASPACE' ) );
#1742 = VERTEX_POINT ( 'NONE', #1609 ) ;
#1743 = DIRECTION ( 'NONE',  ( 0.000000000000000000, 0.000000000000000000, -1.000000000000000000 ) ) ;
#1744 = VECTOR ( 'NONE', #7015, 1000.000000000000000 ) ;
#1745 = EDGE_CURVE ( 'NONE', #6197, #2628, #7460, .T. ) ;
#1746 = AXIS2_PLACEMENT_3D ( 'NONE', #3823, #6188, #6723 ) ;
#1747 = LINE ( 'NONE', #6397, #767 ) ;
#1748 =( NAMED_UNIT ( * ) SI_UNIT ( $, .STERADIAN. ) SOLID_ANGLE_UNIT ( ) );
#1749 = DIRECTION ( 'NONE',  ( 0.000000000000000000, 0.000000000000000000, -1.000000000000000000 ) ) ;
#1750 = DIRECTION ( 'NONE',  ( -1.000000000000000000, 0.000000000000000000, 0.000000000000000000 ) ) ;
#1751 = SURFACE_STYLE_FILL_AREA ( #6328 ) ;
#1752 = ORIENTED_EDGE ( 'NONE', *, *, #244, .F. ) ;
#1753 = ORIENTED_EDGE ( 'NONE', *, *, #2119, .F. ) ;
#1754 = FILL_AREA_STYLE_COLOUR ( '', #3689 ) ;
#1755 = SURFACE_SIDE_STYLE ('',( #6405 ) ) ;
#1756 = DIRECTION ( 'NONE',  ( 4.099771871680701799E-16, 0.2836029092905777427, 0.9589418073282239829 ) ) ;
#1757 = STYLED_ITEM ( 'NONE', ( #5667 ), #1994 ) ;
#1758 = CARTESIAN_POINT ( 'NONE',  ( 0.000000000000000000, 2.099999999999999645, 1.449999999999999734 ) ) ;
#1759 = PRESENTATION_STYLE_ASSIGNMENT (( #557 ) ) ;
#1760 = ORIENTED_EDGE ( 'NONE', *, *, #7129, .T. ) ;
#1761 = CARTESIAN_POINT ( 'NONE',  ( -0.8406516964877221998, 0.03778297284160201525, 1.808224717252046476 ) ) ;
#1762 = ORIENTED_EDGE ( 'NONE', *, *, #1964, .F. ) ;
#1763 = ADVANCED_FACE ( 'NONE', ( #6255 ), #1566, .T. ) ;
#1764 = CIRCLE ( 'NONE', #5788, 0.04999999999999991257 ) ;
#1765 = DIRECTION ( 'NONE',  ( 1.000000000000000000, -0.000000000000000000, -0.000000000000000000 ) ) ;
#1766 = FACE_OUTER_BOUND ( 'NONE', #1393, .T. ) ;
#1767 =( LENGTH_UNIT ( ) NAMED_UNIT ( * ) SI_UNIT ( .MILLI., .METRE. ) );
#1768 = DIRECTION ( 'NONE',  ( 1.000000000000000000, -0.000000000000000000, -0.000000000000000000 ) ) ;
#1769 =( LENGTH_UNIT ( ) NAMED_UNIT ( * ) SI_UNIT ( .MILLI., .METRE. ) );
#1770 = ADVANCED_FACE ( 'NONE', ( #3400 ), #3328, .T. ) ;
#1771 = DIRECTION ( 'NONE',  ( 0.000000000000000000, 0.000000000000000000, 1.000000000000000000 ) ) ;
#1772 = VECTOR ( 'NONE', #4708, 1000.000000000000000 ) ;
#1773 = EDGE_CURVE ( 'NONE', #7263, #1702, #2298, .T. ) ;
#1774 = CARTESIAN_POINT ( 'NONE',  ( -1.889999999999999902, 1.599999999999999867, -1.549999999999998712 ) ) ;
#1775 = FILL_AREA_STYLE ('',( #4029 ) ) ;
#1776 = VERTEX_POINT ( 'NONE', #66 ) ;
#1777 = B_SPLINE_CURVE_WITH_KNOTS ( 'NONE', 3,
 ( #898, #4901, #3727, #3230 ),
 .UNSPECIFIED., .F., .F.,
 ( 4, 4 ),
 ( 0.000000000000000000, 0.0002266978370496677939 ),
 .UNSPECIFIED. ) ;
#1778 = UNCERTAINTY_MEASURE_WITH_UNIT (LENGTH_MEASURE( 1.000000000000000082E-05 ), #6869, 'distance_accuracy_value', 'NONE');
#1779 = FACE_OUTER_BOUND ( 'NONE', #4977, .T. ) ;
#1780 = DIRECTION ( 'NONE',  ( 0.000000000000000000, 0.000000000000000000, -1.000000000000000000 ) ) ;
#1781 = EDGE_CURVE ( 'NONE', #3759, #3113, #1149, .T. ) ;
#1782 = VECTOR ( 'NONE', #2477, 1000.000000000000000 ) ;
#1783 = EDGE_CURVE ( 'NONE', #1420, #1163, #1831, .T. ) ;
#1784 = MECHANICAL_DESIGN_GEOMETRIC_PRESENTATION_REPRESENTATION (  '', ( #2655 ), #931 ) ;
#1785 = ADVANCED_FACE ( 'NONE', ( #2957 ), #2579, .F. ) ;
#1786 = VECTOR ( 'NONE', #4237, 1000.000000000000000 ) ;
#1787 = SURFACE_SIDE_STYLE ('',( #206 ) ) ;
#1788 = DIRECTION ( 'NONE',  ( 1.000000000000000000, -0.000000000000000000, -0.000000000000000000 ) ) ;
#1789 = UNCERTAINTY_MEASURE_WITH_UNIT (LENGTH_MEASURE( 1.000000000000000082E-05 ), #4032, 'distance_accuracy_value', 'NONE');
#1790 = CARTESIAN_POINT ( 'NONE',  ( 0.000000000000000000, -0.6747223250267392336, -1.800000000000001155 ) ) ;
#1791 =( LENGTH_UNIT ( ) NAMED_UNIT ( * ) SI_UNIT ( .MILLI., .METRE. ) );
#1792 = AXIS2_PLACEMENT_3D ( 'NONE', #3753, #366, #4331 ) ;
#1793 = ORIENTED_EDGE ( 'NONE', *, *, #5932, .F. ) ;
#1794 = ORIENTED_EDGE ( 'NONE', *, *, #4503, .F. ) ;
#1795 = VECTOR ( 'NONE', #3255, 1000.000000000000000 ) ;
#1796 =( GEOMETRIC_REPRESENTATION_CONTEXT ( 3 ) GLOBAL_UNCERTAINTY_ASSIGNED_CONTEXT ( ( #1798 ) ) GLOBAL_UNIT_ASSIGNED_CONTEXT ( ( #5182, #2953, #2831 ) ) REPRESENTATION_CONTEXT ( 'NONE', 'WORKASPACE' ) );
#1797 = DIRECTION ( 'NONE',  ( 0.000000000000000000, 0.000000000000000000, -1.000000000000000000 ) ) ;
#1798 = UNCERTAINTY_MEASURE_WITH_UNIT (LENGTH_MEASURE( 1.000000000000000082E-05 ), #5182, 'distance_accuracy_value', 'NONE');
#1799 = FILL_AREA_STYLE_COLOUR ( '', #1951 ) ;
#1800 = PRESENTATION_STYLE_ASSIGNMENT (( #2467 ) ) ;
#1801 = CARTESIAN_POINT ( 'NONE',  ( -0.6899999999999998357, 1.300000000000000044, 1.520047317545275778 ) ) ;
#1802 = COLOUR_RGB ( '',0.6666666666666666297, 0.6980392156862744724, 0.7686274509803920907 ) ;
#1803 = VERTEX_POINT ( 'NONE', #2910 ) ;
#1804 =( NAMED_UNIT ( * ) PLANE_ANGLE_UNIT ( ) SI_UNIT ( $, .RADIAN. ) );
#1805 = ORIENTED_EDGE ( 'NONE', *, *, #3652, .T. ) ;
#1806 = DIRECTION ( 'NONE',  ( 0.000000000000000000, 0.000000000000000000, -1.000000000000000000 ) ) ;
#1807 = EDGE_CURVE ( 'NONE', #4900, #6747, #2815, .T. ) ;
#1808 = FILL_AREA_STYLE_COLOUR ( '', #2544 ) ;
#1809 = EDGE_CURVE ( 'NONE', #3005, #6356, #6468, .T. ) ;
#1810 = CARTESIAN_POINT ( 'NONE',  ( -1.451497385928220973, 1.675164320505905025, 0.3363310240302668230 ) ) ;
#1811 =( NAMED_UNIT ( * ) SI_UNIT ( $, .STERADIAN. ) SOLID_ANGLE_UNIT ( ) );
#1812 = DIRECTION ( 'NONE',  ( 0.000000000000000000, 1.000000000000000000, 5.421010862427524142E-16 ) ) ;
#1813 =( NAMED_UNIT ( * ) PLANE_ANGLE_UNIT ( ) SI_UNIT ( $, .RADIAN. ) );
#1814 = CARTESIAN_POINT ( 'NONE',  ( -1.889999999999999902, -0.7669872981077823226, 2.000000000000000000 ) ) ;
#1815 = CIRCLE ( 'NONE', #3511, 0.1500000000000003830 ) ;
#1816 = CARTESIAN_POINT ( 'NONE',  ( 0.000000000000000000, 1.113397459621555674, 1.599999999999999867 ) ) ;
#1817 = ORIENTED_EDGE ( 'NONE', *, *, #2450, .T. ) ;
#1818 = DIRECTION ( 'NONE',  ( 0.000000000000000000, 0.000000000000000000, 1.000000000000000000 ) ) ;
#1819 = SURFACE_SIDE_STYLE ('',( #5789 ) ) ;
#1820 = ORIENTED_EDGE ( 'NONE', *, *, #7539, .T. ) ;
#1821 = FILL_AREA_STYLE ('',( #3574 ) ) ;
#1822 = AXIS2_PLACEMENT_3D ( 'NONE', #324, #7104, #4806 ) ;
#1823 =( LENGTH_UNIT ( ) NAMED_UNIT ( * ) SI_UNIT ( .MILLI., .METRE. ) );
#1824 = EDGE_CURVE ( 'NONE', #5633, #2969, #3133, .T. ) ;
#1825 = VECTOR ( 'NONE', #4177, 1000.000000000000000 ) ;
#1826 = PRESENTATION_STYLE_ASSIGNMENT (( #4721 ) ) ;
#1827 = DIRECTION ( 'NONE',  ( 1.000000000000000000, 0.000000000000000000, 0.000000000000000000 ) ) ;
#1828 = SURFACE_SIDE_STYLE ('',( #4189 ) ) ;
#1829 = VECTOR ( 'NONE', #185, 1000.000000000000000 ) ;
#1830 = DIRECTION ( 'NONE',  ( 1.000000000000000000, -0.000000000000000000, -0.000000000000000000 ) ) ;
#1831 = CIRCLE ( 'NONE', #1224, 0.09999999999999982514 ) ;
#1832 =( NAMED_UNIT ( * ) PLANE_ANGLE_UNIT ( ) SI_UNIT ( $, .RADIAN. ) );
#1833 = ORIENTED_EDGE ( 'NONE', *, *, #5142, .T. ) ;
#1834 = ORIENTED_EDGE ( 'NONE', *, *, #3862, .F. ) ;
#1835 = FACE_OUTER_BOUND ( 'NONE', #140, .T. ) ;
#1836 = CIRCLE ( 'NONE', #5363, 1.877069063257455372 ) ;
#1837 = AXIS2_PLACEMENT_3D ( 'NONE', #736, #4922, #7270 ) ;
#1838 = DIRECTION ( 'NONE',  ( 0.000000000000000000, 0.000000000000000000, 1.000000000000000000 ) ) ;
#1839 = VECTOR ( 'NONE', #4939, 1000.000000000000000 ) ;
#1840 = ADVANCED_FACE ( 'NONE', ( #4315 ), #4192, .T. ) ;
#1841 = CARTESIAN_POINT ( 'NONE',  ( 1.975206554762960543E-16, -1.349931384972484549, 1.549999999999999822 ) ) ;
#1842 = VERTEX_POINT ( 'NONE', #6589 ) ;
#1843 = SURFACE_STYLE_FILL_AREA ( #3516 ) ;
#1844 = CIRCLE ( 'NONE', #6091, 0.09999999999999917288 ) ;
#1845 = ORIENTED_EDGE ( 'NONE', *, *, #4261, .T. ) ;
#1846 = FACE_OUTER_BOUND ( 'NONE', #422, .T. ) ;
#1847 = DIRECTION ( 'NONE',  ( 0.000000000000000000, -5.654342256568344109E-16, 1.000000000000000000 ) ) ;
#1848 = PRESENTATION_LAYER_ASSIGNMENT (  '', '', ( #5870 ) ) ;
#1849 = SURFACE_SIDE_STYLE ('',( #4204 ) ) ;
#1850 = FILL_AREA_STYLE ('',( #1349 ) ) ;
#1851 = CARTESIAN_POINT ( 'NONE',  ( 0.000000000000000000, 0.6747223250267392336, -2.000000000000000888 ) ) ;
#1852 = CARTESIAN_POINT ( 'NONE',  ( -1.489999999999999991, 1.200000000000000178, -1.550000000000000266 ) ) ;
#1853 = FACE_OUTER_BOUND ( 'NONE', #5475, .T. ) ;
#1854 = CARTESIAN_POINT ( 'NONE',  ( -0.5899999999999999689, 1.422988845864112228, -1.550000000000000044 ) ) ;
#1855 = CARTESIAN_POINT ( 'NONE',  ( -0.5899999999999999689, -1.200000000000000178, -1.550000000000000266 ) ) ;
#1856 = ORIENTED_EDGE ( 'NONE', *, *, #5597, .T. ) ;
#1857 = DIRECTION ( 'NONE',  ( 3.394179123533940784E-16, 0.2836029092905782978, 0.9589418073282236499 ) ) ;
#1858 = CARTESIAN_POINT ( 'NONE',  ( -1.889999999999999902, 0.7669872981077828777, -2.100000000000000977 ) ) ;
#1859 = EDGE_CURVE ( 'NONE', #4088, #1445, #6211, .T. ) ;
#1860 = CARTESIAN_POINT ( 'NONE',  ( 0.000000000000000000, -1.850000000000000977, -1.549999999999999822 ) ) ;
#1861 = CIRCLE ( 'NONE', #2844, 0.04999999999999969746 ) ;
#1862 = LINE ( 'NONE', #1979, #1111 ) ;
#1863 = VECTOR ( 'NONE', #5315, 1000.000000000000000 ) ;
#1864 = SURFACE_STYLE_FILL_AREA ( #4223 ) ;
#1865 = CARTESIAN_POINT ( 'NONE',  ( 0.06000000000000000472, 1.050000000000000044, 1.549999999999999822 ) ) ;
#1866 = CYLINDRICAL_SURFACE ( 'NONE', #5858, 0.1499999999999999667 ) ;
#1867 = CARTESIAN_POINT ( 'NONE',  ( -0.5899999999999999689, -1.200000000000000178, -1.550000000000000266 ) ) ;
#1868 = DIRECTION ( 'NONE',  ( 0.000000000000000000, -1.000000000000000000, 0.000000000000000000 ) ) ;
#1869 = CARTESIAN_POINT ( 'NONE',  ( 0.06000000000000000472, 1.849999999999999867, -1.549999999999999378 ) ) ;
#1870 = VERTEX_POINT ( 'NONE', #284 ) ;
#1871 = ORIENTED_EDGE ( 'NONE', *, *, #2278, .T. ) ;
#1872 = EDGE_CURVE ( 'NONE', #2969, #6505, #2948, .T. ) ;
#1873 = CARTESIAN_POINT ( 'NONE',  ( -1.889999999999999902, 1.750000000000000444, 1.349999999999998312 ) ) ;
#1874 = AXIS2_PLACEMENT_3D ( 'NONE', #4322, #3591, #1989 ) ;
#1875 = UNCERTAINTY_MEASURE_WITH_UNIT (LENGTH_MEASURE( 1.000000000000000082E-05 ), #5954, 'distance_accuracy_value', 'NONE');
#1876 = DIRECTION ( 'NONE',  ( 0.000000000000000000, 0.000000000000000000, 1.000000000000000000 ) ) ;
#1877 = EDGE_LOOP ( 'NONE', ( #1227, #7166, #6622, #5537 ) ) ;
#1878 = EDGE_CURVE ( 'NONE', #1842, #1420, #5982, .T. ) ;
#1879 = CARTESIAN_POINT ( 'NONE',  ( -0.6451513565371727044, -1.324067341349927318, 1.405000714816159624 ) ) ;
#1880 = EDGE_CURVE ( 'NONE', #3244, #1490, #6545, .T. ) ;
#1881 = ORIENTED_EDGE ( 'NONE', *, *, #5371, .T. ) ;
#1882 = CARTESIAN_POINT ( 'NONE',  ( -0.7385103650194100311, 1.315248905279152059, 1.294127901604781306 ) ) ;
#1883 = DIRECTION ( 'NONE',  ( 0.000000000000000000, 0.000000000000000000, 1.000000000000000000 ) ) ;
#1884 = CARTESIAN_POINT ( 'NONE',  ( -1.489999999999999769, 1.630201072457980072, 0.4821249457939817962 ) ) ;
#1885 = FACE_OUTER_BOUND ( 'NONE', #7349, .T. ) ;
#1886 = DIRECTION ( 'NONE',  ( 1.000000000000000000, -0.000000000000000000, -0.000000000000000000 ) ) ;
#1887 = DIRECTION ( 'NONE',  ( -1.000000000000000000, -0.000000000000000000, 0.000000000000000000 ) ) ;
#1888 = DIRECTION ( 'NONE',  ( 0.000000000000000000, 0.000000000000000000, 1.000000000000000000 ) ) ;
#1889 = LINE ( 'NONE', #3526, #5620 ) ;
#1890 = AXIS2_PLACEMENT_3D ( 'NONE', #3420, #2855, #6931 ) ;
#1891 = ORIENTED_EDGE ( 'NONE', *, *, #7367, .F. ) ;
#1892 = CYLINDRICAL_SURFACE ( 'NONE', #4751, 0.1500000000000003830 ) ;
#1893 = CARTESIAN_POINT ( 'NONE',  ( -0.6399999999999997913, -1.300000000000000044, 1.520047317545275778 ) ) ;
#1894 = ORIENTED_EDGE ( 'NONE', *, *, #3922, .T. ) ;
#1895 = DIRECTION ( 'NONE',  ( 0.000000000000000000, 0.000000000000000000, -1.000000000000000000 ) ) ;
#1896 = DIRECTION ( 'NONE',  ( 0.000000000000000000, -0.000000000000000000, 1.000000000000000000 ) ) ;
#1897 = SURFACE_STYLE_FILL_AREA ( #7172 ) ;
#1898 = SURFACE_SIDE_STYLE ('',( #3023 ) ) ;
#1899 = CARTESIAN_POINT ( 'NONE',  ( -0.04968416887743886540, -1.279641529491373220, 1.549999999999999822 ) ) ;
#1900 =( GEOMETRIC_REPRESENTATION_CONTEXT ( 3 ) GLOBAL_UNCERTAINTY_ASSIGNED_CONTEXT ( ( #4142 ) ) GLOBAL_UNIT_ASSIGNED_CONTEXT ( ( #238, #5585, #1974 ) ) REPRESENTATION_CONTEXT ( 'NONE', 'WORKASPACE' ) );
#1901 =( LENGTH_UNIT ( ) NAMED_UNIT ( * ) SI_UNIT ( .MILLI., .METRE. ) );
#1902 =( NAMED_UNIT ( * ) SI_UNIT ( $, .STERADIAN. ) SOLID_ANGLE_UNIT ( ) );
#1903 = MECHANICAL_DESIGN_GEOMETRIC_PRESENTATION_REPRESENTATION (  '', ( #4574 ), #3374 ) ;
#1904 = PRESENTATION_LAYER_ASSIGNMENT (  '', '', ( #4705 ) ) ;
#1905 = CARTESIAN_POINT ( 'NONE',  ( -0.05081967737626602588, 1.317654874180437030, 1.549999999999999822 ) ) ;
#1906 = VERTEX_POINT ( 'NONE', #3701 ) ;
#1907 = ORIENTED_EDGE ( 'NONE', *, *, #3203, .F. ) ;
#1908 = DIRECTION ( 'NONE',  ( -1.000000000000000000, 0.000000000000000000, 0.000000000000000000 ) ) ;
#1909 = AXIS2_PLACEMENT_3D ( 'NONE', #4715, #2519, #2982 ) ;
#1910 = STYLED_ITEM ( 'NONE', ( #290 ), #597 ) ;
#1911 = CARTESIAN_POINT ( 'NONE',  ( -1.889999999999999902, 1.799999999999999600, -1.349999999999999201 ) ) ;
#1912 = DIRECTION ( 'NONE',  ( 0.000000000000000000, 0.000000000000000000, 1.000000000000000000 ) ) ;
#1913 = ORIENTED_EDGE ( 'NONE', *, *, #3841, .F. ) ;
#1914 = VECTOR ( 'NONE', #2196, 1000.000000000000000 ) ;
#1915 = AXIS2_PLACEMENT_3D ( 'NONE', #3885, #2753, #5071 ) ;
#1916 = ORIENTED_EDGE ( 'NONE', *, *, #7107, .T. ) ;
#1917 = FACE_OUTER_BOUND ( 'NONE', #2818, .T. ) ;
#1918 = EDGE_CURVE ( 'NONE', #5352, #5015, #7141, .T. ) ;
#1919 = AXIS2_PLACEMENT_3D ( 'NONE', #4465, #553, #407 ) ;
#1920 = CARTESIAN_POINT ( 'NONE',  ( -1.489999999999999991, 1.800000000000000266, -0.5323422472791546900 ) ) ;
#1921 =( LENGTH_UNIT ( ) NAMED_UNIT ( * ) SI_UNIT ( .MILLI., .METRE. ) );
#1922 =( GEOMETRIC_REPRESENTATION_CONTEXT ( 3 ) GLOBAL_UNCERTAINTY_ASSIGNED_CONTEXT ( ( #126 ) ) GLOBAL_UNIT_ASSIGNED_CONTEXT ( ( #5231, #29, #6258 ) ) REPRESENTATION_CONTEXT ( 'NONE', 'WORKASPACE' ) );
#1923 = CARTESIAN_POINT ( 'NONE',  ( -0.001103824457530807289, -1.250011605369491186, 1.549999999999999822 ) ) ;
#1924 = PRESENTATION_LAYER_ASSIGNMENT (  '', '', ( #5209 ) ) ;
#1925 = CARTESIAN_POINT ( 'NONE',  ( -0.5899999999999999689, -2.000000000000000888, -1.550000000000000044 ) ) ;
#1926 = CARTESIAN_POINT ( 'NONE',  ( 0.000000000000000000, -1.850000000000000977, -1.399999999999999689 ) ) ;
#1927 = DIRECTION ( 'NONE',  ( -0.000000000000000000, -1.000000000000000000, 0.000000000000000000 ) ) ;
#1928 = ORIENTED_EDGE ( 'NONE', *, *, #6817, .T. ) ;
#1929 = MECHANICAL_DESIGN_GEOMETRIC_PRESENTATION_REPRESENTATION (  '', ( #1674 ), #2789 ) ;
#1930 = CARTESIAN_POINT ( 'NONE',  ( -1.939999999999999947, 1.200000000000000178, -1.649999999999999911 ) ) ;
#1931 = FILL_AREA_STYLE ('',( #7169 ) ) ;
#1932 = ORIENTED_EDGE ( 'NONE', *, *, #7398, .T. ) ;
#1933 = CARTESIAN_POINT ( 'NONE',  ( -1.939999999999999947, 0.8102885682970049075, 2.024999999999999911 ) ) ;
#1934 = COLOUR_RGB ( '',0.1098039215686274495, 0.1098039215686274495, 0.1098039215686274495 ) ;
#1935 = VECTOR ( 'NONE', #2148, 1000.000000000000114 ) ;
#1936 = VECTOR ( 'NONE', #5451, 1000.000000000000000 ) ;
#1937 = FILL_AREA_STYLE_COLOUR ( '', #5122 ) ;
#1938 = CARTESIAN_POINT ( 'NONE',  ( -0.8406803038083915380, -1.804663793605829181, -0.1133489185248336278 ) ) ;
#1939 = SURFACE_STYLE_FILL_AREA ( #4188 ) ;
#1940 = EDGE_CURVE ( 'NONE', #7425, #2865, #1542, .T. ) ;
#1941 = PRODUCT_DEFINITION_FORMATION_WITH_SPECIFIED_SOURCE ( 'ANY', '', #941, .NOT_KNOWN. ) ;
#1942 = MECHANICAL_DESIGN_GEOMETRIC_PRESENTATION_REPRESENTATION (  '', ( #5232 ), #7193 ) ;
#1943 = CARTESIAN_POINT ( 'NONE',  ( -1.939999999999999947, 1.599999999999999867, -1.349999999999999201 ) ) ;
#1944 = EDGE_CURVE ( 'NONE', #5921, #7249, #5336, .T. ) ;
#1945 = DIRECTION ( 'NONE',  ( 0.000000000000000000, 0.000000000000000000, 1.000000000000000000 ) ) ;
#1946 = VERTEX_POINT ( 'NONE', #2455 ) ;
#1947 = VERTEX_POINT ( 'NONE', #1869 ) ;
#1948 = CARTESIAN_POINT ( 'NONE',  ( 0.000000000000000000, 1.050000000000000044, -1.549999999999999822 ) ) ;
#1949 = MECHANICAL_DESIGN_GEOMETRIC_PRESENTATION_REPRESENTATION (  '', ( #6818 ), #859 ) ;
#1950 = UNCERTAINTY_MEASURE_WITH_UNIT (LENGTH_MEASURE( 1.000000000000000082E-05 ), #1678, 'distance_accuracy_value', 'NONE');
#1951 = COLOUR_RGB ( '',0.1098039215686274495, 0.1098039215686274495, 0.1098039215686274495 ) ;
#1952 = CARTESIAN_POINT ( 'NONE',  ( -1.889999999999999902, -1.113397459621555896, -1.600000000000000311 ) ) ;
#1953 = DIRECTION ( 'NONE',  ( -0.000000000000000000, -0.4999999999999966138, 0.8660254037844407060 ) ) ;
#1954 = COLOUR_RGB ( '',0.1098039215686274495, 0.1098039215686274495, 0.1098039215686274495 ) ;
#1955 = EDGE_CURVE ( 'NONE', #2713, #4561, #2533, .T. ) ;
#1956 = ORIENTED_EDGE ( 'NONE', *, *, #1000, .F. ) ;
#1957 = CARTESIAN_POINT ( 'NONE',  ( -1.939999999999999947, -0.7669872981077823226, 2.050000000000000266 ) ) ;
#1958 = ORIENTED_EDGE ( 'NONE', *, *, #6883, .F. ) ;
#1959 = CYLINDRICAL_SURFACE ( 'NONE', #2356, 0.09999999999999917288 ) ;
#1960 = DIRECTION ( 'NONE',  ( 0.000000000000000000, 1.000000000000000000, 5.421010862427524142E-16 ) ) ;
#1961 = STYLED_ITEM ( 'NONE', ( #4312 ), #5444 ) ;
#1962 = AXIS2_PLACEMENT_3D ( 'NONE', #5682, #477, #4605 ) ;
#1963 = CIRCLE ( 'NONE', #6216, 2.104138126514910834 ) ;
#1964 = EDGE_CURVE ( 'NONE', #3178, #6369, #3952, .T. ) ;
#1965 =( LENGTH_UNIT ( ) NAMED_UNIT ( * ) SI_UNIT ( .MILLI., .METRE. ) );
#1966 = DIRECTION ( 'NONE',  ( -1.000000000000000000, 0.000000000000000000, 0.000000000000000000 ) ) ;
#1967 = CARTESIAN_POINT ( 'NONE',  ( -1.315340151904195842, 1.658115844191424326, 0.4903806193033523053 ) ) ;
#1968 = ORIENTED_EDGE ( 'NONE', *, *, #6417, .F. ) ;
#1969 = COLOUR_RGB ( '',0.1098039215686274495, 0.1098039215686274495, 0.1098039215686274495 ) ;
#1970 = FACE_OUTER_BOUND ( 'NONE', #3329, .T. ) ;
#1971 = SURFACE_STYLE_USAGE ( .BOTH. , #6941 ) ;
#1972 = VERTEX_POINT ( 'NONE', #4557 ) ;
#1973 = CARTESIAN_POINT ( 'NONE',  ( -0.000000000000000000, 1.349731814146744924, 1.571931171444581166 ) ) ;
#1974 =( NAMED_UNIT ( * ) SI_UNIT ( $, .STERADIAN. ) SOLID_ANGLE_UNIT ( ) );
#1975 = FACE_OUTER_BOUND ( 'NONE', #969, .T. ) ;
#1976 = DIRECTION ( 'NONE',  ( 1.000000000000000000, -0.000000000000000000, -0.000000000000000000 ) ) ;
#1977 = SURFACE_STYLE_FILL_AREA ( #5087 ) ;
#1978 = EDGE_CURVE ( 'NONE', #3870, #6031, #5171, .T. ) ;
#1979 = CARTESIAN_POINT ( 'NONE',  ( -1.939999999999999947, 1.750000000000000444, -1.349999999999999201 ) ) ;
#1980 = ORIENTED_EDGE ( 'NONE', *, *, #7163, .T. ) ;
#1981 = CARTESIAN_POINT ( 'NONE',  ( -1.889999999999999902, 1.599999999999999867, -1.349999999999999201 ) ) ;
#1982 = CARTESIAN_POINT ( 'NONE',  ( 0.000000000000000000, -1.850000000000000533, 1.399999999999999023 ) ) ;
#1983 = FILL_AREA_STYLE ('',( #5946 ) ) ;
#1984 = CARTESIAN_POINT ( 'NONE',  ( -0.05259817472469063837, 1.312114403206310564, 1.549999999999999822 ) ) ;
#1985 = ORIENTED_EDGE ( 'NONE', *, *, #2682, .T. ) ;
#1986 = ORIENTED_EDGE ( 'NONE', *, *, #5470, .T. ) ;
#1987 = DIRECTION ( 'NONE',  ( 1.000000000000000000, 0.000000000000000000, 0.000000000000000000 ) ) ;
#1988 = DIRECTION ( 'NONE',  ( 0.000000000000000000, -0.4999999999999965583, -0.8660254037844407060 ) ) ;
#1989 = DIRECTION ( 'NONE',  ( 0.000000000000000000, -0.4999999999999996669, 0.8660254037844388186 ) ) ;
#1990 =( GEOMETRIC_REPRESENTATION_CONTEXT ( 3 ) GLOBAL_UNCERTAINTY_ASSIGNED_CONTEXT ( ( #6743 ) ) GLOBAL_UNIT_ASSIGNED_CONTEXT ( ( #5627, #6847, #497 ) ) REPRESENTATION_CONTEXT ( 'NONE', 'WORKASPACE' ) );
#1991 = CARTESIAN_POINT ( 'NONE',  ( 0.06000000000000000472, -2.000000000000000444, 1.399999999999998135 ) ) ;
#1992 = AXIS2_PLACEMENT_3D ( 'NONE', #5813, #6483, #2471 ) ;
#1993 = ORIENTED_EDGE ( 'NONE', *, *, #4575, .T. ) ;
#1994 = ADVANCED_FACE ( 'NONE', ( #6270 ), #1625, .F. ) ;
#1995 =( NAMED_UNIT ( * ) SI_UNIT ( $, .STERADIAN. ) SOLID_ANGLE_UNIT ( ) );
#1996 = ORIENTED_EDGE ( 'NONE', *, *, #1475, .T. ) ;
#1997 = CARTESIAN_POINT ( 'NONE',  ( -1.889999999999999902, 0.7669872981077823226, 2.000000000000000000 ) ) ;
#1998 = LINE ( 'NONE', #2110, #2658 ) ;
#1999 = COLOUR_RGB ( '',0.6666666666666666297, 0.6980392156862744724, 0.7686274509803920907 ) ;
#2000 = LINE ( 'NONE', #2548, #6914 ) ;
#2001 = STYLED_ITEM ( 'NONE', ( #334 ), #1075 ) ;
#2002 = SURFACE_SIDE_STYLE ('',( #7243 ) ) ;
#2003 = CARTESIAN_POINT ( 'NONE',  ( -1.315340151904196508, 1.681808577108064418, 0.4102687749627531577 ) ) ;
#2004 = ORIENTED_EDGE ( 'NONE', *, *, #6598, .T. ) ;
#2005 = DIRECTION ( 'NONE',  ( 1.000000000000000000, 0.000000000000000000, 0.000000000000000000 ) ) ;
#2006 = ORIENTED_EDGE ( 'NONE', *, *, #2197, .F. ) ;
#2007 = FILL_AREA_STYLE_COLOUR ( '', #568 ) ;
#2008 =( GEOMETRIC_REPRESENTATION_CONTEXT ( 3 ) GLOBAL_UNCERTAINTY_ASSIGNED_CONTEXT ( ( #2708 ) ) GLOBAL_UNIT_ASSIGNED_CONTEXT ( ( #4669, #2438, #599 ) ) REPRESENTATION_CONTEXT ( 'NONE', 'WORKASPACE' ) );
#2009 = DIRECTION ( 'NONE',  ( 0.000000000000000000, 0.000000000000000000, 1.000000000000000000 ) ) ;
#2010 = FACE_OUTER_BOUND ( 'NONE', #4573, .T. ) ;
#2011 = EDGE_CURVE ( 'NONE', #4687, #4900, #7491, .T. ) ;
#2012 = SURFACE_STYLE_USAGE ( .BOTH. , #4445 ) ;
#2013 = ORIENTED_EDGE ( 'NONE', *, *, #3460, .T. ) ;
#2014 = DIRECTION ( 'NONE',  ( 0.000000000000000000, 0.000000000000000000, 1.000000000000000000 ) ) ;
#2015 = VECTOR ( 'NONE', #562, 1000.000000000000000 ) ;
#2016 = FACE_OUTER_BOUND ( 'NONE', #5991, .T. ) ;
#2017 = CARTESIAN_POINT ( 'NONE',  ( -1.889999999999999902, 1.200000000000000178, -1.649999999999999911 ) ) ;
#2018 = ADVANCED_FACE ( 'NONE', ( #1060 ), #6311, .F. ) ;
#2019 = FILL_AREA_STYLE_COLOUR ( '', #2046 ) ;
#2020 = SURFACE_STYLE_USAGE ( .BOTH. , #5558 ) ;
#2021 = DIRECTION ( 'NONE',  ( 1.000000000000000000, -0.000000000000000000, -0.000000000000000000 ) ) ;
#2022 = VERTEX_POINT ( 'NONE', #4064 ) ;
#2023 = ORIENTED_EDGE ( 'NONE', *, *, #1055, .T. ) ;
#2024 = FILL_AREA_STYLE ('',( #6630 ) ) ;
#2025 = ADVANCED_FACE ( 'NONE', ( #1690 ), #4936, .T. ) ;
#2026 = B_SPLINE_CURVE_WITH_KNOTS ( 'NONE', 3,
 ( #2651, #4288, #1879, #6599, #3714, #4200, #5571, #3815, #3888, #4390, #1489, #3846 ),
 .UNSPECIFIED., .F., .F.,
 ( 4, 2, 2, 2, 2, 4 ),
 ( 0.0002921547019326523921, 0.0003538885622196570168, 0.0004156224225066616415, 0.0004773562827936662662, 0.0005082232129371684701, 0.0005390901430806705657 ),
 .UNSPECIFIED. ) ;
#2027 =( NAMED_UNIT ( * ) SI_UNIT ( $, .STERADIAN. ) SOLID_ANGLE_UNIT ( ) );
#2028 = DIRECTION ( 'NONE',  ( 0.000000000000000000, 0.000000000000000000, -1.000000000000000000 ) ) ;
#2029 = PRESENTATION_STYLE_ASSIGNMENT (( #5342 ) ) ;
#2030 = LINE ( 'NONE', #1957, #4876 ) ;
#2031 = COLOUR_RGB ( '',0.1098039215686274495, 0.1098039215686274495, 0.1098039215686274495 ) ;
#2032 = COLOUR_RGB ( '',0.9686274509803921573, 0.8784313725490195957, 0.5999999999999999778 ) ;
#2033 = ORIENTED_EDGE ( 'NONE', *, *, #5532, .T. ) ;
#2034 = SURFACE_STYLE_USAGE ( .BOTH. , #4392 ) ;
#2035 = CARTESIAN_POINT ( 'NONE',  ( -0.7399999999999998801, -1.300000000000695044, 1.308264122060941892 ) ) ;
#2036 = CARTESIAN_POINT ( 'NONE',  ( 0.05000000000000000278, 0.6747223250267422312, 2.000000000000001332 ) ) ;
#2037 = CARTESIAN_POINT ( 'NONE',  ( 0.05000000000000000278, 1.050000000000000044, -1.549999999999999822 ) ) ;
#2038 = STYLED_ITEM ( 'NONE', ( #2782 ), #6357 ) ;
#2039 = AXIS2_PLACEMENT_3D ( 'NONE', #3745, #5645, #7422 ) ;
#2040 = PRESENTATION_STYLE_ASSIGNMENT (( #301 ) ) ;
#2041 = ADVANCED_FACE ( 'NONE', ( #6351 ), #6148, .F. ) ;
#2042 = VERTEX_POINT ( 'NONE', #2932 ) ;
#2043 = DIRECTION ( 'NONE',  ( -1.000000000000000000, -0.000000000000000000, -0.000000000000000000 ) ) ;
#2044 = EDGE_CURVE ( 'NONE', #5527, #5633, #4752, .T. ) ;
#2045 = ORIENTED_EDGE ( 'NONE', *, *, #3109, .T. ) ;
#2046 = COLOUR_RGB ( '',0.8980392156862745390, 0.8980392156862745390, 0.8980392156862745390 ) ;
#2047 = CARTESIAN_POINT ( 'NONE',  ( -0.5899999999999999689, 2.000000000000000888, -1.450000000000000178 ) ) ;
#2048 = CARTESIAN_POINT ( 'NONE',  ( -0.5899999999999999689, 0.8535898384862263821, 2.049999999999999822 ) ) ;
#2049 = FILL_AREA_STYLE_COLOUR ( '', #7352 ) ;
#2050 = SURFACE_STYLE_USAGE ( .BOTH. , #2634 ) ;
#2051 = ORIENTED_EDGE ( 'NONE', *, *, #5768, .T. ) ;
#2052 = SURFACE_STYLE_FILL_AREA ( #6698 ) ;
#2053 = ORIENTED_EDGE ( 'NONE', *, *, #4099, .T. ) ;
#2054 = SURFACE_STYLE_USAGE ( .BOTH. , #7293 ) ;
#2055 = CARTESIAN_POINT ( 'NONE',  ( -1.939999999999999947, 1.199999999999999734, 1.500000000000000888 ) ) ;
#2056 = CARTESIAN_POINT ( 'NONE',  ( -1.889999999999999902, 0.8102885682970049075, 2.024999999999999911 ) ) ;
#2057 = DIRECTION ( 'NONE',  ( -0.000000000000000000, -1.000000000000000000, 2.710505431213758620E-16 ) ) ;
#2058 = STYLED_ITEM ( 'NONE', ( #1800 ), #7471 ) ;
#2059 = CIRCLE ( 'NONE', #1089, 0.2000000000000000944 ) ;
#2060 = EDGE_CURVE ( 'NONE', #1299, #6138, #4174, .T. ) ;
#2061 = ORIENTED_EDGE ( 'NONE', *, *, #6387, .F. ) ;
#2062 = ORIENTED_EDGE ( 'NONE', *, *, #1713, .T. ) ;
#2063 = LINE ( 'NONE', #6592, #129 ) ;
#2064 = VECTOR ( 'NONE', #2769, 1000.000000000000000 ) ;
#2065 = PLANE ( 'NONE',  #5146 ) ;
#2066 =( LENGTH_UNIT ( ) NAMED_UNIT ( * ) SI_UNIT ( .MILLI., .METRE. ) );
#2067 = CARTESIAN_POINT ( 'NONE',  ( 0.04105244984111561246, -1.325853291535500134, 1.549999999999999822 ) ) ;
#2068 = CARTESIAN_POINT ( 'NONE',  ( -0.05278895781321205072, -1.310337202444778137, 1.549999999999999822 ) ) ;
#2069 = FILL_AREA_STYLE ('',( #5726 ) ) ;
#2070 = ORIENTED_EDGE ( 'NONE', *, *, #5370, .F. ) ;
#2071 = MECHANICAL_DESIGN_GEOMETRIC_PRESENTATION_REPRESENTATION (  '', ( #6943 ), #7326 ) ;
#2072 = SURFACE_STYLE_FILL_AREA ( #4243 ) ;
#2073 = CARTESIAN_POINT ( 'NONE',  ( 0.000000000000000000, -1.850000000000000533, 1.399999999999999023 ) ) ;
#2074 = AXIS2_PLACEMENT_3D ( 'NONE', #2396, #4712, #1323 ) ;
#2075 = SURFACE_SIDE_STYLE ('',( #2112 ) ) ;
#2076 = EDGE_CURVE ( 'NONE', #5686, #7474, #6488, .T. ) ;
#2077 = DIRECTION ( 'NONE',  ( -1.000000000000000000, 0.000000000000000000, 0.000000000000000000 ) ) ;
#2078 = FACE_OUTER_BOUND ( 'NONE', #7004, .T. ) ;
#2079 = VERTEX_POINT ( 'NONE', #1816 ) ;
#2080 =( GEOMETRIC_REPRESENTATION_CONTEXT ( 3 ) GLOBAL_UNCERTAINTY_ASSIGNED_CONTEXT ( ( #2964 ) ) GLOBAL_UNIT_ASSIGNED_CONTEXT ( ( #3480, #586, #7031 ) ) REPRESENTATION_CONTEXT ( 'NONE', 'WORKASPACE' ) );
#2081 = DIRECTION ( 'NONE',  ( 0.000000000000000000, 0.000000000000000000, -1.000000000000000000 ) ) ;
#2082 = VECTOR ( 'NONE', #3964, 1000.000000000000000 ) ;
#2083 =( GEOMETRIC_REPRESENTATION_CONTEXT ( 3 ) GLOBAL_UNCERTAINTY_ASSIGNED_CONTEXT ( ( #3397 ) ) GLOBAL_UNIT_ASSIGNED_CONTEXT ( ( #5296, #4265, #202 ) ) REPRESENTATION_CONTEXT ( 'NONE', 'WORKASPACE' ) );
#2084 = ORIENTED_EDGE ( 'NONE', *, *, #5511, .T. ) ;
#2085 = CYLINDRICAL_SURFACE ( 'NONE', #5849, 0.1500000000000003830 ) ;
#2086 = B_SPLINE_CURVE_WITH_KNOTS ( 'NONE', 3,
 ( #3300, #5089, #1619, #5700, #4511, #4582, #412, #1578, #5621, #6923, #7485, #559, #2885, #2195 ),
 .UNSPECIFIED., .F., .F.,
 ( 4, 2, 2, 2, 2, 2, 4 ),
 ( 0.0005208966982194494560, 0.0005874824552261344139, 0.0006207753337294769471, 0.0006540682122328195887, 0.0006873610907361621218, 0.0007206539692395046550, 0.0007872397262461891792 ),
 .UNSPECIFIED. ) ;
#2087 = PRESENTATION_LAYER_ASSIGNMENT (  '', '', ( #1961 ) ) ;
#2088 = CARTESIAN_POINT ( 'NONE',  ( -1.321323162182138855, -1.698474542214570837, 0.3291523926732249361 ) ) ;
#2089 = AXIS2_PLACEMENT_3D ( 'NONE', #3279, #1559, #6718 ) ;
#2090 =( NAMED_UNIT ( * ) PLANE_ANGLE_UNIT ( ) SI_UNIT ( $, .RADIAN. ) );
#2091 = PRESENTATION_LAYER_ASSIGNMENT (  '', '', ( #5366 ) ) ;
#2092 = ORIENTED_EDGE ( 'NONE', *, *, #4523, .F. ) ;
#2093 = ORIENTED_EDGE ( 'NONE', *, *, #3622, .F. ) ;
#2094 = VECTOR ( 'NONE', #1326, 1000.000000000000000 ) ;
#2095 = PRESENTATION_STYLE_ASSIGNMENT (( #2012 ) ) ;
#2096 = ORIENTED_EDGE ( 'NONE', *, *, #1918, .T. ) ;
#2097 = DIRECTION ( 'NONE',  ( 1.000000000000000000, 0.000000000000000000, 0.000000000000000000 ) ) ;
#2098 = SURFACE_STYLE_FILL_AREA ( #4979 ) ;
#2099 =( GEOMETRIC_REPRESENTATION_CONTEXT ( 3 ) GLOBAL_UNCERTAINTY_ASSIGNED_CONTEXT ( ( #2783 ) ) GLOBAL_UNIT_ASSIGNED_CONTEXT ( ( #2878, #6373, #3127 ) ) REPRESENTATION_CONTEXT ( 'NONE', 'WORKASPACE' ) );
#2100 =( NAMED_UNIT ( * ) PLANE_ANGLE_UNIT ( ) SI_UNIT ( $, .RADIAN. ) );
#2101 = ORIENTED_EDGE ( 'NONE', *, *, #2216, .T. ) ;
#2102 = ORIENTED_EDGE ( 'NONE', *, *, #5364, .T. ) ;
#2103 = FACE_OUTER_BOUND ( 'NONE', #7220, .T. ) ;
#2104 = UNCERTAINTY_MEASURE_WITH_UNIT (LENGTH_MEASURE( 1.000000000000000082E-05 ), #2934, 'distance_accuracy_value', 'NONE');
#2105 = CARTESIAN_POINT ( 'NONE',  ( 0.004573490490457608054, -1.250304823898469531, 1.549999999999999822 ) ) ;
#2106 = CARTESIAN_POINT ( 'NONE',  ( -1.489999999999999991, -1.800000000000000044, -1.349999999999999201 ) ) ;
#2107 = DIRECTION ( 'NONE',  ( 0.000000000000000000, 0.4999999999999967804, -0.8660254037844404840 ) ) ;
#2108 = VERTEX_POINT ( 'NONE', #1854 ) ;
#2109 = AXIS2_PLACEMENT_3D ( 'NONE', #7544, #655, #5843 ) ;
#2110 = CARTESIAN_POINT ( 'NONE',  ( -0.5899999999999999689, 1.113397459621555674, 1.599999999999999867 ) ) ;
#2111 = ADVANCED_FACE ( 'NONE', ( #672 ), #1284, .T. ) ;
#2112 = SURFACE_STYLE_FILL_AREA ( #4396 ) ;
#2113 =( NAMED_UNIT ( * ) PLANE_ANGLE_UNIT ( ) SI_UNIT ( $, .RADIAN. ) );
#2114 = AXIS2_PLACEMENT_3D ( 'NONE', #4056, #7112, #2385 ) ;
#2115 = UNCERTAINTY_MEASURE_WITH_UNIT (LENGTH_MEASURE( 1.000000000000000082E-05 ), #33, 'distance_accuracy_value', 'NONE');
#2116 = FACE_OUTER_BOUND ( 'NONE', #6639, .T. ) ;
#2117 = SURFACE_STYLE_USAGE ( .BOTH. , #523 ) ;
#2118 = ADVANCED_FACE ( 'NONE', ( #3793 ), #5508, .F. ) ;
#2119 = EDGE_CURVE ( 'NONE', #1947, #4492, #4964, .T. ) ;
#2120 = VERTEX_POINT ( 'NONE', #6685 ) ;
#2121 = SURFACE_STYLE_USAGE ( .BOTH. , #6264 ) ;
#2122 = CARTESIAN_POINT ( 'NONE',  ( -0.8899999999999999023, 2.099999999999999201, -0.1318986559964980820 ) ) ;
#2123 = AXIS2_PLACEMENT_3D ( 'NONE', #528, #2852, #1168 ) ;
#2124 = MECHANICAL_DESIGN_GEOMETRIC_PRESENTATION_REPRESENTATION (  '', ( #3105 ), #1274 ) ;
#2125 = ADVANCED_FACE ( 'NONE', ( #1970 ), #5581, .T. ) ;
#2126 = DIRECTION ( 'NONE',  ( 0.000000000000000000, 0.000000000000000000, -1.000000000000000000 ) ) ;
#2127 =( NAMED_UNIT ( * ) SI_UNIT ( $, .STERADIAN. ) SOLID_ANGLE_UNIT ( ) );
#2128 = FILL_AREA_STYLE ('',( #2049 ) ) ;
#2129 = ORIENTED_EDGE ( 'NONE', *, *, #1524, .T. ) ;
#2130 = ORIENTED_EDGE ( 'NONE', *, *, #7367, .T. ) ;
#2131 = SURFACE_STYLE_USAGE ( .BOTH. , #5017 ) ;
#2132 = ORIENTED_EDGE ( 'NONE', *, *, #7124, .F. ) ;
#2133 = CARTESIAN_POINT ( 'NONE',  ( -1.889999999999999902, -0.7669872981077828777, -2.000000000000000000 ) ) ;
#2134 = CARTESIAN_POINT ( 'NONE',  ( -1.939999999999999947, 1.199999999999999734, 1.649999999999999467 ) ) ;
#2135 = STYLED_ITEM ( 'NONE', ( #526 ), #2271 ) ;
#2136 = ORIENTED_EDGE ( 'NONE', *, *, #1484, .T. ) ;
#2137 = SURFACE_STYLE_USAGE ( .BOTH. , #5111 ) ;
#2138 = ORIENTED_EDGE ( 'NONE', *, *, #1041, .F. ) ;
#2139 =( NAMED_UNIT ( * ) SI_UNIT ( $, .STERADIAN. ) SOLID_ANGLE_UNIT ( ) );
#2140 = SURFACE_STYLE_FILL_AREA ( #5031 ) ;
#2141 =( NAMED_UNIT ( * ) PLANE_ANGLE_UNIT ( ) SI_UNIT ( $, .RADIAN. ) );
#2142 = CARTESIAN_POINT ( 'NONE',  ( -0.5899999999999999689, 1.200000000000000178, -1.550000000000000266 ) ) ;
#2143 = ORIENTED_EDGE ( 'NONE', *, *, #6008, .F. ) ;
#2144 = DIRECTION ( 'NONE',  ( 0.000000000000000000, 0.000000000000000000, -1.000000000000000000 ) ) ;
#2145 = CARTESIAN_POINT ( 'NONE',  ( -0.5899999999999999689, -1.113397459621555674, 1.599999999999999867 ) ) ;
#2146 = CARTESIAN_POINT ( 'NONE',  ( -1.340000000000000080, 1.800000000000000266, 0.5323422472791536908 ) ) ;
#2147 = AXIS2_PLACEMENT_3D ( 'NONE', #6156, #1537, #1502 ) ;
#2148 = DIRECTION ( 'NONE',  ( 0.000000000000000000, -0.4999999999999955591, 0.8660254037844412611 ) ) ;
#2149 = COLOUR_RGB ( '',0.1098039215686274495, 0.1098039215686274495, 0.1098039215686274495 ) ;
#2150 = DIRECTION ( 'NONE',  ( 1.000000000000000000, 0.000000000000000000, 0.000000000000000000 ) ) ;
#2151 = ORIENTED_EDGE ( 'NONE', *, *, #4762, .T. ) ;
#2152 = LINE ( 'NONE', #6755, #2748 ) ;
#2153 = EDGE_CURVE ( 'NONE', #6448, #4351, #2697, .T. ) ;
#2154 = CIRCLE ( 'NONE', #5687, 0.09999999999999917288 ) ;
#2155 = FACE_OUTER_BOUND ( 'NONE', #4125, .T. ) ;
#2156 = CARTESIAN_POINT ( 'NONE',  ( 0.04792295153610146713, 1.298319814917149984, 1.549999999999999822 ) ) ;
#2157 = CARTESIAN_POINT ( 'NONE',  ( -1.315340151904196286, -1.681808577108064418, -0.4102687749627537128 ) ) ;
#2158 = SURFACE_STYLE_USAGE ( .BOTH. , #5053 ) ;
#2159 = COLOUR_RGB ( '',0.1098039215686274495, 0.1098039215686274495, 0.1098039215686274495 ) ;
#2160 = EDGE_LOOP ( 'NONE', ( #3751, #1, #6806, #6776 ) ) ;
#2161 = DIRECTION ( 'NONE',  ( 0.000000000000000000, -1.606225440719267353E-16, 1.000000000000000000 ) ) ;
#2162 = AXIS2_PLACEMENT_3D ( 'NONE', #3977, #2847, #1054 ) ;
#2163 = ORIENTED_EDGE ( 'NONE', *, *, #6624, .T. ) ;
#2164 = COLOUR_RGB ( '',0.1098039215686274495, 0.1098039215686274495, 0.1098039215686274495 ) ;
#2165 = SURFACE_STYLE_USAGE ( .BOTH. , #7331 ) ;
#2166 = ORIENTED_EDGE ( 'NONE', *, *, #1880, .T. ) ;
#2167 = CARTESIAN_POINT ( 'NONE',  ( -0.1699999999999999845, -1.300000000000000044, 1.520047317545275778 ) ) ;
#2168 = UNCERTAINTY_MEASURE_WITH_UNIT (LENGTH_MEASURE( 1.000000000000000082E-05 ), #5807, 'distance_accuracy_value', 'NONE');
#2169 = CARTESIAN_POINT ( 'NONE',  ( -0.8406803038083928703, -1.804663793605842281, 0.1133489185246268349 ) ) ;
#2170 = CARTESIAN_POINT ( 'NONE',  ( 0.05000000000000000278, 2.000000000000000444, 1.399999999999998357 ) ) ;
#2171 = FILL_AREA_STYLE ('',( #469 ) ) ;
#2172 = ORIENTED_EDGE ( 'NONE', *, *, #107, .T. ) ;
#2173 = CARTESIAN_POINT ( 'NONE',  ( 0.06000000000000000472, 1.050000000000000044, -1.549999999999999822 ) ) ;
#2174 = ORIENTED_EDGE ( 'NONE', *, *, #1249, .F. ) ;
#2175 = AXIS2_PLACEMENT_3D ( 'NONE', #3731, #487, #6841 ) ;
#2176 = CARTESIAN_POINT ( 'NONE',  ( 0.06000000000000000472, -1.850000000000000977, -1.399999999999999689 ) ) ;
#2177 = CARTESIAN_POINT ( 'NONE',  ( -1.889999999999999902, -1.599999999999999867, -1.549999999999998934 ) ) ;
#2178 = UNCERTAINTY_MEASURE_WITH_UNIT (LENGTH_MEASURE( 1.000000000000000082E-05 ), #346, 'distance_accuracy_value', 'NONE');
#2179 = AXIS2_PLACEMENT_3D ( 'NONE', #298, #367, #7274 ) ;
#2180 = DIRECTION ( 'NONE',  ( -0.000000000000000000, -1.495451272393799296E-16, -1.000000000000000000 ) ) ;
#2181 = DIRECTION ( 'NONE',  ( 1.000000000000000000, 0.000000000000000000, -0.000000000000000000 ) ) ;
#2182 = ORIENTED_EDGE ( 'NONE', *, *, #3881, .F. ) ;
#2183 = DIRECTION ( 'NONE',  ( -1.000000000000000000, -0.000000000000000000, -0.000000000000000000 ) ) ;
#2184 = DIRECTION ( 'NONE',  ( 0.000000000000000000, 0.4999999999999999445, 0.8660254037844385966 ) ) ;
#2185 = MECHANICAL_DESIGN_GEOMETRIC_PRESENTATION_REPRESENTATION (  '', ( #2800 ), #5108 ) ;
#2186 = COLOUR_RGB ( '',0.8980392156862745390, 0.8980392156862745390, 0.8980392156862745390 ) ;
#2187 = DIRECTION ( 'NONE',  ( 0.000000000000000000, 0.000000000000000000, -1.000000000000000000 ) ) ;
#2188 = EDGE_CURVE ( 'NONE', #2318, #6768, #2152, .T. ) ;
#2189 = UNCERTAINTY_MEASURE_WITH_UNIT (LENGTH_MEASURE( 1.000000000000000082E-05 ), #2926, 'distance_accuracy_value', 'NONE');
#2190 = SURFACE_STYLE_USAGE ( .BOTH. , #7432 ) ;
#2191 = FILL_AREA_STYLE_COLOUR ( '', #2439 ) ;
#2192 = LINE ( 'NONE', #6795, #4 ) ;
#2193 = MECHANICAL_DESIGN_GEOMETRIC_PRESENTATION_REPRESENTATION (  '', ( #2445 ), #5346 ) ;
#2194 = ORIENTED_EDGE ( 'NONE', *, *, #5487, .T. ) ;
#2195 = CARTESIAN_POINT ( 'NONE',  ( -9.659257778674560150E-15, -1.250068615027514429, 1.549999999999999822 ) ) ;
#2196 = DIRECTION ( 'NONE',  ( -1.000000000000000000, -0.000000000000000000, -0.000000000000000000 ) ) ;
#2197 = EDGE_CURVE ( 'NONE', #3359, #830, #4434, .T. ) ;
#2198 = FILL_AREA_STYLE_COLOUR ( '', #6560 ) ;
#2199 = CARTESIAN_POINT ( 'NONE',  ( 0.03947949775182863635, 1.271713238703697790, 1.549999999999999822 ) ) ;
#2200 = CARTESIAN_POINT ( 'NONE',  ( -0.1699999999999999845, -1.300000000000000044, 1.520047317545275778 ) ) ;
#2201 = CARTESIAN_POINT ( 'NONE',  ( -0.6267694360889208838, -1.200000000000000178, -1.550000000000000266 ) ) ;
#2202 = STYLED_ITEM ( 'NONE', ( #1826 ), #6631 ) ;
#2203 = CARTESIAN_POINT ( 'NONE',  ( -1.939999999999999947, 1.070096189432336198, 1.575000000000001288 ) ) ;
#2204 = ORIENTED_EDGE ( 'NONE', *, *, #5244, .F. ) ;
#2205 = VECTOR ( 'NONE', #1078, 1000.000000000000000 ) ;
#2206 = PRESENTATION_LAYER_ASSIGNMENT (  '', '', ( #3902 ) ) ;
#2207 = CARTESIAN_POINT ( 'NONE',  ( -1.439687061225891629, -1.701533129626734642, -0.1725929055971681392 ) ) ;
#2208 = CARTESIAN_POINT ( 'NONE',  ( -1.889999999999999902, -0.8535898384862264932, 2.049999999999999822 ) ) ;
#2209 = VERTEX_POINT ( 'NONE', #1531 ) ;
#2210 = VECTOR ( 'NONE', #4873, 1000.000000000000227 ) ;
#2211 = CARTESIAN_POINT ( 'NONE',  ( -0.6267694360889212168, 1.199999999999999734, 1.549999999999999822 ) ) ;
#2212 = FILL_AREA_STYLE_COLOUR ( '', #989 ) ;
#2213 = LINE ( 'NONE', #4529, #4840 ) ;
#2214 = FILL_AREA_STYLE_COLOUR ( '', #6704 ) ;
#2215 = VECTOR ( 'NONE', #4672, 1000.000000000000000 ) ;
#2216 = EDGE_CURVE ( 'NONE', #7128, #4985, #1764, .T. ) ;
#2217 = ORIENTED_EDGE ( 'NONE', *, *, #7377, .F. ) ;
#2218 = VECTOR ( 'NONE', #1437, 1000.000000000000000 ) ;
#2219 = CARTESIAN_POINT ( 'NONE',  ( -0.5899999999999999689, -0.9545255768385688677, 1.875174172874263245 ) ) ;
#2220 = ORIENTED_EDGE ( 'NONE', *, *, #1321, .F. ) ;
#2221 = CARTESIAN_POINT ( 'NONE',  ( 0.000000000000000000, -1.050000000000000044, 1.549999999999999822 ) ) ;
#2222 = CARTESIAN_POINT ( 'NONE',  ( -1.489999999999999991, -0.8535898384862276034, -2.050000000000000266 ) ) ;
#2223 = SURFACE_STYLE_USAGE ( .BOTH. , #1186 ) ;
#2224 = CARTESIAN_POINT ( 'NONE',  ( -0.5899999999999998579, -1.346638215541207995, 1.549999999999999822 ) ) ;
#2225 = SURFACE_STYLE_USAGE ( .BOTH. , #6746 ) ;
#2226 = VERTEX_POINT ( 'NONE', #3860 ) ;
#2227 = CARTESIAN_POINT ( 'NONE',  ( -1.489999999999999991, 0.8535898384862273813, -2.050000000000000711 ) ) ;
#2228 = ORIENTED_EDGE ( 'NONE', *, *, #2717, .F. ) ;
#2229 = FILL_AREA_STYLE_COLOUR ( '', #1294 ) ;
#2230 = DIRECTION ( 'NONE',  ( 1.000000000000000000, 0.000000000000000000, 0.000000000000000000 ) ) ;
#2231 = CARTESIAN_POINT ( 'NONE',  ( -0.8406803038083928703, 1.804663793605829181, 0.1133489185248347658 ) ) ;
#2232 = FILL_AREA_STYLE_COLOUR ( '', #13 ) ;
#2233 = TOROIDAL_SURFACE ( 'NONE', #6474, 1.877069063257455372, 0.1499999999999999944 ) ;
#2234 = ADVANCED_FACE ( 'NONE', ( #5197 ), #2764, .T. ) ;
#2235 = ORIENTED_EDGE ( 'NONE', *, *, #3295, .F. ) ;
#2236 = FACE_OUTER_BOUND ( 'NONE', #7300, .T. ) ;
#2237 = DIRECTION ( 'NONE',  ( 0.000000000000000000, 0.000000000000000000, 1.000000000000000000 ) ) ;
#2238 = PRESENTATION_LAYER_ASSIGNMENT (  '', '', ( #4050 ) ) ;
#2239 =( GEOMETRIC_REPRESENTATION_CONTEXT ( 3 ) GLOBAL_UNCERTAINTY_ASSIGNED_CONTEXT ( ( #5083 ) ) GLOBAL_UNIT_ASSIGNED_CONTEXT ( ( #6953, #618, #71 ) ) REPRESENTATION_CONTEXT ( 'NONE', 'WORKASPACE' ) );
#2240 = PRESENTATION_STYLE_ASSIGNMENT (( #1166 ) ) ;
#2241 = CARTESIAN_POINT ( 'NONE',  ( 0.000000000000000000, 0.7669872981077823226, 2.000000000000000000 ) ) ;
#2242 = CARTESIAN_POINT ( 'NONE',  ( -0.1699999999999999845, 1.300000000000000044, 1.520047317545275778 ) ) ;
#2243 = FILL_AREA_STYLE ('',( #2813 ) ) ;
#2244 = VECTOR ( 'NONE', #563, 1000.000000000000000 ) ;
#2245 = DIRECTION ( 'NONE',  ( 1.000000000000000000, -0.000000000000000000, -0.000000000000000000 ) ) ;
#2246 = ORIENTED_EDGE ( 'NONE', *, *, #6925, .F. ) ;
#2247 = CARTESIAN_POINT ( 'NONE',  ( -1.489999999999999991, -1.800000000000000266, -0.3578679287145664634 ) ) ;
#2248 = MECHANICAL_DESIGN_GEOMETRIC_PRESENTATION_REPRESENTATION (  '', ( #191 ), #3579 ) ;
#2249 = ORIENTED_EDGE ( 'NONE', *, *, #7441, .F. ) ;
#2250 =( LENGTH_UNIT ( ) NAMED_UNIT ( * ) SI_UNIT ( .MILLI., .METRE. ) );
#2251 = UNCERTAINTY_MEASURE_WITH_UNIT (LENGTH_MEASURE( 1.000000000000000082E-05 ), #2661, 'distance_accuracy_value', 'NONE');
#2252 = CIRCLE ( 'NONE', #4551, 1.808219949365267976 ) ;
#2253 = ORIENTED_EDGE ( 'NONE', *, *, #413, .T. ) ;
#2254 = ORIENTED_EDGE ( 'NONE', *, *, #7480, .T. ) ;
#2255 = CARTESIAN_POINT ( 'NONE',  ( -0.6399999999999997913, 1.300000000000000044, 1.437718188025924437 ) ) ;
#2256 = SURFACE_STYLE_USAGE ( .BOTH. , #7503 ) ;
#2257 = COLOUR_RGB ( '',0.1098039215686274495, 0.1098039215686274495, 0.1098039215686274495 ) ;
#2258 = LINE ( 'NONE', #4569, #3065 ) ;
#2259 = EDGE_CURVE ( 'NONE', #536, #6628, #2086, .T. ) ;
#2260 = ORIENTED_EDGE ( 'NONE', *, *, #914, .T. ) ;
#2261 = DIRECTION ( 'NONE',  ( -0.000000000000000000, 0.4999999999999967248, -0.8660254037844404840 ) ) ;
#2262 = ORIENTED_EDGE ( 'NONE', *, *, #5992, .T. ) ;
#2263 = PRESENTATION_STYLE_ASSIGNMENT (( #5269 ) ) ;
#2264 = UNCERTAINTY_MEASURE_WITH_UNIT (LENGTH_MEASURE( 1.000000000000000082E-05 ), #1921, 'distance_accuracy_value', 'NONE');
#2265 = AXIS2_PLACEMENT_3D ( 'NONE', #2241, #4586, #6346 ) ;
#2266 = CARTESIAN_POINT ( 'NONE',  ( -0.5900000000000000799, 2.099999999999999201, 0.04453361950214650838 ) ) ;
#2267 = DIRECTION ( 'NONE',  ( 1.000000000000000000, -0.000000000000000000, -0.000000000000000000 ) ) ;
#2268 = ORIENTED_EDGE ( 'NONE', *, *, #312, .T. ) ;
#2269 =( NAMED_UNIT ( * ) PLANE_ANGLE_UNIT ( ) SI_UNIT ( $, .RADIAN. ) );
#2270 = DIRECTION ( 'NONE',  ( 0.000000000000000000, 1.000000000000000000, 0.000000000000000000 ) ) ;
#2271 = ADVANCED_FACE ( 'NONE', ( #2236 ), #3410, .T. ) ;
#2272 =( NAMED_UNIT ( * ) PLANE_ANGLE_UNIT ( ) SI_UNIT ( $, .RADIAN. ) );
#2273 = CARTESIAN_POINT ( 'NONE',  ( 0.01750818532961056009, 1.253768118331870518, 1.549999999999999822 ) ) ;
#2274 =( GEOMETRIC_REPRESENTATION_CONTEXT ( 3 ) GLOBAL_UNCERTAINTY_ASSIGNED_CONTEXT ( ( #7234 ) ) GLOBAL_UNIT_ASSIGNED_CONTEXT ( ( #1403, #204, #4653 ) ) REPRESENTATION_CONTEXT ( 'NONE', 'WORKASPACE' ) );
#2275 = DIRECTION ( 'NONE',  ( -1.000000000000000000, 0.000000000000000000, 0.000000000000000000 ) ) ;
#2276 = EDGE_CURVE ( 'NONE', #5527, #4452, #1242, .T. ) ;
#2277 = FILL_AREA_STYLE ('',( #2704 ) ) ;
#2278 = EDGE_CURVE ( 'NONE', #209, #5386, #1023, .T. ) ;
#2279 = CIRCLE ( 'NONE', #1665, 0.2000000000000000944 ) ;
#2280 = CARTESIAN_POINT ( 'NONE',  ( -1.489999999999999991, -1.800000000000000266, -0.4456137640544771128 ) ) ;
#2281 = LINE ( 'NONE', #7089, #1744 ) ;
#2282 = VERTEX_POINT ( 'NONE', #5889 ) ;
#2283 = DIRECTION ( 'NONE',  ( 0.000000000000000000, 0.000000000000000000, -1.000000000000000000 ) ) ;
#2284 = CARTESIAN_POINT ( 'NONE',  ( -0.5900000000000000799, -2.099999999999999201, 0.04342193307411961606 ) ) ;
#2285 = COLOUR_RGB ( '',0.1098039215686274495, 0.1098039215686274495, 0.1098039215686274495 ) ;
#2286 = EDGE_CURVE ( 'NONE', #7263, #912, #2346, .T. ) ;
#2287 = CARTESIAN_POINT ( 'NONE',  ( -1.939999999999999947, -1.199999999999999734, 1.499999999999998224 ) ) ;
#2288 = CIRCLE ( 'NONE', #697, 0.1499999999999986622 ) ;
#2289 = PRESENTATION_LAYER_ASSIGNMENT (  '', '', ( #3982 ) ) ;
#2290 = EDGE_CURVE ( 'NONE', #788, #5103, #81, .T. ) ;
#2291 = ORIENTED_EDGE ( 'NONE', *, *, #183, .T. ) ;
#2292 = DIRECTION ( 'NONE',  ( 1.000000000000000000, -0.000000000000000000, -0.000000000000000000 ) ) ;
#2293 = ORIENTED_EDGE ( 'NONE', *, *, #1321, .T. ) ;
#2294 = PRESENTATION_LAYER_ASSIGNMENT (  '', '', ( #4591 ) ) ;
#2295 = MECHANICAL_DESIGN_GEOMETRIC_PRESENTATION_REPRESENTATION (  '', ( #5453 ), #4111 ) ;
#2296 = CARTESIAN_POINT ( 'NONE',  ( -1.939999999999999947, -1.070096189432336420, -1.575000000000001732 ) ) ;
#2297 = CYLINDRICAL_SURFACE ( 'NONE', #6178, 0.2000000000000000944 ) ;
#2298 = LINE ( 'NONE', #5840, #6450 ) ;
#2299 = ORIENTED_EDGE ( 'NONE', *, *, #6925, .T. ) ;
#2300 = CARTESIAN_POINT ( 'NONE',  ( -1.939999999999999947, -1.750000000000000222, -1.349999999999999201 ) ) ;
#2301 = CARTESIAN_POINT ( 'NONE',  ( -0.03090671747208069420, -1.257998139826770556, 1.549999999999999822 ) ) ;
#2302 = DIRECTION ( 'NONE',  ( 0.000000000000000000, 0.000000000000000000, -1.000000000000000000 ) ) ;
#2303 = LINE ( 'NONE', #6376, #2676 ) ;
#2304 = ORIENTED_EDGE ( 'NONE', *, *, #1094, .F. ) ;
#2305 =( LENGTH_UNIT ( ) NAMED_UNIT ( * ) SI_UNIT ( .MILLI., .METRE. ) );
#2306 =( GEOMETRIC_REPRESENTATION_CONTEXT ( 3 ) GLOBAL_UNCERTAINTY_ASSIGNED_CONTEXT ( ( #2329 ) ) GLOBAL_UNIT_ASSIGNED_CONTEXT ( ( #892, #3156, #2552 ) ) REPRESENTATION_CONTEXT ( 'NONE', 'WORKASPACE' ) );
#2307 = EDGE_CURVE ( 'NONE', #676, #6115, #1382, .T. ) ;
#2308 = ORIENTED_EDGE ( 'NONE', *, *, #5043, .F. ) ;
#2309 = PRESENTATION_STYLE_ASSIGNMENT (( #4089 ) ) ;
#2310 = ADVANCED_FACE ( 'NONE', ( #1846 ), #5241, .T. ) ;
#2311 = DIRECTION ( 'NONE',  ( 0.000000000000000000, 0.4999999999999970579, 0.8660254037844402619 ) ) ;
#2312 = CARTESIAN_POINT ( 'NONE',  ( -0.5899999999999999689, -1.199999999999999734, 1.549999999999999822 ) ) ;
#2313 = CIRCLE ( 'NONE', #4255, 0.1499999999999999667 ) ;
#2314 = CARTESIAN_POINT ( 'NONE',  ( -1.889999999999999902, 1.199999999999999734, 1.499999999999999556 ) ) ;
#2315 = CARTESIAN_POINT ( 'NONE',  ( -0.5899999999999999689, 0.7669872981077823226, 2.100000000000000977 ) ) ;
#2316 = DIRECTION ( 'NONE',  ( 0.000000000000000000, 0.000000000000000000, -1.000000000000000000 ) ) ;
#2317 =( NAMED_UNIT ( * ) PLANE_ANGLE_UNIT ( ) SI_UNIT ( $, .RADIAN. ) );
#2318 = VERTEX_POINT ( 'NONE', #5856 ) ;
#2319 = UNCERTAINTY_MEASURE_WITH_UNIT (LENGTH_MEASURE( 1.000000000000000082E-05 ), #3073, 'distance_accuracy_value', 'NONE');
#2320 = COLOUR_RGB ( '',0.8980392156862745390, 0.8980392156862745390, 0.8980392156862745390 ) ;
#2321 = SURFACE_STYLE_FILL_AREA ( #5106 ) ;
#2322 = PRESENTATION_LAYER_ASSIGNMENT (  '', '', ( #4755 ) ) ;
#2323 = EDGE_LOOP ( 'NONE', ( #3102, #7240, #25, #6195, #5573 ) ) ;
#2324 = CARTESIAN_POINT ( 'NONE',  ( -1.889999999999999902, -1.600000000000000311, 1.499999999999998224 ) ) ;
#2325 = B_SPLINE_CURVE_WITH_KNOTS ( 'NONE', 3,
 ( #2955, #5150, #3549, #3504 ),
 .UNSPECIFIED., .F., .F.,
 ( 4, 4 ),
 ( 0.000000000000000000, 0.0002260000371904969838 ),
 .UNSPECIFIED. ) ;
#2326 = CARTESIAN_POINT ( 'NONE',  ( -1.889999999999999902, -0.8102885682970057957, -2.025000000000000355 ) ) ;
#2327 = PRESENTATION_STYLE_ASSIGNMENT (( #4603 ) ) ;
#2328 = EDGE_CURVE ( 'NONE', #5396, #5754, #3188, .T. ) ;
#2329 = UNCERTAINTY_MEASURE_WITH_UNIT (LENGTH_MEASURE( 1.000000000000000082E-05 ), #892, 'distance_accuracy_value', 'NONE');
#2330 = PLANE ( 'NONE',  #4027 ) ;
#2331 =( GEOMETRIC_REPRESENTATION_CONTEXT ( 3 ) GLOBAL_UNCERTAINTY_ASSIGNED_CONTEXT ( ( #1185 ) ) GLOBAL_UNIT_ASSIGNED_CONTEXT ( ( #3985, #6761, #5706 ) ) REPRESENTATION_CONTEXT ( 'NONE', 'WORKASPACE' ) );
#2332 = ORIENTED_EDGE ( 'NONE', *, *, #2874, .F. ) ;
#2333 = ORIENTED_EDGE ( 'NONE', *, *, #6716, .F. ) ;
#2334 = PLANE ( 'NONE',  #2109 ) ;
#2335 = FILL_AREA_STYLE_COLOUR ( '', #3863 ) ;
#2336 = VECTOR ( 'NONE', #596, 1000.000000000000000 ) ;
#2337 = FILL_AREA_STYLE_COLOUR ( '', #221 ) ;
#2338 = EDGE_CURVE ( 'NONE', #2672, #6138, #4309, .T. ) ;
#2339 = CARTESIAN_POINT ( 'NONE',  ( -0.5899999999999999689, -0.9545255768385688677, 1.875174172874263245 ) ) ;
#2340 = MECHANICAL_DESIGN_GEOMETRIC_PRESENTATION_REPRESENTATION (  '', ( #1364 ), #2099 ) ;
#2341 = SURFACE_SIDE_STYLE ('',( #1275 ) ) ;
#2342 = ORIENTED_EDGE ( 'NONE', *, *, #1878, .F. ) ;
#2343 =( NAMED_UNIT ( * ) SI_UNIT ( $, .STERADIAN. ) SOLID_ANGLE_UNIT ( ) );
#2344 = ORIENTED_EDGE ( 'NONE', *, *, #7129, .F. ) ;
#2345 = ADVANCED_FACE ( 'NONE', ( #4778 ), #2, .T. ) ;
#2346 = LINE ( 'NONE', #1726, #3694 ) ;
#2347 =( NAMED_UNIT ( * ) SI_UNIT ( $, .STERADIAN. ) SOLID_ANGLE_UNIT ( ) );
#2348 = SURFACE_STYLE_USAGE ( .BOTH. , #1849 ) ;
#2349 = EDGE_CURVE ( 'NONE', #5100, #5396, #6561, .T. ) ;
#2350 = CARTESIAN_POINT ( 'NONE',  ( -1.889999999999999902, -0.7669872981077828777, -2.050000000000001155 ) ) ;
#2351 = EDGE_CURVE ( 'NONE', #2496, #2598, #6007, .T. ) ;
#2352 = CARTESIAN_POINT ( 'NONE',  ( -0.5899999999999999689, 0.9545255768385688677, 1.875174172874263245 ) ) ;
#2353 = FILL_AREA_STYLE_COLOUR ( '', #6830 ) ;
#2354 = VECTOR ( 'NONE', #3628, 1000.000000000000000 ) ;
#2355 = EDGE_CURVE ( 'NONE', #7228, #7281, #189, .T. ) ;
#2356 = AXIS2_PLACEMENT_3D ( 'NONE', #3675, #1386, #3716 ) ;
#2357 = LINE ( 'NONE', #4139, #851 ) ;
#2358 =( NAMED_UNIT ( * ) SI_UNIT ( $, .STERADIAN. ) SOLID_ANGLE_UNIT ( ) );
#2359 = FILL_AREA_STYLE ('',( #4257 ) ) ;
#2360 = CARTESIAN_POINT ( 'NONE',  ( -0.6301317640076445903, 1.189953483976322834, 1.549999999999999822 ) ) ;
#2361 = CARTESIAN_POINT ( 'NONE',  ( -0.5899999999999999689, 0.000000000000000000, 0.000000000000000000 ) ) ;
#2362 = CYLINDRICAL_SURFACE ( 'NONE', #7431, 0.1500000000000006051 ) ;
#2363 = ORIENTED_EDGE ( 'NONE', *, *, #5037, .F. ) ;
#2364 = DIRECTION ( 'NONE',  ( 1.000000000000000000, -0.000000000000000000, -0.000000000000000000 ) ) ;
#2365 = VECTOR ( 'NONE', #4096, 1000.000000000000000 ) ;
#2366 = FILL_AREA_STYLE ('',( #4112 ) ) ;
#2367 = PRESENTATION_STYLE_ASSIGNMENT (( #723 ) ) ;
#2368 = EDGE_CURVE ( 'NONE', #1803, #6754, #6146, .T. ) ;
#2369 = FILL_AREA_STYLE ('',( #4645 ) ) ;
#2370 = DIRECTION ( 'NONE',  ( -0.000000000000000000, 1.000000000000000000, -0.000000000000000000 ) ) ;
#2371 = CARTESIAN_POINT ( 'NONE',  ( -0.1699999999999999567, 1.300000000000000044, 1.690047317545275707 ) ) ;
#2372 = EDGE_LOOP ( 'NONE', ( #253, #186, #564, #4649 ) ) ;
#2373 = EDGE_CURVE ( 'NONE', #6369, #2282, #920, .T. ) ;
#2374 = VERTEX_POINT ( 'NONE', #5995 ) ;
#2375 = FACE_OUTER_BOUND ( 'NONE', #5601, .T. ) ;
#2376 = CARTESIAN_POINT ( 'NONE',  ( 0.000000000000000000, -0.8535898384862263821, 2.049999999999999822 ) ) ;
#2377 = PRESENTATION_LAYER_ASSIGNMENT (  '', '', ( #4343 ) ) ;
#2378 = DIRECTION ( 'NONE',  ( -0.000000000000000000, 0.5000000000000061062, 0.8660254037844351549 ) ) ;
#2379 = CARTESIAN_POINT ( 'NONE',  ( -0.8406803038083928703, 1.804663793605829181, -0.1133489185248337944 ) ) ;
#2380 = FILL_AREA_STYLE_COLOUR ( '', #3517 ) ;
#2381 = CARTESIAN_POINT ( 'NONE',  ( -1.489999999999999991, 1.800000000000000266, 0.5323422472791540239 ) ) ;
#2382 = VERTEX_POINT ( 'NONE', #5422 ) ;
#2383 = CARTESIAN_POINT ( 'NONE',  ( -0.5899999999999999689, -0.7669872981077833218, 2.100000000000000089 ) ) ;
#2384 = ORIENTED_EDGE ( 'NONE', *, *, #2838, .F. ) ;
#2385 = DIRECTION ( 'NONE',  ( 0.000000000000000000, 0.000000000000000000, 1.000000000000000000 ) ) ;
#2386 = DIRECTION ( 'NONE',  ( 0.000000000000000000, 0.000000000000000000, 1.000000000000000000 ) ) ;
#2387 = CARTESIAN_POINT ( 'NONE',  ( -1.489999999999999991, 1.800000000000000266, -0.4453569927758767588 ) ) ;
#2388 = DIRECTION ( 'NONE',  ( -1.000000000000000000, 0.000000000000000000, 0.000000000000000000 ) ) ;
#2389 =( NAMED_UNIT ( * ) PLANE_ANGLE_UNIT ( ) SI_UNIT ( $, .RADIAN. ) );
#2390 = LINE ( 'NONE', #1851, #1863 ) ;
#2391 = LINE ( 'NONE', #2596, #4995 ) ;
#2392 =( NAMED_UNIT ( * ) SI_UNIT ( $, .STERADIAN. ) SOLID_ANGLE_UNIT ( ) );
#2393 = ADVANCED_FACE ( 'NONE', ( #6601 ), #1959, .T. ) ;
#2394 = B_SPLINE_CURVE_WITH_KNOTS ( 'NONE', 3,
 ( #4914, #6166, #3275, #2566 ),
 .UNSPECIFIED., .F., .F.,
 ( 4, 4 ),
 ( 0.000000000000000000, 0.0002266978370496677939 ),
 .UNSPECIFIED. ) ;
#2395 = MECHANICAL_DESIGN_GEOMETRIC_PRESENTATION_REPRESENTATION (  '', ( #4343 ), #5309 ) ;
#2396 = CARTESIAN_POINT ( 'NONE',  ( -0.1699999999999999567, 1.300000000000000044, 1.690047317545275707 ) ) ;
#2397 = CARTESIAN_POINT ( 'NONE',  ( -0.5199999999999999067, 1.300000000000000044, 1.690047317545275707 ) ) ;
#2398 = ORIENTED_EDGE ( 'NONE', *, *, #542, .T. ) ;
#2399 = CARTESIAN_POINT ( 'NONE',  ( -1.889999999999999902, -1.199999999999999734, 1.499999999999998224 ) ) ;
#2400 = UNCERTAINTY_MEASURE_WITH_UNIT (LENGTH_MEASURE( 1.000000000000000082E-05 ), #434, 'distance_accuracy_value', 'NONE');
#2401 =( NAMED_UNIT ( * ) PLANE_ANGLE_UNIT ( ) SI_UNIT ( $, .RADIAN. ) );
#2402 =( NAMED_UNIT ( * ) PLANE_ANGLE_UNIT ( ) SI_UNIT ( $, .RADIAN. ) );
#2403 = VECTOR ( 'NONE', #537, 1000.000000000000000 ) ;
#2404 = MECHANICAL_DESIGN_GEOMETRIC_PRESENTATION_REPRESENTATION (  '', ( #6407 ), #6285 ) ;
#2405 = PLANE ( 'NONE',  #980 ) ;
#2406 = EDGE_CURVE ( 'NONE', #2830, #3440, #813, .T. ) ;
#2407 =( GEOMETRIC_REPRESENTATION_CONTEXT ( 3 ) GLOBAL_UNCERTAINTY_ASSIGNED_CONTEXT ( ( #4604 ) ) GLOBAL_UNIT_ASSIGNED_CONTEXT ( ( #5013, #3907, #5662 ) ) REPRESENTATION_CONTEXT ( 'NONE', 'WORKASPACE' ) );
#2408 = DIRECTION ( 'NONE',  ( 0.000000000000000000, 0.000000000000000000, 1.000000000000000000 ) ) ;
#2409 = FACE_OUTER_BOUND ( 'NONE', #320, .T. ) ;
#2410 = PRESENTATION_LAYER_ASSIGNMENT (  '', '', ( #2419 ) ) ;
#2411 = LINE ( 'NONE', #1867, #3989 ) ;
#2412 = UNCERTAINTY_MEASURE_WITH_UNIT (LENGTH_MEASURE( 1.000000000000000082E-05 ), #1011, 'distance_accuracy_value', 'NONE');
#2413 = CARTESIAN_POINT ( 'NONE',  ( -1.489999999999999991, 1.800000000000000488, 1.349999999999998312 ) ) ;
#2414 = FILL_AREA_STYLE_COLOUR ( '', #4991 ) ;
#2415 =( GEOMETRIC_REPRESENTATION_CONTEXT ( 3 ) GLOBAL_UNCERTAINTY_ASSIGNED_CONTEXT ( ( #806 ) ) GLOBAL_UNIT_ASSIGNED_CONTEXT ( ( #2768, #1580, #1056 ) ) REPRESENTATION_CONTEXT ( 'NONE', 'WORKASPACE' ) );
#2416 = VERTEX_POINT ( 'NONE', #5728 ) ;
#2417 = ORIENTED_EDGE ( 'NONE', *, *, #3858, .T. ) ;
#2418 = PRESENTATION_LAYER_ASSIGNMENT (  '', '', ( #1431 ) ) ;
#2419 = STYLED_ITEM ( 'NONE', ( #4567 ), #4481 ) ;
#2420 = CARTESIAN_POINT ( 'NONE',  ( -0.5899999999999999689, -0.7669872981077823226, 2.000000000000000000 ) ) ;
#2421 = UNCERTAINTY_MEASURE_WITH_UNIT (LENGTH_MEASURE( 1.000000000000000082E-05 ), #5162, 'distance_accuracy_value', 'NONE');
#2422 = LINE ( 'NONE', #692, #7032 ) ;
#2423 = CARTESIAN_POINT ( 'NONE',  ( -0.6390148226006489018, -1.138111155174782452, 1.570858369963916701 ) ) ;
#2424 = PLANE ( 'NONE',  #7311 ) ;
#2425 = ORIENTED_EDGE ( 'NONE', *, *, #6069, .F. ) ;
#2426 = DIRECTION ( 'NONE',  ( -0.000000000000000000, 0.000000000000000000, 1.000000000000000000 ) ) ;
#2427 = VERTEX_POINT ( 'NONE', #3931 ) ;
#2428 = CARTESIAN_POINT ( 'NONE',  ( -0.6645201345479958555, 1.344242776783706406, 1.350968120290222618 ) ) ;
#2429 = SURFACE_STYLE_USAGE ( .BOTH. , #5960 ) ;
#2430 = EDGE_CURVE ( 'NONE', #1483, #335, #2723, .T. ) ;
#2431 = STYLED_ITEM ( 'NONE', ( #1740 ), #4742 ) ;
#2432 = CARTESIAN_POINT ( 'NONE',  ( -1.438329164464214660, 1.708598404331170828, -0.08516972151157181647 ) ) ;
#2433 = DIRECTION ( 'NONE',  ( 0.000000000000000000, 0.000000000000000000, -1.000000000000000000 ) ) ;
#2434 = SURFACE_SIDE_STYLE ('',( #7041 ) ) ;
#2435 = CARTESIAN_POINT ( 'NONE',  ( -1.489999999999999991, -0.7669872981077823226, 2.000000000000000000 ) ) ;
#2436 = CARTESIAN_POINT ( 'NONE',  ( -0.8899999999999999023, 0.000000000000000000, 0.000000000000000000 ) ) ;
#2437 = VECTOR ( 'NONE', #5454, 1000.000000000000000 ) ;
#2438 =( NAMED_UNIT ( * ) PLANE_ANGLE_UNIT ( ) SI_UNIT ( $, .RADIAN. ) );
#2439 = COLOUR_RGB ( '',0.1098039215686274495, 0.1098039215686274495, 0.1098039215686274495 ) ;
#2440 = FILL_AREA_STYLE ('',( #1358 ) ) ;
#2441 =( NAMED_UNIT ( * ) PLANE_ANGLE_UNIT ( ) SI_UNIT ( $, .RADIAN. ) );
#2442 = ORIENTED_EDGE ( 'NONE', *, *, #1156, .F. ) ;
#2443 =( NAMED_UNIT ( * ) SI_UNIT ( $, .STERADIAN. ) SOLID_ANGLE_UNIT ( ) );
#2444 = CARTESIAN_POINT ( 'NONE',  ( -0.7399999999999998801, -1.300000000000000044, 1.520047317545275778 ) ) ;
#2445 = STYLED_ITEM ( 'NONE', ( #5584 ), #2976 ) ;
#2446 = ADVANCED_FACE ( 'NONE', ( #517 ), #1044, .T. ) ;
#2447 = PRESENTATION_LAYER_ASSIGNMENT (  '', '', ( #1458 ) ) ;
#2448 = CARTESIAN_POINT ( 'NONE',  ( -0.6748749351756186954, 1.250244330139616444, 1.423032328865371898 ) ) ;
#2449 = PLANE ( 'NONE',  #155 ) ;
#2450 = EDGE_CURVE ( 'NONE', #67, #5462, #2617, .T. ) ;
#2451 = DIRECTION ( 'NONE',  ( 0.000000000000000000, 0.2836029092905785198, -0.9589418073282237609 ) ) ;
#2452 = AXIS2_PLACEMENT_3D ( 'NONE', #6143, #3249, #5569 ) ;
#2453 = SURFACE_STYLE_USAGE ( .BOTH. , #5980 ) ;
#2454 = PRESENTATION_LAYER_ASSIGNMENT (  '', '', ( #5973 ) ) ;
#2455 = CARTESIAN_POINT ( 'NONE',  ( -1.889999999999999902, 0.7669872981077828777, -2.100000000000000977 ) ) ;
#2456 = ORIENTED_EDGE ( 'NONE', *, *, #760, .F. ) ;
#2457 =( GEOMETRIC_REPRESENTATION_CONTEXT ( 3 ) GLOBAL_UNCERTAINTY_ASSIGNED_CONTEXT ( ( #1551 ) ) GLOBAL_UNIT_ASSIGNED_CONTEXT ( ( #2872, #1147, #1709 ) ) REPRESENTATION_CONTEXT ( 'NONE', 'WORKASPACE' ) );
#2458 = COLOUR_RGB ( '',0.1098039215686274495, 0.1098039215686274495, 0.1098039215686274495 ) ;
#2459 = EDGE_LOOP ( 'NONE', ( #6038, #2093, #7143, #3873 ) ) ;
#2460 = FILL_AREA_STYLE ('',( #1754 ) ) ;
#2461 = COLOUR_RGB ( '',0.1098039215686274495, 0.1098039215686274495, 0.1098039215686274495 ) ;
#2462 = PRESENTATION_LAYER_ASSIGNMENT (  '', '', ( #1472 ) ) ;
#2463 = DIRECTION ( 'NONE',  ( 0.000000000000000000, 0.000000000000000000, -1.000000000000000000 ) ) ;
#2464 = COLOUR_RGB ( '',0.1098039215686274495, 0.1098039215686274495, 0.1098039215686274495 ) ;
#2465 = PLANE ( 'NONE',  #1874 ) ;
#2466 = PRESENTATION_STYLE_ASSIGNMENT (( #7072 ) ) ;
#2467 = SURFACE_STYLE_USAGE ( .BOTH. , #3003 ) ;
#2468 = ORIENTED_EDGE ( 'NONE', *, *, #3086, .T. ) ;
#2469 = PLANE ( 'NONE',  #4003 ) ;
#2470 = ORIENTED_EDGE ( 'NONE', *, *, #1165, .F. ) ;
#2471 = DIRECTION ( 'NONE',  ( 0.000000000000000000, 0.000000000000000000, 1.000000000000000000 ) ) ;
#2472 = APPLICATION_CONTEXT ( 'automotive_design' ) ;
#2473 = FILL_AREA_STYLE ('',( #1808 ) ) ;
#2474 = SURFACE_STYLE_USAGE ( .BOTH. , #4293 ) ;
#2475 = PRESENTATION_STYLE_ASSIGNMENT (( #7009 ) ) ;
#2476 = CYLINDRICAL_SURFACE ( 'NONE', #6866, 0.1000000000000011297 ) ;
#2477 = DIRECTION ( 'NONE',  ( 0.000000000000000000, 1.000000000000000000, 5.654342256568348053E-16 ) ) ;
#2478 = ORIENTED_EDGE ( 'NONE', *, *, #2817, .F. ) ;
#2479 = CARTESIAN_POINT ( 'NONE',  ( -0.6330644189661071009, -1.113397459621555896, -1.600000000000000311 ) ) ;
#2480 = CARTESIAN_POINT ( 'NONE',  ( 0.000000000000000000, 1.340317099274068724, 1.626170748967327384 ) ) ;
#2481 = EDGE_LOOP ( 'NONE', ( #2495, #6206, #2304, #398 ) ) ;
#2482 = DIRECTION ( 'NONE',  ( 1.000000000000000000, 0.000000000000000000, 0.000000000000000000 ) ) ;
#2483 = DIRECTION ( 'NONE',  ( 1.000000000000000000, -0.000000000000000000, -0.000000000000000000 ) ) ;
#2484 = VECTOR ( 'NONE', #3360, 1000.000000000000000 ) ;
#2485 = SURFACE_STYLE_USAGE ( .BOTH. , #1898 ) ;
#2486 = VECTOR ( 'NONE', #6929, 1000.000000000000000 ) ;
#2487 = LINE ( 'NONE', #6956, #6352 ) ;
#2488 = STYLED_ITEM ( 'NONE', ( #2309 ), #2310 ) ;
#2489 = SURFACE_STYLE_FILL_AREA ( #722 ) ;
#2490 =( NAMED_UNIT ( * ) PLANE_ANGLE_UNIT ( ) SI_UNIT ( $, .RADIAN. ) );
#2491 =( NAMED_UNIT ( * ) PLANE_ANGLE_UNIT ( ) SI_UNIT ( $, .RADIAN. ) );
#2492 = SURFACE_SIDE_STYLE ('',( #176 ) ) ;
#2493 = MECHANICAL_DESIGN_GEOMETRIC_PRESENTATION_REPRESENTATION (  '', ( #5401 ), #1144 ) ;
#2494 =( LENGTH_UNIT ( ) NAMED_UNIT ( * ) SI_UNIT ( .MILLI., .METRE. ) );
#2495 = ORIENTED_EDGE ( 'NONE', *, *, #1872, .T. ) ;
#2496 = VERTEX_POINT ( 'NONE', #2227 ) ;
#2497 = DIRECTION ( 'NONE',  ( 0.000000000000000000, 0.000000000000000000, 1.000000000000000000 ) ) ;
#2498 = MECHANICAL_DESIGN_GEOMETRIC_PRESENTATION_REPRESENTATION (  '', ( #1501 ), #3705 ) ;
#2499 = FILL_AREA_STYLE ('',( #4234 ) ) ;
#2500 = MECHANICAL_DESIGN_GEOMETRIC_PRESENTATION_REPRESENTATION (  '', ( #4182 ), #903 ) ;
#2501 = DIRECTION ( 'NONE',  ( 0.000000000000000000, 0.000000000000000000, 1.000000000000000000 ) ) ;
#2502 = UNCERTAINTY_MEASURE_WITH_UNIT (LENGTH_MEASURE( 1.000000000000000082E-05 ), #1901, 'distance_accuracy_value', 'NONE');
#2503 = FILL_AREA_STYLE_COLOUR ( '', #5355 ) ;
#2504 = ORIENTED_EDGE ( 'NONE', *, *, #1745, .F. ) ;
#2505 = ORIENTED_EDGE ( 'NONE', *, *, #3377, .T. ) ;
#2506 = PRESENTATION_STYLE_ASSIGNMENT (( #3752 ) ) ;
#2507 = CARTESIAN_POINT ( 'NONE',  ( 0.06000000000000000472, -1.850000000000000977, -1.399999999999999689 ) ) ;
#2508 = CARTESIAN_POINT ( 'NONE',  ( -1.489999999999999991, 1.800000000000000266, 0.4456137640544755030 ) ) ;
#2509 = DIRECTION ( 'NONE',  ( -0.000000000000000000, -1.000000000000000000, 2.710505431213758620E-16 ) ) ;
#2510 = LINE ( 'NONE', #4815, #5913 ) ;
#2511 = DIRECTION ( 'NONE',  ( 0.000000000000000000, 0.000000000000000000, -1.000000000000000000 ) ) ;
#2512 = LINE ( 'NONE', #7162, #6228 ) ;
#2513 = STYLED_ITEM ( 'NONE', ( #2629 ), #2125 ) ;
#2514 = SURFACE_SIDE_STYLE ('',( #7086 ) ) ;
#2515 = ORIENTED_EDGE ( 'NONE', *, *, #3605, .F. ) ;
#2516 = ADVANCED_FACE ( 'NONE', ( #7472 ), #5078, .T. ) ;
#2517 =( LENGTH_UNIT ( ) NAMED_UNIT ( * ) SI_UNIT ( .MILLI., .METRE. ) );
#2518 = ORIENTED_EDGE ( 'NONE', *, *, #1745, .T. ) ;
#2519 = DIRECTION ( 'NONE',  ( 1.000000000000000000, 0.000000000000000000, 0.000000000000000000 ) ) ;
#2520 = EDGE_CURVE ( 'NONE', #987, #2079, #3093, .T. ) ;
#2521 = DIRECTION ( 'NONE',  ( 0.000000000000000000, 1.000000000000000000, 2.710505431213758620E-16 ) ) ;
#2522 = CARTESIAN_POINT ( 'NONE',  ( -1.489999999999999991, 0.7669872981077823226, 2.100000000000000977 ) ) ;
#2523 = CARTESIAN_POINT ( 'NONE',  ( -0.05345039621956711867, 1.293318733391459530, 1.549999999999999822 ) ) ;
#2524 = MECHANICAL_DESIGN_GEOMETRIC_PRESENTATION_REPRESENTATION (  '', ( #4818 ), #4211 ) ;
#2525 = ADVANCED_FACE ( 'NONE', ( #1082 ), #4006, .F. ) ;
#2526 = LINE ( 'NONE', #2376, #6764 ) ;
#2527 = DIRECTION ( 'NONE',  ( -1.000000000000000000, 0.000000000000000000, 0.000000000000000000 ) ) ;
#2528 = AXIS2_PLACEMENT_3D ( 'NONE', #4487, #3803, #1595 ) ;
#2529 = PRESENTATION_LAYER_ASSIGNMENT (  '', '', ( #5803 ) ) ;
#2530 = DIRECTION ( 'NONE',  ( 0.000000000000000000, -1.495451272393799296E-16, 1.000000000000000000 ) ) ;
#2531 = ADVANCED_FACE ( 'NONE', ( #2375 ), #2334, .F. ) ;
#2532 =( NAMED_UNIT ( * ) PLANE_ANGLE_UNIT ( ) SI_UNIT ( $, .RADIAN. ) );
#2533 = LINE ( 'NONE', #801, #1057 ) ;
#2534 = ORIENTED_EDGE ( 'NONE', *, *, #2597, .T. ) ;
#2535 = ORIENTED_EDGE ( 'NONE', *, *, #5750, .T. ) ;
#2536 = ADVANCED_FACE ( 'NONE', ( #1835 ), #3441, .T. ) ;
#2537 = CARTESIAN_POINT ( 'NONE',  ( -1.315340151904195842, 1.658115844191424326, 0.4903806193033523053 ) ) ;
#2538 = COLOUR_RGB ( '',0.8980392156862745390, 0.8980392156862745390, 0.8980392156862745390 ) ;
#2539 = FACE_OUTER_BOUND ( 'NONE', #2694, .T. ) ;
#2540 = SURFACE_STYLE_FILL_AREA ( #5988 ) ;
#2541 = PRESENTATION_LAYER_ASSIGNMENT (  '', '', ( #6523 ) ) ;
#2542 = FILL_AREA_STYLE ('',( #2583 ) ) ;
#2543 = ORIENTED_EDGE ( 'NONE', *, *, #7163, .F. ) ;
#2544 = COLOUR_RGB ( '',0.1098039215686274495, 0.1098039215686274495, 0.1098039215686274495 ) ;
#2545 = ORIENTED_EDGE ( 'NONE', *, *, #455, .T. ) ;
#2546 = DIRECTION ( 'NONE',  ( -0.000000000000000000, -1.000000000000000000, -5.654342256568344109E-16 ) ) ;
#2547 = FACE_OUTER_BOUND ( 'NONE', #3822, .T. ) ;
#2548 = CARTESIAN_POINT ( 'NONE',  ( -1.889999999999999902, -1.199999999999999734, 1.549999999999999822 ) ) ;
#2549 = COLOUR_RGB ( '',0.1098039215686274495, 0.1098039215686274495, 0.1098039215686274495 ) ;
#2550 = CIRCLE ( 'NONE', #3265, 0.1500000000000000222 ) ;
#2551 = CARTESIAN_POINT ( 'NONE',  ( -1.889999999999999902, 1.113397459621556340, -1.600000000000000533 ) ) ;
#2552 =( NAMED_UNIT ( * ) SI_UNIT ( $, .STERADIAN. ) SOLID_ANGLE_UNIT ( ) );
#2553 = EDGE_CURVE ( 'NONE', #2209, #5143, #6479, .T. ) ;
#2554 = ORIENTED_EDGE ( 'NONE', *, *, #7377, .T. ) ;
#2555 = FILL_AREA_STYLE_COLOUR ( '', #5540 ) ;
#2556 = ORIENTED_EDGE ( 'NONE', *, *, #1394, .F. ) ;
#2557 = DIRECTION ( 'NONE',  ( 0.000000000000000000, 0.9980333389415998457, 0.06268536002195003454 ) ) ;
#2558 = PRESENTATION_STYLE_ASSIGNMENT (( #237 ) ) ;
#2559 = SURFACE_SIDE_STYLE ('',( #6043 ) ) ;
#2560 =( NAMED_UNIT ( * ) SI_UNIT ( $, .STERADIAN. ) SOLID_ANGLE_UNIT ( ) );
#2561 = AXIS2_PLACEMENT_3D ( 'NONE', #4926, #1494, #5081 ) ;
#2562 = CARTESIAN_POINT ( 'NONE',  ( -1.889999999999999902, 0.7669872981077828777, -2.000000000000000000 ) ) ;
#2563 = CARTESIAN_POINT ( 'NONE',  ( -1.939999999999999947, 1.200000000000000178, -1.649999999999999911 ) ) ;
#2564 = VECTOR ( 'NONE', #4791, 1000.000000000000114 ) ;
#2565 = CARTESIAN_POINT ( 'NONE',  ( 0.000000000000000000, -1.050000000000000044, -1.549999999999999822 ) ) ;
#2566 = CARTESIAN_POINT ( 'NONE',  ( -0.8406803038083915380, -1.804663793605829181, 0.1133489185248341830 ) ) ;
#2567 = EDGE_CURVE ( 'NONE', #3560, #5220, #4436, .T. ) ;
#2568 = CARTESIAN_POINT ( 'NONE',  ( -0.8406803038083915380, 1.804663793605829181, -0.1133489185248336278 ) ) ;
#2569 = PRESENTATION_LAYER_ASSIGNMENT (  '', '', ( #6939 ) ) ;
#2570 = DIRECTION ( 'NONE',  ( 1.000000000000000000, 0.000000000000000000, 0.000000000000000000 ) ) ;
#2571 = STYLED_ITEM ( 'NONE', ( #2603 ), #5845 ) ;
#2572 = ORIENTED_EDGE ( 'NONE', *, *, #5587, .T. ) ;
#2573 = EDGE_LOOP ( 'NONE', ( #1469, #1805, #69, #4157 ) ) ;
#2574 = CLOSED_SHELL ( 'NONE', ( #2025, #708, #6128, #4438, #3544, #7453, #370, #4356, #1770, #927, #5041, #3077, #2041, #4197, #3116, #7364, #4420, #6631, #2345, #2018, #3015, #7471, #6649, #3236, #5563, #6756, #6606, #7058, #7012, #6394, #4248, #7237, #1994, #2921, #2271, #447, #3837, #831, #380, #6168, #5064, #5896, #608, #5603, #3273, #856, #2516, #5884, #4921, #2446, #1763, #6094, #679, #4718, #4165, #5845, #6098, #4816, #1624, #629, #1738, #1785, #432, #4612, #1169, #5531, #6887, #1432, #597, #68, #5104, #7060, #6161, #2976, #667, #758, #3369, #3500, #7199, #1228, #7445, #842, #2756, #6041, #3918, #4475, #4190, #2393, #7195, #423, #3167, #2111, #131, #6306 ) ) ;
#2575 = FACE_OUTER_BOUND ( 'NONE', #5842, .T. ) ;
#2576 = EDGE_CURVE ( 'NONE', #877, #5322, #3626, .T. ) ;
#2577 = CARTESIAN_POINT ( 'NONE',  ( -1.889999999999999902, -1.600000000000000311, 1.349999999999998312 ) ) ;
#2578 = AXIS2_PLACEMENT_3D ( 'NONE', #1801, #4013, #3004 ) ;
#2579 = TOROIDAL_SURFACE ( 'NONE', #2696, 2.104138126514910834, 0.2999999999999999889 ) ;
#2580 = UNCERTAINTY_MEASURE_WITH_UNIT (LENGTH_MEASURE( 1.000000000000000082E-05 ), #7297, 'distance_accuracy_value', 'NONE');
#2581 = CARTESIAN_POINT ( 'NONE',  ( -1.489999999999999991, -0.7669872981077828777, -2.000000000000000000 ) ) ;
#2582 = PRODUCT_CONTEXT ( 'NONE', #2472, 'mechanical' ) ;
#2583 = FILL_AREA_STYLE_COLOUR ( '', #5598 ) ;
#2584 = VECTOR ( 'NONE', #7219, 1000.000000000000114 ) ;
#2585 = ORIENTED_EDGE ( 'NONE', *, *, #5797, .F. ) ;
#2586 = DIRECTION ( 'NONE',  ( -1.000000000000000000, -0.000000000000000000, 0.000000000000000000 ) ) ;
#2587 = ORIENTED_EDGE ( 'NONE', *, *, #2608, .F. ) ;
#2588 =( NAMED_UNIT ( * ) SI_UNIT ( $, .STERADIAN. ) SOLID_ANGLE_UNIT ( ) );
#2589 = CARTESIAN_POINT ( 'NONE',  ( -1.489999999999999991, 1.113397459621556340, -1.600000000000000533 ) ) ;
#2590 = VECTOR ( 'NONE', #5063, 1000.000000000000000 ) ;
#2591 = COLOUR_RGB ( '',0.9686274509803921573, 0.8784313725490195957, 0.5999999999999999778 ) ;
#2592 = PRESENTATION_LAYER_ASSIGNMENT (  '', '', ( #1593 ) ) ;
#2593 = COLOUR_RGB ( '',0.6666666666666666297, 0.6980392156862744724, 0.7686274509803920907 ) ;
#2594 = FACE_OUTER_BOUND ( 'NONE', #453, .T. ) ;
#2595 = CARTESIAN_POINT ( 'NONE',  ( -1.939999999999999947, -0.7669872981077823226, 2.000000000000000000 ) ) ;
#2596 = CARTESIAN_POINT ( 'NONE',  ( 0.05000000000000000278, -1.050000000000000044, 1.549999999999999822 ) ) ;
#2597 = EDGE_CURVE ( 'NONE', #4492, #4563, #7062, .T. ) ;
#2598 = VERTEX_POINT ( 'NONE', #1336 ) ;
#2599 = MECHANICAL_DESIGN_GEOMETRIC_PRESENTATION_REPRESENTATION (  '', ( #5870 ), #396 ) ;
#2600 = CARTESIAN_POINT ( 'NONE',  ( -0.8406803038083915380, -1.804663793605829181, 0.1133489185248341830 ) ) ;
#2601 = VERTEX_POINT ( 'NONE', #3704 ) ;
#2602 = EDGE_CURVE ( 'NONE', #1052, #1661, #254, .T. ) ;
#2603 = PRESENTATION_STYLE_ASSIGNMENT (( #273 ) ) ;
#2604 = DIRECTION ( 'NONE',  ( 1.000000000000000000, 0.000000000000000000, -0.000000000000000000 ) ) ;
#2605 = CARTESIAN_POINT ( 'NONE',  ( -1.889999999999999902, 1.199999999999999734, 1.549999999999999822 ) ) ;
#2606 = DIRECTION ( 'NONE',  ( 1.000000000000000000, -0.000000000000000000, -0.000000000000000000 ) ) ;
#2607 = SURFACE_STYLE_USAGE ( .BOTH. , #7286 ) ;
#2608 = EDGE_CURVE ( 'NONE', #4561, #3776, #4378, .T. ) ;
#2609 = CARTESIAN_POINT ( 'NONE',  ( -0.6330644189661067678, 1.113397459621556340, -1.600000000000000533 ) ) ;
#2610 = VERTEX_POINT ( 'NONE', #3743 ) ;
#2611 = CARTESIAN_POINT ( 'NONE',  ( -0.6331729586907349772, -1.179637516621020010, -1.551546824421993431 ) ) ;
#2612 = DIRECTION ( 'NONE',  ( 0.000000000000000000, 0.9589418073282237609, 0.2836029092905780757 ) ) ;
#2613 = DIRECTION ( 'NONE',  ( 1.000000000000000000, -0.000000000000000000, -0.000000000000000000 ) ) ;
#2614 = ORIENTED_EDGE ( 'NONE', *, *, #4723, .F. ) ;
#2615 = ORIENTED_EDGE ( 'NONE', *, *, #3769, .T. ) ;
#2616 = CARTESIAN_POINT ( 'NONE',  ( -9.159660112896642225E-19, 1.250068615027515539, 1.549999999999999822 ) ) ;
#2617 = CIRCLE ( 'NONE', #1732, 0.1200000000000000927 ) ;
#2618 = FILL_AREA_STYLE ('',( #7379 ) ) ;
#2619 = SURFACE_STYLE_USAGE ( .BOTH. , #7306 ) ;
#2620 = VECTOR ( 'NONE', #7490, 1000.000000000000000 ) ;
#2621 = EDGE_CURVE ( 'NONE', #2865, #2672, #7184, .T. ) ;
#2622 = VERTEX_POINT ( 'NONE', #1447 ) ;
#2623 = DIRECTION ( 'NONE',  ( 0.000000000000000000, -1.000000000000000000, -2.710505431213758620E-16 ) ) ;
#2624 = DIRECTION ( 'NONE',  ( 0.000000000000000000, 0.000000000000000000, -1.000000000000000000 ) ) ;
#2625 = B_SPLINE_CURVE_WITH_KNOTS ( 'NONE', 3,
 ( #2616, #5415, #4802, #4919, #843, #6107 ),
 .UNSPECIFIED., .F., .F.,
 ( 4, 2, 4 ),
 ( 0.0005208966982194494560, 0.0005876548313997586714, 0.0006544129645800677783 ),
 .UNSPECIFIED. ) ;
#2626 = AXIS2_PLACEMENT_3D ( 'NONE', #4661, #5701, #6265 ) ;
#2627 = DIRECTION ( 'NONE',  ( 1.000000000000000000, 0.000000000000000000, 0.000000000000000000 ) ) ;
#2628 = VERTEX_POINT ( 'NONE', #3777 ) ;
#2629 = PRESENTATION_STYLE_ASSIGNMENT (( #3723 ) ) ;
#2630 = LINE ( 'NONE', #4899, #5530 ) ;
#2631 = VERTEX_POINT ( 'NONE', #2537 ) ;
#2632 = LINE ( 'NONE', #5970, #5718 ) ;
#2633 = DIRECTION ( 'NONE',  ( 0.000000000000000000, 0.000000000000000000, 1.000000000000000000 ) ) ;
#2634 = SURFACE_SIDE_STYLE ('',( #3201 ) ) ;
#2635 = VECTOR ( 'NONE', #2245, 1000.000000000000000 ) ;
#2636 = EDGE_CURVE ( 'NONE', #3296, #4801, #2625, .T. ) ;
#2637 = SURFACE_SIDE_STYLE ('',( #5516 ) ) ;
#2638 = VERTEX_POINT ( 'NONE', #1300 ) ;
#2639 =( NAMED_UNIT ( * ) SI_UNIT ( $, .STERADIAN. ) SOLID_ANGLE_UNIT ( ) );
#2640 = AXIS2_PLACEMENT_3D ( 'NONE', #7117, #5925, #3523 ) ;
#2641 = DIRECTION ( 'NONE',  ( -0.000000000000000000, -1.606225440719267353E-16, -1.000000000000000000 ) ) ;
#2642 = LINE ( 'NONE', #2287, #4361 ) ;
#2643 = ORIENTED_EDGE ( 'NONE', *, *, #7299, .T. ) ;
#2644 = ORIENTED_EDGE ( 'NONE', *, *, #5705, .F. ) ;
#2645 = CARTESIAN_POINT ( 'NONE',  ( 0.000000000000000000, 1.850000000000000977, -1.399999999999999245 ) ) ;
#2646 = EDGE_CURVE ( 'NONE', #209, #5448, #6683, .T. ) ;
#2647 = FILL_AREA_STYLE_COLOUR ( '', #6123 ) ;
#2648 = UNCERTAINTY_MEASURE_WITH_UNIT (LENGTH_MEASURE( 1.000000000000000082E-05 ), #6745, 'distance_accuracy_value', 'NONE');
#2649 = FILL_AREA_STYLE_COLOUR ( '', #5441 ) ;
#2650 = CARTESIAN_POINT ( 'NONE',  ( -0.03474037202432020410, -1.339247124323738269, 1.549999999999999822 ) ) ;
#2651 = CARTESIAN_POINT ( 'NONE',  ( -0.6399999999999997913, -1.299999999997653921, 1.437718188028045407 ) ) ;
#2652 = ORIENTED_EDGE ( 'NONE', *, *, #683, .T. ) ;
#2653 = CARTESIAN_POINT ( 'NONE',  ( -0.6507597130669211527, -1.267666976685429159, 1.445976795856304342 ) ) ;
#2654 = LINE ( 'NONE', #6641, #5564 ) ;
#2655 = STYLED_ITEM ( 'NONE', ( #6493 ), #6394 ) ;
#2656 = FILL_AREA_STYLE ('',( #7275 ) ) ;
#2657 = CYLINDRICAL_SURFACE ( 'NONE', #4490, 0.1499999999999999667 ) ;
#2658 = VECTOR ( 'NONE', #3817, 1000.000000000000000 ) ;
#2659 = STYLED_ITEM ( 'NONE', ( #3108 ), #4410 ) ;
#2660 = ORIENTED_EDGE ( 'NONE', *, *, #3147, .T. ) ;
#2661 =( LENGTH_UNIT ( ) NAMED_UNIT ( * ) SI_UNIT ( .MILLI., .METRE. ) );
#2662 = ORIENTED_EDGE ( 'NONE', *, *, #7136, .F. ) ;
#2663 = AXIS2_PLACEMENT_3D ( 'NONE', #3657, #175, #7224 ) ;
#2664 = DIRECTION ( 'NONE',  ( 0.000000000000000000, 0.000000000000000000, 1.000000000000000000 ) ) ;
#2665 =( LENGTH_UNIT ( ) NAMED_UNIT ( * ) SI_UNIT ( .MILLI., .METRE. ) );
#2666 = DIRECTION ( 'NONE',  ( -0.000000000000000000, -1.000000000000000000, 0.000000000000000000 ) ) ;
#2667 = FILL_AREA_STYLE_COLOUR ( '', #1244 ) ;
#2668 = ORIENTED_EDGE ( 'NONE', *, *, #4810, .F. ) ;
#2670 = AXIS2_PLACEMENT_3D ( 'NONE', #6959, #4611, #4121 ) ;
#2669 =( NAMED_UNIT ( * ) PLANE_ANGLE_UNIT ( ) SI_UNIT ( $, .RADIAN. ) );
#2671 =( LENGTH_UNIT ( ) NAMED_UNIT ( * ) SI_UNIT ( .MILLI., .METRE. ) );
#2672 = VERTEX_POINT ( 'NONE', #880 ) ;
#2673 = MECHANICAL_DESIGN_GEOMETRIC_PRESENTATION_REPRESENTATION (  '', ( #1679 ), #3042 ) ;
#2674 = DIRECTION ( 'NONE',  ( 0.000000000000000000, -2.710505431213758620E-16, -1.000000000000000000 ) ) ;
#2675 = LINE ( 'NONE', #6170, #5736 ) ;
#2676 = VECTOR ( 'NONE', #1159, 1000.000000000000000 ) ;
#2677 = EDGE_CURVE ( 'NONE', #6138, #1287, #2063, .T. ) ;
#2678 = COLOUR_RGB ( '',0.1098039215686274495, 0.1098039215686274495, 0.1098039215686274495 ) ;
#2679 = ORIENTED_EDGE ( 'NONE', *, *, #2430, .T. ) ;
#2680 = ORIENTED_EDGE ( 'NONE', *, *, #4505, .T. ) ;
#2681 = EDGE_CURVE ( 'NONE', #1947, #7301, #6804, .T. ) ;
#2682 = EDGE_CURVE ( 'NONE', #765, #1589, #3665, .T. ) ;
#2683 = SURFACE_STYLE_USAGE ( .BOTH. , #916 ) ;
#2684 = CARTESIAN_POINT ( 'NONE',  ( 0.009155800216764610130, -1.251163864977762552, 1.549999999999999822 ) ) ;
#2685 = CARTESIAN_POINT ( 'NONE',  ( 0.05000000000000000278, -1.850000000000000533, 1.399999999999999023 ) ) ;
#2686 = CARTESIAN_POINT ( 'NONE',  ( -1.889999999999999902, -0.7669872981077823226, 2.100000000000000089 ) ) ;
#2687 = ORIENTED_EDGE ( 'NONE', *, *, #3126, .T. ) ;
#2688 = COLOUR_RGB ( '',0.1098039215686274495, 0.1098039215686274495, 0.1098039215686274495 ) ;
#2689 = CARTESIAN_POINT ( 'NONE',  ( 0.000000000000000000, -0.6747223250267392336, -2.000000000000000888 ) ) ;
#2690 = CARTESIAN_POINT ( 'NONE',  ( -0.5899999999999999689, 2.099999999999999645, -0.1318986559964980820 ) ) ;
#2691 =( NAMED_UNIT ( * ) SI_UNIT ( $, .STERADIAN. ) SOLID_ANGLE_UNIT ( ) );
#2692 = PRESENTATION_LAYER_ASSIGNMENT (  '', '', ( #1698 ) ) ;
#2693 = LINE ( 'NONE', #5578, #1935 ) ;
#2694 = EDGE_LOOP ( 'NONE', ( #7123, #981, #3269, #7406 ) ) ;
#2695 = CIRCLE ( 'NONE', #4264, 0.1499999999999999667 ) ;
#2696 = AXIS2_PLACEMENT_3D ( 'NONE', #5879, #652, #2995 ) ;
#2697 = LINE ( 'NONE', #7358, #5416 ) ;
#2698 = CARTESIAN_POINT ( 'NONE',  ( -1.889999999999999902, -1.070096189432336420, -1.575000000000001732 ) ) ;
#2699 = PRESENTATION_LAYER_ASSIGNMENT (  '', '', ( #4025 ) ) ;
#2700 =( NAMED_UNIT ( * ) SI_UNIT ( $, .STERADIAN. ) SOLID_ANGLE_UNIT ( ) );
#2701 =( LENGTH_UNIT ( ) NAMED_UNIT ( * ) SI_UNIT ( .MILLI., .METRE. ) );
#2702 = VECTOR ( 'NONE', #3242, 1000.000000000000000 ) ;
#2703 = DIRECTION ( 'NONE',  ( -1.000000000000000000, 0.000000000000000000, 0.000000000000000000 ) ) ;
#2704 = FILL_AREA_STYLE_COLOUR ( '', #1969 ) ;
#2705 = EDGE_LOOP ( 'NONE', ( #884, #6819, #7190, #6050 ) ) ;
#2706 = ORIENTED_EDGE ( 'NONE', *, *, #4062, .T. ) ;
#2707 = ORIENTED_EDGE ( 'NONE', *, *, #5370, .T. ) ;
#2708 = UNCERTAINTY_MEASURE_WITH_UNIT (LENGTH_MEASURE( 1.000000000000000082E-05 ), #4669, 'distance_accuracy_value', 'NONE');
#2709 =( NAMED_UNIT ( * ) SI_UNIT ( $, .STERADIAN. ) SOLID_ANGLE_UNIT ( ) );
#2710 = AXIS2_PLACEMENT_3D ( 'NONE', #3044, #6383, #6486 ) ;
#2711 =( NAMED_UNIT ( * ) PLANE_ANGLE_UNIT ( ) SI_UNIT ( $, .RADIAN. ) );
#2712 = ORIENTED_EDGE ( 'NONE', *, *, #4959, .F. ) ;
#2713 = VERTEX_POINT ( 'NONE', #7264 ) ;
#2714 = DIRECTION ( 'NONE',  ( 1.000000000000000000, -0.000000000000000000, -0.000000000000000000 ) ) ;
#2715 = UNCERTAINTY_MEASURE_WITH_UNIT (LENGTH_MEASURE( 1.000000000000000082E-05 ), #4435, 'distance_accuracy_value', 'NONE');
#2716 = CARTESIAN_POINT ( 'NONE',  ( 0.01882550035427320995, -1.254371755193856464, 1.549999999999999822 ) ) ;
#2717 = EDGE_CURVE ( 'NONE', #3211, #4581, #4491, .T. ) ;
#2718 = FILL_AREA_STYLE_COLOUR ( '', #612 ) ;
#2719 = CIRCLE ( 'NONE', #4656, 0.3000000000000000999 ) ;
#2720 = CARTESIAN_POINT ( 'NONE',  ( -0.5899999999999999689, -0.8535898384862269372, -2.049999999999999822 ) ) ;
#2721 = ORIENTED_EDGE ( 'NONE', *, *, #5264, .F. ) ;
#2722 = MECHANICAL_DESIGN_GEOMETRIC_PRESENTATION_REPRESENTATION (  '', ( #4907 ), #5886 ) ;
#2723 = LINE ( 'NONE', #1611, #1377 ) ;
#2724 = SURFACE_STYLE_USAGE ( .BOTH. , #405 ) ;
#2725 = DIRECTION ( 'NONE',  ( 1.000000000000000000, 0.000000000000000000, 0.000000000000000000 ) ) ;
#2726 = AXIS2_PLACEMENT_3D ( 'NONE', #3114, #6032, #1344 ) ;
#2727 =( NAMED_UNIT ( * ) SI_UNIT ( $, .STERADIAN. ) SOLID_ANGLE_UNIT ( ) );
#2728 =( NAMED_UNIT ( * ) PLANE_ANGLE_UNIT ( ) SI_UNIT ( $, .RADIAN. ) );
#2729 = DIRECTION ( 'NONE',  ( 0.000000000000000000, 0.000000000000000000, 1.000000000000000000 ) ) ;
#2730 = ORIENTED_EDGE ( 'NONE', *, *, #4711, .T. ) ;
#2731 = SURFACE_STYLE_USAGE ( .BOTH. , #6844 ) ;
#2732 =( NAMED_UNIT ( * ) PLANE_ANGLE_UNIT ( ) SI_UNIT ( $, .RADIAN. ) );
#2733 = MECHANICAL_DESIGN_GEOMETRIC_PRESENTATION_REPRESENTATION (  '', ( #74 ), #3221 ) ;
#2734 = PRESENTATION_LAYER_ASSIGNMENT (  '', '', ( #1501 ) ) ;
#2735 = DIRECTION ( 'NONE',  ( 1.000000000000000000, -0.000000000000000000, -0.000000000000000000 ) ) ;
#2736 = CARTESIAN_POINT ( 'NONE',  ( 0.05000000000000000278, 0.6747223250267422312, 2.000000000000001332 ) ) ;
#2737 = DIRECTION ( 'NONE',  ( 1.000000000000000000, -0.000000000000000000, -0.000000000000000000 ) ) ;
#2738 = LINE ( 'NONE', #3950, #3910 ) ;
#2739 = ORIENTED_EDGE ( 'NONE', *, *, #5511, .F. ) ;
#2740 = EDGE_CURVE ( 'NONE', #2749, #483, #2059, .T. ) ;
#2741 = VERTEX_POINT ( 'NONE', #210 ) ;
#2742 = VECTOR ( 'NONE', #763, 1000.000000000000000 ) ;
#2743 = CARTESIAN_POINT ( 'NONE',  ( -0.5899999999999999689, 1.199999999999999734, 1.549999999999999822 ) ) ;
#2744 = ORIENTED_EDGE ( 'NONE', *, *, #1733, .T. ) ;
#2745 = FILL_AREA_STYLE ('',( #4414 ) ) ;
#2746 = SURFACE_STYLE_USAGE ( .BOTH. , #2863 ) ;
#2747 = FACE_OUTER_BOUND ( 'NONE', #737, .T. ) ;
#2748 = VECTOR ( 'NONE', #6798, 1000.000000000000000 ) ;
#2749 = VERTEX_POINT ( 'NONE', #804 ) ;
#2750 = ORIENTED_EDGE ( 'NONE', *, *, #5832, .T. ) ;
#2751 = EDGE_CURVE ( 'NONE', #1163, #1490, #4943, .T. ) ;
#2752 = CARTESIAN_POINT ( 'NONE',  ( -0.000000000000000000, 1.335884983910873736, 1.636401426128563541 ) ) ;
#2753 = DIRECTION ( 'NONE',  ( 0.000000000000000000, 1.000000000000000000, -1.548860246407865555E-16 ) ) ;
#2754 = CARTESIAN_POINT ( 'NONE',  ( 0.04280403406845730702, -1.277318581682176379, 1.549999999999999822 ) ) ;
#2755 = CARTESIAN_POINT ( 'NONE',  ( -0.01408511112355768057, -1.348721610541668614, 1.549999999999999822 ) ) ;
#2756 = ADVANCED_FACE ( 'NONE', ( #2575 ), #4880, .T. ) ;
#2757 = ORIENTED_EDGE ( 'NONE', *, *, #3309, .T. ) ;
#2758 =( NAMED_UNIT ( * ) PLANE_ANGLE_UNIT ( ) SI_UNIT ( $, .RADIAN. ) );
#2759 = CARTESIAN_POINT ( 'NONE',  ( -1.939999999999999947, 1.599999999999999867, -1.499999999999998668 ) ) ;
#2760 = CARTESIAN_POINT ( 'NONE',  ( -0.8899999999999999023, 0.000000000000000000, 0.000000000000000000 ) ) ;
#2761 = CARTESIAN_POINT ( 'NONE',  ( -1.889999999999999902, -1.113397459621555674, 1.599999999999999867 ) ) ;
#2762 = CARTESIAN_POINT ( 'NONE',  ( 0.000000000000000000, -1.200000000000000178, -1.549999999999999822 ) ) ;
#2763 = ORIENTED_EDGE ( 'NONE', *, *, #1362, .F. ) ;
#2764 = CYLINDRICAL_SURFACE ( 'NONE', #2871, 0.05000000000000100198 ) ;
#2765 = DIRECTION ( 'NONE',  ( 0.000000000000000000, 0.000000000000000000, -1.000000000000000000 ) ) ;
#2766 = STYLED_ITEM ( 'NONE', ( #6044 ), #6582 ) ;
#2767 = AXIS2_PLACEMENT_3D ( 'NONE', #7103, #4284, #3592 ) ;
#2768 =( LENGTH_UNIT ( ) NAMED_UNIT ( * ) SI_UNIT ( .MILLI., .METRE. ) );
#2769 = DIRECTION ( 'NONE',  ( -1.000000000000000000, -0.000000000000000000, -0.000000000000000000 ) ) ;
#2770 = CARTESIAN_POINT ( 'NONE',  ( 0.04248216056444876348, 1.276674800370030116, 1.549999999999999822 ) ) ;
#2771 = ADVANCED_FACE ( 'NONE', ( #5310 ), #2469, .F. ) ;
#2772 = CARTESIAN_POINT ( 'NONE',  ( -0.6341955629345658041, -1.115603930908022789, -1.596178279625443563 ) ) ;
#2773 = CARTESIAN_POINT ( 'NONE',  ( 0.000000000000000000, 2.000000000000000444, 1.399999999999998357 ) ) ;
#2774 = CIRCLE ( 'NONE', #1792, 0.1500000000000000222 ) ;
#2775 = FILL_AREA_STYLE ('',( #5786 ) ) ;
#2776 = VECTOR ( 'NONE', #225, 1000.000000000000000 ) ;
#2777 = EDGE_LOOP ( 'NONE', ( #2096, #5027, #6850, #4887, #4688, #5490 ) ) ;
#2778 = CIRCLE ( 'NONE', #114, 2.104138126514910834 ) ;
#2779 =( NAMED_UNIT ( * ) SI_UNIT ( $, .STERADIAN. ) SOLID_ANGLE_UNIT ( ) );
#2780 = DIRECTION ( 'NONE',  ( 1.000000000000000000, 0.000000000000000000, 0.000000000000000000 ) ) ;
#2781 = ORIENTED_EDGE ( 'NONE', *, *, #442, .T. ) ;
#2782 = PRESENTATION_STYLE_ASSIGNMENT (( #466 ) ) ;
#2783 = UNCERTAINTY_MEASURE_WITH_UNIT (LENGTH_MEASURE( 1.000000000000000082E-05 ), #2878, 'distance_accuracy_value', 'NONE');
#2784 = MECHANICAL_DESIGN_GEOMETRIC_PRESENTATION_REPRESENTATION (  '', ( #2419 ), #5572 ) ;
#2785 = DIRECTION ( 'NONE',  ( 1.000000000000000000, 0.000000000000000000, 0.000000000000000000 ) ) ;
#2786 = ORIENTED_EDGE ( 'NONE', *, *, #6445, .F. ) ;
#2787 =( NAMED_UNIT ( * ) SI_UNIT ( $, .STERADIAN. ) SOLID_ANGLE_UNIT ( ) );
#2788 = ORIENTED_EDGE ( 'NONE', *, *, #5047, .F. ) ;
#2789 =( GEOMETRIC_REPRESENTATION_CONTEXT ( 3 ) GLOBAL_UNCERTAINTY_ASSIGNED_CONTEXT ( ( #3709 ) ) GLOBAL_UNIT_ASSIGNED_CONTEXT ( ( #6046, #3165, #410 ) ) REPRESENTATION_CONTEXT ( 'NONE', 'WORKASPACE' ) );
#2790 = EDGE_CURVE ( 'NONE', #1613, #5352, #7559, .T. ) ;
#2791 = CARTESIAN_POINT ( 'NONE',  ( -0.8406516964877221998, -1.016275356298555638E-15, 1.808224717252046476 ) ) ;
#2792 = SURFACE_STYLE_FILL_AREA ( #3436 ) ;
#2793 = PRODUCT_DEFINITION_CONTEXT ( 'detailed design', #7289, 'design' ) ;
#2794 = PRESENTATION_STYLE_ASSIGNMENT (( #478 ) ) ;
#2795 = SURFACE_STYLE_FILL_AREA ( #515 ) ;
#2796 = VERTEX_POINT ( 'NONE', #5811 ) ;
#2797 = SURFACE_SIDE_STYLE ('',( #4463 ) ) ;
#2798 = CARTESIAN_POINT ( 'NONE',  ( -0.5899999999999999689, -0.9545255768385699779, -1.875174172874262579 ) ) ;
#2799 = EDGE_LOOP ( 'NONE', ( #6482, #6480, #7090, #6137 ) ) ;
#2800 = STYLED_ITEM ( 'NONE', ( #1573 ), #7445 ) ;
#2801 = MECHANICAL_DESIGN_GEOMETRIC_PRESENTATION_REPRESENTATION (  '', ( #5471 ), #4374 ) ;
#2802 = CARTESIAN_POINT ( 'NONE',  ( -0.5899999999999999689, 1.200000000000000178, -1.649999999999999911 ) ) ;
#2803 = DIRECTION ( 'NONE',  ( 0.000000000000000000, 0.000000000000000000, 1.000000000000000000 ) ) ;
#2804 = UNCERTAINTY_MEASURE_WITH_UNIT (LENGTH_MEASURE( 1.000000000000000082E-05 ), #5616, 'distance_accuracy_value', 'NONE');
#2805 = CARTESIAN_POINT ( 'NONE',  ( -0.5946613495366958047, 1.850415197882329998, -0.03903711216611877727 ) ) ;
#2806 = CARTESIAN_POINT ( 'NONE',  ( -1.889999999999999902, -1.113397459621555896, -1.600000000000000311 ) ) ;
#2807 =( NAMED_UNIT ( * ) PLANE_ANGLE_UNIT ( ) SI_UNIT ( $, .RADIAN. ) );
#2808 = ORIENTED_EDGE ( 'NONE', *, *, #2677, .F. ) ;
#2809 = DIRECTION ( 'NONE',  ( 0.000000000000000000, 0.000000000000000000, 1.000000000000000000 ) ) ;
#2810 = CIRCLE ( 'NONE', #7069, 0.3000000000000002109 ) ;
#2811 = FACE_OUTER_BOUND ( 'NONE', #2459, .T. ) ;
#2812 = DIRECTION ( 'NONE',  ( 0.000000000000000000, 0.000000000000000000, -1.000000000000000000 ) ) ;
#2814 = CIRCLE ( 'NONE', #5488, 0.1499999999999999944 ) ;
#2813 = FILL_AREA_STYLE_COLOUR ( '', #2956 ) ;
#2815 = CIRCLE ( 'NONE', #6822, 0.1499999999999999667 ) ;
#2816 = COLOUR_RGB ( '',0.1098039215686274495, 0.1098039215686274495, 0.1098039215686274495 ) ;
#2817 = EDGE_CURVE ( 'NONE', #4807, #488, #6785, .T. ) ;
#2818 = EDGE_LOOP ( 'NONE', ( #3587, #3775, #7025, #1736, #464, #5449 ) ) ;
#2819 =( GEOMETRIC_REPRESENTATION_CONTEXT ( 3 ) GLOBAL_UNCERTAINTY_ASSIGNED_CONTEXT ( ( #1563 ) ) GLOBAL_UNIT_ASSIGNED_CONTEXT ( ( #3099, #4273, #4834 ) ) REPRESENTATION_CONTEXT ( 'NONE', 'WORKASPACE' ) );
#2820 = TOROIDAL_SURFACE ( 'NONE', #2089, 0.1699999999999999567, 0.04999999999999998196 ) ;
#2821 = CARTESIAN_POINT ( 'NONE',  ( -1.439680159963720341, -1.701567811908586192, 0.1722222898330902363 ) ) ;
#2822 =( NAMED_UNIT ( * ) SI_UNIT ( $, .STERADIAN. ) SOLID_ANGLE_UNIT ( ) );
#2823 = EDGE_LOOP ( 'NONE', ( #4769, #7374 ) ) ;
#2824 = FILL_AREA_STYLE_COLOUR ( '', #2538 ) ;
#2825 = ADVANCED_FACE ( 'NONE', ( #661 ), #1162, .F. ) ;
#2826 = CARTESIAN_POINT ( 'NONE',  ( -1.489999999999999991, 1.600000000000000311, 1.349999999999998312 ) ) ;
#2827 = CIRCLE ( 'NONE', #7475, 0.1500000000000008271 ) ;
#2828 = ORIENTED_EDGE ( 'NONE', *, *, #6543, .F. ) ;
#2829 = MECHANICAL_DESIGN_GEOMETRIC_PRESENTATION_REPRESENTATION (  '', ( #4155 ), #43 ) ;
#2830 = VERTEX_POINT ( 'NONE', #4698 ) ;
#2831 =( NAMED_UNIT ( * ) SI_UNIT ( $, .STERADIAN. ) SOLID_ANGLE_UNIT ( ) );
#2832 = FACE_OUTER_BOUND ( 'NONE', #4674, .T. ) ;
#2833 = ORIENTED_EDGE ( 'NONE', *, *, #4568, .T. ) ;
#2834 = EDGE_CURVE ( 'NONE', #6029, #7484, #1200, .T. ) ;
#2835 = SURFACE_STYLE_USAGE ( .BOTH. , #3366 ) ;
#2836 = SURFACE_STYLE_USAGE ( .BOTH. , #3932 ) ;
#2837 = EDGE_LOOP ( 'NONE', ( #1006, #6368, #1319, #6179 ) ) ;
#2838 = EDGE_CURVE ( 'NONE', #2741, #2830, #6934, .T. ) ;
#2839 = LINE ( 'NONE', #1614, #1314 ) ;
#2840 = LINE ( 'NONE', #7511, #2437 ) ;
#2841 = B_SPLINE_CURVE_WITH_KNOTS ( 'NONE', 3,
 ( #2211, #2360, #6895, #3388, #7450, #5791, #4675, #3427, #1175, #52, #565, #2939, #7527 ),
 .UNSPECIFIED., .F., .F.,
 ( 4, 3, 3, 3, 4 ),
 ( 0.000000000000000000, 3.178269339158172960E-05, 6.383604484641556566E-05, 9.261276449980719659E-05, 0.0001061268402063684759 ),
 .UNSPECIFIED. ) ;
#2842 =( NAMED_UNIT ( * ) PLANE_ANGLE_UNIT ( ) SI_UNIT ( $, .RADIAN. ) );
#2843 = DIRECTION ( 'NONE',  ( 0.000000000000000000, 0.4999999999999965583, 0.8660254037844407060 ) ) ;
#2844 = AXIS2_PLACEMENT_3D ( 'NONE', #6363, #6863, #5262 ) ;
#2845 = FACE_OUTER_BOUND ( 'NONE', #2573, .T. ) ;
#2846 = EDGE_LOOP ( 'NONE', ( #3498, #3469, #2660, #2045 ) ) ;
#2847 = DIRECTION ( 'NONE',  ( -1.000000000000000000, 0.000000000000000000, 0.000000000000000000 ) ) ;
#2848 = AXIS2_PLACEMENT_3D ( 'NONE', #834, #5051, #418 ) ;
#2849 = COLOUR_RGB ( '',0.9686274509803921573, 0.8784313725490195957, 0.5999999999999999778 ) ;
#2850 = FILL_AREA_STYLE_COLOUR ( '', #2159 ) ;
#2851 = CARTESIAN_POINT ( 'NONE',  ( 0.06000000000000000472, -1.849999999999999645, 1.549999999999999156 ) ) ;
#2852 = DIRECTION ( 'NONE',  ( 1.000000000000000000, -0.000000000000000000, -0.000000000000000000 ) ) ;
#2853 = EDGE_CURVE ( 'NONE', #5462, #1312, #6491, .T. ) ;
#2854 = PRESENTATION_LAYER_ASSIGNMENT (  '', '', ( #5895 ) ) ;
#2855 = DIRECTION ( 'NONE',  ( 0.000000000000000000, -0.8660254037844413721, -0.4999999999999952816 ) ) ;
#2856 = ORIENTED_EDGE ( 'NONE', *, *, #4132, .F. ) ;
#2857 = CARTESIAN_POINT ( 'NONE',  ( -1.438329164464214660, -1.708598404331170828, 0.08516972151153336112 ) ) ;
#2858 = CARTESIAN_POINT ( 'NONE',  ( -0.1699999999999999567, 1.300000000000000044, 1.690047317545275707 ) ) ;
#2859 = CIRCLE ( 'NONE', #7121, 2.104138126514910834 ) ;
#2860 = ORIENTED_EDGE ( 'NONE', *, *, #5646, .F. ) ;
#2861 = CARTESIAN_POINT ( 'NONE',  ( -1.489999999999999991, -0.7669872981077823226, 2.100000000000000089 ) ) ;
#2862 = UNCERTAINTY_MEASURE_WITH_UNIT (LENGTH_MEASURE( 1.000000000000000082E-05 ), #6876, 'distance_accuracy_value', 'NONE');
#2863 = SURFACE_SIDE_STYLE ('',( #5714 ) ) ;
#2864 = DIRECTION ( 'NONE',  ( 0.000000000000000000, 0.000000000000000000, 1.000000000000000000 ) ) ;
#2865 = VERTEX_POINT ( 'NONE', #4215 ) ;
#2866 = VERTEX_POINT ( 'NONE', #5935 ) ;
#2867 = CARTESIAN_POINT ( 'NONE',  ( -1.340000000000000080, 0.000000000000000000, 0.000000000000000000 ) ) ;
#2868 = EDGE_CURVE ( 'NONE', #3786, #2749, #2632, .T. ) ;
#2869 = DIRECTION ( 'NONE',  ( -0.000000000000000000, -1.000000000000000000, 0.000000000000000000 ) ) ;
#2870 = UNCERTAINTY_MEASURE_WITH_UNIT (LENGTH_MEASURE( 1.000000000000000082E-05 ), #4341, 'distance_accuracy_value', 'NONE');
#2871 = AXIS2_PLACEMENT_3D ( 'NONE', #5045, #7436, #7393 ) ;
#2872 =( LENGTH_UNIT ( ) NAMED_UNIT ( * ) SI_UNIT ( .MILLI., .METRE. ) );
#2873 = DIRECTION ( 'NONE',  ( 1.000000000000000000, -0.000000000000000000, -0.000000000000000000 ) ) ;
#2874 = EDGE_CURVE ( 'NONE', #1179, #3732, #878, .T. ) ;
#2875 = SURFACE_SIDE_STYLE ('',( #1751 ) ) ;
#2876 = EDGE_LOOP ( 'NONE', ( #3312, #1913, #4326, #2253, #3551 ) ) ;
#2877 =( LENGTH_UNIT ( ) NAMED_UNIT ( * ) SI_UNIT ( .MILLI., .METRE. ) );
#2878 =( LENGTH_UNIT ( ) NAMED_UNIT ( * ) SI_UNIT ( .MILLI., .METRE. ) );
#2879 = CARTESIAN_POINT ( 'NONE',  ( -1.939999999999999947, -0.7669872981077828777, -2.000000000000000000 ) ) ;
#2880 =( NAMED_UNIT ( * ) PLANE_ANGLE_UNIT ( ) SI_UNIT ( $, .RADIAN. ) );
#2881 = FILL_AREA_STYLE ('',( #2380 ) ) ;
#2882 = CARTESIAN_POINT ( 'NONE',  ( -0.5899999999999999689, 0.7669872981077828777, -2.000000000000000000 ) ) ;
#2883 = ORIENTED_EDGE ( 'NONE', *, *, #4446, .T. ) ;
#2884 = VERTEX_POINT ( 'NONE', #4902 ) ;
#2885 = CARTESIAN_POINT ( 'NONE',  ( -0.000000000000000000, -1.250268185853254721, 1.571931171444581166 ) ) ;
#2886 =( NAMED_UNIT ( * ) SI_UNIT ( $, .STERADIAN. ) SOLID_ANGLE_UNIT ( ) );
#2887 = DIRECTION ( 'NONE',  ( 1.000000000000000000, 0.000000000000000000, 0.000000000000000000 ) ) ;
#2888 = CARTESIAN_POINT ( 'NONE',  ( 0.04657170106547605520, 1.287119803896644710, 1.549999999999999822 ) ) ;
#2889 = PRESENTATION_LAYER_ASSIGNMENT (  '', '', ( #4574 ) ) ;
#2890 =( GEOMETRIC_REPRESENTATION_CONTEXT ( 3 ) GLOBAL_UNCERTAINTY_ASSIGNED_CONTEXT ( ( #5671 ) ) GLOBAL_UNIT_ASSIGNED_CONTEXT ( ( #6184, #3820, #6838 ) ) REPRESENTATION_CONTEXT ( 'NONE', 'WORKASPACE' ) );
#2891 =( NAMED_UNIT ( * ) SI_UNIT ( $, .STERADIAN. ) SOLID_ANGLE_UNIT ( ) );
#2892 = DIRECTION ( 'NONE',  ( 0.000000000000000000, 0.000000000000000000, -1.000000000000000000 ) ) ;
#2893 = VECTOR ( 'NONE', #5549, 1000.000000000000000 ) ;
#2894 = ADVANCED_FACE ( 'NONE', ( #1396 ), #4340, .F. ) ;
#2895 = CARTESIAN_POINT ( 'NONE',  ( -1.315340258850421273, -1.681740023738230061, -0.4105005104839475893 ) ) ;
#2896 = ORIENTED_EDGE ( 'NONE', *, *, #5450, .T. ) ;
#2897 = DIRECTION ( 'NONE',  ( 0.000000000000000000, 0.000000000000000000, -1.000000000000000000 ) ) ;
#2898 = AXIS2_PLACEMENT_3D ( 'NONE', #2036, #264, #5466 ) ;
#2899 = DIRECTION ( 'NONE',  ( 0.000000000000000000, 0.000000000000000000, -1.000000000000000000 ) ) ;
#2900 = CIRCLE ( 'NONE', #581, 1.727069063257455461 ) ;
#2901 = AXIS2_PLACEMENT_3D ( 'NONE', #5533, #2714, #4424 ) ;
#2902 = VERTEX_POINT ( 'NONE', #3762 ) ;
#2903 = AXIS2_PLACEMENT_3D ( 'NONE', #4046, #6331, #5186 ) ;
#2904 =( GEOMETRIC_REPRESENTATION_CONTEXT ( 3 ) GLOBAL_UNCERTAINTY_ASSIGNED_CONTEXT ( ( #2580 ) ) GLOBAL_UNIT_ASSIGNED_CONTEXT ( ( #7297, #2711, #392 ) ) REPRESENTATION_CONTEXT ( 'NONE', 'WORKASPACE' ) );
#2905 = DIRECTION ( 'NONE',  ( -7.228014483236693597E-16, -0.9980333389416070622, 0.06268536002183609790 ) ) ;
#2906 = DIRECTION ( 'NONE',  ( 0.000000000000000000, 0.000000000000000000, 1.000000000000000000 ) ) ;
#2907 = EDGE_CURVE ( 'NONE', #7543, #7339, #6087, .T. ) ;
#2908 =( NAMED_UNIT ( * ) SI_UNIT ( $, .STERADIAN. ) SOLID_ANGLE_UNIT ( ) );
#2909 = DIRECTION ( 'NONE',  ( 0.000000000000000000, 0.000000000000000000, -1.000000000000000000 ) ) ;
#2910 = CARTESIAN_POINT ( 'NONE',  ( 1.975206554762960543E-16, -1.349931384972484549, 1.549999999999999822 ) ) ;
#2911 = EDGE_LOOP ( 'NONE', ( #1724, #5145, #3368, #435 ) ) ;
#2912 = VECTOR ( 'NONE', #5751, 1000.000000000000000 ) ;
#2913 = ORIENTED_EDGE ( 'NONE', *, *, #7378, .F. ) ;
#2914 = FILL_AREA_STYLE ('',( #5651 ) ) ;
#2915 = EDGE_CURVE ( 'NONE', #1276, #5026, #197, .T. ) ;
#2916 = ADVANCED_FACE ( 'NONE', ( #1286 ), #790, .T. ) ;
#2917 = CARTESIAN_POINT ( 'NONE',  ( -0.04458463185518996702, 1.270928380542211800, 1.549999999999999822 ) ) ;
#2918 = DIRECTION ( 'NONE',  ( 0.000000000000000000, -0.9589418073282239829, 0.2836029092905774651 ) ) ;
#2919 = VECTOR ( 'NONE', #4957, 1000.000000000000000 ) ;
#2920 =( NAMED_UNIT ( * ) PLANE_ANGLE_UNIT ( ) SI_UNIT ( $, .RADIAN. ) );
#2921 = ADVANCED_FACE ( 'NONE', ( #5011 ), #6155, .T. ) ;
#2922 = ORIENTED_EDGE ( 'NONE', *, *, #4803, .T. ) ;
#2923 = VECTOR ( 'NONE', #6839, 1000.000000000000000 ) ;
#2924 = ORIENTED_EDGE ( 'NONE', *, *, #56, .T. ) ;
#2925 = PRESENTATION_LAYER_ASSIGNMENT (  '', '', ( #7316 ) ) ;
#2926 =( LENGTH_UNIT ( ) NAMED_UNIT ( * ) SI_UNIT ( .MILLI., .METRE. ) );
#2927 = CARTESIAN_POINT ( 'NONE',  ( -9.659257778674560150E-15, -1.250068615027514429, 1.549999999999999822 ) ) ;
#2928 =( NAMED_UNIT ( * ) SI_UNIT ( $, .STERADIAN. ) SOLID_ANGLE_UNIT ( ) );
#2929 = CARTESIAN_POINT ( 'NONE',  ( -0.6330644189661074339, 1.113397459621555674, 1.599999999999999867 ) ) ;
#2930 = DIRECTION ( 'NONE',  ( 0.000000000000000000, 1.000000000000000000, 5.421010862427514281E-16 ) ) ;
#2931 = DIRECTION ( 'NONE',  ( 0.000000000000000000, -8.031127203596336765E-17, 1.000000000000000000 ) ) ;
#2932 = CARTESIAN_POINT ( 'NONE',  ( -1.489999999999999991, 0.8535898384862270483, 2.050000000000000266 ) ) ;
#2933 =( GEOMETRIC_REPRESENTATION_CONTEXT ( 3 ) GLOBAL_UNCERTAINTY_ASSIGNED_CONTEXT ( ( #2804 ) ) GLOBAL_UNIT_ASSIGNED_CONTEXT ( ( #5616, #6223, #2691 ) ) REPRESENTATION_CONTEXT ( 'NONE', 'WORKASPACE' ) );
#2934 =( LENGTH_UNIT ( ) NAMED_UNIT ( * ) SI_UNIT ( .MILLI., .METRE. ) );
#2935 = EDGE_CURVE ( 'NONE', #2796, #7484, #3946, .T. ) ;
#2936 = DIRECTION ( 'NONE',  ( 0.000000000000000000, 3.794707603699259997E-15, -1.000000000000000000 ) ) ;
#2937 = CIRCLE ( 'NONE', #3416, 0.1499999999999999667 ) ;
#2938 = ORIENTED_EDGE ( 'NONE', *, *, #2286, .F. ) ;
#2939 = CARTESIAN_POINT ( 'NONE',  ( -0.6341955629345661372, 1.115603930908022345, 1.596178279625443119 ) ) ;
#2940 = VECTOR ( 'NONE', #2021, 1000.000000000000000 ) ;
#2941 = COLOUR_RGB ( '',0.1098039215686274495, 0.1098039215686274495, 0.1098039215686274495 ) ;
#2942 = UNCERTAINTY_MEASURE_WITH_UNIT (LENGTH_MEASURE( 1.000000000000000082E-05 ), #5316, 'distance_accuracy_value', 'NONE');
#2943 = CARTESIAN_POINT ( 'NONE',  ( -0.5899999999999999689, -0.7669872981077828777, -2.100000000000000977 ) ) ;
#2944 = MECHANICAL_DESIGN_GEOMETRIC_PRESENTATION_REPRESENTATION (  '', ( #6451 ), #1468 ) ;
#2945 = DIRECTION ( 'NONE',  ( 0.000000000000000000, 0.4999999999999970579, 0.8660254037844402619 ) ) ;
#2946 = CIRCLE ( 'NONE', #6456, 0.05000000000000100198 ) ;
#2947 = EDGE_LOOP ( 'NONE', ( #3635, #6952, #4494, #2730 ) ) ;
#2948 = CIRCLE ( 'NONE', #3534, 0.04999999999999926725 ) ;
#2949 =( GEOMETRIC_REPRESENTATION_CONTEXT ( 3 ) GLOBAL_UNCERTAINTY_ASSIGNED_CONTEXT ( ( #6277 ) ) GLOBAL_UNIT_ASSIGNED_CONTEXT ( ( #86, #1813, #2974 ) ) REPRESENTATION_CONTEXT ( 'NONE', 'WORKASPACE' ) );
#2950 = AXIS2_PLACEMENT_3D ( 'NONE', #797, #3173, #5486 ) ;
#2951 = COLOUR_RGB ( '',0.9686274509803921573, 0.8784313725490195957, 0.5999999999999999778 ) ;
#2952 = SURFACE_STYLE_USAGE ( .BOTH. , #1787 ) ;
#2953 =( NAMED_UNIT ( * ) PLANE_ANGLE_UNIT ( ) SI_UNIT ( $, .RADIAN. ) );
#2954 = UNCERTAINTY_MEASURE_WITH_UNIT (LENGTH_MEASURE( 1.000000000000000082E-05 ), #1548, 'distance_accuracy_value', 'NONE');
#2955 = CARTESIAN_POINT ( 'NONE',  ( -0.6267694360889208838, 1.200000000000000178, -1.550000000000000266 ) ) ;
#2956 = COLOUR_RGB ( '',0.1098039215686274495, 0.1098039215686274495, 0.1098039215686274495 ) ;
#2957 = FACE_OUTER_BOUND ( 'NONE', #1592, .T. ) ;
#2958 = ORIENTED_EDGE ( 'NONE', *, *, #5844, .F. ) ;
#2959 = ORIENTED_EDGE ( 'NONE', *, *, #6481, .T. ) ;
#2960 = PRESENTATION_STYLE_ASSIGNMENT (( #1152 ) ) ;
#2961 =( GEOMETRIC_REPRESENTATION_CONTEXT ( 3 ) GLOBAL_UNCERTAINTY_ASSIGNED_CONTEXT ( ( #5072 ) ) GLOBAL_UNIT_ASSIGNED_CONTEXT ( ( #1730, #637, #2392 ) ) REPRESENTATION_CONTEXT ( 'NONE', 'WORKASPACE' ) );
#2962 = CARTESIAN_POINT ( 'NONE',  ( -1.339999999999999414, -1.800000000000000488, 0.5323422472791539128 ) ) ;
#2963 = EDGE_CURVE ( 'NONE', #2741, #7321, #5660, .T. ) ;
#2964 = UNCERTAINTY_MEASURE_WITH_UNIT (LENGTH_MEASURE( 1.000000000000000082E-05 ), #3480, 'distance_accuracy_value', 'NONE');
#2965 = FILL_AREA_STYLE_COLOUR ( '', #3290 ) ;
#2966 = CARTESIAN_POINT ( 'NONE',  ( -0.6289004486204862188, -1.193632610482218803, 1.549999999999999600 ) ) ;
#2967 = ORIENTED_EDGE ( 'NONE', *, *, #4908, .T. ) ;
#2968 = CARTESIAN_POINT ( 'NONE',  ( -0.5899999999999999689, 0.8535898384862263821, 2.049999999999999822 ) ) ;
#2969 = VERTEX_POINT ( 'NONE', #6759 ) ;
#2970 = CARTESIAN_POINT ( 'NONE',  ( 0.05000000000000000278, 1.850000000000000977, -1.399999999999999245 ) ) ;
#2971 =( LENGTH_UNIT ( ) NAMED_UNIT ( * ) SI_UNIT ( .MILLI., .METRE. ) );
#2972 = FILL_AREA_STYLE_COLOUR ( '', #1049 ) ;
#2973 = CARTESIAN_POINT ( 'NONE',  ( -1.889999999999999902, -1.199999999999999734, 1.649999999999999467 ) ) ;
#2974 =( NAMED_UNIT ( * ) SI_UNIT ( $, .STERADIAN. ) SOLID_ANGLE_UNIT ( ) );
#2975 = CARTESIAN_POINT ( 'NONE',  ( -1.889999999999999902, -1.749999999999999778, -1.349999999999999201 ) ) ;
#2976 = ADVANCED_FACE ( 'NONE', ( #7488 ), #934, .F. ) ;
#2977 = VECTOR ( 'NONE', #7101, 1000.000000000000000 ) ;
#2978 = EDGE_LOOP ( 'NONE', ( #6665, #1238, #6415, #6238, #6380, #2913, #7507, #7509 ) ) ;
#2979 = DIRECTION ( 'NONE',  ( 0.000000000000000000, 0.000000000000000000, -1.000000000000000000 ) ) ;
#2980 = DIRECTION ( 'NONE',  ( 0.000000000000000000, 0.000000000000000000, 1.000000000000000000 ) ) ;
#2981 = ORIENTED_EDGE ( 'NONE', *, *, #1088, .F. ) ;
#2982 = DIRECTION ( 'NONE',  ( 0.000000000000000000, 0.000000000000000000, -1.000000000000000000 ) ) ;
#2983 = CARTESIAN_POINT ( 'NONE',  ( 0.000000000000000000, -1.050000000000000044, 1.549999999999999822 ) ) ;
#2984 = CIRCLE ( 'NONE', #5520, 0.1500000000000006051 ) ;
#2985 = LINE ( 'NONE', #3022, #6619 ) ;
#2986 = MECHANICAL_DESIGN_GEOMETRIC_PRESENTATION_REPRESENTATION (  '', ( #5895 ), #4063 ) ;
#2987 = B_SPLINE_CURVE_WITH_KNOTS ( 'NONE', 3,
 ( #6988, #7537, #6251, #2791 ),
 .UNSPECIFIED., .F., .F.,
 ( 4, 4 ),
 ( 0.000000000000000000, 0.0001133489185248090958 ),
 .UNSPECIFIED. ) ;
#2988 = B_SPLINE_CURVE_WITH_KNOTS ( 'NONE', 3,
 ( #400, #4993, #7345, #4459, #3886, #4497, #6784, #6710, #3248, #6672, #5535, #2067, #1487, #3813, #1519, #3325, #6142, #3844, #958, #917, #2754, #7382, #358, #4357, #1002, #5073, #2716, #3216, #2684, #2105, #1452 ),
 .UNSPECIFIED., .F., .F.,
 ( 4, 3, 3, 3, 3, 3, 3, 3, 3, 3, 4 ),
 ( 6.498663264799630474E-05, 6.824925660861921742E-05, 8.560626580432518509E-05, 0.0001027720690621452691, 0.0001197163879093330902, 0.0001364810118560787645, 0.0001531379449372013155, 0.0001697684411668301096, 0.0001864543283343448612, 0.0002032724709169414295, 0.0002169996341458650788 ),
 .UNSPECIFIED. ) ;
#2989 = DIRECTION ( 'NONE',  ( 1.000000000000000000, 0.000000000000000000, 0.000000000000000000 ) ) ;
#2990 = COLOUR_RGB ( '',0.1098039215686274495, 0.1098039215686274495, 0.1098039215686274495 ) ;
#2991 = DIRECTION ( 'NONE',  ( 0.000000000000000000, 1.000000000000000000, 0.000000000000000000 ) ) ;
#2992 = PRESENTATION_STYLE_ASSIGNMENT (( #2952 ) ) ;
#2993 = DIRECTION ( 'NONE',  ( -0.000000000000000000, 1.000000000000000000, -2.710505431213758620E-16 ) ) ;
#2994 = SURFACE_SIDE_STYLE ('',( #7540 ) ) ;
#2995 = DIRECTION ( 'NONE',  ( 0.000000000000000000, 0.000000000000000000, -1.000000000000000000 ) ) ;
#2996 = VERTEX_POINT ( 'NONE', #1130 ) ;
#2997 = EDGE_CURVE ( 'NONE', #1972, #4658, #592, .T. ) ;
#2998 = EDGE_LOOP ( 'NONE', ( #6774, #735, #3625, #1463 ) ) ;
#2999 =( NAMED_UNIT ( * ) PLANE_ANGLE_UNIT ( ) SI_UNIT ( $, .RADIAN. ) );
#3000 =( GEOMETRIC_REPRESENTATION_CONTEXT ( 3 ) GLOBAL_UNCERTAINTY_ASSIGNED_CONTEXT ( ( #5359 ) ) GLOBAL_UNIT_ASSIGNED_CONTEXT ( ( #3491, #4100, #1210 ) ) REPRESENTATION_CONTEXT ( 'NONE', 'WORKASPACE' ) );
#3001 = SURFACE_STYLE_FILL_AREA ( #2499 ) ;
#3002 =( NAMED_UNIT ( * ) PLANE_ANGLE_UNIT ( ) SI_UNIT ( $, .RADIAN. ) );
#3003 = SURFACE_SIDE_STYLE ('',( #4123 ) ) ;
#3004 = DIRECTION ( 'NONE',  ( -1.000000000000000000, 0.000000000000000000, 0.000000000000000000 ) ) ;
#3005 = VERTEX_POINT ( 'NONE', #5167 ) ;
#3006 = DIRECTION ( 'NONE',  ( 1.000000000000000000, 0.000000000000000000, 0.000000000000000000 ) ) ;
#3007 = ORIENTED_EDGE ( 'NONE', *, *, #720, .F. ) ;
#3008 = CARTESIAN_POINT ( 'NONE',  ( -1.439687061225891407, 1.701533129626725538, 0.1725929055971587300 ) ) ;
#3009 = AXIS2_PLACEMENT_3D ( 'NONE', #7, #7439, #5130 ) ;
#3010 = DIRECTION ( 'NONE',  ( 1.000000000000000000, 0.000000000000000000, 0.000000000000000000 ) ) ;
#3011 = FILL_AREA_STYLE ('',( #2972 ) ) ;
#3012 = FILL_AREA_STYLE_COLOUR ( '', #3418 ) ;
#3013 = FILL_AREA_STYLE_COLOUR ( '', #3955 ) ;
#3014 = AXIS2_PLACEMENT_3D ( 'NONE', #4898, #1355, #4298 ) ;
#3015 = ADVANCED_FACE ( 'NONE', ( #1092 ), #1654, .F. ) ;
#3016 = LINE ( 'NONE', #7088, #262 ) ;
#3017 = DIRECTION ( 'NONE',  ( 0.000000000000000000, 0.000000000000000000, 1.000000000000000000 ) ) ;
#3018 = ORIENTED_EDGE ( 'NONE', *, *, #5303, .T. ) ;
#3019 = FILL_AREA_STYLE ('',( #792 ) ) ;
#3020 = MECHANICAL_DESIGN_GEOMETRIC_PRESENTATION_REPRESENTATION (  '', ( #7283 ), #2274 ) ;
#3021 = CIRCLE ( 'NONE', #7027, 0.05000000000000056483 ) ;
#3022 = CARTESIAN_POINT ( 'NONE',  ( -1.489999999999999991, 2.081899558550500280E-16, 1.699999999999999956 ) ) ;
#3023 = SURFACE_STYLE_FILL_AREA ( #3094 ) ;
#3024 = VECTOR ( 'NONE', #5626, 1000.000000000000114 ) ;
#3025 = CYLINDRICAL_SURFACE ( 'NONE', #6367, 0.1499999999999986622 ) ;
#3026 = SURFACE_SIDE_STYLE ('',( #1939 ) ) ;
#3027 = LINE ( 'NONE', #799, #6965 ) ;
#3028 = CARTESIAN_POINT ( 'NONE',  ( -1.889999999999999902, -1.600000000000000311, 1.549999999999998268 ) ) ;
#3029 = MECHANICAL_DESIGN_GEOMETRIC_PRESENTATION_REPRESENTATION (  '', ( #6523 ), #5939 ) ;
#3030 = ORIENTED_EDGE ( 'NONE', *, *, #2868, .F. ) ;
#3031 = VERTEX_POINT ( 'NONE', #3979 ) ;
#3032 = VECTOR ( 'NONE', #4311, 1000.000000000000000 ) ;
#3033 = LINE ( 'NONE', #1911, #4602 ) ;
#3034 = SURFACE_STYLE_USAGE ( .BOTH. , #3068 ) ;
#3035 = DIRECTION ( 'NONE',  ( 0.000000000000000000, 0.000000000000000000, -1.000000000000000000 ) ) ;
#3036 =( NAMED_UNIT ( * ) SI_UNIT ( $, .STERADIAN. ) SOLID_ANGLE_UNIT ( ) );
#3037 = FACE_OUTER_BOUND ( 'NONE', #3274, .T. ) ;
#3038 = AXIS2_PLACEMENT_3D ( 'NONE', #5326, #5402, #6496 ) ;
#3039 = ORIENTED_EDGE ( 'NONE', *, *, #6332, .T. ) ;
#3040 = DIRECTION ( 'NONE',  ( 0.000000000000000000, -0.4999999999999965583, 0.8660254037844405950 ) ) ;
#3041 = ORIENTED_EDGE ( 'NONE', *, *, #4253, .T. ) ;
#3042 =( GEOMETRIC_REPRESENTATION_CONTEXT ( 3 ) GLOBAL_UNCERTAINTY_ASSIGNED_CONTEXT ( ( #2421 ) ) GLOBAL_UNIT_ASSIGNED_CONTEXT ( ( #5162, #78, #3559 ) ) REPRESENTATION_CONTEXT ( 'NONE', 'WORKASPACE' ) );
#3043 = DIRECTION ( 'NONE',  ( -1.000000000000000000, -0.000000000000000000, -0.000000000000000000 ) ) ;
#3044 = CARTESIAN_POINT ( 'NONE',  ( 0.000000000000000000, 0.6747223250267392336, -1.800000000000001155 ) ) ;
#3045 = DIRECTION ( 'NONE',  ( -0.000000000000000000, -1.000000000000000000, 0.000000000000000000 ) ) ;
#3046 = CARTESIAN_POINT ( 'NONE',  ( -0.5946613495367388813, 0.03903711216612367613, 1.850415197882318452 ) ) ;
#3047 = CIRCLE ( 'NONE', #5717, 0.2000000000000000944 ) ;
#3048 = SURFACE_STYLE_USAGE ( .BOTH. , #3311 ) ;
#3050 =( GEOMETRIC_REPRESENTATION_CONTEXT ( 3 ) GLOBAL_UNCERTAINTY_ASSIGNED_CONTEXT ( ( #4613 ) ) GLOBAL_UNIT_ASSIGNED_CONTEXT ( ( #3345, #6190, #2127 ) ) REPRESENTATION_CONTEXT ( 'NONE', 'WORKASPACE' ) );
#3049 = FACE_OUTER_BOUND ( 'NONE', #3402, .T. ) ;
#3051 = ORIENTED_EDGE ( 'NONE', *, *, #2276, .T. ) ;
#3052 = DIRECTION ( 'NONE',  ( 1.000000000000000000, -0.000000000000000000, -0.000000000000000000 ) ) ;
#3053 = CARTESIAN_POINT ( 'NONE',  ( -0.6354693662940115173, 1.118088681402076734, -1.591874565526566254 ) ) ;
#3054 = DIRECTION ( 'NONE',  ( -1.000000000000000000, 0.000000000000000000, -0.000000000000000000 ) ) ;
#3055 = CIRCLE ( 'NONE', #6108, 0.1000000000000011297 ) ;
#3056 = DIRECTION ( 'NONE',  ( 0.000000000000000000, 0.000000000000000000, -1.000000000000000000 ) ) ;
#3057 = CARTESIAN_POINT ( 'NONE',  ( -0.05211927405708487171, 1.286962453863293110, 1.549999999999999822 ) ) ;
#3058 = CARTESIAN_POINT ( 'NONE',  ( 0.000000000000000000, 1.849999999999999867, -1.549999999999999378 ) ) ;
#3059 = AXIS2_PLACEMENT_3D ( 'NONE', #2882, #4085, #5193 ) ;
#3060 = DIRECTION ( 'NONE',  ( 0.000000000000000000, 0.000000000000000000, 1.000000000000000000 ) ) ;
#3061 = ORIENTED_EDGE ( 'NONE', *, *, #228, .T. ) ;
#3062 = PRESENTATION_LAYER_ASSIGNMENT (  '', '', ( #7205 ) ) ;
#3063 = ORIENTED_EDGE ( 'NONE', *, *, #3577, .F. ) ;
#3064 = CARTESIAN_POINT ( 'NONE',  ( -1.489999999999999991, 0.000000000000000000, 0.000000000000000000 ) ) ;
#3065 = VECTOR ( 'NONE', #6908, 1000.000000000000000 ) ;
#3066 = DIRECTION ( 'NONE',  ( 0.000000000000000000, 0.000000000000000000, 1.000000000000000000 ) ) ;
#3067 =( GEOMETRIC_REPRESENTATION_CONTEXT ( 3 ) GLOBAL_UNCERTAINTY_ASSIGNED_CONTEXT ( ( #650 ) ) GLOBAL_UNIT_ASSIGNED_CONTEXT ( ( #4832, #648, #2709 ) ) REPRESENTATION_CONTEXT ( 'NONE', 'WORKASPACE' ) );
#3068 = SURFACE_SIDE_STYLE ('',( #289 ) ) ;
#3069 =( LENGTH_UNIT ( ) NAMED_UNIT ( * ) SI_UNIT ( .MILLI., .METRE. ) );
#3070 = LINE ( 'NONE', #3631, #1829 ) ;
#3071 = ORIENTED_EDGE ( 'NONE', *, *, #1207, .T. ) ;
#3072 = EDGE_CURVE ( 'NONE', #3365, #7128, #6927, .T. ) ;
#3073 =( LENGTH_UNIT ( ) NAMED_UNIT ( * ) SI_UNIT ( .MILLI., .METRE. ) );
#3074 = ORIENTED_EDGE ( 'NONE', *, *, #452, .T. ) ;
#3075 = EDGE_CURVE ( 'NONE', #4194, #912, #2313, .T. ) ;
#3076 = CIRCLE ( 'NONE', #996, 0.2999999999999998224 ) ;
#3077 = ADVANCED_FACE ( 'NONE', ( #3454 ), #5740, .T. ) ;
#3078 = PRESENTATION_STYLE_ASSIGNMENT (( #744 ) ) ;
#3079 = FILL_AREA_STYLE ('',( #745 ) ) ;
#3080 = STYLED_ITEM ( 'NONE', ( #4747 ), #370 ) ;
#3081 = DIRECTION ( 'NONE',  ( -0.000000000000000000, -1.000000000000000000, -0.000000000000000000 ) ) ;
#3082 = CARTESIAN_POINT ( 'NONE',  ( 0.000000000000000000, -0.8479274057836261314, -1.900000000000002354 ) ) ;
#3083 = FILL_AREA_STYLE_COLOUR ( '', #5173 ) ;
#3084 = VERTEX_POINT ( 'NONE', #4702 ) ;
#3085 = ADVANCED_FACE ( 'NONE', ( #4553 ), #4746, .T. ) ;
#3086 = EDGE_CURVE ( 'NONE', #7370, #3005, #1279, .T. ) ;
#3087 = CARTESIAN_POINT ( 'NONE',  ( 0.000000000000000000, -1.113397459621555674, 1.599999999999999867 ) ) ;
#3088 = PRESENTATION_STYLE_ASSIGNMENT (( #712 ) ) ;
#3089 = ORIENTED_EDGE ( 'NONE', *, *, #6199, .F. ) ;
#3090 = CARTESIAN_POINT ( 'NONE',  ( -0.6267694360889208838, -1.200000000000000178, -1.550000000000000266 ) ) ;
#3091 = FILL_AREA_STYLE ('',( #128 ) ) ;
#3092 = VECTOR ( 'NONE', #3472, 1000.000000000000000 ) ;
#3093 = CIRCLE ( 'NONE', #6603, 0.09999999999999982514 ) ;
#3094 = FILL_AREA_STYLE ('',( #4827 ) ) ;
#3095 = VECTOR ( 'NONE', #4187, 1000.000000000000000 ) ;
#3096 = CARTESIAN_POINT ( 'NONE',  ( -1.489999999999999991, 1.200000000000000178, -1.649999999999999911 ) ) ;
#3097 =( NAMED_UNIT ( * ) PLANE_ANGLE_UNIT ( ) SI_UNIT ( $, .RADIAN. ) );
#3098 = VECTOR ( 'NONE', #1278, 1000.000000000000227 ) ;
#3099 =( LENGTH_UNIT ( ) NAMED_UNIT ( * ) SI_UNIT ( .MILLI., .METRE. ) );
#3100 = CIRCLE ( 'NONE', #781, 0.04999999999999991257 ) ;
#3101 = DIRECTION ( 'NONE',  ( 0.000000000000000000, -1.495451272393799296E-16, 1.000000000000000000 ) ) ;
#3102 = ORIENTED_EDGE ( 'NONE', *, *, #6160, .F. ) ;
#3103 = ORIENTED_EDGE ( 'NONE', *, *, #1165, .T. ) ;
#3104 = CARTESIAN_POINT ( 'NONE',  ( -0.6025531121194395157, 1.272357513209563251, 1.549999999999999822 ) ) ;
#3105 = STYLED_ITEM ( 'NONE', ( #3578 ), #927 ) ;
#3106 = ADVANCED_FACE ( 'NONE', ( #5426 ), #7116, .T. ) ;
#3107 = DIRECTION ( 'NONE',  ( -0.000000000000000000, -1.548860246407865308E-16, -1.000000000000000000 ) ) ;
#3108 = PRESENTATION_STYLE_ASSIGNMENT (( #771 ) ) ;
#3109 = EDGE_CURVE ( 'NONE', #7228, #2796, #7241, .T. ) ;
#3110 = CARTESIAN_POINT ( 'NONE',  ( -0.5899999999999999689, -1.199999999999999734, 1.549999999999999822 ) ) ;
#3111 = ORIENTED_EDGE ( 'NONE', *, *, #6817, .F. ) ;
#3112 = SURFACE_SIDE_STYLE ('',( #6638 ) ) ;
#3113 = VERTEX_POINT ( 'NONE', #120 ) ;
#3114 = CARTESIAN_POINT ( 'NONE',  ( -1.489999999999999991, 0.7669872981077828777, -2.000000000000000000 ) ) ;
#3115 = CARTESIAN_POINT ( 'NONE',  ( 0.06000000000000000472, 1.050000000000000044, -1.549999999999999822 ) ) ;
#3116 = ADVANCED_FACE ( 'NONE', ( #1885 ), #4206, .F. ) ;
#3117 = PRESENTATION_STYLE_ASSIGNMENT (( #6679 ) ) ;
#3118 =( NAMED_UNIT ( * ) PLANE_ANGLE_UNIT ( ) SI_UNIT ( $, .RADIAN. ) );
#3119 = DIRECTION ( 'NONE',  ( 0.000000000000000000, 0.000000000000000000, 1.000000000000000000 ) ) ;
#3120 = ORIENTED_EDGE ( 'NONE', *, *, #6840, .F. ) ;
#3121 =( NAMED_UNIT ( * ) SI_UNIT ( $, .STERADIAN. ) SOLID_ANGLE_UNIT ( ) );
#3122 = ORIENTED_EDGE ( 'NONE', *, *, #3908, .F. ) ;
#3123 = DIRECTION ( 'NONE',  ( 1.000000000000000000, 0.000000000000000000, 0.000000000000000000 ) ) ;
#3124 = CARTESIAN_POINT ( 'NONE',  ( 0.000000000000000000, 1.264164120342485598, 1.636431808929084797 ) ) ;
#3125 = PLANE ( 'NONE',  #5184 ) ;
#3126 = EDGE_CURVE ( 'NONE', #3713, #6227, #3223, .T. ) ;
#3127 =( NAMED_UNIT ( * ) SI_UNIT ( $, .STERADIAN. ) SOLID_ANGLE_UNIT ( ) );
#3128 = CARTESIAN_POINT ( 'NONE',  ( -0.5900000000000000799, -0.1318986559962218308, -2.100000000000000977 ) ) ;
#3129 =( NAMED_UNIT ( * ) SI_UNIT ( $, .STERADIAN. ) SOLID_ANGLE_UNIT ( ) );
#3130 = CIRCLE ( 'NONE', #2528, 0.2199999999999999178 ) ;
#3131 = LINE ( 'NONE', #5446, #3032 ) ;
#3132 = DIRECTION ( 'NONE',  ( 0.000000000000000000, -8.031127203596337997E-17, 1.000000000000000000 ) ) ;
#3133 = LINE ( 'NONE', #251, #7078 ) ;
#3134 = ORIENTED_EDGE ( 'NONE', *, *, #2259, .T. ) ;
#3135 = ORIENTED_EDGE ( 'NONE', *, *, #4999, .F. ) ;
#3136 = EDGE_CURVE ( 'NONE', #1870, #6448, #21, .T. ) ;
#3137 = CARTESIAN_POINT ( 'NONE',  ( -1.489999999999999991, 1.199999999999999734, 1.549999999999999822 ) ) ;
#3138 = VECTOR ( 'NONE', #2737, 1000.000000000000000 ) ;
#3139 =( GEOMETRIC_REPRESENTATION_CONTEXT ( 3 ) GLOBAL_UNCERTAINTY_ASSIGNED_CONTEXT ( ( #6896 ) ) GLOBAL_UNIT_ASSIGNED_CONTEXT ( ( #3782, #6287, #2908 ) ) REPRESENTATION_CONTEXT ( 'NONE', 'WORKASPACE' ) );
#3140 = EDGE_CURVE ( 'NONE', #1661, #5088, #1815, .T. ) ;
#3141 = DIRECTION ( 'NONE',  ( 1.000000000000000000, 0.000000000000000000, 0.000000000000000000 ) ) ;
#3142 = FILL_AREA_STYLE_COLOUR ( '', #1999 ) ;
#3143 = CARTESIAN_POINT ( 'NONE',  ( -0.000000000000000000, -1.349334500236651913, 1.594248192587466306 ) ) ;
#3144 = CONICAL_SURFACE ( 'NONE', #118, 1.699999999999999956, 0.1651486774146269931 ) ;
#3145 = ORIENTED_EDGE ( 'NONE', *, *, #4446, .F. ) ;
#3146 = CIRCLE ( 'NONE', #5086, 0.1000000000000006994 ) ;
#3147 = EDGE_CURVE ( 'NONE', #5026, #7228, #3163, .T. ) ;
#3148 = CARTESIAN_POINT ( 'NONE',  ( -1.889999999999999902, -1.199999999999999734, 1.549999999999999822 ) ) ;
#3149 = EDGE_CURVE ( 'NONE', #5448, #5015, #3764, .T. ) ;
#3150 = PRESENTATION_LAYER_ASSIGNMENT (  '', '', ( #6422 ) ) ;
#3151 = EDGE_LOOP ( 'NONE', ( #2505, #3685, #1142, #2023 ) ) ;
#3152 = CARTESIAN_POINT ( 'NONE',  ( 0.05000000000000000278, -0.8479274057836300171, 1.900000000000001243 ) ) ;
#3153 = VECTOR ( 'NONE', #7545, 1000.000000000000000 ) ;
#3154 = EDGE_CURVE ( 'NONE', #765, #6164, #7389, .T. ) ;
#3155 = DIRECTION ( 'NONE',  ( 0.000000000000000000, -0.8660254037844407060, 0.4999999999999966138 ) ) ;
#3156 =( NAMED_UNIT ( * ) PLANE_ANGLE_UNIT ( ) SI_UNIT ( $, .RADIAN. ) );
#3157 = VERTEX_POINT ( 'NONE', #1010 ) ;
#3158 = SURFACE_STYLE_USAGE ( .BOTH. , #7055 ) ;
#3159 = ORIENTED_EDGE ( 'NONE', *, *, #6580, .T. ) ;
#3160 = CIRCLE ( 'NONE', #5217, 0.1000000000000002554 ) ;
#3161 = FACE_OUTER_BOUND ( 'NONE', #1541, .T. ) ;
#3162 = CARTESIAN_POINT ( 'NONE',  ( -0.000000000000000000, 1.349380132676845534, 1.593983411287683394 ) ) ;
#3163 = CIRCLE ( 'NONE', #6073, 0.1000000000000006994 ) ;
#3164 =( NAMED_UNIT ( * ) SI_UNIT ( $, .STERADIAN. ) SOLID_ANGLE_UNIT ( ) );
#3165 =( NAMED_UNIT ( * ) PLANE_ANGLE_UNIT ( ) SI_UNIT ( $, .RADIAN. ) );
#3166 = AXIS2_PLACEMENT_3D ( 'NONE', #4838, #5951, #6024 ) ;
#3167 = ADVANCED_FACE ( 'NONE', ( #7318 ), #3851, .F. ) ;
#3168 = CARTESIAN_POINT ( 'NONE',  ( 0.05000000000000000278, 1.050000000000000044, 1.800000000000001155 ) ) ;
#3169 = ORIENTED_EDGE ( 'NONE', *, *, #2646, .T. ) ;
#3170 = EDGE_CURVE ( 'NONE', #105, #3244, #5576, .T. ) ;
#3171 = PRESENTATION_STYLE_ASSIGNMENT (( #6443 ) ) ;
#3172 = DIRECTION ( 'NONE',  ( 0.000000000000000000, 0.000000000000000000, 1.000000000000000000 ) ) ;
#3173 = DIRECTION ( 'NONE',  ( 0.000000000000000000, 0.2836029092905785198, -0.9589418073282237609 ) ) ;
#3174 = VECTOR ( 'NONE', #1686, 1000.000000000000000 ) ;
#3175 =( GEOMETRIC_REPRESENTATION_CONTEXT ( 3 ) GLOBAL_UNCERTAINTY_ASSIGNED_CONTEXT ( ( #214 ) ) GLOBAL_UNIT_ASSIGNED_CONTEXT ( ( #6189, #6085, #307 ) ) REPRESENTATION_CONTEXT ( 'NONE', 'WORKASPACE' ) );
#3176 = CARTESIAN_POINT ( 'NONE',  ( -0.5199999999999999067, -1.300000000000000044, 1.520047317545275778 ) ) ;
#3177 = EDGE_LOOP ( 'NONE', ( #3409, #5507, #2151, #954 ) ) ;
#3178 = VERTEX_POINT ( 'NONE', #1615 ) ;
#3179 = CARTESIAN_POINT ( 'NONE',  ( -0.5899999999999999689, 1.422988845864112895, 1.549999999999999600 ) ) ;
#3180 = AXIS2_PLACEMENT_3D ( 'NONE', #5383, #4885, #4286 ) ;
#3181 = DIRECTION ( 'NONE',  ( 1.000000000000000000, -0.000000000000000000, -0.000000000000000000 ) ) ;
#3182 = STYLED_ITEM ( 'NONE', ( #5684 ), #1738 ) ;
#3183 = UNCERTAINTY_MEASURE_WITH_UNIT (LENGTH_MEASURE( 1.000000000000000082E-05 ), #430, 'distance_accuracy_value', 'NONE');
#3184 = SURFACE_SIDE_STYLE ('',( #2140 ) ) ;
#3185 = DIRECTION ( 'NONE',  ( 0.000000000000000000, -2.710505431213758620E-16, 1.000000000000000000 ) ) ;
#3186 = CARTESIAN_POINT ( 'NONE',  ( -0.5899999999999999689, -0.7669872981077828777, -2.000000000000000000 ) ) ;
#3187 = ORIENTED_EDGE ( 'NONE', *, *, #1322, .F. ) ;
#3188 = B_SPLINE_CURVE_WITH_KNOTS ( 'NONE', 3,
 ( #5276, #6381, #1882, #4169, #3596, #4700, #4130, #2428, #4202, #5922, #7076, #3484 ),
 .UNSPECIFIED., .F., .F.,
 ( 4, 2, 2, 2, 2, 4 ),
 ( 0.0003966893082453574440, 0.0004272526600371118069, 0.0004578160118288662241, 0.0005189427154123752751, 0.0005800694189958843262, 0.0006411961225793933773 ),
 .UNSPECIFIED. ) ;
#3189 = CARTESIAN_POINT ( 'NONE',  ( -1.889999999999999902, -1.199999999999999734, 1.649999999999999467 ) ) ;
#3190 =( GEOMETRIC_REPRESENTATION_CONTEXT ( 3 ) GLOBAL_UNCERTAINTY_ASSIGNED_CONTEXT ( ( #2319 ) ) GLOBAL_UNIT_ASSIGNED_CONTEXT ( ( #3073, #4809, #1995 ) ) REPRESENTATION_CONTEXT ( 'NONE', 'WORKASPACE' ) );
#3191 = EDGE_CURVE ( 'NONE', #3732, #7416, #3935, .T. ) ;
#3192 = CIRCLE ( 'NONE', #1711, 2.104138126514910834 ) ;
#3193 = CARTESIAN_POINT ( 'NONE',  ( 0.000000000000000000, -1.850000000000000977, -1.399999999999999689 ) ) ;
#3194 = DIRECTION ( 'NONE',  ( 1.000000000000000000, 0.000000000000000000, 0.000000000000000000 ) ) ;
#3195 = DIRECTION ( 'NONE',  ( 0.000000000000000000, -0.4999999999999997224, 0.8660254037844388186 ) ) ;
#3196 = ORIENTED_EDGE ( 'NONE', *, *, #7217, .T. ) ;
#3197 = VECTOR ( 'NONE', #7400, 1000.000000000000000 ) ;
#3198 = VERTEX_POINT ( 'NONE', #5504 ) ;
#3199 = CARTESIAN_POINT ( 'NONE',  ( 0.000000000000000000, 1.321395534410955142, 1.653526542405187261 ) ) ;
#3200 = FACE_OUTER_BOUND ( 'NONE', #5431, .T. ) ;
#3201 = SURFACE_STYLE_FILL_AREA ( #868 ) ;
#3202 = CARTESIAN_POINT ( 'NONE',  ( -0.5199999999999999067, 1.300000000000000044, 1.640047317545275884 ) ) ;
#3203 = EDGE_CURVE ( 'NONE', #4005, #2866, #3289, .T. ) ;
#3204 = ORIENTED_EDGE ( 'NONE', *, *, #7046, .T. ) ;
#3205 = CARTESIAN_POINT ( 'NONE',  ( 0.000000000000000000, 1.200000000000000178, -1.550000000000000266 ) ) ;
#3206 = LINE ( 'NONE', #4380, #1839 ) ;
#3207 = VECTOR ( 'NONE', #1988, 1000.000000000000227 ) ;
#3208 = CARTESIAN_POINT ( 'NONE',  ( -1.939999999999999947, 1.750000000000001110, 1.349999999999998312 ) ) ;
#3209 = CARTESIAN_POINT ( 'NONE',  ( -0.6330644189661071009, -1.113397459621555896, -1.600000000000000311 ) ) ;
#3210 = ORIENTED_EDGE ( 'NONE', *, *, #4022, .T. ) ;
#3211 = VERTEX_POINT ( 'NONE', #3971 ) ;
#3212 = DIRECTION ( 'NONE',  ( 0.000000000000000000, 0.000000000000000000, -1.000000000000000000 ) ) ;
#3213 = PRESENTATION_LAYER_ASSIGNMENT (  '', '', ( #4175 ) ) ;
#3214 = AXIS2_PLACEMENT_3D ( 'NONE', #3588, #5912, #28 ) ;
#3215 =( LENGTH_UNIT ( ) NAMED_UNIT ( * ) SI_UNIT ( .MILLI., .METRE. ) );
#3216 = CARTESIAN_POINT ( 'NONE',  ( 0.01350244181487705863, -1.252605848581924697, 1.549999999999999822 ) ) ;
#3217 = VECTOR ( 'NONE', #1812, 1000.000000000000000 ) ;
#3218 = EDGE_CURVE ( 'NONE', #5812, #5429, #6797, .T. ) ;
#3219 = ORIENTED_EDGE ( 'NONE', *, *, #6862, .F. ) ;
#3220 = CARTESIAN_POINT ( 'NONE',  ( -0.5199999999999999067, -1.300000000000000044, 1.690047317545275707 ) ) ;
#3221 =( GEOMETRIC_REPRESENTATION_CONTEXT ( 3 ) GLOBAL_UNCERTAINTY_ASSIGNED_CONTEXT ( ( #6595 ) ) GLOBAL_UNIT_ASSIGNED_CONTEXT ( ( #5825, #1102, #3424 ) ) REPRESENTATION_CONTEXT ( 'NONE', 'WORKASPACE' ) );
#3222 = PRESENTATION_STYLE_ASSIGNMENT (( #7196 ) ) ;
#3223 = LINE ( 'NONE', #1526, #598 ) ;
#3224 = CARTESIAN_POINT ( 'NONE',  ( -0.5899999999999999689, 2.000000000000000888, -1.450000000000000178 ) ) ;
#3225 = DIRECTION ( 'NONE',  ( 1.000000000000000000, 0.000000000000000000, 0.000000000000000000 ) ) ;
#3226 = ORIENTED_EDGE ( 'NONE', *, *, #1878, .T. ) ;
#3227 =( NAMED_UNIT ( * ) SI_UNIT ( $, .STERADIAN. ) SOLID_ANGLE_UNIT ( ) );
#3228 = SURFACE_SIDE_STYLE ('',( #895 ) ) ;
#3229 = ORIENTED_EDGE ( 'NONE', *, *, #3428, .T. ) ;
#3230 = CARTESIAN_POINT ( 'NONE',  ( -0.8406803038083915380, 1.804663793605829181, -0.1133489185248336278 ) ) ;
#3231 = SURFACE_SIDE_STYLE ('',( #3796 ) ) ;
#3232 = LINE ( 'NONE', #6193, #1533 ) ;
#3233 = EDGE_CURVE ( 'NONE', #5413, #6164, #5190, .T. ) ;
#3234 = PRESENTATION_LAYER_ASSIGNMENT (  '', '', ( #6497 ) ) ;
#3235 = ORIENTED_EDGE ( 'NONE', *, *, #4233, .T. ) ;
#3236 = ADVANCED_FACE ( 'NONE', ( #4691 ), #4654, .T. ) ;
#3237 = LINE ( 'NONE', #6131, #6823 ) ;
#3238 = EDGE_LOOP ( 'NONE', ( #3956, #7449, #1241, #4479 ) ) ;
#3239 = STYLED_ITEM ( 'NONE', ( #2475 ), #261 ) ;
#3240 = FILL_AREA_STYLE_COLOUR ( '', #390 ) ;
#3241 = SURFACE_STYLE_FILL_AREA ( #5062 ) ;
#3242 = DIRECTION ( 'NONE',  ( 0.000000000000000000, -1.495451272393799296E-16, 1.000000000000000000 ) ) ;
#3243 = ORIENTED_EDGE ( 'NONE', *, *, #6012, .F. ) ;
#3244 = VERTEX_POINT ( 'NONE', #484 ) ;
#3245 =( GEOMETRIC_REPRESENTATION_CONTEXT ( 3 ) GLOBAL_UNCERTAINTY_ASSIGNED_CONTEXT ( ( #5215 ) ) GLOBAL_UNIT_ASSIGNED_CONTEXT ( ( #4640, #5328, #6985 ) ) REPRESENTATION_CONTEXT ( 'NONE', 'WORKASPACE' ) );
#3246 = PRESENTATION_STYLE_ASSIGNMENT (( #2683 ) ) ;
#3247 = UNCERTAINTY_MEASURE_WITH_UNIT (LENGTH_MEASURE( 1.000000000000000082E-05 ), #4534, 'distance_accuracy_value', 'NONE');
#3248 = CARTESIAN_POINT ( 'NONE',  ( 0.02983007256886814618, -1.338787118999014147, 1.549999999999999822 ) ) ;
#3249 = DIRECTION ( 'NONE',  ( 0.000000000000000000, 0.000000000000000000, 1.000000000000000000 ) ) ;
#3250 = SURFACE_SIDE_STYLE ('',( #2795 ) ) ;
#3251 =( GEOMETRIC_REPRESENTATION_CONTEXT ( 3 ) GLOBAL_UNCERTAINTY_ASSIGNED_CONTEXT ( ( #6364 ) ) GLOBAL_UNIT_ASSIGNED_CONTEXT ( ( #827, #5515, #6692 ) ) REPRESENTATION_CONTEXT ( 'NONE', 'WORKASPACE' ) );
#3252 = ORIENTED_EDGE ( 'NONE', *, *, #2406, .T. ) ;
#3253 = AXIS2_PLACEMENT_3D ( 'NONE', #440, #7309, #2028 ) ;
#3254 = FILL_AREA_STYLE ('',( #6330 ) ) ;
#3255 = DIRECTION ( 'NONE',  ( 0.000000000000000000, -1.000000000000000000, 0.000000000000000000 ) ) ;
#3256 = COLOUR_RGB ( '',0.8980392156862745390, 0.8980392156862745390, 0.8980392156862745390 ) ;
#3257 = UNCERTAINTY_MEASURE_WITH_UNIT (LENGTH_MEASURE( 1.000000000000000082E-05 ), #3599, 'distance_accuracy_value', 'NONE');
#3258 = SURFACE_STYLE_FILL_AREA ( #6119 ) ;
#3259 = VECTOR ( 'NONE', #153, 1000.000000000000000 ) ;
#3260 = MECHANICAL_DESIGN_GEOMETRIC_PRESENTATION_REPRESENTATION (  '', ( #5319 ), #6656 ) ;
#3261 = EDGE_LOOP ( 'NONE', ( #3204, #5650, #6707, #6512 ) ) ;
#3262 = DIRECTION ( 'NONE',  ( 0.000000000000000000, -1.000000000000000000, -8.131516293641290158E-16 ) ) ;
#3263 = CARTESIAN_POINT ( 'NONE',  ( 0.000000000000000000, 1.850000000000000533, 1.399999999999999023 ) ) ;
#3264 = COLOUR_RGB ( '',0.7921568627450980005, 0.8196078431372548767, 0.9333333333333333481 ) ;
#3265 = AXIS2_PLACEMENT_3D ( 'NONE', #5334, #2451, #2612 ) ;
#3266 = SURFACE_SIDE_STYLE ('',( #6652 ) ) ;
#3267 = SURFACE_STYLE_USAGE ( .BOTH. , #7211 ) ;
#3268 = CYLINDRICAL_SURFACE ( 'NONE', #1354, 0.04999999999999991257 ) ;
#3269 = ORIENTED_EDGE ( 'NONE', *, *, #975, .T. ) ;
#3271 = ORIENTED_EDGE ( 'NONE', *, *, #1506, .F. ) ;
#3270 = CLOSED_SHELL ( 'NONE', ( #2125, #6922, #2916, #7265, #1699, #1268, #5604, #3538 ) ) ;
#3272 =( GEOMETRIC_REPRESENTATION_CONTEXT ( 3 ) GLOBAL_UNCERTAINTY_ASSIGNED_CONTEXT ( ( #2115 ) ) GLOBAL_UNIT_ASSIGNED_CONTEXT ( ( #33, #2880, #5771 ) ) REPRESENTATION_CONTEXT ( 'NONE', 'WORKASPACE' ) );
#3273 = ADVANCED_FACE ( 'NONE', ( #1123 ), #972, .T. ) ;
#3274 = EDGE_LOOP ( 'NONE', ( #822, #319, #7313, #4599, #6547, #699, #3210, #5971 ) ) ;
#3275 = CARTESIAN_POINT ( 'NONE',  ( -0.8406803038083928703, -1.809410006308077357, 0.03778297284161161174 ) ) ;
#3276 = CARTESIAN_POINT ( 'NONE',  ( -0.5899999999999999689, -1.200000000000000178, -1.550000000000000266 ) ) ;
#3277 = VECTOR ( 'NONE', #3294, 1000.000000000000000 ) ;
#3278 = VERTEX_POINT ( 'NONE', #1758 ) ;
#3279 = CARTESIAN_POINT ( 'NONE',  ( -0.1699999999999999845, -1.300000000000000044, 1.520047317545275778 ) ) ;
#3280 = ORIENTED_EDGE ( 'NONE', *, *, #3706, .T. ) ;
#3281 = COLOUR_RGB ( '',0.1098039215686274495, 0.1098039215686274495, 0.1098039215686274495 ) ;
#3282 =( NAMED_UNIT ( * ) PLANE_ANGLE_UNIT ( ) SI_UNIT ( $, .RADIAN. ) );
#3283 =( NAMED_UNIT ( * ) SI_UNIT ( $, .STERADIAN. ) SOLID_ANGLE_UNIT ( ) );
#3284 = CARTESIAN_POINT ( 'NONE',  ( -1.889999999999999902, 0.8102885682970034642, -2.024999999999999467 ) ) ;
#3285 = CYLINDRICAL_SURFACE ( 'NONE', #7077, 0.05000000000000056483 ) ;
#3286 =( NAMED_UNIT ( * ) PLANE_ANGLE_UNIT ( ) SI_UNIT ( $, .RADIAN. ) );
#3287 = ORIENTED_EDGE ( 'NONE', *, *, #3126, .F. ) ;
#3288 = CARTESIAN_POINT ( 'NONE',  ( -1.489999999999999991, -0.8535898384862264932, 2.049999999999999822 ) ) ;
#3289 = CIRCLE ( 'NONE', #2179, 0.3000000000000000444 ) ;
#3290 = COLOUR_RGB ( '',0.1098039215686274495, 0.1098039215686274495, 0.1098039215686274495 ) ;
#3291 = DIRECTION ( 'NONE',  ( 0.000000000000000000, -1.000000000000000000, -3.794707603699268674E-15 ) ) ;
#3292 = MECHANICAL_DESIGN_GEOMETRIC_PRESENTATION_REPRESENTATION (  '', ( #3895 ), #2083 ) ;
#3293 =( LENGTH_UNIT ( ) NAMED_UNIT ( * ) SI_UNIT ( .MILLI., .METRE. ) );
#3294 = DIRECTION ( 'NONE',  ( -0.000000000000000000, -1.000000000000000000, -5.654342256568344109E-16 ) ) ;
#3295 = EDGE_CURVE ( 'NONE', #1483, #1600, #838, .T. ) ;
#3296 = VERTEX_POINT ( 'NONE', #3371 ) ;
#3297 = PRESENTATION_LAYER_ASSIGNMENT (  '', '', ( #7463 ) ) ;
#3298 = EDGE_CURVE ( 'NONE', #1514, #5460, #5692, .T. ) ;
#3299 = PRESENTATION_LAYER_ASSIGNMENT (  '', '', ( #5358 ) ) ;
#3300 = CARTESIAN_POINT ( 'NONE',  ( 1.975206554762960543E-16, -1.349931384972484549, 1.549999999999999822 ) ) ;
#3301 = SURFACE_SIDE_STYLE ('',( #7323 ) ) ;
#3302 = AXIS2_PLACEMENT_3D ( 'NONE', #1790, #4667, #5785 ) ;
#3303 =( GEOMETRIC_REPRESENTATION_CONTEXT ( 3 ) GLOBAL_UNCERTAINTY_ASSIGNED_CONTEXT ( ( #3924 ) ) GLOBAL_UNIT_ASSIGNED_CONTEXT ( ( #1068, #1254, #2443 ) ) REPRESENTATION_CONTEXT ( 'NONE', 'WORKASPACE' ) );
#3304 = CIRCLE ( 'NONE', #5977, 1.729109974682633943 ) ;
#3305 = CARTESIAN_POINT ( 'NONE',  ( -1.889999999999999902, -1.599999999999999867, -1.549999999999998934 ) ) ;
#3306 = LINE ( 'NONE', #3729, #3024 ) ;
#3307 = DIRECTION ( 'NONE',  ( -1.000000000000000000, 0.000000000000000000, 0.000000000000000000 ) ) ;
#3308 = VECTOR ( 'NONE', #870, 1000.000000000000000 ) ;
#3309 = EDGE_CURVE ( 'NONE', #5103, #2496, #2840, .T. ) ;
#3310 = ORIENTED_EDGE ( 'NONE', *, *, #374, .T. ) ;
#3311 = SURFACE_SIDE_STYLE ('',( #3349 ) ) ;
#3312 = ORIENTED_EDGE ( 'NONE', *, *, #6580, .F. ) ;
#3313 = STYLED_ITEM ( 'NONE', ( #4173 ), #7237 ) ;
#3314 = CARTESIAN_POINT ( 'NONE',  ( -1.489999999999999991, -1.800000000000000488, 1.349999999999998312 ) ) ;
#3315 = ORIENTED_EDGE ( 'NONE', *, *, #2751, .F. ) ;
#3316 = SURFACE_STYLE_FILL_AREA ( #2745 ) ;
#3317 = EDGE_CURVE ( 'NONE', #5345, #4647, #5883, .T. ) ;
#3318 = UNCERTAINTY_MEASURE_WITH_UNIT (LENGTH_MEASURE( 1.000000000000000082E-05 ), #2665, 'distance_accuracy_value', 'NONE');
#3319 = DIRECTION ( 'NONE',  ( -1.000000000000000000, 0.000000000000000000, 0.000000000000000000 ) ) ;
#3320 = AXIS2_PLACEMENT_3D ( 'NONE', #5859, #3641, #3566 ) ;
#3321 = CARTESIAN_POINT ( 'NONE',  ( -1.939999999999999947, -1.070096189432333089, 1.574999999999999512 ) ) ;
#3322 = ORIENTED_EDGE ( 'NONE', *, *, #5275, .T. ) ;
#3323 = ORIENTED_EDGE ( 'NONE', *, *, #5518, .F. ) ;
#3324 = SURFACE_STYLE_USAGE ( .BOTH. , #1001 ) ;
#3325 = CARTESIAN_POINT ( 'NONE',  ( 0.04774429153369341011, -1.304525611674566044, 1.549999999999999822 ) ) ;
#3326 =( NAMED_UNIT ( * ) SI_UNIT ( $, .STERADIAN. ) SOLID_ANGLE_UNIT ( ) );
#3327 = MECHANICAL_DESIGN_GEOMETRIC_PRESENTATION_REPRESENTATION (  '', ( #4416 ), #59 ) ;
#3328 = CYLINDRICAL_SURFACE ( 'NONE', #741, 0.04999999999999991257 ) ;
#3329 = EDGE_LOOP ( 'NONE', ( #2924, #5968, #5611, #4216 ) ) ;
#3330 = PRESENTATION_STYLE_ASSIGNMENT (( #2835 ) ) ;
#3331 = LINE ( 'NONE', #4609, #5452 ) ;
#3332 = EDGE_CURVE ( 'NONE', #5752, #6731, #3033, .T. ) ;
#3333 = SURFACE_STYLE_USAGE ( .BOTH. , #1122 ) ;
#3334 = DIRECTION ( 'NONE',  ( 1.000000000000000000, 0.000000000000000000, -0.000000000000000000 ) ) ;
#3335 = STYLED_ITEM ( 'NONE', ( #5097 ), #3918 ) ;
#3336 = VECTOR ( 'NONE', #6116, 1000.000000000000000 ) ;
#3337 = UNCERTAINTY_MEASURE_WITH_UNIT (LENGTH_MEASURE( 1.000000000000000082E-05 ), #779, 'distance_accuracy_value', 'NONE');
#3338 = DIRECTION ( 'NONE',  ( -1.000000000000000000, 0.000000000000000000, 0.000000000000000000 ) ) ;
#3339 = ORIENTED_EDGE ( 'NONE', *, *, #683, .F. ) ;
#3340 =( NAMED_UNIT ( * ) PLANE_ANGLE_UNIT ( ) SI_UNIT ( $, .RADIAN. ) );
#3341 = CARTESIAN_POINT ( 'NONE',  ( -0.5899999999999999689, -2.000000000000000888, -1.450000000000000178 ) ) ;
#3342 = B_SPLINE_CURVE_WITH_KNOTS ( 'NONE', 3,
 ( #1280, #1923, #6583, #7092, #7135, #4796, #30, #6015, #2301, #3692, #3616, #6913, #4186, #1899, #1155, #1330, #4047, #7174, #1367 ),
 .UNSPECIFIED., .F., .F.,
 ( 4, 3, 3, 3, 3, 3, 4 ),
 ( 0.0002169996341458650788, 0.0002202847116910580899, 0.0002375148428915721077, 0.0002549050658637666837, 0.0002722653084112468410, 0.0002893005673610118890, 0.0002986560692699475879 ),
 .UNSPECIFIED. ) ;
#3343 = VECTOR ( 'NONE', #7394, 1000.000000000000000 ) ;
#3344 = SURFACE_STYLE_FILL_AREA ( #7517 ) ;
#3345 =( LENGTH_UNIT ( ) NAMED_UNIT ( * ) SI_UNIT ( .MILLI., .METRE. ) );
#3346 = CARTESIAN_POINT ( 'NONE',  ( 0.002084776693253535297, 1.250176288313363804, 1.549999999999999822 ) ) ;
#3347 = CARTESIAN_POINT ( 'NONE',  ( -1.939999999999999947, -1.200000000000000178, -1.649999999999999911 ) ) ;
#3348 = EDGE_LOOP ( 'NONE', ( #6441, #4594, #5699, #3586 ) ) ;
#3349 = SURFACE_STYLE_FILL_AREA ( #1133 ) ;
#3350 = EDGE_CURVE ( 'NONE', #531, #2601, #6026, .T. ) ;
#3351 = ORIENTED_EDGE ( 'NONE', *, *, #4537, .T. ) ;
#3352 = CARTESIAN_POINT ( 'NONE',  ( -1.451436046657833767, -1.675280693840840218, 0.3357741694578259550 ) ) ;
#3353 = ORIENTED_EDGE ( 'NONE', *, *, #1506, .T. ) ;
#3354 = PRESENTATION_STYLE_ASSIGNMENT (( #3877 ) ) ;
#3355 = PLANE ( 'NONE',  #36 ) ;
#3356 = DIRECTION ( 'NONE',  ( 0.000000000000000000, 0.000000000000000000, -1.000000000000000000 ) ) ;
#3357 = EDGE_LOOP ( 'NONE', ( #1402, #3757, #89, #272, #5880, #2092 ) ) ;
#3358 = SURFACE_STYLE_USAGE ( .BOTH. , #1755 ) ;
#3359 = VERTEX_POINT ( 'NONE', #4281 ) ;
#3360 = DIRECTION ( 'NONE',  ( 1.000000000000000000, -0.000000000000000000, -0.000000000000000000 ) ) ;
#3361 =( LENGTH_UNIT ( ) NAMED_UNIT ( * ) SI_UNIT ( .MILLI., .METRE. ) );
#3362 = DIRECTION ( 'NONE',  ( 0.000000000000000000, 0.000000000000000000, 1.000000000000000000 ) ) ;
#3363 = SURFACE_STYLE_FILL_AREA ( #7383 ) ;
#3364 = LINE ( 'NONE', #2686, #5863 ) ;
#3365 = VERTEX_POINT ( 'NONE', #6551 ) ;
#3366 = SURFACE_SIDE_STYLE ('',( #482 ) ) ;
#3367 = CARTESIAN_POINT ( 'NONE',  ( -1.939999999999999947, 0.7669872981077828777, -2.000000000000000000 ) ) ;
#3368 = ORIENTED_EDGE ( 'NONE', *, *, #505, .T. ) ;
#3369 = ADVANCED_FACE ( 'NONE', ( #2539 ), #7068, .T. ) ;
#3370 = CARTESIAN_POINT ( 'NONE',  ( 0.05000000000000000278, 1.050000000000000044, 1.549999999999999822 ) ) ;
#3371 = CARTESIAN_POINT ( 'NONE',  ( -9.159660112896642225E-19, 1.250068615027515539, 1.549999999999999822 ) ) ;
#3372 = SURFACE_STYLE_USAGE ( .BOTH. , #3821 ) ;
#3373 = EDGE_CURVE ( 'NONE', #1298, #2496, #3707, .T. ) ;
#3374 =( GEOMETRIC_REPRESENTATION_CONTEXT ( 3 ) GLOBAL_UNCERTAINTY_ASSIGNED_CONTEXT ( ( #4323 ) ) GLOBAL_UNIT_ASSIGNED_CONTEXT ( ( #1193, #3097, #1511 ) ) REPRESENTATION_CONTEXT ( 'NONE', 'WORKASPACE' ) );
#3375 = ORIENTED_EDGE ( 'NONE', *, *, #1880, .F. ) ;
#3376 = LINE ( 'NONE', #454, #7417 ) ;
#3377 = EDGE_CURVE ( 'NONE', #5429, #1151, #4731, .T. ) ;
#3378 = DIRECTION ( 'NONE',  ( 0.000000000000000000, 0.000000000000000000, -1.000000000000000000 ) ) ;
#3379 = LINE ( 'NONE', #3455, #4565 ) ;
#3380 = COLOUR_RGB ( '',0.8980392156862745390, 0.8980392156862745390, 0.8980392156862745390 ) ;
#3381 = SURFACE_STYLE_FILL_AREA ( #1540 ) ;
#3382 = SURFACE_STYLE_FILL_AREA ( #2775 ) ;
#3383 = VECTOR ( 'NONE', #5996, 1000.000000000000000 ) ;
#3384 = VERTEX_POINT ( 'NONE', #1378 ) ;
#3385 =( GEOMETRIC_REPRESENTATION_CONTEXT ( 3 ) GLOBAL_UNCERTAINTY_ASSIGNED_CONTEXT ( ( #3183 ) ) GLOBAL_UNIT_ASSIGNED_CONTEXT ( ( #430, #5022, #1442 ) ) REPRESENTATION_CONTEXT ( 'NONE', 'WORKASPACE' ) );
#3386 = SURFACE_SIDE_STYLE ('',( #6240 ) ) ;
#3387 = ORIENTED_EDGE ( 'NONE', *, *, #3754, .T. ) ;
#3388 = CARTESIAN_POINT ( 'NONE',  ( -0.6353128704865701470, 1.169747841294447754, 1.554685746639580923 ) ) ;
#3389 = UNCERTAINTY_MEASURE_WITH_UNIT (LENGTH_MEASURE( 1.000000000000000082E-05 ), #1791, 'distance_accuracy_value', 'NONE');
#3390 = CIRCLE ( 'NONE', #4722, 1.808219949365267976 ) ;
#3391 = DIRECTION ( 'NONE',  ( 1.000000000000000000, 0.000000000000000000, 0.000000000000000000 ) ) ;
#3392 = ORIENTED_EDGE ( 'NONE', *, *, #4099, .F. ) ;
#3393 = EDGE_LOOP ( 'NONE', ( #1752, #778, #3018, #4792, #224, #3315, #6558, #7109, #7341, #6966, #5546, #2808, #5800, #4229, #662 ) ) ;
#3394 = EDGE_CURVE ( 'NONE', #7018, #6312, #3447, .T. ) ;
#3395 = PRESENTATION_LAYER_ASSIGNMENT (  '', '', ( #4370 ) ) ;
#3396 = CYLINDRICAL_SURFACE ( 'NONE', #1433, 0.09999999999999982514 ) ;
#3397 = UNCERTAINTY_MEASURE_WITH_UNIT (LENGTH_MEASURE( 1.000000000000000082E-05 ), #5296, 'distance_accuracy_value', 'NONE');
#3398 = VECTOR ( 'NONE', #2378, 1000.000000000000227 ) ;
#3399 = SURFACE_STYLE_USAGE ( .BOTH. , #22 ) ;
#3400 = FACE_OUTER_BOUND ( 'NONE', #3829, .T. ) ;
#3401 = ORIENTED_EDGE ( 'NONE', *, *, #4210, .F. ) ;
#3402 = EDGE_LOOP ( 'NONE', ( #1546, #749, #4053, #3876 ) ) ;
#3403 = STYLED_ITEM ( 'NONE', ( #1649 ), #7453 ) ;
#3404 = DIRECTION ( 'NONE',  ( -0.000000000000000000, -1.000000000000000000, -5.654342256568344109E-16 ) ) ;
#3405 = UNCERTAINTY_MEASURE_WITH_UNIT (LENGTH_MEASURE( 1.000000000000000082E-05 ), #2305, 'distance_accuracy_value', 'NONE');
#3406 = FACE_OUTER_BOUND ( 'NONE', #7245, .T. ) ;
#3407 = CARTESIAN_POINT ( 'NONE',  ( -1.889999999999999902, -1.800000000000000044, -1.349999999999999201 ) ) ;
#3408 = MECHANICAL_DESIGN_GEOMETRIC_PRESENTATION_REPRESENTATION (  '', ( #6939 ), #3050 ) ;
#3409 = ORIENTED_EDGE ( 'NONE', *, *, #5764, .F. ) ;
#3410 = PLANE ( 'NONE',  #4074 ) ;
#3411 = EDGE_CURVE ( 'NONE', #2866, #7459, #5755, .T. ) ;
#3412 = CARTESIAN_POINT ( 'NONE',  ( 1.240062641022265667E-38, -1.278378653265924036, 1.653341818079903547 ) ) ;
#3413 = CIRCLE ( 'NONE', #2074, 0.04999999999999991257 ) ;
#3414 =( LENGTH_UNIT ( ) NAMED_UNIT ( * ) SI_UNIT ( .MILLI., .METRE. ) );
#3415 = LINE ( 'NONE', #2851, #4205 ) ;
#3416 = AXIS2_PLACEMENT_3D ( 'NONE', #2685, #4994, #6176 ) ;
#3417 = AXIS2_PLACEMENT_3D ( 'NONE', #725, #839, #1945 ) ;
#3418 = COLOUR_RGB ( '',0.1098039215686274495, 0.1098039215686274495, 0.1098039215686274495 ) ;
#3419 = VECTOR ( 'NONE', #5482, 1000.000000000000000 ) ;
#3420 = CARTESIAN_POINT ( 'NONE',  ( -1.889999999999999902, 0.8535898384862270483, 2.050000000000000266 ) ) ;
#3421 = VERTEX_POINT ( 'NONE', #256 ) ;
#3422 = STYLED_ITEM ( 'NONE', ( #317 ), #5563 ) ;
#3423 = AXIS2_PLACEMENT_3D ( 'NONE', #3186, #259, #5385 ) ;
#3424 =( NAMED_UNIT ( * ) SI_UNIT ( $, .STERADIAN. ) SOLID_ANGLE_UNIT ( ) );
#3425 = ORIENTED_EDGE ( 'NONE', *, *, #2119, .T. ) ;
#3426 =( GEOMETRIC_REPRESENTATION_CONTEXT ( 3 ) GLOBAL_UNCERTAINTY_ASSIGNED_CONTEXT ( ( #3547 ) ) GLOBAL_UNIT_ASSIGNED_CONTEXT ( ( #7260, #5554, #3129 ) ) REPRESENTATION_CONTEXT ( 'NONE', 'WORKASPACE' ) );
#3427 = CARTESIAN_POINT ( 'NONE',  ( -0.6387576270752464147, 1.133618113097445423, 1.574598207879080114 ) ) ;
#3428 = EDGE_CURVE ( 'NONE', #3421, #7425, #5512, .T. ) ;
#3429 = DIRECTION ( 'NONE',  ( -1.000000000000000000, 0.000000000000000000, -0.000000000000000000 ) ) ;
#3430 = CARTESIAN_POINT ( 'NONE',  ( 0.000000000000000000, -1.850000000000000977, -1.549999999999999822 ) ) ;
#3431 = ORIENTED_EDGE ( 'NONE', *, *, #7495, .T. ) ;
#3432 = AXIS2_PLACEMENT_3D ( 'NONE', #1858, #755, #200 ) ;
#3433 =( NAMED_UNIT ( * ) SI_UNIT ( $, .STERADIAN. ) SOLID_ANGLE_UNIT ( ) );
#3434 = VERTEX_POINT ( 'NONE', #5914 ) ;
#3435 = DIRECTION ( 'NONE',  ( 0.000000000000000000, 0.000000000000000000, 1.000000000000000000 ) ) ;
#3436 = FILL_AREA_STYLE ('',( #4644 ) ) ;
#3437 = PRESENTATION_STYLE_ASSIGNMENT (( #2223 ) ) ;
#3438 = DIRECTION ( 'NONE',  ( 0.000000000000000000, 0.000000000000000000, 1.000000000000000000 ) ) ;
#3439 = SURFACE_STYLE_USAGE ( .BOTH. , #5908 ) ;
#3440 = VERTEX_POINT ( 'NONE', #690 ) ;
#3441 = CYLINDRICAL_SURFACE ( 'NONE', #3214, 0.1499999999999999667 ) ;
#3442 = LINE ( 'NONE', #5156, #1196 ) ;
#3443 = LINE ( 'NONE', #5804, #7348 ) ;
#3444 = CARTESIAN_POINT ( 'NONE',  ( -1.889999999999999902, 1.600000000000000311, 1.349999999999998312 ) ) ;
#3445 = SURFACE_STYLE_FILL_AREA ( #522 ) ;
#3446 = DIRECTION ( 'NONE',  ( 0.000000000000000000, -0.4999999999999955591, 0.8660254037844412611 ) ) ;
#3447 = CIRCLE ( 'NONE', #1488, 0.1500000000000003830 ) ;
#3448 = DIRECTION ( 'NONE',  ( 0.000000000000000000, 1.000000000000000000, -2.710505431213758620E-16 ) ) ;
#3449 = MECHANICAL_DESIGN_GEOMETRIC_PRESENTATION_REPRESENTATION (  '', ( #1135 ), #2239 ) ;
#3450 = ORIENTED_EDGE ( 'NONE', *, *, #3577, .T. ) ;
#3451 = PRESENTATION_LAYER_ASSIGNMENT (  '', '', ( #4910 ) ) ;
#3452 = PRESENTATION_LAYER_ASSIGNMENT (  '', '', ( #1141 ) ) ;
#3453 = DIRECTION ( 'NONE',  ( 3.171634830872302416E-15, 0.9980333389416081724, -0.06268536002181905598 ) ) ;
#3454 = FACE_OUTER_BOUND ( 'NONE', #558, .T. ) ;
#3455 = CARTESIAN_POINT ( 'NONE',  ( 0.06000000000000000472, 2.000000000000000888, -1.399999999999998357 ) ) ;
#3456 = CARTESIAN_POINT ( 'NONE',  ( 0.000000000000000000, 1.050000000000000044, -1.549999999999999822 ) ) ;
#3457 =( NAMED_UNIT ( * ) SI_UNIT ( $, .STERADIAN. ) SOLID_ANGLE_UNIT ( ) );
#3458 = SURFACE_STYLE_USAGE ( .BOTH. , #7523 ) ;
#3459 = AXIS2_PLACEMENT_3D ( 'NONE', #3758, #2005, #2081 ) ;
#3460 = EDGE_CURVE ( 'NONE', #3759, #7416, #4770, .T. ) ;
#3461 = CARTESIAN_POINT ( 'NONE',  ( -1.463323198689968629, -1.653539740622694598, 0.4188877761762449525 ) ) ;
#3462 = DIRECTION ( 'NONE',  ( 0.000000000000000000, 0.000000000000000000, -1.000000000000000000 ) ) ;
#3463 = EDGE_LOOP ( 'NONE', ( #3633, #3595, #2981, #3808, #4736, #1682, #2398, #5230, #5274, #3431, #1996, #6734, #7324, #4407, #3159, #516, #940, #7514, #2680, #2545, #2468, #4044, #572, #1567, #5560, #7501, #6921, #5888, #5065, #7050 ) ) ;
#3464 = DIRECTION ( 'NONE',  ( 1.000000000000000000, 0.000000000000000000, 0.000000000000000000 ) ) ;
#3465 = UNCERTAINTY_MEASURE_WITH_UNIT (LENGTH_MEASURE( 1.000000000000000082E-05 ), #2971, 'distance_accuracy_value', 'NONE');
#3466 =( NAMED_UNIT ( * ) SI_UNIT ( $, .STERADIAN. ) SOLID_ANGLE_UNIT ( ) );
#3467 = EDGE_CURVE ( 'NONE', #5026, #424, #6509, .T. ) ;
#3468 = EDGE_CURVE ( 'NONE', #6731, #3359, #181, .T. ) ;
#3469 = ORIENTED_EDGE ( 'NONE', *, *, #3467, .F. ) ;
#3470 = CARTESIAN_POINT ( 'NONE',  ( -0.5899999999999999689, 0.1318986559964631100, -2.100000000000000977 ) ) ;
#3471 = EDGE_CURVE ( 'NONE', #4801, #3005, #1607, .T. ) ;
#3472 = DIRECTION ( 'NONE',  ( -1.000000000000000000, -0.000000000000000000, -0.000000000000000000 ) ) ;
#3473 = UNCERTAINTY_MEASURE_WITH_UNIT (LENGTH_MEASURE( 1.000000000000000082E-05 ), #1769, 'distance_accuracy_value', 'NONE');
#3474 = DIRECTION ( 'NONE',  ( 0.000000000000000000, 0.000000000000000000, 1.000000000000000000 ) ) ;
#3475 = EDGE_LOOP ( 'NONE', ( #5747, #6557, #4571, #7238 ) ) ;
#3476 = ORIENTED_EDGE ( 'NONE', *, *, #645, .F. ) ;
#3477 = PRESENTATION_STYLE_ASSIGNMENT (( #141 ) ) ;
#3478 = DIRECTION ( 'NONE',  ( 0.000000000000000000, 0.000000000000000000, -1.000000000000000000 ) ) ;
#3479 = CARTESIAN_POINT ( 'NONE',  ( -1.340000000000000080, 0.000000000000000000, 0.000000000000000000 ) ) ;
#3480 =( LENGTH_UNIT ( ) NAMED_UNIT ( * ) SI_UNIT ( .MILLI., .METRE. ) );
#3481 = EDGE_LOOP ( 'NONE', ( #4212, #2958, #1669, #7065 ) ) ;
#3482 = DIRECTION ( 'NONE',  ( 0.000000000000000000, -5.421010862427527100E-16, 1.000000000000000000 ) ) ;
#3483 = VERTEX_POINT ( 'NONE', #5567 ) ;
#3484 = CARTESIAN_POINT ( 'NONE',  ( -0.6399999999999997913, 1.300000000000000044, 1.437718188025924437 ) ) ;
#3485 = CARTESIAN_POINT ( 'NONE',  ( -1.315340151904196286, 1.658115844191423660, -0.4903806193033530825 ) ) ;
#3486 = SURFACE_STYLE_USAGE ( .BOTH. , #633 ) ;
#3487 = AXIS2_PLACEMENT_3D ( 'NONE', #6100, #873, #907 ) ;
#3488 = LINE ( 'NONE', #4666, #2365 ) ;
#3489 = DIRECTION ( 'NONE',  ( 0.000000000000000000, 0.000000000000000000, -1.000000000000000000 ) ) ;
#3490 = LINE ( 'NONE', #7045, #2336 ) ;
#3491 =( LENGTH_UNIT ( ) NAMED_UNIT ( * ) SI_UNIT ( .MILLI., .METRE. ) );
#3492 = AXIS2_PLACEMENT_3D ( 'NONE', #1253, #4141, #1895 ) ;
#3493 = VERTEX_POINT ( 'NONE', #1562 ) ;
#3494 = CARTESIAN_POINT ( 'NONE',  ( -0.5899999999999999689, 1.199999999999999734, 1.549999999999999822 ) ) ;
#3495 = CARTESIAN_POINT ( 'NONE',  ( -0.6267694360889208838, 1.200000000000000178, -1.550000000000000266 ) ) ;
#3496 =( GEOMETRIC_REPRESENTATION_CONTEXT ( 3 ) GLOBAL_UNCERTAINTY_ASSIGNED_CONTEXT ( ( #144 ) ) GLOBAL_UNIT_ASSIGNED_CONTEXT ( ( #6452, #3597, #5924 ) ) REPRESENTATION_CONTEXT ( 'NONE', 'WORKASPACE' ) );
#3497 = MECHANICAL_DESIGN_GEOMETRIC_PRESENTATION_REPRESENTATION (  '', ( #5566 ), #7042 ) ;
#3498 = ORIENTED_EDGE ( 'NONE', *, *, #182, .F. ) ;
#3499 = SURFACE_STYLE_FILL_AREA ( #58 ) ;
#3500 = ADVANCED_FACE ( 'NONE', ( #2103 ), #2065, .F. ) ;
#3501 = PRESENTATION_LAYER_ASSIGNMENT (  '', '', ( #5453 ) ) ;
#3502 = LINE ( 'NONE', #4000, #3092 ) ;
#3503 = DIRECTION ( 'NONE',  ( 1.000000000000000000, 0.000000000000000000, 0.000000000000000000 ) ) ;
#3504 = CARTESIAN_POINT ( 'NONE',  ( -0.5899999999999999689, 1.422988845864112228, -1.550000000000000044 ) ) ;
#3505 = CARTESIAN_POINT ( 'NONE',  ( -1.489999999999999991, 1.199999999999999734, 1.649999999999999467 ) ) ;
#3506 = ORIENTED_EDGE ( 'NONE', *, *, #573, .T. ) ;
#3507 =( GEOMETRIC_REPRESENTATION_CONTEXT ( 3 ) GLOBAL_UNCERTAINTY_ASSIGNED_CONTEXT ( ( #881 ) ) GLOBAL_UNIT_ASSIGNED_CONTEXT ( ( #4145, #241, #3612 ) ) REPRESENTATION_CONTEXT ( 'NONE', 'WORKASPACE' ) );
#3508 = VERTEX_POINT ( 'NONE', #845 ) ;
#3509 = SURFACE_SIDE_STYLE ('',( #5765 ) ) ;
#3510 = DIRECTION ( 'NONE',  ( -0.000000000000000000, 0.5000000000000061062, 0.8660254037844351549 ) ) ;
#3511 = AXIS2_PLACEMENT_3D ( 'NONE', #7353, #2077, #4504 ) ;
#3512 = FILL_AREA_STYLE_COLOUR ( '', #6544 ) ;
#3513 = FILL_AREA_STYLE ('',( #1799 ) ) ;
#3514 = FILL_AREA_STYLE ('',( #1236 ) ) ;
#3515 = EDGE_LOOP ( 'NONE', ( #7182, #328, #2425, #3135 ) ) ;
#3516 = FILL_AREA_STYLE ('',( #7034 ) ) ;
#3517 = COLOUR_RGB ( '',0.1098039215686274495, 0.1098039215686274495, 0.1098039215686274495 ) ;
#3518 = EDGE_LOOP ( 'NONE', ( #6951, #4777, #6859, #1980 ) ) ;
#3519 = PRESENTATION_LAYER_ASSIGNMENT (  '', '', ( #365 ) ) ;
#3520 = CARTESIAN_POINT ( 'NONE',  ( -1.939999999999999947, -1.070096189432333089, 1.574999999999999512 ) ) ;
#3521 =( NAMED_UNIT ( * ) PLANE_ANGLE_UNIT ( ) SI_UNIT ( $, .RADIAN. ) );
#3522 = FILL_AREA_STYLE_COLOUR ( '', #849 ) ;
#3523 = DIRECTION ( 'NONE',  ( 0.000000000000000000, -0.5000000000000001110, -0.8660254037844384856 ) ) ;
#3524 = PRESENTATION_STYLE_ASSIGNMENT (( #6423 ) ) ;
#3525 = SURFACE_SIDE_STYLE ('',( #6385 ) ) ;
#3526 = CARTESIAN_POINT ( 'NONE',  ( -1.939999999999999947, 1.070096189432334643, -1.575000000000000400 ) ) ;
#3527 =( GEOMETRIC_REPRESENTATION_CONTEXT ( 3 ) GLOBAL_UNCERTAINTY_ASSIGNED_CONTEXT ( ( #2104 ) ) GLOBAL_UNIT_ASSIGNED_CONTEXT ( ( #2934, #6809, #2779 ) ) REPRESENTATION_CONTEXT ( 'NONE', 'WORKASPACE' ) );
#3528 = COLOUR_RGB ( '',0.1098039215686274495, 0.1098039215686274495, 0.1098039215686274495 ) ;
#3529 = CARTESIAN_POINT ( 'NONE',  ( 0.000000000000000000, 2.000000000000000888, -1.450000000000000178 ) ) ;
#3530 = DIRECTION ( 'NONE',  ( 0.000000000000000000, -0.4999999999999955591, 0.8660254037844412611 ) ) ;
#3531 = AXIS2_PLACEMENT_3D ( 'NONE', #4846, #6068, #1912 ) ;
#3532 = ORIENTED_EDGE ( 'NONE', *, *, #1283, .T. ) ;
#3533 = SURFACE_STYLE_FILL_AREA ( #5748 ) ;
#3534 = AXIS2_PLACEMENT_3D ( 'NONE', #6763, #4799, #3060 ) ;
#3535 = UNCERTAINTY_MEASURE_WITH_UNIT (LENGTH_MEASURE( 1.000000000000000082E-05 ), #6975, 'distance_accuracy_value', 'NONE');
#3536 = SURFACE_STYLE_USAGE ( .BOTH. , #5902 ) ;
#3537 =( GEOMETRIC_REPRESENTATION_CONTEXT ( 3 ) GLOBAL_UNCERTAINTY_ASSIGNED_CONTEXT ( ( #513 ) ) GLOBAL_UNIT_ASSIGNED_CONTEXT ( ( #61, #7177, #133 ) ) REPRESENTATION_CONTEXT ( 'NONE', 'WORKASPACE' ) );
#3538 = ADVANCED_FACE ( 'NONE', ( #3778 ), #4988, .F. ) ;
#3539 = FACE_OUTER_BOUND ( 'NONE', #5236, .T. ) ;
#3540 = MECHANICAL_DESIGN_GEOMETRIC_PRESENTATION_REPRESENTATION (  '', ( #3422 ), #4146 ) ;
#3541 =( NAMED_UNIT ( * ) SI_UNIT ( $, .STERADIAN. ) SOLID_ANGLE_UNIT ( ) );
#3542 = PRESENTATION_LAYER_ASSIGNMENT (  '', '', ( #1467 ) ) ;
#3543 = PRESENTATION_LAYER_ASSIGNMENT (  '', '', ( #4149 ) ) ;
#3544 = ADVANCED_FACE ( 'NONE', ( #5029 ), #2233, .F. ) ;
#3545 = SURFACE_STYLE_FILL_AREA ( #1218 ) ;
#3546 = CARTESIAN_POINT ( 'NONE',  ( -0.6875434411177644423, 1.248760848165499260, 1.408423507229936256 ) ) ;
#3547 = UNCERTAINTY_MEASURE_WITH_UNIT (LENGTH_MEASURE( 1.000000000000000082E-05 ), #7260, 'distance_accuracy_value', 'NONE');
#3548 = CARTESIAN_POINT ( 'NONE',  ( -1.939999999999999947, -0.8102885682970057957, -2.025000000000000355 ) ) ;
#3549 = CARTESIAN_POINT ( 'NONE',  ( -0.5899999999999998579, 1.346638215541207773, -1.550000000000000266 ) ) ;
#3550 = STYLED_ITEM ( 'NONE', ( #5438 ), #7060 ) ;
#3551 = ORIENTED_EDGE ( 'NONE', *, *, #7186, .T. ) ;
#3552 = ORIENTED_EDGE ( 'NONE', *, *, #1524, .F. ) ;
#3553 =( LENGTH_UNIT ( ) NAMED_UNIT ( * ) SI_UNIT ( .MILLI., .METRE. ) );
#3554 = CARTESIAN_POINT ( 'NONE',  ( -0.5946029764655789140, 0.04000047259249653320, -1.850364436609166274 ) ) ;
#3555 = CARTESIAN_POINT ( 'NONE',  ( -1.889999999999999902, 1.200000000000000178, -1.649999999999999911 ) ) ;
#3556 = UNCERTAINTY_MEASURE_WITH_UNIT (LENGTH_MEASURE( 1.000000000000000082E-05 ), #6739, 'distance_accuracy_value', 'NONE');
#3557 = DIRECTION ( 'NONE',  ( 0.000000000000000000, 0.000000000000000000, 1.000000000000000000 ) ) ;
#3558 = DIRECTION ( 'NONE',  ( 0.000000000000000000, 0.000000000000000000, 1.000000000000000000 ) ) ;
#3559 =( NAMED_UNIT ( * ) SI_UNIT ( $, .STERADIAN. ) SOLID_ANGLE_UNIT ( ) );
#3560 = VERTEX_POINT ( 'NONE', #3840 ) ;
#3561 = SURFACE_SIDE_STYLE ('',( #40 ) ) ;
#3562 = EDGE_CURVE ( 'NONE', #4005, #4807, #2987, .T. ) ;
#3563 = ORIENTED_EDGE ( 'NONE', *, *, #7208, .F. ) ;
#3564 = CYLINDRICAL_SURFACE ( 'NONE', #4585, 0.1499999999999999667 ) ;
#3565 = DIRECTION ( 'NONE',  ( 1.000000000000000000, -0.000000000000000000, -0.000000000000000000 ) ) ;
#3566 = DIRECTION ( 'NONE',  ( 0.000000000000000000, 0.000000000000000000, -1.000000000000000000 ) ) ;
#3567 = LINE ( 'NONE', #2312, #2244 ) ;
#3568 = PRESENTATION_STYLE_ASSIGNMENT (( #5893 ) ) ;
#3569 = CARTESIAN_POINT ( 'NONE',  ( -1.889999999999999902, -1.200000000000000178, -1.649999999999999911 ) ) ;
#3570 = DIRECTION ( 'NONE',  ( 0.000000000000000000, 0.000000000000000000, -1.000000000000000000 ) ) ;
#3571 = DIRECTION ( 'NONE',  ( 1.000000000000000000, 0.000000000000000000, 0.000000000000000000 ) ) ;
#3572 = CARTESIAN_POINT ( 'NONE',  ( -1.889999999999999902, -0.8535898384862276034, -2.050000000000000266 ) ) ;
#3573 = EDGE_LOOP ( 'NONE', ( #4937, #4850, #5266, #6081 ) ) ;
#3574 = FILL_AREA_STYLE_COLOUR ( '', #5981 ) ;
#3575 = CIRCLE ( 'NONE', #888, 0.3000000000000000999 ) ;
#3576 = PRESENTATION_STYLE_ASSIGNMENT (( #4825 ) ) ;
#3577 = EDGE_CURVE ( 'NONE', #5185, #1035, #5113, .T. ) ;
#3578 = PRESENTATION_STYLE_ASSIGNMENT (( #3158 ) ) ;
#3579 =( GEOMETRIC_REPRESENTATION_CONTEXT ( 3 ) GLOBAL_UNCERTAINTY_ASSIGNED_CONTEXT ( ( #5456 ) ) GLOBAL_UNIT_ASSIGNED_CONTEXT ( ( #387, #942, #4412 ) ) REPRESENTATION_CONTEXT ( 'NONE', 'WORKASPACE' ) );
#3580 = AXIS2_PLACEMENT_3D ( 'NONE', #3263, #930, #5009 ) ;
#3581 = CARTESIAN_POINT ( 'NONE',  ( 0.000000000000000000, 2.000000000000000444, 1.399999999999998357 ) ) ;
#3582 = DIRECTION ( 'NONE',  ( -1.000000000000000000, -0.000000000000000000, -0.000000000000000000 ) ) ;
#3583 = DIRECTION ( 'NONE',  ( 0.000000000000000000, 0.000000000000000000, 1.000000000000000000 ) ) ;
#3584 = CARTESIAN_POINT ( 'NONE',  ( -1.939999999999999947, -1.199999999999999734, 1.649999999999999467 ) ) ;
#3585 = CARTESIAN_POINT ( 'NONE',  ( -0.02302489647858927194, 1.345824075353759808, 1.549999999999999822 ) ) ;
#3586 = ORIENTED_EDGE ( 'NONE', *, *, #505, .F. ) ;
#3587 = ORIENTED_EDGE ( 'NONE', *, *, #2935, .F. ) ;
#3588 = CARTESIAN_POINT ( 'NONE',  ( -1.939999999999999947, -1.600000000000000311, 1.349999999999998312 ) ) ;
#3589 = STYLED_ITEM ( 'NONE', ( #7165 ), #2025 ) ;
#3590 = PRESENTATION_STYLE_ASSIGNMENT (( #212 ) ) ;
#3591 = DIRECTION ( 'NONE',  ( 0.000000000000000000, 0.8660254037844388186, 0.4999999999999996669 ) ) ;
#3592 = DIRECTION ( 'NONE',  ( 0.000000000000000000, 0.000000000000000000, 1.000000000000000000 ) ) ;
#3593 = DIRECTION ( 'NONE',  ( 1.000000000000000000, 0.000000000000000000, 0.000000000000000000 ) ) ;
#3594 = ORIENTED_EDGE ( 'NONE', *, *, #2044, .T. ) ;
#3595 = ORIENTED_EDGE ( 'NONE', *, *, #4556, .F. ) ;
#3596 = CARTESIAN_POINT ( 'NONE',  ( -0.7217467959946564093, 1.339781658222553684, 1.283755353533703403 ) ) ;
#3597 =( NAMED_UNIT ( * ) PLANE_ANGLE_UNIT ( ) SI_UNIT ( $, .RADIAN. ) );
#3598 = CIRCLE ( 'NONE', #2265, 0.1000000000000006994 ) ;
#3599 =( LENGTH_UNIT ( ) NAMED_UNIT ( * ) SI_UNIT ( .MILLI., .METRE. ) );
#3600 = DIRECTION ( 'NONE',  ( 0.000000000000000000, -1.606225440719267353E-16, 1.000000000000000000 ) ) ;
#3601 = FACE_OUTER_BOUND ( 'NONE', #654, .T. ) ;
#3602 = SURFACE_STYLE_FILL_AREA ( #4172 ) ;
#3603 = CYLINDRICAL_SURFACE ( 'NONE', #638, 0.09999999999999982514 ) ;
#3604 = SURFACE_SIDE_STYLE ('',( #5395 ) ) ;
#3605 = EDGE_CURVE ( 'NONE', #3157, #2318, #1861, .T. ) ;
#3606 = MECHANICAL_DESIGN_GEOMETRIC_PRESENTATION_REPRESENTATION (  '', ( #4820 ), #3736 ) ;
#3607 = DIRECTION ( 'NONE',  ( 0.000000000000000000, -1.000000000000000000, 0.000000000000000000 ) ) ;
#3608 = DIRECTION ( 'NONE',  ( -1.000000000000000000, -0.000000000000000000, -0.000000000000000000 ) ) ;
#3609 = ORIENTED_EDGE ( 'NONE', *, *, #800, .F. ) ;
#3610 = CARTESIAN_POINT ( 'NONE',  ( -1.889999999999999902, 1.600000000000000311, 1.349999999999998312 ) ) ;
#3611 = UNCERTAINTY_MEASURE_WITH_UNIT (LENGTH_MEASURE( 1.000000000000000082E-05 ), #1668, 'distance_accuracy_value', 'NONE');
#3612 =( NAMED_UNIT ( * ) SI_UNIT ( $, .STERADIAN. ) SOLID_ANGLE_UNIT ( ) );
#3613 = MECHANICAL_DESIGN_GEOMETRIC_PRESENTATION_REPRESENTATION (  '', ( #2038 ), #4220 ) ;
#3614 = PRESENTATION_STYLE_ASSIGNMENT (( #2485 ) ) ;
#3615 = PRESENTATION_LAYER_ASSIGNMENT (  '', '', ( #7291 ) ) ;
#3616 = CARTESIAN_POINT ( 'NONE',  ( -0.03987219641242750051, -1.265326832833137738, 1.549999999999999822 ) ) ;
#3617 = EDGE_CURVE ( 'NONE', #3493, #178, #1747, .T. ) ;
#3618 = AXIS2_PLACEMENT_3D ( 'NONE', #4291, #1345, #1883 ) ;
#3619 = SURFACE_STYLE_FILL_AREA ( #7138 ) ;
#3620 = AXIS2_PLACEMENT_3D ( 'NONE', #3668, #6634, #2501 ) ;
#3621 = DIRECTION ( 'NONE',  ( 0.000000000000000000, 1.000000000000000000, 8.031127203596337997E-17 ) ) ;
#3622 = EDGE_CURVE ( 'NONE', #6768, #252, #1036, .T. ) ;
#3623 = MECHANICAL_DESIGN_GEOMETRIC_PRESENTATION_REPRESENTATION (  '', ( #7291 ), #3496 ) ;
#3624 = ORIENTED_EDGE ( 'NONE', *, *, #6432, .F. ) ;
#3625 = ORIENTED_EDGE ( 'NONE', *, *, #183, .F. ) ;
#3626 = LINE ( 'NONE', #1375, #7442 ) ;
#3627 = VECTOR ( 'NONE', #5802, 1000.000000000000000 ) ;
#3628 = DIRECTION ( 'NONE',  ( 1.000000000000000000, 0.000000000000000000, 0.000000000000000000 ) ) ;
#3629 = UNCERTAINTY_MEASURE_WITH_UNIT (LENGTH_MEASURE( 1.000000000000000082E-05 ), #5425, 'distance_accuracy_value', 'NONE');
#3630 = FILL_AREA_STYLE ('',( #6596 ) ) ;
#3631 = CARTESIAN_POINT ( 'NONE',  ( 0.05000000000000000278, -1.050000000000000044, -1.549999999999999822 ) ) ;
#3632 =( GEOMETRIC_REPRESENTATION_CONTEXT ( 3 ) GLOBAL_UNCERTAINTY_ASSIGNED_CONTEXT ( ( #7147 ) ) GLOBAL_UNIT_ASSIGNED_CONTEXT ( ( #7498, #6392, #5829 ) ) REPRESENTATION_CONTEXT ( 'NONE', 'WORKASPACE' ) );
#3633 = ORIENTED_EDGE ( 'NONE', *, *, #4132, .T. ) ;
#3634 =( LENGTH_UNIT ( ) NAMED_UNIT ( * ) SI_UNIT ( .MILLI., .METRE. ) );
#3635 = ORIENTED_EDGE ( 'NONE', *, *, #3945, .T. ) ;
#3636 = EDGE_CURVE ( 'NONE', #3748, #3031, #1134, .T. ) ;
#3637 = CARTESIAN_POINT ( 'NONE',  ( -1.340000000000000080, 0.000000000000000000, 1.877069063257455372 ) ) ;
#3638 = SURFACE_STYLE_USAGE ( .BOTH. , #664 ) ;
#3639 = CARTESIAN_POINT ( 'NONE',  ( -1.463323198690017479, 1.653539740622705256, -0.4188877761762160312 ) ) ;
#3640 = SURFACE_STYLE_FILL_AREA ( #7158 ) ;
#3641 = DIRECTION ( 'NONE',  ( 1.000000000000000000, 0.000000000000000000, 0.000000000000000000 ) ) ;
#3642 = VECTOR ( 'NONE', #3973, 1000.000000000000000 ) ;
#3643 = DIRECTION ( 'NONE',  ( 0.000000000000000000, 0.4999999999999999445, 0.8660254037844385966 ) ) ;
#3644 = ORIENTED_EDGE ( 'NONE', *, *, #6779, .F. ) ;
#3646 = PRESENTATION_LAYER_ASSIGNMENT (  '', '', ( #1212 ) ) ;
#3645 = DIRECTION ( 'NONE',  ( 1.000000000000000000, 0.000000000000000000, 0.000000000000000000 ) ) ;
#3647 = CARTESIAN_POINT ( 'NONE',  ( 0.05000000000000000278, -1.050000000000000044, -1.549999999999999822 ) ) ;
#3648 = CARTESIAN_POINT ( 'NONE',  ( -0.5199999999999999067, -1.300000000000000044, 1.640047317545275884 ) ) ;
#3649 = DIRECTION ( 'NONE',  ( 0.000000000000000000, 0.000000000000000000, -1.000000000000000000 ) ) ;
#3650 = CARTESIAN_POINT ( 'NONE',  ( 0.06000000000000000472, -1.050000000000000044, -1.549999999999999822 ) ) ;
#3651 = COLOUR_RGB ( '',0.6666666666666666297, 0.6980392156862744724, 0.7686274509803920907 ) ;
#3652 = EDGE_CURVE ( 'NONE', #812, #5754, #1112, .T. ) ;
#3653 = EDGE_CURVE ( 'NONE', #6401, #5399, #1705, .T. ) ;
#3654 = PRESENTATION_STYLE_ASSIGNMENT (( #6534 ) ) ;
#3655 = MECHANICAL_DESIGN_GEOMETRIC_PRESENTATION_REPRESENTATION (  '', ( #6099 ), #4622 ) ;
#3656 = LINE ( 'NONE', #5905, #4058 ) ;
#3657 = CARTESIAN_POINT ( 'NONE',  ( -1.939999999999999947, 1.199999999999999734, 1.499999999999999556 ) ) ;
#3658 = STYLED_ITEM ( 'NONE', ( #1759 ), #5041 ) ;
#3659 = DIRECTION ( 'NONE',  ( 0.000000000000000000, 0.000000000000000000, 1.000000000000000000 ) ) ;
#3660 = PRESENTATION_LAYER_ASSIGNMENT (  '', '', ( #3182 ) ) ;
#3661 = DIRECTION ( 'NONE',  ( 1.000000000000000000, -0.000000000000000000, -0.000000000000000000 ) ) ;
#3662 = ORIENTED_EDGE ( 'NONE', *, *, #6598, .F. ) ;
#3663 = STYLED_ITEM ( 'NONE', ( #4246 ), #758 ) ;
#3664 = ORIENTED_EDGE ( 'NONE', *, *, #1005, .F. ) ;
#3665 = LINE ( 'NONE', #1948, #844 ) ;
#3666 = VECTOR ( 'NONE', #2873, 1000.000000000000000 ) ;
#3667 = CARTESIAN_POINT ( 'NONE',  ( -1.489999999999999991, 1.113397459621556340, -1.600000000000000533 ) ) ;
#3668 = CARTESIAN_POINT ( 'NONE',  ( -0.1699999999999999567, -1.300000000000000044, 1.690047317545275707 ) ) ;
#3669 = DIRECTION ( 'NONE',  ( 1.000000000000000000, 0.000000000000000000, -0.000000000000000000 ) ) ;
#3670 = DIRECTION ( 'NONE',  ( 0.000000000000000000, 0.000000000000000000, 1.000000000000000000 ) ) ;
#3671 = CARTESIAN_POINT ( 'NONE',  ( -1.889999999999999902, -1.200000000000000178, -1.550000000000000266 ) ) ;
#3672 = VERTEX_POINT ( 'NONE', #4533 ) ;
#3673 = PRESENTATION_STYLE_ASSIGNMENT (( #7191 ) ) ;
#3674 = EDGE_LOOP ( 'NONE', ( #5727, #1408, #2959, #2896, #6528, #1651, #4376, #6506, #2260, #361 ) ) ;
#3675 = CARTESIAN_POINT ( 'NONE',  ( -0.5899999999999999689, 2.000000000000000444, 1.449999999999999734 ) ) ;
#3676 =( NAMED_UNIT ( * ) SI_UNIT ( $, .STERADIAN. ) SOLID_ANGLE_UNIT ( ) );
#3677 =( NAMED_UNIT ( * ) SI_UNIT ( $, .STERADIAN. ) SOLID_ANGLE_UNIT ( ) );
#3678 = PRESENTATION_STYLE_ASSIGNMENT (( #2474 ) ) ;
#3679 = DIRECTION ( 'NONE',  ( -1.000000000000000000, 0.000000000000000000, 0.000000000000000000 ) ) ;
#3680 = CARTESIAN_POINT ( 'NONE',  ( -1.315340151904196286, 1.658115844191423882, -0.4903806193033528604 ) ) ;
#3681 = ORIENTED_EDGE ( 'NONE', *, *, #1317, .F. ) ;
#3682 = ORIENTED_EDGE ( 'NONE', *, *, #5559, .T. ) ;
#3683 =( NAMED_UNIT ( * ) SI_UNIT ( $, .STERADIAN. ) SOLID_ANGLE_UNIT ( ) );
#3684 = CARTESIAN_POINT ( 'NONE',  ( 0.000000000000000000, 1.288478471070775289, 1.659565464429407333 ) ) ;
#3685 = ORIENTED_EDGE ( 'NONE', *, *, #6624, .F. ) ;
#3686 = B_SPLINE_CURVE_WITH_KNOTS ( 'NONE', 3,
 ( #3209, #394, #3807, #5525 ),
 .UNSPECIFIED., .F., .F.,
 ( 4, 4 ),
 ( 0.000000000000000000, 0.0003206487872063975447 ),
 .UNSPECIFIED. ) ;
#3687 = EDGE_CURVE ( 'NONE', #7183, #2996, #3502, .T. ) ;
#3688 =( GEOMETRIC_REPRESENTATION_CONTEXT ( 3 ) GLOBAL_UNCERTAINTY_ASSIGNED_CONTEXT ( ( #966 ) ) GLOBAL_UNIT_ASSIGNED_CONTEXT ( ( #3884, #3282, #6669 ) ) REPRESENTATION_CONTEXT ( 'NONE', 'WORKASPACE' ) );
#3689 = COLOUR_RGB ( '',0.6666666666666666297, 0.6980392156862744724, 0.7686274509803920907 ) ;
#3690 = EDGE_CURVE ( 'NONE', #1742, #209, #5999, .T. ) ;
#3691 = AXIS2_PLACEMENT_3D ( 'NONE', #7176, #2527, #2408 ) ;
#3692 = CARTESIAN_POINT ( 'NONE',  ( -0.03539405400243327698, -1.261666244126164349, 1.549999999999999822 ) ) ;
#3693 = CARTESIAN_POINT ( 'NONE',  ( -0.5199999999999999067, -1.300000000000000044, 1.520047317545275778 ) ) ;
#3694 = VECTOR ( 'NONE', #4660, 1000.000000000000000 ) ;
#3695 = CARTESIAN_POINT ( 'NONE',  ( -0.7214028935115451846, 1.254835857939259114, 1.365358958988361016 ) ) ;
#3696 = DIRECTION ( 'NONE',  ( 0.000000000000000000, 1.000000000000000000, 5.421010862427514281E-16 ) ) ;
#3697 = EDGE_CURVE ( 'NONE', #1013, #1391, #2719, .T. ) ;
#3698 = EDGE_CURVE ( 'NONE', #5175, #1035, #5223, .T. ) ;
#3699 = DIRECTION ( 'NONE',  ( 0.000000000000000000, -1.000000000000000000, 3.794707603699268674E-15 ) ) ;
#3700 = CARTESIAN_POINT ( 'NONE',  ( -0.6399999999999997913, -1.300000000000000044, 1.520047317545275778 ) ) ;
#3701 = CARTESIAN_POINT ( 'NONE',  ( -1.489999999999999991, -1.113397459621555896, -1.600000000000000311 ) ) ;
#3702 = ORIENTED_EDGE ( 'NONE', *, *, #5123, .F. ) ;
#3703 = ORIENTED_EDGE ( 'NONE', *, *, #5432, .T. ) ;
#3704 = CARTESIAN_POINT ( 'NONE',  ( -1.489999999999999991, -0.7669872981077828777, -2.100000000000000977 ) ) ;
#3705 =( GEOMETRIC_REPRESENTATION_CONTEXT ( 3 ) GLOBAL_UNCERTAINTY_ASSIGNED_CONTEXT ( ( #4596 ) ) GLOBAL_UNIT_ASSIGNED_CONTEXT ( ( #6757, #2732, #6153 ) ) REPRESENTATION_CONTEXT ( 'NONE', 'WORKASPACE' ) );
#3706 = EDGE_CURVE ( 'NONE', #6197, #2382, #6824, .T. ) ;
#3707 = LINE ( 'NONE', #3667, #3207 ) ;
#3708 =( NAMED_UNIT ( * ) SI_UNIT ( $, .STERADIAN. ) SOLID_ANGLE_UNIT ( ) );
#3709 = UNCERTAINTY_MEASURE_WITH_UNIT (LENGTH_MEASURE( 1.000000000000000082E-05 ), #6046, 'distance_accuracy_value', 'NONE');
#3710 = SURFACE_STYLE_FILL_AREA ( #3630 ) ;
#3711 =( NAMED_UNIT ( * ) PLANE_ANGLE_UNIT ( ) SI_UNIT ( $, .RADIAN. ) );
#3712 =( NAMED_UNIT ( * ) PLANE_ANGLE_UNIT ( ) SI_UNIT ( $, .RADIAN. ) );
#3713 = VERTEX_POINT ( 'NONE', #60 ) ;
#3714 = CARTESIAN_POINT ( 'NONE',  ( -0.6645486862677156825, -1.344253931801702162, 1.350913944313686166 ) ) ;
#3715 = ORIENTED_EDGE ( 'NONE', *, *, #5779, .T. ) ;
#3716 = DIRECTION ( 'NONE',  ( 0.000000000000000000, 0.000000000000000000, -1.000000000000000000 ) ) ;
#3717 =( NAMED_UNIT ( * ) PLANE_ANGLE_UNIT ( ) SI_UNIT ( $, .RADIAN. ) );
#3718 = FILL_AREA_STYLE_COLOUR ( '', #2149 ) ;
#3719 = CARTESIAN_POINT ( 'NONE',  ( -1.489999999999999991, -1.600000000000000311, 1.349999999999998312 ) ) ;
#3720 = VECTOR ( 'NONE', #5473, 1000.000000000000000 ) ;
#3721 = EDGE_CURVE ( 'NONE', #6159, #3847, #4496, .T. ) ;
#3722 = ORIENTED_EDGE ( 'NONE', *, *, #1477, .F. ) ;
#3723 = SURFACE_STYLE_USAGE ( .BOTH. , #7322 ) ;
#3724 = CARTESIAN_POINT ( 'NONE',  ( 0.000000000000000000, -2.000000000000000444, 1.399999999999998135 ) ) ;
#3725 = EDGE_CURVE ( 'NONE', #5754, #5396, #4753, .T. ) ;
#3726 = EDGE_LOOP ( 'NONE', ( #2652, #1430, #3120, #4775 ) ) ;
#3727 = CARTESIAN_POINT ( 'NONE',  ( -0.8406803038083928703, 1.809410006308077357, -0.03778297284161105662 ) ) ;
#3728 = SURFACE_SIDE_STYLE ('',( #6613 ) ) ;
#3729 = CARTESIAN_POINT ( 'NONE',  ( 0.000000000000000000, 0.8535898384862271593, -2.050000000000000711 ) ) ;
#3730 = CYLINDRICAL_SURFACE ( 'NONE', #6836, 0.1000000000000011297 ) ;
#3731 = CARTESIAN_POINT ( 'NONE',  ( -1.315340151904195842, 0.000000000000000000, 0.000000000000000000 ) ) ;
#3732 = VERTEX_POINT ( 'NONE', #4270 ) ;
#3733 = CARTESIAN_POINT ( 'NONE',  ( -0.5900000000000000799, -0.04342193307410759096, -2.100000000000000977 ) ) ;
#3734 = CARTESIAN_POINT ( 'NONE',  ( -0.6360293123678151250, -1.120823996575649462, -1.588916774137680177 ) ) ;
#3735 = DIRECTION ( 'NONE',  ( 0.000000000000000000, 0.000000000000000000, -1.000000000000000000 ) ) ;
#3736 =( GEOMETRIC_REPRESENTATION_CONTEXT ( 3 ) GLOBAL_UNCERTAINTY_ASSIGNED_CONTEXT ( ( #6990 ) ) GLOBAL_UNIT_ASSIGNED_CONTEXT ( ( #5060, #7410, #2639 ) ) REPRESENTATION_CONTEXT ( 'NONE', 'WORKASPACE' ) );
#3737 = STYLED_ITEM ( 'NONE', ( #6225 ), #842 ) ;
#3738 = B_SPLINE_CURVE_WITH_KNOTS ( 'NONE', 3,
 ( #4016, #6924, #3412, #6343, #4090, #7486, #3943, #2927 ),
 .UNSPECIFIED., .F., .F.,
 ( 4, 2, 2, 4 ),
 ( 1.114357386578888442E-14, 3.320669042488808530E-05, 6.641338083863260514E-05, 0.0001328267616661214280 ),
 .UNSPECIFIED. ) ;
#3739 = SURFACE_SIDE_STYLE ('',( #3241 ) ) ;
#3740 = EDGE_CURVE ( 'NONE', #6911, #5909, #7019, .T. ) ;
#3741 = ORIENTED_EDGE ( 'NONE', *, *, #6620, .T. ) ;
#3742 = ORIENTED_EDGE ( 'NONE', *, *, #6559, .T. ) ;
#3743 = CARTESIAN_POINT ( 'NONE',  ( -1.889999999999999902, 1.599999999999999867, -1.499999999999999112 ) ) ;
#3744 = AXIS2_PLACEMENT_3D ( 'NONE', #7440, #5096, #1582 ) ;
#3745 = CARTESIAN_POINT ( 'NONE',  ( -0.8900000000000000133, 0.1318986559964631655, -2.100000000000000977 ) ) ;
#3746 =( LENGTH_UNIT ( ) NAMED_UNIT ( * ) SI_UNIT ( .MILLI., .METRE. ) );
#3747 = CIRCLE ( 'NONE', #3986, 0.1999999999999996503 ) ;
#3748 = VERTEX_POINT ( 'NONE', #7093 ) ;
#3749 = AXIS2_PLACEMENT_3D ( 'NONE', #2507, #7113, #2386 ) ;
#3750 = FILL_AREA_STYLE_COLOUR ( '', #5128 ) ;
#3751 = ORIENTED_EDGE ( 'NONE', *, *, #2997, .T. ) ;
#3752 = SURFACE_STYLE_USAGE ( .BOTH. , #850 ) ;
#3753 = CARTESIAN_POINT ( 'NONE',  ( -1.340000000000000080, 1.800000000000000266, 0.5323422472791536908 ) ) ;
#3754 = EDGE_CURVE ( 'NONE', #6115, #3178, #3575, .T. ) ;
#3755 = SURFACE_STYLE_FILL_AREA ( #1850 ) ;
#3756 = FILL_AREA_STYLE ('',( #5468 ) ) ;
#3757 = ORIENTED_EDGE ( 'NONE', *, *, #3653, .F. ) ;
#3758 = CARTESIAN_POINT ( 'NONE',  ( -0.5899999999999999689, -0.7669872981077823226, 2.000000000000000000 ) ) ;
#3759 = VERTEX_POINT ( 'NONE', #4224 ) ;
#3760 = VECTOR ( 'NONE', #6531, 1000.000000000000114 ) ;
#3761 = PRESENTATION_STYLE_ASSIGNMENT (( #3865 ) ) ;
#3762 = CARTESIAN_POINT ( 'NONE',  ( -0.5899999999999999689, -2.000000000000000888, -1.550000000000000044 ) ) ;
#3763 = FACE_OUTER_BOUND ( 'NONE', #6022, .T. ) ;
#3764 = CIRCLE ( 'NONE', #4963, 0.1500000000000000222 ) ;
#3765 = CARTESIAN_POINT ( 'NONE',  ( -0.5899999999999999689, -0.7669872981077828777, -2.100000000000000977 ) ) ;
#3766 = VECTOR ( 'NONE', #3225, 1000.000000000000000 ) ;
#3767 = VECTOR ( 'NONE', #4126, 1000.000000000000000 ) ;
#3768 = ORIENTED_EDGE ( 'NONE', *, *, #3562, .F. ) ;
#3769 = EDGE_CURVE ( 'NONE', #3113, #1589, #6017, .T. ) ;
#3770 = CARTESIAN_POINT ( 'NONE',  ( -1.889999999999999902, 1.200000000000000178, -1.550000000000000266 ) ) ;
#3771 = CARTESIAN_POINT ( 'NONE',  ( -1.489999999999999991, 0.000000000000000000, -1.699999999999999956 ) ) ;
#3772 = LINE ( 'NONE', #4980, #5702 ) ;
#3773 = COLOUR_RGB ( '',0.1098039215686274495, 0.1098039215686274495, 0.1098039215686274495 ) ;
#3774 = COLOUR_RGB ( '',0.6666666666666666297, 0.6980392156862744724, 0.7686274509803920907 ) ;
#3775 = ORIENTED_EDGE ( 'NONE', *, *, #3109, .F. ) ;
#3776 = VERTEX_POINT ( 'NONE', #1369 ) ;
#3777 = CARTESIAN_POINT ( 'NONE',  ( 0.05000000000000000278, 0.8479274057836261314, -1.900000000000002354 ) ) ;
#3778 = FACE_OUTER_BOUND ( 'NONE', #5948, .T. ) ;
#3779 = COLOUR_RGB ( '',0.9686274509803921573, 0.8784313725490195957, 0.5999999999999999778 ) ;
#3780 = PRESENTATION_LAYER_ASSIGNMENT (  '', '', ( #6574 ) ) ;
#3781 = UNCERTAINTY_MEASURE_WITH_UNIT (LENGTH_MEASURE( 1.000000000000000082E-05 ), #5835, 'distance_accuracy_value', 'NONE');
#3782 =( LENGTH_UNIT ( ) NAMED_UNIT ( * ) SI_UNIT ( .MILLI., .METRE. ) );
#3783 = MECHANICAL_DESIGN_GEOMETRIC_PRESENTATION_REPRESENTATION (  '', ( #4025 ), #7333 ) ;
#3784 = COLOUR_RGB ( '',0.7921568627450980005, 0.8196078431372548767, 0.9333333333333333481 ) ;
#3785 = CARTESIAN_POINT ( 'NONE',  ( -1.889999999999999902, -1.599999999999999867, -1.500000000000000222 ) ) ;
#3786 = VERTEX_POINT ( 'NONE', #6536 ) ;
#3787 = DIRECTION ( 'NONE',  ( 0.000000000000000000, 0.000000000000000000, 1.000000000000000000 ) ) ;
#3788 = CARTESIAN_POINT ( 'NONE',  ( 0.000000000000000000, 1.113397459621556340, -1.600000000000000533 ) ) ;
#3789 =( NAMED_UNIT ( * ) SI_UNIT ( $, .STERADIAN. ) SOLID_ANGLE_UNIT ( ) );
#3790 = CARTESIAN_POINT ( 'NONE',  ( -0.6899999999999998357, -1.300000000000000044, 1.520047317545275778 ) ) ;
#3791 = EDGE_CURVE ( 'NONE', #4859, #5195, #3656, .T. ) ;
#3792 = ORIENTED_EDGE ( 'NONE', *, *, #4319, .F. ) ;
#3793 = FACE_OUTER_BOUND ( 'NONE', #1126, .T. ) ;
#3794 = FILL_AREA_STYLE ('',( #7280 ) ) ;
#3795 = ORIENTED_EDGE ( 'NONE', *, *, #5287, .T. ) ;
#3796 = SURFACE_STYLE_FILL_AREA ( #4371 ) ;
#3797 = FILL_AREA_STYLE ('',( #2007 ) ) ;
#3798 = CARTESIAN_POINT ( 'NONE',  ( -1.330990512179975216, -1.720515457780193325, -0.1656843285208677852 ) ) ;
#3799 = PRESENTATION_STYLE_ASSIGNMENT (( #2607 ) ) ;
#3800 = ORIENTED_EDGE ( 'NONE', *, *, #3622, .T. ) ;
#3801 = DIRECTION ( 'NONE',  ( 0.000000000000000000, 0.000000000000000000, -1.000000000000000000 ) ) ;
#3802 = ORIENTED_EDGE ( 'NONE', *, *, #5844, .T. ) ;
#3803 = DIRECTION ( 'NONE',  ( -0.000000000000000000, -1.000000000000000000, 0.000000000000000000 ) ) ;
#3804 = CARTESIAN_POINT ( 'NONE',  ( -1.939999999999999947, -0.7669872981077828777, -2.050000000000001155 ) ) ;
#3805 = COLOUR_RGB ( '',0.1098039215686274495, 0.1098039215686274495, 0.1098039215686274495 ) ;
#3806 = AXIS2_PLACEMENT_3D ( 'NONE', #5801, #4118, #6473 ) ;
#3807 = CARTESIAN_POINT ( 'NONE',  ( -0.5900000000000000799, -1.008455638248163977, -1.781764566457534116 ) ) ;
#3808 = ORIENTED_EDGE ( 'NONE', *, *, #474, .F. ) ;
#3809 = ORIENTED_EDGE ( 'NONE', *, *, #3653, .T. ) ;
#3810 = VECTOR ( 'NONE', #1827, 1000.000000000000000 ) ;
#3811 = VECTOR ( 'NONE', #2546, 1000.000000000000000 ) ;
#3812 = DIRECTION ( 'NONE',  ( 1.000000000000000000, 0.000000000000000000, 0.000000000000000000 ) ) ;
#3813 = CARTESIAN_POINT ( 'NONE',  ( 0.04574696334845779894, -1.315644751159309012, 1.549999999999999822 ) ) ;
#3814 = AXIS2_PLACEMENT_3D ( 'NONE', #2743, #6274, #4524 ) ;
#3815 = CARTESIAN_POINT ( 'NONE',  ( -0.7217978702634039179, -1.339724443441668855, 1.283770803133293947 ) ) ;
#3816 = ORIENTED_EDGE ( 'NONE', *, *, #3858, .F. ) ;
#3817 = DIRECTION ( 'NONE',  ( 1.000000000000000000, 0.000000000000000000, 0.000000000000000000 ) ) ;
#3818 = COLOUR_RGB ( '',0.9686274509803921573, 0.8784313725490195957, 0.5999999999999999778 ) ;
#3819 = FACE_BOUND ( 'NONE', #2823, .T. ) ;
#3820 =( NAMED_UNIT ( * ) PLANE_ANGLE_UNIT ( ) SI_UNIT ( $, .RADIAN. ) );
#3821 = SURFACE_SIDE_STYLE ('',( #1050 ) ) ;
#3822 = EDGE_LOOP ( 'NONE', ( #6730, #4848, #3970, #5311 ) ) ;
#3823 = CARTESIAN_POINT ( 'NONE',  ( -0.1699999999999999845, -1.300000000000000044, 1.520047317545275778 ) ) ;
#3824 = FACE_OUTER_BOUND ( 'NONE', #938, .T. ) ;
#3825 = AXIS2_PLACEMENT_3D ( 'NONE', #4930, #929, #3262 ) ;
#3826 = ORIENTED_EDGE ( 'NONE', *, *, #6556, .F. ) ;
#3827 = ORIENTED_EDGE ( 'NONE', *, *, #6260, .F. ) ;
#3828 = DIRECTION ( 'NONE',  ( 1.000000000000000000, 0.000000000000000000, 0.000000000000000000 ) ) ;
#3829 = EDGE_LOOP ( 'NONE', ( #7142, #6658, #5830, #1199 ) ) ;
#3830 = CARTESIAN_POINT ( 'NONE',  ( -1.939999999999999947, 1.199999999999999734, 1.500000000000000888 ) ) ;
#3831 = UNCERTAINTY_MEASURE_WITH_UNIT (LENGTH_MEASURE( 1.000000000000000082E-05 ), #1823, 'distance_accuracy_value', 'NONE');
#3832 = SURFACE_STYLE_USAGE ( .BOTH. , #4415 ) ;
#3833 = DIRECTION ( 'NONE',  ( 0.000000000000000000, 1.000000000000000000, -2.710505431213758620E-16 ) ) ;
#3834 = CARTESIAN_POINT ( 'NONE',  ( -1.889999999999999902, 1.599999999999999867, -1.549999999999998712 ) ) ;
#3835 = EDGE_LOOP ( 'NONE', ( #5376, #5690, #6835, #3450 ) ) ;
#3836 = VERTEX_POINT ( 'NONE', #796 ) ;
#3837 = ADVANCED_FACE ( 'NONE', ( #759 ), #100, .F. ) ;
#3838 = AXIS2_PLACEMENT_3D ( 'NONE', #2133, #7258, #2014 ) ;
#3839 = COLOUR_RGB ( '',0.1098039215686274495, 0.1098039215686274495, 0.1098039215686274495 ) ;
#3840 = CARTESIAN_POINT ( 'NONE',  ( -0.5899999999999999689, 1.422988845864112895, 1.549999999999999600 ) ) ;
#3841 = EDGE_CURVE ( 'NONE', #5290, #2120, #4724, .T. ) ;
#3842 = FILL_AREA_STYLE_COLOUR ( '', #476 ) ;
#3843 = UNCERTAINTY_MEASURE_WITH_UNIT (LENGTH_MEASURE( 1.000000000000000082E-05 ), #6384, 'distance_accuracy_value', 'NONE');
#3844 = CARTESIAN_POINT ( 'NONE',  ( 0.04780927318282383182, -1.293300563690160443, 1.549999999999999822 ) ) ;
#3845 = CARTESIAN_POINT ( 'NONE',  ( -0.5899999999999999689, -1.422988845864112895, 1.549999999999999600 ) ) ;
#3846 = CARTESIAN_POINT ( 'NONE',  ( -0.7399999999999998801, -1.300000000000695044, 1.308264122060941892 ) ) ;
#3847 = VERTEX_POINT ( 'NONE', #3581 ) ;
#3848 = VECTOR ( 'NONE', #2180, 1000.000000000000000 ) ;
#3849 = DIRECTION ( 'NONE',  ( -0.000000000000000000, 0.4999999999999967248, -0.8660254037844404840 ) ) ;
#3850 = CARTESIAN_POINT ( 'NONE',  ( -1.889999999999999902, 0.7669872981077828777, -2.050000000000001155 ) ) ;
#3851 = PLANE ( 'NONE',  #5710 ) ;
#3852 = COLOUR_RGB ( '',0.1098039215686274495, 0.1098039215686274495, 0.1098039215686274495 ) ;
#3853 = ADVANCED_FACE ( 'NONE', ( #5945 ), #3025, .F. ) ;
#3854 = UNCERTAINTY_MEASURE_WITH_UNIT (LENGTH_MEASURE( 1.000000000000000082E-05 ), #6291, 'distance_accuracy_value', 'NONE');
#3855 =( LENGTH_UNIT ( ) NAMED_UNIT ( * ) SI_UNIT ( .MILLI., .METRE. ) );
#3856 = PRESENTATION_LAYER_ASSIGNMENT (  '', '', ( #4946 ) ) ;
#3857 =( GEOMETRIC_REPRESENTATION_CONTEXT ( 3 ) GLOBAL_UNCERTAINTY_ASSIGNED_CONTEXT ( ( #3247 ) ) GLOBAL_UNIT_ASSIGNED_CONTEXT ( ( #4534, #62, #1748 ) ) REPRESENTATION_CONTEXT ( 'NONE', 'WORKASPACE' ) );
#3858 = EDGE_CURVE ( 'NONE', #1391, #3178, #4476, .T. ) ;
#3859 = ORIENTED_EDGE ( 'NONE', *, *, #5784, .T. ) ;
#3860 = CARTESIAN_POINT ( 'NONE',  ( -0.5899999999999999689, -1.422988845864112895, 1.549999999999999600 ) ) ;
#3861 = DIRECTION ( 'NONE',  ( 0.000000000000000000, -1.606225440719267353E-16, 1.000000000000000000 ) ) ;
#3862 = EDGE_CURVE ( 'NONE', #7321, #3440, #774, .T. ) ;
#3863 = COLOUR_RGB ( '',0.1098039215686274495, 0.1098039215686274495, 0.1098039215686274495 ) ;
#3864 =( GEOMETRIC_REPRESENTATION_CONTEXT ( 3 ) GLOBAL_UNCERTAINTY_ASSIGNED_CONTEXT ( ( #4992 ) ) GLOBAL_UNIT_ASSIGNED_CONTEXT ( ( #7530, #6938, #55 ) ) REPRESENTATION_CONTEXT ( 'NONE', 'WORKASPACE' ) );
#3865 = SURFACE_STYLE_USAGE ( .BOTH. , #7209 ) ;
#3866 = FILL_AREA_STYLE ('',( #4514 ) ) ;
#3867 =( NAMED_UNIT ( * ) SI_UNIT ( $, .STERADIAN. ) SOLID_ANGLE_UNIT ( ) );
#3868 = CARTESIAN_POINT ( 'NONE',  ( -1.334783617450285176, -1.725896506808219710, -0.08247212780510503050 ) ) ;
#3869 = CARTESIAN_POINT ( 'NONE',  ( -0.5899999999999999689, 2.000000000000000888, -1.450000000000000178 ) ) ;
#3870 = VERTEX_POINT ( 'NONE', #3948 ) ;
#3871 = SURFACE_STYLE_FILL_AREA ( #7227 ) ;
#3873 = ORIENTED_EDGE ( 'NONE', *, *, #5317, .T. ) ;
#3872 = STYLED_ITEM ( 'NONE', ( #867 ), #68 ) ;
#3874 =( NAMED_UNIT ( * ) SI_UNIT ( $, .STERADIAN. ) SOLID_ANGLE_UNIT ( ) );
#3875 = FILL_AREA_STYLE ('',( #1509 ) ) ;
#3876 = ORIENTED_EDGE ( 'NONE', *, *, #5043, .T. ) ;
#3877 = SURFACE_STYLE_USAGE ( .BOTH. , #7335 ) ;
#3878 = FACE_OUTER_BOUND ( 'NONE', #7496, .T. ) ;
#3879 = PLANE ( 'NONE',  #5092 ) ;
#3880 = CARTESIAN_POINT ( 'NONE',  ( -0.5899999999999999689, 2.099999999999999645, -1.450000000000000178 ) ) ;
#3881 = EDGE_CURVE ( 'NONE', #588, #3084, #6249, .T. ) ;
#3882 = EDGE_LOOP ( 'NONE', ( #3506, #1046, #1071, #112, #1695, #4509, #306, #7229 ) ) ;
#3883 = ORIENTED_EDGE ( 'NONE', *, *, #3332, .T. ) ;
#3884 =( LENGTH_UNIT ( ) NAMED_UNIT ( * ) SI_UNIT ( .MILLI., .METRE. ) );
#3885 = CARTESIAN_POINT ( 'NONE',  ( 0.05000000000000000278, -2.000000000000000444, 1.399999999999998135 ) ) ;
#3886 = CARTESIAN_POINT ( 'NONE',  ( 0.009026588350209831940, -1.348989382139275772, 1.549999999999999822 ) ) ;
#3887 = CARTESIAN_POINT ( 'NONE',  ( -1.939999999999999947, -1.070096189432336420, -1.575000000000001732 ) ) ;
#3888 = CARTESIAN_POINT ( 'NONE',  ( -0.7299026572499175414, -1.331506092926365348, 1.284940069218576619 ) ) ;
#3889 = ORIENTED_EDGE ( 'NONE', *, *, #6332, .F. ) ;
#3890 =( NAMED_UNIT ( * ) SI_UNIT ( $, .STERADIAN. ) SOLID_ANGLE_UNIT ( ) );
#3891 = CARTESIAN_POINT ( 'NONE',  ( 0.05000000000000000278, 0.6747223250267422312, 2.000000000000001332 ) ) ;
#3892 = AXIS2_PLACEMENT_3D ( 'NONE', #4616, #5307, #6378 ) ;
#3893 = STYLED_ITEM ( 'NONE', ( #2466 ), #447 ) ;
#3894 = SURFACE_SIDE_STYLE ('',( #5039 ) ) ;
#3895 = STYLED_ITEM ( 'NONE', ( #1329 ), #6615 ) ;
#3896 = SURFACE_STYLE_USAGE ( .BOTH. , #5617 ) ;
#3897 = LINE ( 'NONE', #369, #3642 ) ;
#3898 = EDGE_CURVE ( 'NONE', #335, #1099, #5485, .T. ) ;
#3899 = FILL_AREA_STYLE_COLOUR ( '', #1320 ) ;
#3900 = EDGE_LOOP ( 'NONE', ( #2922, #381, #6687, #5668, #4299, #5958, #1446, #2172, #696, #6984, #4079, #1455, #1986, #3594, #5006, #2062, #5950, #6492, #2572, #7532, #4345, #5544, #4201, #3911 ) ) ;
#3901 =( GEOMETRIC_REPRESENTATION_CONTEXT ( 3 ) GLOBAL_UNCERTAINTY_ASSIGNED_CONTEXT ( ( #1339 ) ) GLOBAL_UNIT_ASSIGNED_CONTEXT ( ( #6204, #2100, #1443 ) ) REPRESENTATION_CONTEXT ( 'NONE', 'WORKASPACE' ) );
#3902 = STYLED_ITEM ( 'NONE', ( #7375 ), #1608 ) ;
#3903 = FILL_AREA_STYLE_COLOUR ( '', #5052 ) ;
#3904 =( GEOMETRIC_REPRESENTATION_CONTEXT ( 3 ) GLOBAL_UNCERTAINTY_ASSIGNED_CONTEXT ( ( #3535 ) ) GLOBAL_UNIT_ASSIGNED_CONTEXT ( ( #6975, #529, #2891 ) ) REPRESENTATION_CONTEXT ( 'NONE', 'WORKASPACE' ) );
#3905 = CARTESIAN_POINT ( 'NONE',  ( -1.489999999999999991, 0.000000000000000000, 0.000000000000000000 ) ) ;
#3906 = CARTESIAN_POINT ( 'NONE',  ( 0.05000000000000000278, 2.000000000000000888, -1.399999999999998357 ) ) ;
#3907 =( NAMED_UNIT ( * ) PLANE_ANGLE_UNIT ( ) SI_UNIT ( $, .RADIAN. ) );
#3908 = EDGE_CURVE ( 'NONE', #5240, #5686, #4650, .T. ) ;
#3909 = DIRECTION ( 'NONE',  ( 0.000000000000000000, 0.000000000000000000, -1.000000000000000000 ) ) ;
#3910 = VECTOR ( 'NONE', #1659, 1000.000000000000000 ) ;
#3911 = ORIENTED_EDGE ( 'NONE', *, *, #1545, .T. ) ;
#3912 = ORIENTED_EDGE ( 'NONE', *, *, #1964, .T. ) ;
#3913 = COLOUR_RGB ( '',0.9686274509803921573, 0.8784313725490195957, 0.5999999999999999778 ) ;
#3914 = SURFACE_STYLE_FILL_AREA ( #1590 ) ;
#3915 = CARTESIAN_POINT ( 'NONE',  ( -1.889999999999999902, -1.600000000000000311, 1.549999999999998268 ) ) ;
#3916 = ORIENTED_EDGE ( 'NONE', *, *, #3140, .F. ) ;
#3917 =( NAMED_UNIT ( * ) SI_UNIT ( $, .STERADIAN. ) SOLID_ANGLE_UNIT ( ) );
#3918 = ADVANCED_FACE ( 'NONE', ( #2016 ), #5761, .T. ) ;
#3919 = ORIENTED_EDGE ( 'NONE', *, *, #3350, .T. ) ;
#3920 = ORIENTED_EDGE ( 'NONE', *, *, #3951, .F. ) ;
#3921 = B_SPLINE_CURVE_WITH_KNOTS ( 'NONE', 3,
 ( #4302, #754, #6614, #3090 ),
 .UNSPECIFIED., .F., .F.,
 ( 4, 4 ),
 ( 0.000000000000000000, 0.0002260000371904969838 ),
 .UNSPECIFIED. ) ;
#3922 = EDGE_CURVE ( 'NONE', #6356, #3365, #420, .T. ) ;
#3923 = FACE_OUTER_BOUND ( 'NONE', #1417, .T. ) ;
#3924 = UNCERTAINTY_MEASURE_WITH_UNIT (LENGTH_MEASURE( 1.000000000000000082E-05 ), #1068, 'distance_accuracy_value', 'NONE');
#3925 = CARTESIAN_POINT ( 'NONE',  ( -0.05379829256049055430, -1.299999999999802869, 1.549999999999999822 ) ) ;
#3926 = PRESENTATION_LAYER_ASSIGNMENT (  '', '', ( #6187 ) ) ;
#3927 = FILL_AREA_STYLE_COLOUR ( '', #5606 ) ;
#3928 = EDGE_CURVE ( 'NONE', #5752, #3713, #1264, .T. ) ;
#3929 = VERTEX_POINT ( 'NONE', #7010 ) ;
#3930 = AXIS2_PLACEMENT_3D ( 'NONE', #6219, #4997, #1007 ) ;
#3931 = CARTESIAN_POINT ( 'NONE',  ( -1.489999999999999991, 1.800000000000000266, -0.5323422472791545790 ) ) ;
#3932 = SURFACE_SIDE_STYLE ('',( #1083 ) ) ;
#3933 = VERTEX_POINT ( 'NONE', #4023 ) ;
#3934 = FACE_OUTER_BOUND ( 'NONE', #7098, .T. ) ;
#3935 = LINE ( 'NONE', #4366, #2919 ) ;
#3936 = MECHANICAL_DESIGN_GEOMETRIC_PRESENTATION_REPRESENTATION (  '', ( #3335 ), #1990 ) ;
#3937 = UNCERTAINTY_MEASURE_WITH_UNIT (LENGTH_MEASURE( 1.000000000000000082E-05 ), #2517, 'distance_accuracy_value', 'NONE');
#3938 = PRESENTATION_STYLE_ASSIGNMENT (( #2190 ) ) ;
#3939 = CARTESIAN_POINT ( 'NONE',  ( 0.000000000000000000, 2.000000000000000444, 1.549999999999999600 ) ) ;
#3940 = DIRECTION ( 'NONE',  ( 0.000000000000000000, -0.5000000000000001110, -0.8660254037844384856 ) ) ;
#3941 = ORIENTED_EDGE ( 'NONE', *, *, #452, .F. ) ;
#3942 = FILL_AREA_STYLE_COLOUR ( '', #6632 ) ;
#3943 = CARTESIAN_POINT ( 'NONE',  ( 0.000000000000000000, -1.250267669207383969, 1.571874396366713666 ) ) ;
#3944 = VECTOR ( 'NONE', #635, 1000.000000000000000 ) ;
#3945 = EDGE_CURVE ( 'NONE', #6472, #4452, #2984, .T. ) ;
#3946 = LINE ( 'NONE', #7438, #7447 ) ;
#3947 = CARTESIAN_POINT ( 'NONE',  ( 0.04402504918850318194, 1.320112644627465359, 1.549999999999999822 ) ) ;
#3948 = CARTESIAN_POINT ( 'NONE',  ( -1.939999999999999947, 1.070096189432336198, 1.575000000000001288 ) ) ;
#3949 = PRODUCT_RELATED_PRODUCT_CATEGORY ( 'part', '', ( #941 ) ) ;
#3950 = CARTESIAN_POINT ( 'NONE',  ( -0.5899999999999999689, 1.113397459621556340, -1.600000000000000533 ) ) ;
#3951 = EDGE_CURVE ( 'NONE', #4581, #6031, #7043, .T. ) ;
#3952 = LINE ( 'NONE', #499, #7277 ) ;
#3953 = ORIENTED_EDGE ( 'NONE', *, *, #1000, .T. ) ;
#3954 = DIRECTION ( 'NONE',  ( 0.000000000000000000, 0.000000000000000000, 1.000000000000000000 ) ) ;
#3955 = COLOUR_RGB ( '',0.1098039215686274495, 0.1098039215686274495, 0.1098039215686274495 ) ;
#3956 = ORIENTED_EDGE ( 'NONE', *, *, #6242, .F. ) ;
#3957 = CARTESIAN_POINT ( 'NONE',  ( 0.000000000000000000, 1.199999999999999734, 1.549999999999999822 ) ) ;
#3958 = SURFACE_STYLE_USAGE ( .BOTH. , #605 ) ;
#3959 = FILL_AREA_STYLE ('',( #2214 ) ) ;
#3960 = ORIENTED_EDGE ( 'NONE', *, *, #5371, .F. ) ;
#3961 = CARTESIAN_POINT ( 'NONE',  ( -0.6330644189661075449, -1.113397459621555674, 1.599999999999999867 ) ) ;
#3962 = ORIENTED_EDGE ( 'NONE', *, *, #5628, .T. ) ;
#3963 = DIRECTION ( 'NONE',  ( 3.130447282762201501E-15, -0.06268536002183613953, -0.9980333389416072842 ) ) ;
#3964 = DIRECTION ( 'NONE',  ( 0.000000000000000000, -1.000000000000000000, 0.000000000000000000 ) ) ;
#3965 = EDGE_CURVE ( 'NONE', #1308, #2382, #2390, .T. ) ;
#3966 = LINE ( 'NONE', #4685, #619 ) ;
#3967 = ORIENTED_EDGE ( 'NONE', *, *, #1955, .F. ) ;
#3968 = DIRECTION ( 'NONE',  ( 0.000000000000000000, 0.000000000000000000, 1.000000000000000000 ) ) ;
#3969 = CARTESIAN_POINT ( 'NONE',  ( -1.889999999999999902, -1.070096189432333755, 1.574999999999999956 ) ) ;
#3970 = ORIENTED_EDGE ( 'NONE', *, *, #56, .F. ) ;
#3971 = CARTESIAN_POINT ( 'NONE',  ( -1.889999999999999902, 0.7669872981077823226, 2.050000000000000266 ) ) ;
#3972 = CARTESIAN_POINT ( 'NONE',  ( -0.6330644189661067678, 1.113397459621556340, -1.600000000000000533 ) ) ;
#3973 = DIRECTION ( 'NONE',  ( -1.000000000000000000, -0.000000000000000000, -0.000000000000000000 ) ) ;
#3974 =( GEOMETRIC_REPRESENTATION_CONTEXT ( 3 ) GLOBAL_UNCERTAINTY_ASSIGNED_CONTEXT ( ( #1950 ) ) GLOBAL_UNIT_ASSIGNED_CONTEXT ( ( #1678, #4543, #6295 ) ) REPRESENTATION_CONTEXT ( 'NONE', 'WORKASPACE' ) );
#3975 = FILL_AREA_STYLE ('',( #3899 ) ) ;
#3976 = EDGE_LOOP ( 'NONE', ( #5994, #905, #5919, #5267 ) ) ;
#3977 = CARTESIAN_POINT ( 'NONE',  ( -1.939999999999999947, -0.7669872981077823226, 2.000000000000000000 ) ) ;
#3978 = EDGE_CURVE ( 'NONE', #6164, #4492, #122, .T. ) ;
#3979 = CARTESIAN_POINT ( 'NONE',  ( -0.1699999999999999567, -1.300000000000000044, 1.640047317545275884 ) ) ;
#3980 =( GEOMETRIC_REPRESENTATION_CONTEXT ( 3 ) GLOBAL_UNCERTAINTY_ASSIGNED_CONTEXT ( ( #7372 ) ) GLOBAL_UNIT_ASSIGNED_CONTEXT ( ( #1387, #814, #5464 ) ) REPRESENTATION_CONTEXT ( 'NONE', 'WORKASPACE' ) );
#3981 = DIRECTION ( 'NONE',  ( 0.000000000000000000, 0.000000000000000000, 1.000000000000000000 ) ) ;
#3982 = STYLED_ITEM ( 'NONE', ( #2327 ), #4438 ) ;
#3983 = CARTESIAN_POINT ( 'NONE',  ( -0.6387576270752459706, -1.133618113097445868, -1.574598207879080558 ) ) ;
#3984 = PRESENTATION_STYLE_ASSIGNMENT (( #1096 ) ) ;
#3985 =( LENGTH_UNIT ( ) NAMED_UNIT ( * ) SI_UNIT ( .MILLI., .METRE. ) );
#3986 = AXIS2_PLACEMENT_3D ( 'NONE', #493, #6231, #7487 ) ;
#3987 = AXIS2_PLACEMENT_3D ( 'NONE', #3220, #4955, #3787 ) ;
#3988 = EDGE_LOOP ( 'NONE', ( #2856, #2556, #5593, #4289 ) ) ;
#3989 = VECTOR ( 'NONE', #2993, 1000.000000000000000 ) ;
#3990 = CARTESIAN_POINT ( 'NONE',  ( -1.489999999999999991, -1.800000000000000266, 0.09048937164038028946 ) ) ;
#3991 = ORIENTED_EDGE ( 'NONE', *, *, #5628, .F. ) ;
#3992 = UNCERTAINTY_MEASURE_WITH_UNIT (LENGTH_MEASURE( 1.000000000000000082E-05 ), #1305, 'distance_accuracy_value', 'NONE');
#3993 = MECHANICAL_DESIGN_GEOMETRIC_PRESENTATION_REPRESENTATION (  '', ( #7303 ), #710 ) ;
#3994 = DIRECTION ( 'NONE',  ( 0.000000000000000000, 0.000000000000000000, -1.000000000000000000 ) ) ;
#3995 = EDGE_LOOP ( 'NONE', ( #1028, #1188, #1174, #3742 ) ) ;
#3996 =( NAMED_UNIT ( * ) PLANE_ANGLE_UNIT ( ) SI_UNIT ( $, .RADIAN. ) );
#3997 = ORIENTED_EDGE ( 'NONE', *, *, #228, .F. ) ;
#3998 = VECTOR ( 'NONE', #3107, 1000.000000000000000 ) ;
#3999 = AXIS2_PLACEMENT_3D ( 'NONE', #4734, #4051, #3448 ) ;
#4000 = CARTESIAN_POINT ( 'NONE',  ( 0.05000000000000000278, -1.849999999999999645, 1.549999999999999156 ) ) ;
#4001 = PRESENTATION_LAYER_ASSIGNMENT (  '', '', ( #2058 ) ) ;
#4002 = CARTESIAN_POINT ( 'NONE',  ( 0.000000000000000000, -1.050000000000000044, -1.549999999999999822 ) ) ;
#4003 = AXIS2_PLACEMENT_3D ( 'NONE', #5854, #2426, #3006 ) ;
#4004 = CARTESIAN_POINT ( 'NONE',  ( 0.000000000000000000, 1.849999999999999645, 1.549999999999999156 ) ) ;
#4005 = VERTEX_POINT ( 'NONE', #5283 ) ;
#4006 = PLANE ( 'NONE',  #3806 ) ;
#4007 = PRESENTATION_LAYER_ASSIGNMENT (  '', '', ( #2445 ) ) ;
#4008 = DIRECTION ( 'NONE',  ( 0.000000000000000000, -1.000000000000000000, 0.000000000000000000 ) ) ;
#4009 =( NAMED_UNIT ( * ) PLANE_ANGLE_UNIT ( ) SI_UNIT ( $, .RADIAN. ) );
#4010 = SURFACE_STYLE_FILL_AREA ( #1158 ) ;
#4011 = CARTESIAN_POINT ( 'NONE',  ( -0.5946029764655762495, 1.850364436609222230, 0.04000047259244851605 ) ) ;
#4012 = DIRECTION ( 'NONE',  ( -1.000000000000000000, -0.000000000000000000, -0.000000000000000000 ) ) ;
#4013 = DIRECTION ( 'NONE',  ( 0.000000000000000000, 0.000000000000000000, -1.000000000000000000 ) ) ;
#4014 = ORIENTED_EDGE ( 'NONE', *, *, #1713, .F. ) ;
#4015 = EDGE_CURVE ( 'NONE', #1287, #6514, #539, .T. ) ;
#4016 = CARTESIAN_POINT ( 'NONE',  ( 0.000000000000000000, -1.300000000000000044, 1.659689717982965051 ) ) ;
#4017 = AXIS2_PLACEMENT_3D ( 'NONE', #2581, #4732, #6553 ) ;
#4018 = SURFACE_SIDE_STYLE ('',( #6970 ) ) ;
#4019 = DIRECTION ( 'NONE',  ( -1.000000000000000000, 0.000000000000000000, 0.000000000000000000 ) ) ;
#4020 = EDGE_CURVE ( 'NONE', #5399, #5195, #7081, .T. ) ;
#4021 = CARTESIAN_POINT ( 'NONE',  ( 0.01191153921184504721, 1.251768509326196543, 1.549999999999999822 ) ) ;
#4022 = EDGE_CURVE ( 'NONE', #2226, #3508, #3567, .T. ) ;
#4023 = CARTESIAN_POINT ( 'NONE',  ( -0.5899999999999999689, 2.000000000000000888, -1.550000000000000044 ) ) ;
#4024 = PRESENTATION_LAYER_ASSIGNMENT (  '', '', ( #5857 ) ) ;
#4025 = STYLED_ITEM ( 'NONE', ( #5284 ), #708 ) ;
#4026 =( NAMED_UNIT ( * ) SI_UNIT ( $, .STERADIAN. ) SOLID_ANGLE_UNIT ( ) );
#4027 = AXIS2_PLACEMENT_3D ( 'NONE', #1296, #3621, #3132 ) ;
#4028 = SURFACE_STYLE_USAGE ( .BOTH. , #5211 ) ;
#4029 = FILL_AREA_STYLE_COLOUR ( '', #4184 ) ;
#4030 = ORIENTED_EDGE ( 'NONE', *, *, #1944, .F. ) ;
#4031 = AXIS2_PLACEMENT_3D ( 'NONE', #348, #6101, #6018 ) ;
#4032 =( LENGTH_UNIT ( ) NAMED_UNIT ( * ) SI_UNIT ( .MILLI., .METRE. ) );
#4033 =( LENGTH_UNIT ( ) NAMED_UNIT ( * ) SI_UNIT ( .MILLI., .METRE. ) );
#4034 = FACE_OUTER_BOUND ( 'NONE', #2876, .T. ) ;
#4035 = VERTEX_POINT ( 'NONE', #6454 ) ;
#4036 = AXIS2_PLACEMENT_3D ( 'NONE', #4973, #240, #6616 ) ;
#4037 = ORIENTED_EDGE ( 'NONE', *, *, #474, .T. ) ;
#4038 = PRESENTATION_LAYER_ASSIGNMENT (  '', '', ( #1364 ) ) ;
#4039 =( NAMED_UNIT ( * ) PLANE_ANGLE_UNIT ( ) SI_UNIT ( $, .RADIAN. ) );
#4040 = CARTESIAN_POINT ( 'NONE',  ( -0.5899999999999999689, -2.000000000000000444, 1.449999999999999734 ) ) ;
#4041 = SURFACE_STYLE_USAGE ( .BOTH. , #2994 ) ;
#4042 =( LENGTH_UNIT ( ) NAMED_UNIT ( * ) SI_UNIT ( .MILLI., .METRE. ) );
#4043 = ORIENTED_EDGE ( 'NONE', *, *, #5450, .F. ) ;
#4044 = ORIENTED_EDGE ( 'NONE', *, *, #3471, .F. ) ;
#4045 =( NAMED_UNIT ( * ) PLANE_ANGLE_UNIT ( ) SI_UNIT ( $, .RADIAN. ) );
#4046 = CARTESIAN_POINT ( 'NONE',  ( -0.5899999999999999689, -2.099999999999999645, -1.450000000000000178 ) ) ;
#4047 = CARTESIAN_POINT ( 'NONE',  ( -0.05349222079912991507, -1.293730898142121832, 1.549999999999999822 ) ) ;
#4048 = FILL_AREA_STYLE_COLOUR ( '', #4730 ) ;
#4049 = SURFACE_STYLE_USAGE ( .BOTH. , #1124 ) ;
#4050 = STYLED_ITEM ( 'NONE', ( #436 ), #3500 ) ;
#4051 = DIRECTION ( 'NONE',  ( 0.000000000000000000, -2.710505431213758620E-16, -1.000000000000000000 ) ) ;
#4052 = PRESENTATION_LAYER_ASSIGNMENT (  '', '', ( #6246 ) ) ;
#4053 = ORIENTED_EDGE ( 'NONE', *, *, #4803, .F. ) ;
#4054 = FILL_AREA_STYLE_COLOUR ( '', #5339 ) ;
#4055 = ORIENTED_EDGE ( 'NONE', *, *, #687, .T. ) ;
#4056 = CARTESIAN_POINT ( 'NONE',  ( -0.8406803038083915380, 0.000000000000000000, 0.000000000000000000 ) ) ;
#4057 = SURFACE_STYLE_USAGE ( .BOTH. , #3 ) ;
#4058 = VECTOR ( 'NONE', #132, 1000.000000000000000 ) ;
#4059 =( NAMED_UNIT ( * ) PLANE_ANGLE_UNIT ( ) SI_UNIT ( $, .RADIAN. ) );
#4060 = DIRECTION ( 'NONE',  ( 1.000000000000000000, 0.000000000000000000, 0.000000000000000000 ) ) ;
#4061 = FILL_AREA_STYLE ('',( #3012 ) ) ;
#4062 = EDGE_CURVE ( 'NONE', #4923, #5163, #5169, .T. ) ;
#4063 =( GEOMETRIC_REPRESENTATION_CONTEXT ( 3 ) GLOBAL_UNCERTAINTY_ASSIGNED_CONTEXT ( ( #6671 ) ) GLOBAL_UNIT_ASSIGNED_CONTEXT ( ( #986, #1549, #5711 ) ) REPRESENTATION_CONTEXT ( 'NONE', 'WORKASPACE' ) );
#4064 = CARTESIAN_POINT ( 'NONE',  ( -0.6267694360889208838, 1.200000000000000178, -1.550000000000000266 ) ) ;
#4065 = PRESENTATION_STYLE_ASSIGNMENT (( #4028 ) ) ;
#4066 = CARTESIAN_POINT ( 'NONE',  ( -1.939999999999999947, 1.599999999999999867, -1.499999999999999112 ) ) ;
#4067 = ORIENTED_EDGE ( 'NONE', *, *, #2790, .F. ) ;
#4068 =( NAMED_UNIT ( * ) PLANE_ANGLE_UNIT ( ) SI_UNIT ( $, .RADIAN. ) );
#4069 = UNCERTAINTY_MEASURE_WITH_UNIT (LENGTH_MEASURE( 1.000000000000000082E-05 ), #4171, 'distance_accuracy_value', 'NONE');
#4070 = DIRECTION ( 'NONE',  ( 0.000000000000000000, 1.000000000000000000, -2.710505431213758620E-16 ) ) ;
#4071 = ORIENTED_EDGE ( 'NONE', *, *, #3136, .F. ) ;
#4072 = CARTESIAN_POINT ( 'NONE',  ( -1.939999999999999947, -0.7669872981077823226, 2.049999999999999378 ) ) ;
#4073 = SURFACE_SIDE_STYLE ('',( #2792 ) ) ;
#4074 = AXIS2_PLACEMENT_3D ( 'NONE', #631, #6968, #42 ) ;
#4075 = DIRECTION ( 'NONE',  ( 1.000000000000000000, 0.000000000000000000, 0.000000000000000000 ) ) ;
#4076 = DIRECTION ( 'NONE',  ( 1.000000000000000000, -0.000000000000000000, -0.000000000000000000 ) ) ;
#4077 = CARTESIAN_POINT ( 'NONE',  ( -0.002077597451543208677, 1.350038687469197418, 1.549999999999999822 ) ) ;
#4078 = ORIENTED_EDGE ( 'NONE', *, *, #1221, .T. ) ;
#4079 = ORIENTED_EDGE ( 'NONE', *, *, #6907, .T. ) ;
#4080 = FACE_OUTER_BOUND ( 'NONE', #3900, .T. ) ;
#4081 = ADVANCED_FACE ( 'NONE', ( #1246 ), #1281, .T. ) ;
#4082 = PRESENTATION_STYLE_ASSIGNMENT (( #7028 ) ) ;
#4083 = SURFACE_STYLE_FILL_AREA ( #554 ) ;
#4084 = CARTESIAN_POINT ( 'NONE',  ( -0.6308969225661746894, -1.187183323765748977, 1.550612518109334204 ) ) ;
#4085 = DIRECTION ( 'NONE',  ( 1.000000000000000000, 0.000000000000000000, 0.000000000000000000 ) ) ;
#4086 = ORIENTED_EDGE ( 'NONE', *, *, #768, .T. ) ;
#4087 = PRESENTATION_STYLE_ASSIGNMENT (( #7110 ) ) ;
#4088 = VERTEX_POINT ( 'NONE', #5818 ) ;
#4089 = SURFACE_STYLE_USAGE ( .BOTH. , #1202 ) ;
#4090 = CARTESIAN_POINT ( 'NONE',  ( 0.000000000000000000, -1.259612970432937962, 1.625982617151070064 ) ) ;
#4091 = EDGE_CURVE ( 'NONE', #4647, #3929, #5203, .T. ) ;
#4092 = PRESENTATION_STYLE_ASSIGNMENT (( #2348 ) ) ;
#4093 = CARTESIAN_POINT ( 'NONE',  ( -0.5899999999999999689, -1.199999999999999734, 1.649999999999999467 ) ) ;
#4094 = VECTOR ( 'NONE', #1480, 1000.000000000000000 ) ;
#4095 = AXIS2_PLACEMENT_3D ( 'NONE', #6643, #3155, #6604 ) ;
#4096 = DIRECTION ( 'NONE',  ( -0.000000000000000000, -1.606225440719267353E-16, -1.000000000000000000 ) ) ;
#4097 = SURFACE_STYLE_FILL_AREA ( #4707 ) ;
#4098 =( NAMED_UNIT ( * ) PLANE_ANGLE_UNIT ( ) SI_UNIT ( $, .RADIAN. ) );
#4099 = EDGE_CURVE ( 'NONE', #4035, #1276, #5295, .T. ) ;
#4100 =( NAMED_UNIT ( * ) PLANE_ANGLE_UNIT ( ) SI_UNIT ( $, .RADIAN. ) );
#4101 = MECHANICAL_DESIGN_GEOMETRIC_PRESENTATION_REPRESENTATION (  '', ( #7412 ), #2407 ) ;
#4102 = COLOUR_RGB ( '',0.9686274509803921573, 0.8784313725490195957, 0.5999999999999999778 ) ;
#4103 = DIRECTION ( 'NONE',  ( 1.000000000000000000, -0.000000000000000000, -0.000000000000000000 ) ) ;
#4104 = DIRECTION ( 'NONE',  ( -1.000000000000000000, 0.000000000000000000, 1.807003620809174632E-16 ) ) ;
#4105 = ORIENTED_EDGE ( 'NONE', *, *, #6093, .F. ) ;
#4106 = CARTESIAN_POINT ( 'NONE',  ( -0.05379829255532259102, 1.299999999999825961, 1.549999999999999822 ) ) ;
#4107 = SURFACE_STYLE_FILL_AREA ( #1821 ) ;
#4108 = STYLED_ITEM ( 'NONE', ( #3222 ), #6041 ) ;
#4109 = VECTOR ( 'NONE', #739, 1000.000000000000000 ) ;
#4110 = DIRECTION ( 'NONE',  ( 0.000000000000000000, -1.000000000000000000, -2.710505431213758620E-16 ) ) ;
#4111 =( GEOMETRIC_REPRESENTATION_CONTEXT ( 3 ) GLOBAL_UNCERTAINTY_ASSIGNED_CONTEXT ( ( #6510 ) ) GLOBAL_UNIT_ASSIGNED_CONTEXT ( ( #6540, #5372, #6019 ) ) REPRESENTATION_CONTEXT ( 'NONE', 'WORKASPACE' ) );
#4112 = FILL_AREA_STYLE_COLOUR ( '', #1381 ) ;
#4113 = EDGE_CURVE ( 'NONE', #5015, #2427, #3488, .T. ) ;
#4114 = FACE_OUTER_BOUND ( 'NONE', #6942, .T. ) ;
#4115 = ORIENTED_EDGE ( 'NONE', *, *, #3698, .F. ) ;
#4116 = PRESENTATION_LAYER_ASSIGNMENT (  '', '', ( #6535 ) ) ;
#4117 = ORIENTED_EDGE ( 'NONE', *, *, #5219, .F. ) ;
#4118 = DIRECTION ( 'NONE',  ( 0.000000000000000000, 0.8660254037844387076, -0.4999999999999999445 ) ) ;
#4119 = FACE_OUTER_BOUND ( 'NONE', #4327, .T. ) ;
#4120 = MECHANICAL_DESIGN_GEOMETRIC_PRESENTATION_REPRESENTATION (  '', ( #4485 ), #5465 ) ;
#4121 = DIRECTION ( 'NONE',  ( 0.000000000000000000, 0.000000000000000000, -1.000000000000000000 ) ) ;
#4122 = CARTESIAN_POINT ( 'NONE',  ( -0.8406802948057944258, 1.809439435930386253, -0.03731443850164279513 ) ) ;
#4123 = SURFACE_STYLE_FILL_AREA ( #2881 ) ;
#4124 = DIRECTION ( 'NONE',  ( 0.000000000000000000, 0.000000000000000000, -1.000000000000000000 ) ) ;
#4125 = EDGE_LOOP ( 'NONE', ( #281, #4362, #5196, #809, #6122, #1066 ) ) ;
#4126 = DIRECTION ( 'NONE',  ( 1.000000000000000000, -0.000000000000000000, -0.000000000000000000 ) ) ;
#4127 = AXIS2_PLACEMENT_3D ( 'NONE', #5652, #925, #5085 ) ;
#4128 = ORIENTED_EDGE ( 'NONE', *, *, #5216, .T. ) ;
#4129 = VECTOR ( 'NONE', #728, 1000.000000000000000 ) ;
#4130 = CARTESIAN_POINT ( 'NONE',  ( -0.6841331447361945761, 1.350717125808730490, 1.315584531980444893 ) ) ;
#4131 = CARTESIAN_POINT ( 'NONE',  ( -1.463396127544763781, 1.653475953778845264, 0.4190605795536198053 ) ) ;
#4132 = EDGE_CURVE ( 'NONE', #5794, #178, #5526, .T. ) ;
#4133 = CARTESIAN_POINT ( 'NONE',  ( 0.000000000000000000, -1.050000000000000044, 1.549999999999999822 ) ) ;
#4134 = PRESENTATION_LAYER_ASSIGNMENT (  '', '', ( #142 ) ) ;
#4135 = CARTESIAN_POINT ( 'NONE',  ( 0.05000000000000000278, -1.849999999999999645, 1.549999999999999156 ) ) ;
#4136 = AXIS2_PLACEMENT_3D ( 'NONE', #2047, #2887, #1129 ) ;
#4137 = SURFACE_STYLE_USAGE ( .BOTH. , #3604 ) ;
#4138 = VERTEX_POINT ( 'NONE', #4207 ) ;
#4139 = CARTESIAN_POINT ( 'NONE',  ( -0.5899999999999999689, 2.099999999999999645, 1.449999999999999734 ) ) ;
#4140 = LINE ( 'NONE', #1252, #6539 ) ;
#4141 = DIRECTION ( 'NONE',  ( 0.000000000000000000, -1.000000000000000000, 0.000000000000000000 ) ) ;
#4142 = UNCERTAINTY_MEASURE_WITH_UNIT (LENGTH_MEASURE( 1.000000000000000082E-05 ), #238, 'distance_accuracy_value', 'NONE');
#4143 = PLANE ( 'NONE',  #3432 ) ;
#4144 = PRESENTATION_LAYER_ASSIGNMENT (  '', '', ( #271 ) ) ;
#4145 =( LENGTH_UNIT ( ) NAMED_UNIT ( * ) SI_UNIT ( .MILLI., .METRE. ) );
#4146 =( GEOMETRIC_REPRESENTATION_CONTEXT ( 3 ) GLOBAL_UNCERTAINTY_ASSIGNED_CONTEXT ( ( #3556 ) ) GLOBAL_UNIT_ASSIGNED_CONTEXT ( ( #6739, #909, #3917 ) ) REPRESENTATION_CONTEXT ( 'NONE', 'WORKASPACE' ) );
#4147 = CARTESIAN_POINT ( 'NONE',  ( -1.889999999999999902, -0.8535898384862276034, -2.050000000000000266 ) ) ;
#4148 = MECHANICAL_DESIGN_GEOMETRIC_PRESENTATION_REPRESENTATION (  '', ( #5365 ), #869 ) ;
#4149 = STYLED_ITEM ( 'NONE', ( #948 ), #6794 ) ;
#4150 = CARTESIAN_POINT ( 'NONE',  ( -9.659257778674560150E-15, -1.250068615027514429, 1.549999999999999822 ) ) ;
#4151 = CARTESIAN_POINT ( 'NONE',  ( 0.000000000000000000, -0.7669872981077828777, -2.100000000000000977 ) ) ;
#4152 = CARTESIAN_POINT ( 'NONE',  ( -1.939999999999999947, 1.599999999999999867, -1.499999999999999112 ) ) ;
#4153 = COLOUR_RGB ( '',0.6666666666666666297, 0.6980392156862744724, 0.7686274509803920907 ) ;
#4154 = DIRECTION ( 'NONE',  ( 1.000000000000000000, -0.000000000000000000, -0.000000000000000000 ) ) ;
#4155 = STYLED_ITEM ( 'NONE', ( #5743 ), #7164 ) ;
#4156 = CARTESIAN_POINT ( 'NONE',  ( -0.006240850806771754480, 1.349875651900564355, 1.549999999999999822 ) ) ;
#4157 = ORIENTED_EDGE ( 'NONE', *, *, #2349, .F. ) ;
#4158 = ORIENTED_EDGE ( 'NONE', *, *, #3721, .T. ) ;
#4159 = EDGE_CURVE ( 'NONE', #4801, #1189, #5032, .T. ) ;
#4160 = DIRECTION ( 'NONE',  ( 1.000000000000000000, 0.000000000000000000, 0.000000000000000000 ) ) ;
#4161 = UNCERTAINTY_MEASURE_WITH_UNIT (LENGTH_MEASURE( 1.000000000000000082E-05 ), #64, 'distance_accuracy_value', 'NONE');
#4162 = FACE_OUTER_BOUND ( 'NONE', #6413, .T. ) ;
#4163 = CARTESIAN_POINT ( 'NONE',  ( -0.6330644189661075449, -1.113397459621555674, 1.599999999999999867 ) ) ;
#4164 = FACE_OUTER_BOUND ( 'NONE', #7534, .T. ) ;
#4165 = ADVANCED_FACE ( 'NONE', ( #3601 ), #2476, .T. ) ;
#4166 = ORIENTED_EDGE ( 'NONE', *, *, #1019, .T. ) ;
#4167 =( LENGTH_UNIT ( ) NAMED_UNIT ( * ) SI_UNIT ( .MILLI., .METRE. ) );
#4168 = ORIENTED_EDGE ( 'NONE', *, *, #6271, .F. ) ;
#4169 = CARTESIAN_POINT ( 'NONE',  ( -0.7298296645879036593, 1.331613010697243915, 1.284894591681074560 ) ) ;
#4170 = CARTESIAN_POINT ( 'NONE',  ( -1.489999999999999991, 1.800000000000000266, -0.1799033327499824919 ) ) ;
#4171 =( LENGTH_UNIT ( ) NAMED_UNIT ( * ) SI_UNIT ( .MILLI., .METRE. ) );
#4172 = FILL_AREA_STYLE ('',( #3718 ) ) ;
#4173 = PRESENTATION_STYLE_ASSIGNMENT (( #6455 ) ) ;
#4174 = LINE ( 'NONE', #195, #1772 ) ;
#4175 = STYLED_ITEM ( 'NONE', ( #3524 ), #4081 ) ;
#4176 = AXIS2_PLACEMENT_3D ( 'NONE', #5036, #5688, #3968 ) ;
#4177 = DIRECTION ( 'NONE',  ( -0.000000000000000000, 1.000000000000000000, -2.710505431213758620E-16 ) ) ;
#4178 = DIRECTION ( 'NONE',  ( 1.000000000000000000, 0.000000000000000000, 0.000000000000000000 ) ) ;
#4179 = VERTEX_POINT ( 'NONE', #2208 ) ;
#4180 = SURFACE_STYLE_FILL_AREA ( #3019 ) ;
#4181 = CARTESIAN_POINT ( 'NONE',  ( -1.889999999999999902, 1.200000000000000178, -1.499999999999998668 ) ) ;
#4182 = STYLED_ITEM ( 'NONE', ( #1270 ), #4303 ) ;
#4183 = CARTESIAN_POINT ( 'NONE',  ( -1.939999999999999947, 1.750000000000000444, -1.349999999999999201 ) ) ;
#4184 = COLOUR_RGB ( '',0.1098039215686274495, 0.1098039215686274495, 0.1098039215686274495 ) ;
#4185 = DIRECTION ( 'NONE',  ( 1.000000000000000000, -0.000000000000000000, -0.000000000000000000 ) ) ;
#4186 = CARTESIAN_POINT ( 'NONE',  ( -0.04675971359920708809, -1.274777491361364978, 1.549999999999999822 ) ) ;
#4187 = DIRECTION ( 'NONE',  ( 0.000000000000000000, 0.000000000000000000, -1.000000000000000000 ) ) ;
#4188 = FILL_AREA_STYLE ('',( #5297 ) ) ;
#4189 = SURFACE_STYLE_FILL_AREA ( #135 ) ;
#4190 = ADVANCED_FACE ( 'NONE', ( #5592 ), #6893, .T. ) ;
#4191 = CARTESIAN_POINT ( 'NONE',  ( -1.340000000000000080, 1.656158728900766652, 0.4898018108855670127 ) ) ;
#4192 = CYLINDRICAL_SURFACE ( 'NONE', #3417, 0.1499999999999999667 ) ;
#4193 = ORIENTED_EDGE ( 'NONE', *, *, #2406, .F. ) ;
#4194 = VERTEX_POINT ( 'NONE', #425 ) ;
#4195 = PRESENTATION_LAYER_ASSIGNMENT (  '', '', ( #1757 ) ) ;
#4196 = DIRECTION ( 'NONE',  ( 1.000000000000000000, -0.000000000000000000, -0.000000000000000000 ) ) ;
#4197 = ADVANCED_FACE ( 'NONE', ( #5058 ), #5635, .F. ) ;
#4198 = CARTESIAN_POINT ( 'NONE',  ( -1.889999999999999902, -0.7669872981077828777, -2.100000000000000977 ) ) ;
#4199 = ORIENTED_EDGE ( 'NONE', *, *, #6199, .T. ) ;
#4200 = CARTESIAN_POINT ( 'NONE',  ( -0.6841197381993698867, -1.350710968949182078, 1.315611386784521164 ) ) ;
#4201 = ORIENTED_EDGE ( 'NONE', *, *, #1807, .T. ) ;
#4202 = CARTESIAN_POINT ( 'NONE',  ( -0.6570779192424628379, 1.338809323297635467, 1.369090504663064367 ) ) ;
#4203 = FILL_AREA_STYLE_COLOUR ( '', #939 ) ;
#4204 = SURFACE_STYLE_FILL_AREA ( #6563 ) ;
#4205 = VECTOR ( 'NONE', #5168, 1000.000000000000000 ) ;
#4206 = CYLINDRICAL_SURFACE ( 'NONE', #2561, 0.09999999999999982514 ) ;
#4207 = CARTESIAN_POINT ( 'NONE',  ( -1.340000000000000080, -1.656158728900766652, -0.4898018108855677899 ) ) ;
#4208 = CARTESIAN_POINT ( 'NONE',  ( -0.5900000000000000799, 0.1318986559964683836, 2.100000000000000977 ) ) ;
#4209 = EDGE_CURVE ( 'NONE', #7249, #3560, #1027, .T. ) ;
#4210 = EDGE_CURVE ( 'NONE', #4923, #3421, #6355, .T. ) ;
#4211 =( GEOMETRIC_REPRESENTATION_CONTEXT ( 3 ) GLOBAL_UNCERTAINTY_ASSIGNED_CONTEXT ( ( #3318 ) ) GLOBAL_UNIT_ASSIGNED_CONTEXT ( ( #2665, #7327, #5514 ) ) REPRESENTATION_CONTEXT ( 'NONE', 'WORKASPACE' ) );
#4212 = ORIENTED_EDGE ( 'NONE', *, *, #2602, .T. ) ;
#4213 = AXIS2_PLACEMENT_3D ( 'NONE', #6466, #4861, #4110 ) ;
#4214 = DIRECTION ( 'NONE',  ( 0.000000000000000000, 0.000000000000000000, -1.000000000000000000 ) ) ;
#4215 = CARTESIAN_POINT ( 'NONE',  ( -1.489999999999999991, -1.600000000000000311, 1.549999999999998268 ) ) ;
#4216 = ORIENTED_EDGE ( 'NONE', *, *, #1503, .T. ) ;
#4217 = CARTESIAN_POINT ( 'NONE',  ( 0.05000000000000000278, 0.8479274057836261314, -1.900000000000002354 ) ) ;
#4218 = DIRECTION ( 'NONE',  ( 0.000000000000000000, 0.000000000000000000, -1.000000000000000000 ) ) ;
#4219 = CARTESIAN_POINT ( 'NONE',  ( -0.5899999999999999689, -0.7669872981077828777, -2.100000000000000977 ) ) ;
#4220 =( GEOMETRIC_REPRESENTATION_CONTEXT ( 3 ) GLOBAL_UNCERTAINTY_ASSIGNED_CONTEXT ( ( #63 ) ) GLOBAL_UNIT_ASSIGNED_CONTEXT ( ( #2250, #5937, #5972 ) ) REPRESENTATION_CONTEXT ( 'NONE', 'WORKASPACE' ) );
#4221 = AXIS2_PLACEMENT_3D ( 'NONE', #1671, #7466, #3362 ) ;
#4222 = SURFACE_SIDE_STYLE ('',( #5329 ) ) ;
#4223 = FILL_AREA_STYLE ('',( #795 ) ) ;
#4224 = CARTESIAN_POINT ( 'NONE',  ( 0.06000000000000000472, 1.849999999999999645, 1.549999999999999156 ) ) ;
#4225 = CIRCLE ( 'NONE', #3749, 0.1499999999999999667 ) ;
#4226 = DIRECTION ( 'NONE',  ( -1.000000000000000000, -0.000000000000000000, -0.000000000000000000 ) ) ;
#4227 =( NAMED_UNIT ( * ) SI_UNIT ( $, .STERADIAN. ) SOLID_ANGLE_UNIT ( ) );
#4228 = MECHANICAL_DESIGN_GEOMETRIC_PRESENTATION_REPRESENTATION (  '', ( #5206 ), #1660 ) ;
#4229 = ORIENTED_EDGE ( 'NONE', *, *, #2621, .F. ) ;
#4230 = VERTEX_POINT ( 'NONE', #5255 ) ;
#4231 = DIRECTION ( 'NONE',  ( 0.000000000000000000, 0.4999999999999966138, 0.8660254037844407060 ) ) ;
#4232 = AXIS2_PLACEMENT_3D ( 'NONE', #3367, #1676, #4502 ) ;
#4233 = EDGE_CURVE ( 'NONE', #3365, #1189, #4794, .T. ) ;
#4234 = FILL_AREA_STYLE_COLOUR ( '', #1934 ) ;
#4235 = FILL_AREA_STYLE ('',( #7146 ) ) ;
#4236 = UNCERTAINTY_MEASURE_WITH_UNIT (LENGTH_MEASURE( 1.000000000000000082E-05 ), #1617, 'distance_accuracy_value', 'NONE');
#4237 = DIRECTION ( 'NONE',  ( 1.000000000000000000, -0.000000000000000000, -0.000000000000000000 ) ) ;
#4238 = CARTESIAN_POINT ( 'NONE',  ( -1.889999999999999902, -1.750000000000000222, -1.349999999999999201 ) ) ;
#4239 = COLOUR_RGB ( '',0.1098039215686274495, 0.1098039215686274495, 0.1098039215686274495 ) ;
#4240 = ORIENTED_EDGE ( 'NONE', *, *, #6541, .F. ) ;
#4241 = SURFACE_SIDE_STYLE ('',( #5499 ) ) ;
#4242 = ORIENTED_EDGE ( 'NONE', *, *, #3460, .F. ) ;
#4243 = FILL_AREA_STYLE ('',( #4812 ) ) ;
#4244 = CARTESIAN_POINT ( 'NONE',  ( -0.5899999999999999689, -0.7669872981077833218, 2.100000000000000089 ) ) ;
#4245 = CARTESIAN_POINT ( 'NONE',  ( -1.489999999999999991, 1.800000000000000266, 0.1802839741540287477 ) ) ;
#4246 = PRESENTATION_STYLE_ASSIGNMENT (( #4895 ) ) ;
#4247 = CARTESIAN_POINT ( 'NONE',  ( 0.06000000000000000472, 2.000000000000000888, -1.399999999999998357 ) ) ;
#4248 = ADVANCED_FACE ( 'NONE', ( #5174 ), #7049, .F. ) ;
#4249 = MECHANICAL_DESIGN_GEOMETRIC_PRESENTATION_REPRESENTATION (  '', ( #365 ), #4858 ) ;
#4250 = DIRECTION ( 'NONE',  ( -0.000000000000000000, 1.000000000000000000, -0.000000000000000000 ) ) ;
#4251 = ORIENTED_EDGE ( 'NONE', *, *, #1171, .T. ) ;
#4252 = EDGE_CURVE ( 'NONE', #4985, #7128, #3100, .T. ) ;
#4253 = EDGE_CURVE ( 'NONE', #1189, #4985, #2281, .T. ) ;
#4255 = AXIS2_PLACEMENT_3D ( 'NONE', #5248, #4019, #6345 ) ;
#4254 = CARTESIAN_POINT ( 'NONE',  ( -0.1699999999999999567, -1.300000000000000044, 1.690047317545275707 ) ) ;
#4256 = SURFACE_STYLE_FILL_AREA ( #1931 ) ;
#4257 = FILL_AREA_STYLE_COLOUR ( '', #3528 ) ;
#4258 = DIRECTION ( 'NONE',  ( 0.000000000000000000, 0.000000000000000000, -1.000000000000000000 ) ) ;
#4259 = FILL_AREA_STYLE_COLOUR ( '', #5134 ) ;
#4260 = CYLINDRICAL_SURFACE ( 'NONE', #1080, 0.1999999999999998723 ) ;
#4261 = EDGE_CURVE ( 'NONE', #6747, #2610, #1173, .T. ) ;
#4262 = COLOUR_RGB ( '',0.1098039215686274495, 0.1098039215686274495, 0.1098039215686274495 ) ;
#4263 = MANIFOLD_SOLID_BREP ( 'Boss-Extrude4', #6813 ) ;
#4264 = AXIS2_PLACEMENT_3D ( 'NONE', #1520, #2181, #1606 ) ;
#4265 =( NAMED_UNIT ( * ) PLANE_ANGLE_UNIT ( ) SI_UNIT ( $, .RADIAN. ) );
#4266 = CIRCLE ( 'NONE', #4017, 0.1000000000000009076 ) ;
#4267 = CARTESIAN_POINT ( 'NONE',  ( -0.05116358473320868627, 1.283916901323201909, 1.549999998037300486 ) ) ;
#4268 = MECHANICAL_DESIGN_GEOMETRIC_PRESENTATION_REPRESENTATION (  '', ( #1698 ), #3537 ) ;
#4269 = SURFACE_SIDE_STYLE ('',( #5805 ) ) ;
#4270 = CARTESIAN_POINT ( 'NONE',  ( -1.797507432172994636E-14, 1.349931384972484771, 1.549999999999999822 ) ) ;
#4271 = CARTESIAN_POINT ( 'NONE',  ( -1.889999999999999902, -0.7669872981077823226, 2.100000000000000089 ) ) ;
#4272 = STYLED_ITEM ( 'NONE', ( #6469 ), #5411 ) ;
#4273 =( NAMED_UNIT ( * ) PLANE_ANGLE_UNIT ( ) SI_UNIT ( $, .RADIAN. ) );
#4274 = COLOUR_RGB ( '',0.8980392156862745390, 0.8980392156862745390, 0.8980392156862745390 ) ;
#4275 = ORIENTED_EDGE ( 'NONE', *, *, #1703, .F. ) ;
#4276 = PRESENTATION_LAYER_ASSIGNMENT (  '', '', ( #6215 ) ) ;
#4277 = CIRCLE ( 'NONE', #2950, 0.1500000000000000222 ) ;
#4278 = ORIENTED_EDGE ( 'NONE', *, *, #5677, .T. ) ;
#4279 = DIRECTION ( 'NONE',  ( 0.000000000000000000, 0.000000000000000000, 1.000000000000000000 ) ) ;
#4280 = PRESENTATION_LAYER_ASSIGNMENT (  '', '', ( #162 ) ) ;
#4281 = CARTESIAN_POINT ( 'NONE',  ( -1.489999999999999991, 1.599999999999999867, -1.549999999999998712 ) ) ;
#4282 = VECTOR ( 'NONE', #4070, 1000.000000000000000 ) ;
#4283 = SURFACE_SIDE_STYLE ('',( #6552 ) ) ;
#4284 = DIRECTION ( 'NONE',  ( 1.000000000000000000, 0.000000000000000000, -0.000000000000000000 ) ) ;
#4285 = DIRECTION ( 'NONE',  ( 1.000000000000000000, -0.000000000000000000, -0.000000000000000000 ) ) ;
#4286 = DIRECTION ( 'NONE',  ( -1.000000000000000000, 0.000000000000000000, 0.000000000000000000 ) ) ;
#4287 = ORIENTED_EDGE ( 'NONE', *, *, #1251, .F. ) ;
#4288 = CARTESIAN_POINT ( 'NONE',  ( -0.6399999999992678212, -1.315230932079842985, 1.423946218062329017 ) ) ;
#4289 = ORIENTED_EDGE ( 'NONE', *, *, #3617, .T. ) ;
#4290 = CARTESIAN_POINT ( 'NONE',  ( -0.7399999999999998801, 1.300000000000000044, 1.520047317545275778 ) ) ;
#4291 = CARTESIAN_POINT ( 'NONE',  ( -1.889999999999999902, 1.200000000000000178, -1.649999999999999911 ) ) ;
#4292 = DIRECTION ( 'NONE',  ( -0.000000000000000000, -1.495451272393799296E-16, -1.000000000000000000 ) ) ;
#4293 = SURFACE_SIDE_STYLE ('',( #3755 ) ) ;
#4294 = CARTESIAN_POINT ( 'NONE',  ( -0.6399999999999997913, 1.300000000000000044, 1.520047317545275778 ) ) ;
#4295 = FILL_AREA_STYLE ('',( #6605 ) ) ;
#4296 = ORIENTED_EDGE ( 'NONE', *, *, #3922, .F. ) ;
#4297 = VECTOR ( 'NONE', #6088, 1000.000000000000000 ) ;
#4298 = DIRECTION ( 'NONE',  ( 0.000000000000000000, 0.000000000000000000, -1.000000000000000000 ) ) ;
#4299 = ORIENTED_EDGE ( 'NONE', *, *, #6076, .T. ) ;
#4300 = CARTESIAN_POINT ( 'NONE',  ( 0.05000000000000000278, -0.6747223250267422312, 1.800000000000001155 ) ) ;
#4301 = SURFACE_STYLE_FILL_AREA ( #3797 ) ;
#4302 = CARTESIAN_POINT ( 'NONE',  ( -0.5899999999999999689, -1.422988845864112228, -1.550000000000000044 ) ) ;
#4303 = ADVANCED_FACE ( 'NONE', ( #5212 ), #2465, .F. ) ;
#4304 = LINE ( 'NONE', #3765, #3308 ) ;
#4305 = VECTOR ( 'NONE', #5833, 1000.000000000000000 ) ;
#4306 = FILL_AREA_STYLE_COLOUR ( '', #2458 ) ;
#4307 = AXIS2_PLACEMENT_3D ( 'NONE', #7399, #7222, #3909 ) ;
#4308 = ORIENTED_EDGE ( 'NONE', *, *, #3697, .T. ) ;
#4309 = CIRCLE ( 'NONE', #1992, 0.09999999999999982514 ) ;
#4310 = SURFACE_STYLE_USAGE ( .BOTH. , #1583 ) ;
#4311 = DIRECTION ( 'NONE',  ( -0.000000000000000000, 1.000000000000000000, 2.710505431213758620E-16 ) ) ;
#4312 = PRESENTATION_STYLE_ASSIGNMENT (( #4798 ) ) ;
#4313 = B_SPLINE_CURVE_WITH_KNOTS ( 'NONE', 3,
 ( #7489, #3346, #1655, #5661, #4021, #2273, #6308, #1687, #6973, #458, #2199, #2770, #495, #2888, #4515, #2156, #6928, #6801, #5095, #3947, #4473, #6846, #527, #973, #5625, #6885, #5741, #6268, #7519, #1131, #1622 ),
 .UNSPECIFIED., .F., .F.,
 ( 4, 3, 3, 3, 3, 3, 3, 3, 3, 3, 4 ),
 ( 6.224022020178928468E-05, 6.846716821687525074E-05, 8.579808256139620384E-05, 0.0001029251847843152309, 0.0001198342644827844197, 0.0001365745712126355520, 0.0001532206885232445222, 0.0001698543893979225883, 0.0001865570753088286544, 0.0002034040054494100401, 0.0002142485099106780525 ),
 .UNSPECIFIED. ) ;
#4314 = PRESENTATION_LAYER_ASSIGNMENT (  '', '', ( #191 ) ) ;
#4315 = FACE_OUTER_BOUND ( 'NONE', #6790, .T. ) ;
#4316 = ORIENTED_EDGE ( 'NONE', *, *, #4641, .F. ) ;
#4317 = EDGE_LOOP ( 'NONE', ( #3859, #626, #897, #4251 ) ) ;
#4318 = DIRECTION ( 'NONE',  ( 1.000000000000000000, 0.000000000000000000, 0.000000000000000000 ) ) ;
#4319 = EDGE_CURVE ( 'NONE', #660, #5175, #7233, .T. ) ;
#4320 = VECTOR ( 'NONE', #5795, 1000.000000000000000 ) ;
#4321 =( LENGTH_UNIT ( ) NAMED_UNIT ( * ) SI_UNIT ( .MILLI., .METRE. ) );
#4322 = CARTESIAN_POINT ( 'NONE',  ( -1.939999999999999947, -0.8102885682970057957, -2.025000000000000355 ) ) ;
#4323 = UNCERTAINTY_MEASURE_WITH_UNIT (LENGTH_MEASURE( 1.000000000000000082E-05 ), #1193, 'distance_accuracy_value', 'NONE');
#4324 = CARTESIAN_POINT ( 'NONE',  ( -1.889999999999999902, -1.600000000000000311, 1.349999999999998312 ) ) ;
#4325 = SURFACE_STYLE_FILL_AREA ( #7236 ) ;
#4326 = ORIENTED_EDGE ( 'NONE', *, *, #211, .T. ) ;
#4327 = EDGE_LOOP ( 'NONE', ( #3664, #1440, #7073, #2004, #1343 ) ) ;
#4328 =( NAMED_UNIT ( * ) SI_UNIT ( $, .STERADIAN. ) SOLID_ANGLE_UNIT ( ) );
#4329 = CARTESIAN_POINT ( 'NONE',  ( -0.8406803038083915380, 0.1133489185248035686, -1.804663793605831179 ) ) ;
#4330 = MECHANICAL_DESIGN_GEOMETRIC_PRESENTATION_REPRESENTATION (  '', ( #88 ), #2008 ) ;
#4331 = DIRECTION ( 'NONE',  ( 0.000000000000000000, 0.9589418073282237609, 0.2836029092905780757 ) ) ;
#4332 = SURFACE_STYLE_USAGE ( .BOTH. , #6642 ) ;
#4333 = FACE_OUTER_BOUND ( 'NONE', #6290, .T. ) ;
#4334 = PRESENTATION_LAYER_ASSIGNMENT (  '', '', ( #92 ) ) ;
#4335 = ORIENTED_EDGE ( 'NONE', *, *, #5264, .T. ) ;
#4336 = CARTESIAN_POINT ( 'NONE',  ( 0.05000000000000000278, 1.849999999999999867, -1.549999999999999378 ) ) ;
#4337 = LINE ( 'NONE', #4368, #1388 ) ;
#4338 = ORIENTED_EDGE ( 'NONE', *, *, #3687, .T. ) ;
#4339 = EDGE_CURVE ( 'NONE', #2226, #1391, #2859, .T. ) ;
#4340 = PLANE ( 'NONE',  #1570 ) ;
#4341 =( LENGTH_UNIT ( ) NAMED_UNIT ( * ) SI_UNIT ( .MILLI., .METRE. ) );
#4342 = CYLINDRICAL_SURFACE ( 'NONE', #716, 0.1999999999999996503 ) ;
#4343 = STYLED_ITEM ( 'NONE', ( #5707 ), #2018 ) ;
#4344 = FILL_AREA_STYLE ('',( #7256 ) ) ;
#4345 = ORIENTED_EDGE ( 'NONE', *, *, #5610, .T. ) ;
#4346 = FACE_OUTER_BOUND ( 'NONE', #6460, .T. ) ;
#4347 = CARTESIAN_POINT ( 'NONE',  ( -0.5899999999999999689, -2.099999999999999645, -1.450000000000000178 ) ) ;
#4348 = DIRECTION ( 'NONE',  ( 1.000000000000000000, -0.000000000000000000, -0.000000000000000000 ) ) ;
#4349 = TOROIDAL_SURFACE ( 'NONE', #1656, 0.1699999999999999567, 0.04999999999999998196 ) ;
#4350 = FACE_OUTER_BOUND ( 'NONE', #165, .T. ) ;
#4351 = VERTEX_POINT ( 'NONE', #5381 ) ;
#4352 = ORIENTED_EDGE ( 'NONE', *, *, #5559, .F. ) ;
#4353 = CARTESIAN_POINT ( 'NONE',  ( -1.889999999999999902, 0.7669872981077823226, 2.000000000000000000 ) ) ;
#4354 = PRESENTATION_LAYER_ASSIGNMENT (  '', '', ( #2038 ) ) ;
#4355 = STYLED_ITEM ( 'NONE', ( #1077 ), #608 ) ;
#4356 = ADVANCED_FACE ( 'NONE', ( #691 ), #4883, .T. ) ;
#4357 = CARTESIAN_POINT ( 'NONE',  ( 0.03279110527235026828, -1.263858394841008037, 1.549999999999999822 ) ) ;
#4358 = DIRECTION ( 'NONE',  ( 0.000000000000000000, -1.000000000000000000, -2.710505431213758620E-16 ) ) ;
#4359 =( GEOMETRIC_REPRESENTATION_CONTEXT ( 3 ) GLOBAL_UNCERTAINTY_ASSIGNED_CONTEXT ( ( #7451 ) ) GLOBAL_UNIT_ASSIGNED_CONTEXT ( ( #4512, #5778, #2886 ) ) REPRESENTATION_CONTEXT ( 'NONE', 'WORKASPACE' ) );
#4360 = CARTESIAN_POINT ( 'NONE',  ( -1.939999999999999947, -1.199999999999999734, 1.499999999999998224 ) ) ;
#4361 = VECTOR ( 'NONE', #5258, 1000.000000000000000 ) ;
#4362 = ORIENTED_EDGE ( 'NONE', *, *, #7282, .F. ) ;
#4363 = PRESENTATION_STYLE_ASSIGNMENT (( #2034 ) ) ;
#4364 = PRESENTATION_STYLE_ASSIGNMENT (( #2724 ) ) ;
#4365 = CARTESIAN_POINT ( 'NONE',  ( -0.8406516964877221998, -0.03778297284160119646, -1.808224717252046476 ) ) ;
#4366 = CARTESIAN_POINT ( 'NONE',  ( 0.000000000000000000, 1.199999999999999734, 1.549999999999999822 ) ) ;
#4367 = ORIENTED_EDGE ( 'NONE', *, *, #2597, .F. ) ;
#4368 = CARTESIAN_POINT ( 'NONE',  ( -1.939999999999999947, 1.750000000000001110, 1.349999999999998312 ) ) ;
#4369 = EDGE_LOOP ( 'NONE', ( #7392, #5126, #3682, #2679, #6675 ) ) ;
#4370 = STYLED_ITEM ( 'NONE', ( #3576 ), #4808 ) ;
#4371 = FILL_AREA_STYLE ('',( #2198 ) ) ;
#4372 = LINE ( 'NONE', #5012, #4297 ) ;
#4373 = PRESENTATION_STYLE_ASSIGNMENT (( #2050 ) ) ;
#4374 =( GEOMETRIC_REPRESENTATION_CONTEXT ( 3 ) GLOBAL_UNCERTAINTY_ASSIGNED_CONTEXT ( ( #3405 ) ) GLOBAL_UNIT_ASSIGNED_CONTEXT ( ( #2305, #1804, #113 ) ) REPRESENTATION_CONTEXT ( 'NONE', 'WORKASPACE' ) );
#4375 = CARTESIAN_POINT ( 'NONE',  ( -1.889999999999999902, -1.600000000000000311, 1.499999999999998224 ) ) ;
#4376 = ORIENTED_EDGE ( 'NONE', *, *, #2307, .T. ) ;
#4377 = MECHANICAL_DESIGN_GEOMETRIC_PRESENTATION_REPRESENTATION (  '', ( #2058 ), #6549 ) ;
#4378 = CIRCLE ( 'NONE', #5226, 1.877069063257455372 ) ;
#4379 = ORIENTED_EDGE ( 'NONE', *, *, #1539, .T. ) ;
#4380 = CARTESIAN_POINT ( 'NONE',  ( -0.5899999999999999689, 2.099999999999999645, -1.450000000000000178 ) ) ;
#4381 = LINE ( 'NONE', #1556, #6062 ) ;
#4382 = AXIS2_PLACEMENT_3D ( 'NONE', #157, #783, #4855 ) ;
#4383 = SURFACE_STYLE_FILL_AREA ( #2171 ) ;
#4384 = AXIS2_PLACEMENT_3D ( 'NONE', #4522, #6851, #3954 ) ;
#4385 = EDGE_LOOP ( 'NONE', ( #1507, #1063, #208, #1034 ) ) ;
#4386 = ORIENTED_EDGE ( 'NONE', *, *, #6541, .T. ) ;
#4387 = PRESENTATION_STYLE_ASSIGNMENT (( #2619 ) ) ;
#4388 = UNCERTAINTY_MEASURE_WITH_UNIT (LENGTH_MEASURE( 1.000000000000000082E-05 ), #205, 'distance_accuracy_value', 'NONE');
#4389 = LINE ( 'NONE', #5608, #4989 ) ;
#4390 = CARTESIAN_POINT ( 'NONE',  ( -0.7385107202142171534, -1.315217291854567927, 1.294160716044781667 ) ) ;
#4391 = ORIENTED_EDGE ( 'NONE', *, *, #6967, .T. ) ;
#4392 = SURFACE_SIDE_STYLE ('',( #5538 ) ) ;
#4393 = DIRECTION ( 'NONE',  ( 1.000000000000000000, 0.000000000000000000, -0.000000000000000000 ) ) ;
#4394 = COLOUR_RGB ( '',0.6666666666666666297, 0.6980392156862744724, 0.7686274509803920907 ) ;
#4395 = PRESENTATION_LAYER_ASSIGNMENT (  '', '', ( #1117 ) ) ;
#4396 = FILL_AREA_STYLE ('',( #1348 ) ) ;
#4397 = CARTESIAN_POINT ( 'NONE',  ( 0.000000000000000000, -2.000000000000000444, 1.399999999999998135 ) ) ;
#4398 = ORIENTED_EDGE ( 'NONE', *, *, #542, .F. ) ;
#4399 = CIRCLE ( 'NONE', #4036, 0.1500000000000000222 ) ;
#4400 =( NAMED_UNIT ( * ) PLANE_ANGLE_UNIT ( ) SI_UNIT ( $, .RADIAN. ) );
#4401 = DIRECTION ( 'NONE',  ( -0.000000000000000000, -1.000000000000000000, 0.000000000000000000 ) ) ;
#4402 = VERTEX_POINT ( 'NONE', #6065 ) ;
#4403 = CARTESIAN_POINT ( 'NONE',  ( -1.939999999999999947, -1.599999999999999867, -1.349999999999999201 ) ) ;
#4404 = DIRECTION ( 'NONE',  ( 1.000000000000000000, -0.000000000000000000, -0.000000000000000000 ) ) ;
#4405 =( NAMED_UNIT ( * ) PLANE_ANGLE_UNIT ( ) SI_UNIT ( $, .RADIAN. ) );
#4406 = FILL_AREA_STYLE ('',( #5050 ) ) ;
#4407 = ORIENTED_EDGE ( 'NONE', *, *, #5798, .T. ) ;
#4408 = EDGE_CURVE ( 'NONE', #1276, #7281, #2778, .T. ) ;
#4409 = ORIENTED_EDGE ( 'NONE', *, *, #7231, .T. ) ;
#4410 = ADVANCED_FACE ( 'NONE', ( #4771 ), #1304, .F. ) ;
#4411 =( LENGTH_UNIT ( ) NAMED_UNIT ( * ) SI_UNIT ( .MILLI., .METRE. ) );
#4412 =( NAMED_UNIT ( * ) SI_UNIT ( $, .STERADIAN. ) SOLID_ANGLE_UNIT ( ) );
#4413 = ORIENTED_EDGE ( 'NONE', *, *, #6432, .T. ) ;
#4414 = FILL_AREA_STYLE_COLOUR ( '', #2031 ) ;
#4415 = SURFACE_SIDE_STYLE ('',( #2098 ) ) ;
#4416 = STYLED_ITEM ( 'NONE', ( #7420 ), #3538 ) ;
#4417 = DIRECTION ( 'NONE',  ( 0.000000000000000000, 0.000000000000000000, 1.000000000000000000 ) ) ;
#4418 = ORIENTED_EDGE ( 'NONE', *, *, #4773, .F. ) ;
#4419 = ORIENTED_EDGE ( 'NONE', *, *, #3471, .T. ) ;
#4420 = ADVANCED_FACE ( 'NONE', ( #7267 ), #5644, .T. ) ;
#4421 = COLOUR_RGB ( '',0.1098039215686274495, 0.1098039215686274495, 0.1098039215686274495 ) ;
#4422 = ADVANCED_FACE ( 'NONE', ( #322 ), #7380, .F. ) ;
#4423 = DIRECTION ( 'NONE',  ( -1.000000000000000000, -0.000000000000000000, 0.000000000000000000 ) ) ;
#4424 = DIRECTION ( 'NONE',  ( 0.000000000000000000, 0.000000000000000000, -1.000000000000000000 ) ) ;
#4425 = LINE ( 'NONE', #6828, #1534 ) ;
#4426 = CARTESIAN_POINT ( 'NONE',  ( 0.06000000000000000472, -1.050000000000000044, 1.549999999999999822 ) ) ;
#4427 = ORIENTED_EDGE ( 'NONE', *, *, #5317, .F. ) ;
#4428 =( NAMED_UNIT ( * ) PLANE_ANGLE_UNIT ( ) SI_UNIT ( $, .RADIAN. ) );
#4429 = FACE_OUTER_BOUND ( 'NONE', #6071, .T. ) ;
#4430 = CARTESIAN_POINT ( 'NONE',  ( -1.889999999999999902, 1.200000000000000178, -1.550000000000000266 ) ) ;
#4431 =( LENGTH_UNIT ( ) NAMED_UNIT ( * ) SI_UNIT ( .MILLI., .METRE. ) );
#4432 =( NAMED_UNIT ( * ) SI_UNIT ( $, .STERADIAN. ) SOLID_ANGLE_UNIT ( ) );
#4433 = VERTEX_POINT ( 'NONE', #2177 ) ;
#4434 = LINE ( 'NONE', #5164, #5664 ) ;
#4435 =( LENGTH_UNIT ( ) NAMED_UNIT ( * ) SI_UNIT ( .MILLI., .METRE. ) );
#4436 = B_SPLINE_CURVE_WITH_KNOTS ( 'NONE', 3,
 ( #3179, #287, #3104, #6548 ),
 .UNSPECIFIED., .F., .F.,
 ( 4, 4 ),
 ( 0.000000000000000000, 0.0002260000371904981493 ),
 .UNSPECIFIED. ) ;
#4437 =( NAMED_UNIT ( * ) PLANE_ANGLE_UNIT ( ) SI_UNIT ( $, .RADIAN. ) );
#4438 = ADVANCED_FACE ( 'NONE', ( #3923 ), #6525, .T. ) ;
#4439 =( GEOMETRIC_REPRESENTATION_CONTEXT ( 3 ) GLOBAL_UNCERTAINTY_ASSIGNED_CONTEXT ( ( #6201 ) ) GLOBAL_UNIT_ASSIGNED_CONTEXT ( ( #6229, #3340, #1090 ) ) REPRESENTATION_CONTEXT ( 'NONE', 'WORKASPACE' ) );
#4440 = CARTESIAN_POINT ( 'NONE',  ( -1.939999999999999947, -0.7669872981077823226, 2.050000000000000266 ) ) ;
#4441 = EDGE_CURVE ( 'NONE', #2631, #5386, #5817, .T. ) ;
#4442 = VERTEX_POINT ( 'NONE', #2222 ) ;
#4443 = CARTESIAN_POINT ( 'NONE',  ( -0.05365070953226656891, 1.304359371491307318, 1.549999999999999822 ) ) ;
#4444 = ORIENTED_EDGE ( 'NONE', *, *, #2307, .F. ) ;
#4445 = SURFACE_SIDE_STYLE ('',( #2052 ) ) ;
#4446 = EDGE_CURVE ( 'NONE', #3483, #7339, #6864, .T. ) ;
#4447 = ORIENTED_EDGE ( 'NONE', *, *, #999, .T. ) ;
#4448 = PRESENTATION_STYLE_ASSIGNMENT (( #2054 ) ) ;
#4449 = UNCERTAINTY_MEASURE_WITH_UNIT (LENGTH_MEASURE( 1.000000000000000082E-05 ), #5008, 'distance_accuracy_value', 'NONE');
#4450 = SURFACE_STYLE_FILL_AREA ( #5594 ) ;
#4451 = DIRECTION ( 'NONE',  ( 1.000000000000000000, -0.000000000000000000, -0.000000000000000000 ) ) ;
#4452 = VERTEX_POINT ( 'NONE', #1114 ) ;
#4453 = DIRECTION ( 'NONE',  ( -1.000000000000000000, 0.000000000000000000, 0.000000000000000000 ) ) ;
#4454 = ORIENTED_EDGE ( 'NONE', *, *, #5997, .T. ) ;
#4455 = COLOUR_RGB ( '',0.1098039215686274495, 0.1098039215686274495, 0.1098039215686274495 ) ;
#4456 = AXIS2_PLACEMENT_3D ( 'NONE', #5875, #98, #1743 ) ;
#4457 = SURFACE_STYLE_FILL_AREA ( #2618 ) ;
#4458 = UNCERTAINTY_MEASURE_WITH_UNIT (LENGTH_MEASURE( 1.000000000000000082E-05 ), #591, 'distance_accuracy_value', 'NONE');
#4459 = CARTESIAN_POINT ( 'NONE',  ( 0.003281518331138685678, -1.349656453263957001, 1.549999999999999822 ) ) ;
#4460 = CARTESIAN_POINT ( 'NONE',  ( -0.02510916126051895847, -1.345227854296359826, 1.549999999999999822 ) ) ;
#4461 = ORIENTED_EDGE ( 'NONE', *, *, #2681, .F. ) ;
#4462 = AXIS2_PLACEMENT_3D ( 'NONE', #4324, #4844, #3035 ) ;
#4463 = SURFACE_STYLE_FILL_AREA ( #362 ) ;
#4464 = CARTESIAN_POINT ( 'NONE',  ( -0.6899999999999998357, 1.300000000000000044, 1.520047317545275778 ) ) ;
#4465 = CARTESIAN_POINT ( 'NONE',  ( -0.5199999999999999067, -1.300000000000000044, 1.690047317545275707 ) ) ;
#4466 = PRESENTATION_STYLE_ASSIGNMENT (( #965 ) ) ;
#4467 =( GEOMETRIC_REPRESENTATION_CONTEXT ( 3 ) GLOBAL_UNCERTAINTY_ASSIGNED_CONTEXT ( ( #3465 ) ) GLOBAL_UNIT_ASSIGNED_CONTEXT ( ( #2971, #7036, #3676 ) ) REPRESENTATION_CONTEXT ( 'NONE', 'WORKASPACE' ) );
#4468 = MECHANICAL_DESIGN_GEOMETRIC_PRESENTATION_REPRESENTATION (  '', ( #2659 ), #1547 ) ;
#4469 = ORIENTED_EDGE ( 'NONE', *, *, #3945, .F. ) ;
#4470 = CARTESIAN_POINT ( 'NONE',  ( -0.5199999999999999067, 1.300000000000000044, 1.690047317545275707 ) ) ;
#4471 = VECTOR ( 'NONE', #6220, 1000.000000000000000 ) ;
#4472 =( NAMED_UNIT ( * ) SI_UNIT ( $, .STERADIAN. ) SOLID_ANGLE_UNIT ( ) );
#4473 = CARTESIAN_POINT ( 'NONE',  ( 0.04143162864060702388, 1.325191676717693445, 1.549999999999999822 ) ) ;
#4474 = CARTESIAN_POINT ( 'NONE',  ( -1.321312036811269186, -1.698449646472851571, -0.3293419275996681828 ) ) ;
#4475 = ADVANCED_FACE ( 'NONE', ( #6324 ), #3396, .F. ) ;
#4476 = LINE ( 'NONE', #4347, #7362 ) ;
#4477 = PRESENTATION_STYLE_ASSIGNMENT (( #2158 ) ) ;
#4478 = VECTOR ( 'NONE', #3940, 1000.000000000000227 ) ;
#4479 = ORIENTED_EDGE ( 'NONE', *, *, #604, .F. ) ;
#4480 =( NAMED_UNIT ( * ) PLANE_ANGLE_UNIT ( ) SI_UNIT ( $, .RADIAN. ) );
#4481 = ADVANCED_FACE ( 'NONE', ( #1636 ), #2297, .T. ) ;
#4482 = EDGE_CURVE ( 'NONE', #2902, #7457, #2411, .T. ) ;
#4483 = EDGE_LOOP ( 'NONE', ( #285, #2750, #6935, #5841, #6281, #3827, #5866, #5117, #2739, #1560, #1266, #4607, #2006, #6821 ) ) ;
#4485 = STYLED_ITEM ( 'NONE', ( #3078 ), #3116 ) ;
#4484 = CARTESIAN_POINT ( 'NONE',  ( -1.330970837337709378, -1.720481940542451404, -0.1660504139602077267 ) ) ;
#4486 = EDGE_LOOP ( 'NONE', ( #5066, #983, #258, #1081 ) ) ;
#4487 = CARTESIAN_POINT ( 'NONE',  ( -0.5199999999999999067, 1.300000000000000044, 1.520047317545275778 ) ) ;
#4488 = ADVANCED_FACE ( 'NONE', ( #7061 ), #5298, .F. ) ;
#4489 = SURFACE_STYLE_USAGE ( .BOTH. , #908 ) ;
#4490 = AXIS2_PLACEMENT_3D ( 'NONE', #1926, #2627, #6079 ) ;
#4491 = CIRCLE ( 'NONE', #7187, 0.05000000000000056483 ) ;
#4492 = VERTEX_POINT ( 'NONE', #3058 ) ;
#4493 = CARTESIAN_POINT ( 'NONE',  ( -0.6063454782903949791, -1.061278032723605103, 1.690273495448622487 ) ) ;
#4494 = ORIENTED_EDGE ( 'NONE', *, *, #5470, .F. ) ;
#4495 = PRESENTATION_LAYER_ASSIGNMENT (  '', '', ( #606 ) ) ;
#4496 = LINE ( 'NONE', #5147, #6992 ) ;
#4497 = CARTESIAN_POINT ( 'NONE',  ( 0.01473791088725936831, -1.347315134293483929, 1.549999999999999822 ) ) ;
#4498 = PRESENTATION_LAYER_ASSIGNMENT (  '', '', ( #502 ) ) ;
#4499 = CARTESIAN_POINT ( 'NONE',  ( -0.6025531121194432904, -1.272357513209563029, 1.549999999999999822 ) ) ;
#4500 = ORIENTED_EDGE ( 'NONE', *, *, #3075, .F. ) ;
#4501 = FILL_AREA_STYLE_COLOUR ( '', #2849 ) ;
#4502 = DIRECTION ( 'NONE',  ( 0.000000000000000000, 0.000000000000000000, -1.000000000000000000 ) ) ;
#4503 = EDGE_CURVE ( 'NONE', #1385, #3836, #5210, .T. ) ;
#4504 = DIRECTION ( 'NONE',  ( 0.000000000000000000, 0.000000000000000000, 1.000000000000000000 ) ) ;
#4505 = EDGE_CURVE ( 'NONE', #1161, #3278, #1262, .T. ) ;
#4506 = PRESENTATION_LAYER_ASSIGNMENT (  '', '', ( #2202 ) ) ;
#4507 = CARTESIAN_POINT ( 'NONE',  ( 0.000000000000000000, 1.849999999999999645, 1.549999999999999156 ) ) ;
#4508 = CARTESIAN_POINT ( 'NONE',  ( -1.889999999999999902, 1.070096189432334643, -1.575000000000000400 ) ) ;
#4509 = ORIENTED_EDGE ( 'NONE', *, *, #6974, .F. ) ;
#4510 =( GEOMETRIC_REPRESENTATION_CONTEXT ( 3 ) GLOBAL_UNCERTAINTY_ASSIGNED_CONTEXT ( ( #3611 ) ) GLOBAL_UNIT_ASSIGNED_CONTEXT ( ( #1668, #3996, #3433 ) ) REPRESENTATION_CONTEXT ( 'NONE', 'WORKASPACE' ) );
#4511 = CARTESIAN_POINT ( 'NONE',  ( 0.000000000000000000, -1.335835879657514269, 1.636431808929084797 ) ) ;
#4512 =( LENGTH_UNIT ( ) NAMED_UNIT ( * ) SI_UNIT ( .MILLI., .METRE. ) );
#4513 = MECHANICAL_DESIGN_GEOMETRIC_PRESENTATION_REPRESENTATION (  '', ( #271 ), #1233 ) ;
#4514 = FILL_AREA_STYLE_COLOUR ( '', #3281 ) ;
#4515 = CARTESIAN_POINT ( 'NONE',  ( 0.04773365091229121032, 1.292742108892329211, 1.549999999999999822 ) ) ;
#4516 = VECTOR ( 'NONE', #4103, 1000.000000000000000 ) ;
#4517 = CARTESIAN_POINT ( 'NONE',  ( -0.6351987972563445384, -1.118087918481559973, -1.592463275251344346 ) ) ;
#4518 =( NAMED_UNIT ( * ) PLANE_ANGLE_UNIT ( ) SI_UNIT ( $, .RADIAN. ) );
#4519 = VECTOR ( 'NONE', #5630, 1000.000000000000000 ) ;
#4520 = SURFACE_STYLE_FILL_AREA ( #7444 ) ;
#4521 = ORIENTED_EDGE ( 'NONE', *, *, #5797, .T. ) ;
#4522 = CARTESIAN_POINT ( 'NONE',  ( 0.000000000000000000, -1.850000000000000977, -1.399999999999999689 ) ) ;
#4523 = EDGE_CURVE ( 'NONE', #2374, #5345, #6301, .T. ) ;
#4524 = DIRECTION ( 'NONE',  ( 0.000000000000000000, -1.000000000000000000, 2.710505431213758620E-16 ) ) ;
#4525 = ORIENTED_EDGE ( 'NONE', *, *, #2740, .F. ) ;
#4526 = FACE_OUTER_BOUND ( 'NONE', #4532, .T. ) ;
#4527 = UNCERTAINTY_MEASURE_WITH_UNIT (LENGTH_MEASURE( 1.000000000000000082E-05 ), #479, 'distance_accuracy_value', 'NONE');
#4528 =( LENGTH_UNIT ( ) NAMED_UNIT ( * ) SI_UNIT ( .MILLI., .METRE. ) );
#4529 = CARTESIAN_POINT ( 'NONE',  ( -0.5899999999999999689, -0.8535898384862263821, 2.049999999999999822 ) ) ;
#4530 = VERTEX_POINT ( 'NONE', #4271 ) ;
#4531 = CARTESIAN_POINT ( 'NONE',  ( -0.5899999999999999689, -1.008455638248162867, 1.781764566457536114 ) ) ;
#4532 = EDGE_LOOP ( 'NONE', ( #196, #1881, #4275, #2254, #7332, #2013, #4879 ) ) ;
#4533 = CARTESIAN_POINT ( 'NONE',  ( 0.000000000000000000, 1.050000000000000044, 1.549999999999999822 ) ) ;
#4534 =( LENGTH_UNIT ( ) NAMED_UNIT ( * ) SI_UNIT ( .MILLI., .METRE. ) );
#4535 = CARTESIAN_POINT ( 'NONE',  ( -0.5899999999999999689, 0.7669872981077828777, -2.100000000000000977 ) ) ;
#4536 = CARTESIAN_POINT ( 'NONE',  ( -0.6267694360889212168, 1.199999999999999734, 1.549999999999999822 ) ) ;
#4537 = EDGE_CURVE ( 'NONE', #4984, #4433, #6586, .T. ) ;
#4538 = VERTEX_POINT ( 'NONE', #798 ) ;
#4539 = COLOUR_RGB ( '',0.6666666666666666297, 0.6980392156862744724, 0.7686274509803920907 ) ;
#4540 = DIRECTION ( 'NONE',  ( 0.000000000000000000, 0.000000000000000000, -1.000000000000000000 ) ) ;
#4541 = CARTESIAN_POINT ( 'NONE',  ( -1.489999999999999991, 1.600000000000000311, 1.549999999999998490 ) ) ;
#4542 = ORIENTED_EDGE ( 'NONE', *, *, #5244, .T. ) ;
#4543 =( NAMED_UNIT ( * ) PLANE_ANGLE_UNIT ( ) SI_UNIT ( $, .RADIAN. ) );
#4544 = COLOUR_RGB ( '',0.6666666666666666297, 0.6980392156862744724, 0.7686274509803920907 ) ;
#4545 = CARTESIAN_POINT ( 'NONE',  ( -0.5899999999999999689, -1.422988845864112228, -1.550000000000000044 ) ) ;
#4546 = FACE_OUTER_BOUND ( 'NONE', #5670, .T. ) ;
#4547 = ORIENTED_EDGE ( 'NONE', *, *, #7480, .F. ) ;
#4548 = FILL_AREA_STYLE ('',( #3942 ) ) ;
#4549 = FACE_OUTER_BOUND ( 'NONE', #3573, .T. ) ;
#4550 = MECHANICAL_DESIGN_GEOMETRIC_PRESENTATION_REPRESENTATION (  '', ( #5285 ), #7114 ) ;
#4551 = AXIS2_PLACEMENT_3D ( 'NONE', #1499, #2043, #970 ) ;
#4552 = FACE_OUTER_BOUND ( 'NONE', #3674, .T. ) ;
#4553 = FACE_OUTER_BOUND ( 'NONE', #1498, .T. ) ;
#4554 = CARTESIAN_POINT ( 'NONE',  ( -1.489999999999999991, 0.7669872981077823226, 2.000000000000000000 ) ) ;
#4555 = CARTESIAN_POINT ( 'NONE',  ( -1.939999999999999947, -1.750000000000000222, -1.349999999999999201 ) ) ;
#4556 = EDGE_CURVE ( 'NONE', #3434, #178, #3131, .T. ) ;
#4557 = CARTESIAN_POINT ( 'NONE',  ( -1.489999999999999991, -1.200000000000000178, -1.550000000000000266 ) ) ;
#4558 = VERTEX_POINT ( 'NONE', #2568 ) ;
#4559 = CARTESIAN_POINT ( 'NONE',  ( -1.315340151904196286, -1.658115844191424104, -0.4903806193033518612 ) ) ;
#4560 = VECTOR ( 'NONE', #2316, 1000.000000000000000 ) ;
#4561 = VERTEX_POINT ( 'NONE', #4874 ) ;
#4562 = PRESENTATION_STYLE_ASSIGNMENT (( #3832 ) ) ;
#4563 = VERTEX_POINT ( 'NONE', #6625 ) ;
#4564 = ORIENTED_EDGE ( 'NONE', *, *, #593, .T. ) ;
#4565 = VECTOR ( 'NONE', #5704, 1000.000000000000000 ) ;
#4566 = CARTESIAN_POINT ( 'NONE',  ( -0.6399999999778838156, 1.293192151196815409, 1.443873916993333895 ) ) ;
#4567 = PRESENTATION_STYLE_ASSIGNMENT (( #2256 ) ) ;
#4568 = EDGE_CURVE ( 'NONE', #488, #268, #3390, .T. ) ;
#4569 = CARTESIAN_POINT ( 'NONE',  ( -1.889999999999999902, 1.199999999999999734, 1.549999999999999822 ) ) ;
#4570 = DIRECTION ( 'NONE',  ( 0.000000000000000000, 0.000000000000000000, 1.000000000000000000 ) ) ;
#4571 = ORIENTED_EDGE ( 'NONE', *, *, #4091, .F. ) ;
#4572 = LINE ( 'NONE', #3891, #4471 ) ;
#4573 = EDGE_LOOP ( 'NONE', ( #5936, #1024, #1817, #444 ) ) ;
#4574 = STYLED_ITEM ( 'NONE', ( #4082 ), #6161 ) ;
#4575 = EDGE_CURVE ( 'NONE', #2713, #4138, #2550, .T. ) ;
#4576 = SURFACE_STYLE_USAGE ( .BOTH. , #5691 ) ;
#4577 = SURFACE_SIDE_STYLE ('',( #3445 ) ) ;
#4578 = AXIS2_PLACEMENT_3D ( 'NONE', #6462, #2482, #4258 ) ;
#4579 = PLANE ( 'NONE',  #3999 ) ;
#4580 = PRESENTATION_LAYER_ASSIGNMENT (  '', '', ( #7536 ) ) ;
#4581 = VERTEX_POINT ( 'NONE', #2056 ) ;
#4582 = CARTESIAN_POINT ( 'NONE',  ( -0.000000000000000000, -1.321784934174426107, 1.653175241280382624 ) ) ;
#4583 = CARTESIAN_POINT ( 'NONE',  ( -1.889999999999999902, 1.199999999999999734, 1.649999999999999467 ) ) ;
#4584 = SURFACE_STYLE_USAGE ( .BOTH. , #5659 ) ;
#4585 = AXIS2_PLACEMENT_3D ( 'NONE', #2073, #6640, #2624 ) ;
#4586 = DIRECTION ( 'NONE',  ( 1.000000000000000000, 0.000000000000000000, -0.000000000000000000 ) ) ;
#4587 =( NAMED_UNIT ( * ) SI_UNIT ( $, .STERADIAN. ) SOLID_ANGLE_UNIT ( ) );
#4588 = SURFACE_STYLE_FILL_AREA ( #4061 ) ;
#4589 = CARTESIAN_POINT ( 'NONE',  ( -1.939999999999999947, 0.8102885682970052406, 2.025000000000000355 ) ) ;
#4590 = CIRCLE ( 'NONE', #1919, 0.04999999999999991257 ) ;
#4591 = STYLED_ITEM ( 'NONE', ( #1515 ), #1577 ) ;
#4592 = AXIS2_PLACEMENT_3D ( 'NONE', #7336, #5524, #4417 ) ;
#4593 = CARTESIAN_POINT ( 'NONE',  ( -1.489999999999999991, -1.800000000000000266, -0.5323422472791540239 ) ) ;
#4594 = ORIENTED_EDGE ( 'NONE', *, *, #4209, .T. ) ;
#4595 = FILL_AREA_STYLE_COLOUR ( '', #6651 ) ;
#4596 = UNCERTAINTY_MEASURE_WITH_UNIT (LENGTH_MEASURE( 1.000000000000000082E-05 ), #6757, 'distance_accuracy_value', 'NONE');
#4597 = PRESENTATION_LAYER_ASSIGNMENT (  '', '', ( #2431 ) ) ;
#4598 = PRESENTATION_STYLE_ASSIGNMENT (( #3958 ) ) ;
#4599 = ORIENTED_EDGE ( 'NONE', *, *, #4556, .T. ) ;
#4600 = DIRECTION ( 'NONE',  ( 0.000000000000000000, 0.000000000000000000, 1.000000000000000000 ) ) ;
#4601 = ORIENTED_EDGE ( 'NONE', *, *, #383, .T. ) ;
#4602 = VECTOR ( 'NONE', #4882, 1000.000000000000000 ) ;
#4603 = SURFACE_STYLE_USAGE ( .BOTH. , #6904 ) ;
#4604 = UNCERTAINTY_MEASURE_WITH_UNIT (LENGTH_MEASURE( 1.000000000000000082E-05 ), #5013, 'distance_accuracy_value', 'NONE');
#4605 = DIRECTION ( 'NONE',  ( 0.000000000000000000, 0.000000000000000000, -1.000000000000000000 ) ) ;
#4606 = CARTESIAN_POINT ( 'NONE',  ( -1.889999999999999902, -1.800000000000000488, 1.349999999999998312 ) ) ;
#4607 = ORIENTED_EDGE ( 'NONE', *, *, #223, .F. ) ;
#4608 = ORIENTED_EDGE ( 'NONE', *, *, #3951, .T. ) ;
#4609 = CARTESIAN_POINT ( 'NONE',  ( 0.000000000000000000, 1.050000000000000044, 1.549999999999999822 ) ) ;
#4610 = CARTESIAN_POINT ( 'NONE',  ( 0.05000000000000000278, 1.050000000000000044, -1.549999999999999822 ) ) ;
#4611 = DIRECTION ( 'NONE',  ( -0.000000000000000000, -1.000000000000000000, 0.000000000000000000 ) ) ;
#4612 = ADVANCED_FACE ( 'NONE', ( #4350 ), #3879, .T. ) ;
#4613 = UNCERTAINTY_MEASURE_WITH_UNIT (LENGTH_MEASURE( 1.000000000000000082E-05 ), #3345, 'distance_accuracy_value', 'NONE');
#4614 = CARTESIAN_POINT ( 'NONE',  ( -0.5899999999999999689, -1.200000000000000178, -1.649999999999999911 ) ) ;
#4615 =( NAMED_UNIT ( * ) PLANE_ANGLE_UNIT ( ) SI_UNIT ( $, .RADIAN. ) );
#4616 = CARTESIAN_POINT ( 'NONE',  ( -0.5899999999999999689, -2.000000000000000888, -1.450000000000000178 ) ) ;
#4617 = ORIENTED_EDGE ( 'NONE', *, *, #2874, .T. ) ;
#4618 = ORIENTED_EDGE ( 'NONE', *, *, #6782, .F. ) ;
#4619 = SURFACE_STYLE_FILL_AREA ( #1128 ) ;
#4620 = CIRCLE ( 'NONE', #1216, 0.09999999999999917288 ) ;
#4621 = STYLED_ITEM ( 'NONE', ( #5270 ), #432 ) ;
#4622 =( GEOMETRIC_REPRESENTATION_CONTEXT ( 3 ) GLOBAL_UNCERTAINTY_ASSIGNED_CONTEXT ( ( #2954 ) ) GLOBAL_UNIT_ASSIGNED_CONTEXT ( ( #1548, #2669, #5057 ) ) REPRESENTATION_CONTEXT ( 'NONE', 'WORKASPACE' ) );
#4623 = DIRECTION ( 'NONE',  ( 1.000000000000000000, 0.000000000000000000, -0.000000000000000000 ) ) ;
#4624 = LINE ( 'NONE', #3305, #7269 ) ;
#4625 = DIRECTION ( 'NONE',  ( -1.000000000000000000, 0.000000000000000000, 0.000000000000000000 ) ) ;
#4626 = LINE ( 'NONE', #4135, #4757 ) ;
#4627 = DIRECTION ( 'NONE',  ( 0.000000000000000000, 0.000000000000000000, 1.000000000000000000 ) ) ;
#4628 =( GEOMETRIC_REPRESENTATION_CONTEXT ( 3 ) GLOBAL_UNCERTAINTY_ASSIGNED_CONTEXT ( ( #1629 ) ) GLOBAL_UNIT_ASSIGNED_CONTEXT ( ( #4042, #104, #6993 ) ) REPRESENTATION_CONTEXT ( 'NONE', 'WORKASPACE' ) );
#4629 = AXIS2_PLACEMENT_3D ( 'NONE', #5140, #2897, #3429 ) ;
#4630 = SURFACE_SIDE_STYLE ('',( #3382 ) ) ;
#4631 = MECHANICAL_DESIGN_GEOMETRIC_PRESENTATION_REPRESENTATION (  '', ( #7463 ), #3901 ) ;
#4632 = CARTESIAN_POINT ( 'NONE',  ( -1.489999999999999991, -1.800000000000000266, 0.3572701230160312269 ) ) ;
#4633 = DIRECTION ( 'NONE',  ( 0.000000000000000000, -1.606225440719267353E-16, 1.000000000000000000 ) ) ;
#4634 = ORIENTED_EDGE ( 'NONE', *, *, #4261, .F. ) ;
#4635 = DIRECTION ( 'NONE',  ( 0.000000000000000000, 0.000000000000000000, 1.000000000000000000 ) ) ;
#4636 = SURFACE_SIDE_STYLE ('',( #2321 ) ) ;
#4637 = EDGE_CURVE ( 'NONE', #5386, #776, #4953, .T. ) ;
#4638 = ORIENTED_EDGE ( 'NONE', *, *, #1400, .T. ) ;
#4639 = PRESENTATION_LAYER_ASSIGNMENT (  '', '', ( #3313 ) ) ;
#4640 =( LENGTH_UNIT ( ) NAMED_UNIT ( * ) SI_UNIT ( .MILLI., .METRE. ) );
#4641 = EDGE_CURVE ( 'NONE', #5220, #987, #4381, .T. ) ;
#4642 = COLOUR_RGB ( '',0.1098039215686274495, 0.1098039215686274495, 0.1098039215686274495 ) ;
#4643 = CARTESIAN_POINT ( 'NONE',  ( -1.340000000000000080, 0.000000000000000000, 0.000000000000000000 ) ) ;
#4644 = FILL_AREA_STYLE_COLOUR ( '', #2164 ) ;
#4645 = FILL_AREA_STYLE_COLOUR ( '', #7160 ) ;
#4646 = FILL_AREA_STYLE_COLOUR ( '', #4394 ) ;
#4647 = VERTEX_POINT ( 'NONE', #992 ) ;
#4648 = ADVANCED_FACE ( 'NONE', ( #6703 ), #1481, .F. ) ;
#4649 = ORIENTED_EDGE ( 'NONE', *, *, #152, .T. ) ;
#4650 = B_SPLINE_CURVE_WITH_KNOTS ( 'NONE', 3,
 ( #2201, #1095, #2611, #4913, #1404, #5132, #459, #3983, #1657, #3734, #4517, #2772, #976 ),
 .UNSPECIFIED., .F., .F.,
 ( 4, 3, 3, 3, 4 ),
 ( 0.000000000000000000, 3.178269339158173637E-05, 6.383604484641566053E-05, 9.261276449980729145E-05, 0.0001061268402063685843 ),
 .UNSPECIFIED. ) ;
#4651 = PLANE ( 'NONE',  #347 ) ;
#4652 = CARTESIAN_POINT ( 'NONE',  ( -0.05379829255532259102, 1.299999999999825961, 1.549999999999999822 ) ) ;
#4653 =( NAMED_UNIT ( * ) SI_UNIT ( $, .STERADIAN. ) SOLID_ANGLE_UNIT ( ) );
#4654 = CYLINDRICAL_SURFACE ( 'NONE', #5102, 0.1999999999999996503 ) ;
#4655 = CARTESIAN_POINT ( 'NONE',  ( -0.5900000000000000799, 1.846361677041960414, -0.1159679160406072718 ) ) ;
#4656 = AXIS2_PLACEMENT_3D ( 'NONE', #5796, #3963, #2905 ) ;
#4657 = CARTESIAN_POINT ( 'NONE',  ( 0.05000000000000000278, -2.000000000000000444, 1.399999999999998135 ) ) ;
#4658 = VERTEX_POINT ( 'NONE', #836 ) ;
#4659 = ORIENTED_EDGE ( 'NONE', *, *, #1154, .F. ) ;
#4660 = DIRECTION ( 'NONE',  ( 1.000000000000000000, -0.000000000000000000, -0.000000000000000000 ) ) ;
#4661 = CARTESIAN_POINT ( 'NONE',  ( 0.000000000000000000, 1.050000000000000044, 1.549999999999999822 ) ) ;
#4662 = AXIS2_PLACEMENT_3D ( 'NONE', #2242, #4872, #6235 ) ;
#4663 = STYLED_ITEM ( 'NONE', ( #4363 ), #2393 ) ;
#4664 = CARTESIAN_POINT ( 'NONE',  ( -1.489999999999999991, 1.800000000000000266, 0.5323422472791536908 ) ) ;
#4665 = DIRECTION ( 'NONE',  ( 0.000000000000000000, 0.000000000000000000, 1.000000000000000000 ) ) ;
#4666 = CARTESIAN_POINT ( 'NONE',  ( -1.489999999999999991, 1.800000000000000044, -1.349999999999999201 ) ) ;
#4667 = DIRECTION ( 'NONE',  ( 1.000000000000000000, 0.000000000000000000, 0.000000000000000000 ) ) ;
#4668 = COLOUR_RGB ( '',0.1098039215686274495, 0.1098039215686274495, 0.1098039215686274495 ) ;
#4669 =( LENGTH_UNIT ( ) NAMED_UNIT ( * ) SI_UNIT ( .MILLI., .METRE. ) );
#4670 = CIRCLE ( 'NONE', #3580, 0.1499999999999999667 ) ;
#4671 = EDGE_CURVE ( 'NONE', #3508, #6754, #3772, .T. ) ;
#4672 = DIRECTION ( 'NONE',  ( -1.000000000000000000, 0.000000000000000000, 0.000000000000000000 ) ) ;
#4673 = FILL_AREA_STYLE_COLOUR ( '', #1269 ) ;
#4674 = EDGE_LOOP ( 'NONE', ( #2763, #6263, #2712, #4043, #3219 ) ) ;
#4675 = CARTESIAN_POINT ( 'NONE',  ( -0.6387408738133373287, 1.141388950453919193, 1.568976886809337223 ) ) ;
#4676 = UNCERTAINTY_MEASURE_WITH_UNIT (LENGTH_MEASURE( 1.000000000000000082E-05 ), #1203, 'distance_accuracy_value', 'NONE');
#4677 = CARTESIAN_POINT ( 'NONE',  ( -0.6378580885631437436, 1.154919124881872650, -1.560737943679390227 ) ) ;
#4678 = SURFACE_STYLE_FILL_AREA ( #5715 ) ;
#4679 = ORIENTED_EDGE ( 'NONE', *, *, #1717, .T. ) ;
#4680 = CARTESIAN_POINT ( 'NONE',  ( 0.000000000000000000, 2.000000000000000888, -1.550000000000000044 ) ) ;
#4681 = VECTOR ( 'NONE', #3101, 1000.000000000000000 ) ;
#4682 = UNCERTAINTY_MEASURE_WITH_UNIT (LENGTH_MEASURE( 1.000000000000000082E-05 ), #4411, 'distance_accuracy_value', 'NONE');
#4683 = MECHANICAL_DESIGN_GEOMETRIC_PRESENTATION_REPRESENTATION (  '', ( #2513 ), #1513 ) ;
#4684 = CARTESIAN_POINT ( 'NONE',  ( -0.6899999999999998357, 1.300000000000000044, 1.520047317545275778 ) ) ;
#4685 = CARTESIAN_POINT ( 'NONE',  ( 0.000000000000000000, -1.050000000000000044, -1.549999999999999822 ) ) ;
#4686 = DIRECTION ( 'NONE',  ( 1.000000000000000000, -0.000000000000000000, -0.000000000000000000 ) ) ;
#4687 = VERTEX_POINT ( 'NONE', #3208 ) ;
#4688 = ORIENTED_EDGE ( 'NONE', *, *, #1221, .F. ) ;
#4689 = EDGE_CURVE ( 'NONE', #4647, #4889, #349, .T. ) ;
#4690 = FACE_OUTER_BOUND ( 'NONE', #6611, .T. ) ;
#4691 = FACE_OUTER_BOUND ( 'NONE', #6247, .T. ) ;
#4692 = UNCERTAINTY_MEASURE_WITH_UNIT (LENGTH_MEASURE( 1.000000000000000082E-05 ), #3215, 'distance_accuracy_value', 'NONE');
#4693 = CARTESIAN_POINT ( 'NONE',  ( -0.5899999999999999689, 1.008455638248164199, -1.781764566457535670 ) ) ;
#4694 =( NAMED_UNIT ( * ) PLANE_ANGLE_UNIT ( ) SI_UNIT ( $, .RADIAN. ) );
#4695 = CARTESIAN_POINT ( 'NONE',  ( -0.5899999999999999689, 0.8535898384862267152, 2.050000000000000266 ) ) ;
#4696 = ORIENTED_EDGE ( 'NONE', *, *, #2044, .F. ) ;
#4697 = MECHANICAL_DESIGN_GEOMETRIC_PRESENTATION_REPRESENTATION (  '', ( #6497 ), #794 ) ;
#4698 = CARTESIAN_POINT ( 'NONE',  ( 0.05000000000000000278, -0.8479274057836300171, 1.900000000000001243 ) ) ;
#4699 = ORIENTED_EDGE ( 'NONE', *, *, #491, .F. ) ;
#4700 = CARTESIAN_POINT ( 'NONE',  ( -0.6965148626235182494, 1.353097213791745634, 1.296431382837266000 ) ) ;
#4701 = CARTESIAN_POINT ( 'NONE',  ( -0.1699999999999999567, 1.300000000000000044, 1.740047317545275751 ) ) ;
#4702 = CARTESIAN_POINT ( 'NONE',  ( -1.889999999999999902, 0.7669872981077828777, -2.049999999999999822 ) ) ;
#4703 = CARTESIAN_POINT ( 'NONE',  ( 0.06000000000000000472, -1.850000000000000977, -1.549999999999999822 ) ) ;
#4704 = AXIS2_PLACEMENT_3D ( 'NONE', #3957, #3464, #2283 ) ;
#4705 = STYLED_ITEM ( 'NONE', ( #706 ), #831 ) ;
#4706 = DIRECTION ( 'NONE',  ( 1.000000000000000000, -0.000000000000000000, -0.000000000000000000 ) ) ;
#4707 = FILL_AREA_STYLE ('',( #2353 ) ) ;
#4708 = DIRECTION ( 'NONE',  ( 1.000000000000000000, -0.000000000000000000, -0.000000000000000000 ) ) ;
#4709 = VECTOR ( 'NONE', #3052, 1000.000000000000000 ) ;
#4710 = VECTOR ( 'NONE', #5341, 1000.000000000000000 ) ;
#4711 = EDGE_CURVE ( 'NONE', #1702, #6472, #2642, .T. ) ;
#4712 = DIRECTION ( 'NONE',  ( -1.000000000000000000, 0.000000000000000000, 1.807003620809174632E-16 ) ) ;
#4713 = SURFACE_STYLE_USAGE ( .BOTH. , #1735 ) ;
#4714 = EDGE_LOOP ( 'NONE', ( #1550, #4634, #6097, #2163 ) ) ;
#4715 = CARTESIAN_POINT ( 'NONE',  ( -0.5899999999999999689, -2.000000000000000444, 1.449999999999999734 ) ) ;
#4716 =( NAMED_UNIT ( * ) SI_UNIT ( $, .STERADIAN. ) SOLID_ANGLE_UNIT ( ) );
#4717 = CIRCLE ( 'NONE', #1191, 0.1499999999999999667 ) ;
#4718 = ADVANCED_FACE ( 'NONE', ( #4034 ), #6245, .T. ) ;
#4719 = COLOUR_RGB ( '',0.8980392156862745390, 0.8980392156862745390, 0.8980392156862745390 ) ;
#4720 = FILL_AREA_STYLE_COLOUR ( '', #2990 ) ;
#4721 = SURFACE_STYLE_USAGE ( .BOTH. , #1291 ) ;
#4722 = AXIS2_PLACEMENT_3D ( 'NONE', #682, #649, #102 ) ;
#4723 = EDGE_CURVE ( 'NONE', #6023, #7459, #2213, .T. ) ;
#4724 = LINE ( 'NONE', #7057, #3810 ) ;
#4725 = DIRECTION ( 'NONE',  ( 0.000000000000000000, 0.000000000000000000, 1.000000000000000000 ) ) ;
#4726 = CARTESIAN_POINT ( 'NONE',  ( -0.8406803038083915380, 0.07556594568320237904, -1.807036899956954157 ) ) ;
#4727 = LINE ( 'NONE', #103, #2205 ) ;
#4728 = ORIENTED_EDGE ( 'NONE', *, *, #3394, .F. ) ;
#4729 = ORIENTED_EDGE ( 'NONE', *, *, #406, .T. ) ;
#4730 = COLOUR_RGB ( '',0.1098039215686274495, 0.1098039215686274495, 0.1098039215686274495 ) ;
#4731 = LINE ( 'NONE', #1873, #1015 ) ;
#4732 = DIRECTION ( 'NONE',  ( -1.000000000000000000, 0.000000000000000000, 0.000000000000000000 ) ) ;
#4733 =( NAMED_UNIT ( * ) SI_UNIT ( $, .STERADIAN. ) SOLID_ANGLE_UNIT ( ) );
#4734 = CARTESIAN_POINT ( 'NONE',  ( -0.5899999999999999689, -1.200000000000000178, -1.550000000000000266 ) ) ;
#4735 = EDGE_CURVE ( 'NONE', #1490, #5352, #1554, .T. ) ;
#4736 = ORIENTED_EDGE ( 'NONE', *, *, #2368, .T. ) ;
#4737 = CARTESIAN_POINT ( 'NONE',  ( -0.8406803038083928703, 0.07556594568320498806, 1.807036899956953935 ) ) ;
#4738 = MECHANICAL_DESIGN_GEOMETRIC_PRESENTATION_REPRESENTATION (  '', ( #1604 ), #2306 ) ;
#4739 = ORIENTED_EDGE ( 'NONE', *, *, #2153, .T. ) ;
#4740 = PRESENTATION_LAYER_ASSIGNMENT (  '', '', ( #498 ) ) ;
#4741 = DIRECTION ( 'NONE',  ( -1.000000000000000000, -0.000000000000000000, -0.000000000000000000 ) ) ;
#4742 = ADVANCED_FACE ( 'NONE', ( #5218 ), #2362, .F. ) ;
#4743 = PRESENTATION_STYLE_ASSIGNMENT (( #2429 ) ) ;
#4744 = EDGE_CURVE ( 'NONE', #6447, #1514, #5331, .T. ) ;
#4745 = CARTESIAN_POINT ( 'NONE',  ( -1.489999999999999991, 1.800000000000000266, -0.3572701230160224006 ) ) ;
#4746 = CYLINDRICAL_SURFACE ( 'NONE', #4382, 0.1499999999999999667 ) ;
#4747 = PRESENTATION_STYLE_ASSIGNMENT (( #5392 ) ) ;
#4748 =( NAMED_UNIT ( * ) PLANE_ANGLE_UNIT ( ) SI_UNIT ( $, .RADIAN. ) );
#4749 = VECTOR ( 'NONE', #2509, 1000.000000000000000 ) ;
#4750 = FILL_AREA_STYLE_COLOUR ( '', #5975 ) ;
#4751 = AXIS2_PLACEMENT_3D ( 'NONE', #1930, #711, #4214 ) ;
#4752 = LINE ( 'NONE', #5820, #671 ) ;
#4753 = B_SPLINE_CURVE_WITH_KNOTS ( 'NONE', 3,
 ( #2255, #4566, #546, #6500, #6433, #2448, #3546, #3695, #5445, #1219 ),
 .UNSPECIFIED., .F., .F.,
 ( 4, 2, 2, 2, 4 ),
 ( 0.0001764335681501055309, 0.0002039655356620121048, 0.0002314975031739186515, 0.0002865614381977315823, 0.0003966893082453574440 ),
 .UNSPECIFIED. ) ;
#4754 = CARTESIAN_POINT ( 'NONE',  ( 0.000000000000000000, -1.200000000000000178, -1.550000000000000266 ) ) ;
#4755 = STYLED_ITEM ( 'NONE', ( #6636 ), #5064 ) ;
#4756 = EDGE_LOOP ( 'NONE', ( #3795, #3792, #6428, #3800 ) ) ;
#4757 = VECTOR ( 'NONE', #5251, 1000.000000000000000 ) ;
#4758 = MECHANICAL_DESIGN_GEOMETRIC_PRESENTATION_REPRESENTATION (  '', ( #2202 ), #26 ) ;
#4759 = DIRECTION ( 'NONE',  ( 0.000000000000000000, 0.000000000000000000, -1.000000000000000000 ) ) ;
#4760 = AXIS2_PLACEMENT_3D ( 'NONE', #2134, #4451, #6773 ) ;
#4761 = COLOUR_RGB ( '',0.1098039215686274495, 0.1098039215686274495, 0.1098039215686274495 ) ;
#4762 = EDGE_CURVE ( 'NONE', #3933, #6315, #1561, .T. ) ;
#4763 = FILL_AREA_STYLE_COLOUR ( '', #4544 ) ;
#4764 = DIRECTION ( 'NONE',  ( 0.000000000000000000, 2.710505431213758620E-16, -1.000000000000000000 ) ) ;
#4765 = VECTOR ( 'NONE', #6124, 1000.000000000000000 ) ;
#4766 = AXIS2_PLACEMENT_3D ( 'NONE', #4440, #1623, #460 ) ;
#4767 = CARTESIAN_POINT ( 'NONE',  ( -1.889999999999999902, 1.113397459621555674, 1.599999999999999867 ) ) ;
#4768 = ORIENTED_EDGE ( 'NONE', *, *, #923, .T. ) ;
#4769 = ORIENTED_EDGE ( 'NONE', *, *, #2328, .T. ) ;
#4770 = LINE ( 'NONE', #5340, #2977 ) ;
#4771 = FACE_OUTER_BOUND ( 'NONE', #7154, .T. ) ;
#4772 = UNCERTAINTY_MEASURE_WITH_UNIT (LENGTH_MEASURE( 1.000000000000000082E-05 ), #1965, 'distance_accuracy_value', 'NONE');
#4773 = EDGE_CURVE ( 'NONE', #4889, #333, #6317, .T. ) ;
#4774 = CARTESIAN_POINT ( 'NONE',  ( -0.6372932636518873206, -1.124106412419524803, 1.584172660477846994 ) ) ;
#4775 = ORIENTED_EDGE ( 'NONE', *, *, #6883, .T. ) ;
#4776 = CARTESIAN_POINT ( 'NONE',  ( -0.8406803038083915380, 0.1133489185248080788, 1.804663793605830957 ) ) ;
#4777 = ORIENTED_EDGE ( 'NONE', *, *, #1484, .F. ) ;
#4778 = FACE_OUTER_BOUND ( 'NONE', #1610, .T. ) ;
#4779 = DIRECTION ( 'NONE',  ( 0.000000000000000000, -1.000000000000000000, -5.654342256568344109E-16 ) ) ;
#4780 = DIRECTION ( 'NONE',  ( 0.000000000000000000, 0.000000000000000000, 1.000000000000000000 ) ) ;
#4782 = DIRECTION ( 'NONE',  ( -1.000000000000000000, 0.000000000000000000, 0.000000000000000000 ) ) ;
#4781 = VECTOR ( 'NONE', #5680, 1000.000000000000000 ) ;
#4783 = COLOUR_RGB ( '',0.6666666666666666297, 0.6980392156862744724, 0.7686274509803920907 ) ;
#4784 = SURFACE_STYLE_FILL_AREA ( #5348 ) ;
#4785 = PLANE ( 'NONE',  #571 ) ;
#4786 = CARTESIAN_POINT ( 'NONE',  ( -1.340000000000000080, 0.000000000000000000, 0.000000000000000000 ) ) ;
#4787 = AXIS2_PLACEMENT_3D ( 'NONE', #2435, #4625, #6347 ) ;
#4788 = ORIENTED_EDGE ( 'NONE', *, *, #4810, .T. ) ;
#4789 = AXIS2_PLACEMENT_3D ( 'NONE', #3637, #151, #1806 ) ;
#4790 = PRESENTATION_STYLE_ASSIGNMENT (( #5288 ) ) ;
#4791 = DIRECTION ( 'NONE',  ( -0.000000000000000000, -0.4999999999999966138, 0.8660254037844407060 ) ) ;
#4792 = ORIENTED_EDGE ( 'NONE', *, *, #1918, .F. ) ;
#4793 = CARTESIAN_POINT ( 'NONE',  ( -0.6330644189661067678, 1.113397459621556340, -1.600000000000000533 ) ) ;
#4794 = CIRCLE ( 'NONE', #5772, 0.04999999999999991257 ) ;
#4795 =( NAMED_UNIT ( * ) SI_UNIT ( $, .STERADIAN. ) SOLID_ANGLE_UNIT ( ) );
#4796 = CARTESIAN_POINT ( 'NONE',  ( -0.01486762888329637954, -1.251135617677213485, 1.549999999999999822 ) ) ;
#4797 = SURFACE_SIDE_STYLE ('',( #2489 ) ) ;
#4798 = SURFACE_STYLE_USAGE ( .BOTH. , #2492 ) ;
#4799 = DIRECTION ( 'NONE',  ( -1.000000000000000000, 0.000000000000000000, 0.000000000000000000 ) ) ;
#4800 = ORIENTED_EDGE ( 'NONE', *, *, #768, .F. ) ;
#4801 = VERTEX_POINT ( 'NONE', #540 ) ;
#4802 = CARTESIAN_POINT ( 'NONE',  ( -0.000000000000000000, 1.250665499763349064, 1.594248192587466306 ) ) ;
#4803 = EDGE_CURVE ( 'NONE', #94, #5260, #6183, .T. ) ;
#4804 = MECHANICAL_DESIGN_GEOMETRIC_PRESENTATION_REPRESENTATION (  '', ( #92 ), #4439 ) ;
#4805 = CARTESIAN_POINT ( 'NONE',  ( -0.5899999999999999689, 0.000000000000000000, 0.000000000000000000 ) ) ;
#4806 = DIRECTION ( 'NONE',  ( -1.000000000000000000, 0.000000000000000000, 0.000000000000000000 ) ) ;
#4807 = VERTEX_POINT ( 'NONE', #1256 ) ;
#4808 = ADVANCED_FACE ( 'NONE', ( #3539 ), #4260, .T. ) ;
#4809 =( NAMED_UNIT ( * ) PLANE_ANGLE_UNIT ( ) SI_UNIT ( $, .RADIAN. ) );
#4810 = EDGE_CURVE ( 'NONE', #1299, #4179, #756, .T. ) ;
#4811 = ORIENTED_EDGE ( 'NONE', *, *, #7476, .F. ) ;
#4812 = FILL_AREA_STYLE_COLOUR ( '', #4421 ) ;
#4813 = CARTESIAN_POINT ( 'NONE',  ( -1.889999999999999902, 1.800000000000000044, -1.349999999999999201 ) ) ;
#4814 = FILL_AREA_STYLE_COLOUR ( '', #3651 ) ;
#4815 = CARTESIAN_POINT ( 'NONE',  ( -1.489999999999999991, -1.800000000000000044, -1.349999999999999201 ) ) ;
#4816 = ADVANCED_FACE ( 'NONE', ( #171 ), #717, .T. ) ;
#4817 =( NAMED_UNIT ( * ) PLANE_ANGLE_UNIT ( ) SI_UNIT ( $, .RADIAN. ) );
#4818 = STYLED_ITEM ( 'NONE', ( #4969 ), #90 ) ;
#4819 = EDGE_LOOP ( 'NONE', ( #1558, #1871, #5414, #2262 ) ) ;
#4820 = STYLED_ITEM ( 'NONE', ( #3354 ), #6168 ) ;
#4821 = CIRCLE ( 'NONE', #5069, 0.1499999999999986622 ) ;
#4822 =( LENGTH_UNIT ( ) NAMED_UNIT ( * ) SI_UNIT ( .MILLI., .METRE. ) );
#4823 = CARTESIAN_POINT ( 'NONE',  ( 0.000000000000000000, -1.850000000000000533, 1.549999999999999156 ) ) ;
#4824 = LINE ( 'NONE', #1933, #4709 ) ;
#4825 = SURFACE_STYLE_USAGE ( .BOTH. , #1289 ) ;
#4826 =( GEOMETRIC_REPRESENTATION_CONTEXT ( 3 ) GLOBAL_UNCERTAINTY_ASSIGNED_CONTEXT ( ( #3992 ) ) GLOBAL_UNIT_ASSIGNED_CONTEXT ( ( #1305, #3002, #215 ) ) REPRESENTATION_CONTEXT ( 'NONE', 'WORKASPACE' ) );
#4827 = FILL_AREA_STYLE_COLOUR ( '', #862 ) ;
#4828 = MECHANICAL_DESIGN_GEOMETRIC_PRESENTATION_REPRESENTATION (  '', ( #4108 ), #1429 ) ;
#4829 = CARTESIAN_POINT ( 'NONE',  ( -0.04993093686618577803, 1.281004782672075626, 1.549999998037300486 ) ) ;
#4830 = SURFACE_STYLE_USAGE ( .BOTH. , #4797 ) ;
#4831 = COLOUR_RGB ( '',0.6666666666666666297, 0.6980392156862744724, 0.7686274509803920907 ) ;
#4832 =( LENGTH_UNIT ( ) NAMED_UNIT ( * ) SI_UNIT ( .MILLI., .METRE. ) );
#4833 = CARTESIAN_POINT ( 'NONE',  ( -0.8406516964877221998, 0.03778297284160118258, -1.808224717252046476 ) ) ;
#4834 =( NAMED_UNIT ( * ) SI_UNIT ( $, .STERADIAN. ) SOLID_ANGLE_UNIT ( ) );
#4835 = CARTESIAN_POINT ( 'NONE',  ( -0.03764099862028541521, 1.336385559328696626, 1.549999999999999822 ) ) ;
#4836 = EDGE_LOOP ( 'NONE', ( #4638, #4679 ) ) ;
#4837 = ORIENTED_EDGE ( 'NONE', *, *, #3862, .T. ) ;
#4838 = CARTESIAN_POINT ( 'NONE',  ( 0.06000000000000000472, 1.850000000000000977, -1.399999999999999245 ) ) ;
#4839 = STYLED_ITEM ( 'NONE', ( #6172 ), #1555 ) ;
#4840 = VECTOR ( 'NONE', #1177, 1000.000000000000114 ) ;
#4841 = CARTESIAN_POINT ( 'NONE',  ( 0.000000000000000000, -2.000000000000000888, -1.399999999999998579 ) ) ;
#4842 =( NAMED_UNIT ( * ) SI_UNIT ( $, .STERADIAN. ) SOLID_ANGLE_UNIT ( ) );
#4843 = UNCERTAINTY_MEASURE_WITH_UNIT (LENGTH_MEASURE( 1.000000000000000082E-05 ), #1525, 'distance_accuracy_value', 'NONE');
#4844 = DIRECTION ( 'NONE',  ( 1.000000000000000000, -0.000000000000000000, -0.000000000000000000 ) ) ;
#4845 = DIRECTION ( 'NONE',  ( 1.000000000000000000, 0.000000000000000000, 0.000000000000000000 ) ) ;
#4846 = CARTESIAN_POINT ( 'NONE',  ( -1.340000000000000080, 0.000000000000000000, 0.000000000000000000 ) ) ;
#4847 =( GEOMETRIC_REPRESENTATION_CONTEXT ( 3 ) GLOBAL_UNCERTAINTY_ASSIGNED_CONTEXT ( ( #5607 ) ) GLOBAL_UNIT_ASSIGNED_CONTEXT ( ( #7132, #2402, #5439 ) ) REPRESENTATION_CONTEXT ( 'NONE', 'WORKASPACE' ) );
#4848 = ORIENTED_EDGE ( 'NONE', *, *, #2553, .F. ) ;
#4849 = CARTESIAN_POINT ( 'NONE',  ( 0.000000000000000000, 1.200000000000000178, -1.649999999999999911 ) ) ;
#4850 = ORIENTED_EDGE ( 'NONE', *, *, #2373, .F. ) ;
#4851 = FILL_AREA_STYLE ('',( #4203 ) ) ;
#4852 = PRESENTATION_LAYER_ASSIGNMENT (  '', '', ( #5947 ) ) ;
#4853 = EDGE_CURVE ( 'NONE', #1099, #6911, #246, .T. ) ;
#4854 = FILL_AREA_STYLE_COLOUR ( '', #3852 ) ;
#4855 = DIRECTION ( 'NONE',  ( 0.000000000000000000, 0.000000000000000000, 1.000000000000000000 ) ) ;
#4856 = CARTESIAN_POINT ( 'NONE',  ( -1.334783617450284510, 1.725896506808219710, 0.08247212780510455865 ) ) ;
#4857 = PRESENTATION_LAYER_ASSIGNMENT (  '', '', ( #1604 ) ) ;
#4858 =( GEOMETRIC_REPRESENTATION_CONTEXT ( 3 ) GLOBAL_UNCERTAINTY_ASSIGNED_CONTEXT ( ( #3937 ) ) GLOBAL_UNIT_ASSIGNED_CONTEXT ( ( #2517, #274, #7284 ) ) REPRESENTATION_CONTEXT ( 'NONE', 'WORKASPACE' ) );
#4859 = VERTEX_POINT ( 'NONE', #3650 ) ;
#4860 = SURFACE_STYLE_FILL_AREA ( #7279 ) ;
#4861 = DIRECTION ( 'NONE',  ( 0.000000000000000000, -2.710505431213758620E-16, 1.000000000000000000 ) ) ;
#4862 = ORIENTED_EDGE ( 'NONE', *, *, #6538, .F. ) ;
#4863 = DIRECTION ( 'NONE',  ( 0.000000000000000000, 0.000000000000000000, -1.000000000000000000 ) ) ;
#4864 = CARTESIAN_POINT ( 'NONE',  ( -0.000000000000000000, 1.250664949615197585, 1.594126135960314272 ) ) ;
#4865 = DIRECTION ( 'NONE',  ( 0.000000000000000000, 0.000000000000000000, -1.000000000000000000 ) ) ;
#4866 = FILL_AREA_STYLE ('',( #2667 ) ) ;
#4867 = CARTESIAN_POINT ( 'NONE',  ( 0.000000000000000000, -0.7669872981077823226, 2.000000000000000000 ) ) ;
#4868 = LINE ( 'NONE', #6498, #2584 ) ;
#4869 = ORIENTED_EDGE ( 'NONE', *, *, #1317, .T. ) ;
#4870 = PRESENTATION_LAYER_ASSIGNMENT (  '', '', ( #6099 ) ) ;
#4871 = FILL_AREA_STYLE ('',( #2337 ) ) ;
#4872 = DIRECTION ( 'NONE',  ( -0.000000000000000000, -1.000000000000000000, 0.000000000000000000 ) ) ;
#4873 = DIRECTION ( 'NONE',  ( 0.9863939238321436376, 0.000000000000000000, -0.1643989873053574302 ) ) ;
#4874 = CARTESIAN_POINT ( 'NONE',  ( -1.489999999999999991, -1.800000000000000266, 0.5323422472791539128 ) ) ;
#4875 = CIRCLE ( 'NONE', #1471, 2.104138126514910834 ) ;
#4876 = VECTOR ( 'NONE', #1454, 1000.000000000000000 ) ;
#4877 = DIRECTION ( 'NONE',  ( -0.000000000000000000, -1.000000000000000000, -0.000000000000000000 ) ) ;
#4878 = VERTEX_POINT ( 'NONE', #2522 ) ;
#4879 = ORIENTED_EDGE ( 'NONE', *, *, #3191, .F. ) ;
#4880 = PLANE ( 'NONE',  #4972 ) ;
#4881 = STYLED_ITEM ( 'NONE', ( #4065 ), #5604 ) ;
#4882 = DIRECTION ( 'NONE',  ( 1.000000000000000000, -0.000000000000000000, -0.000000000000000000 ) ) ;
#4883 = CYLINDRICAL_SURFACE ( 'NONE', #3620, 0.04999999999999991257 ) ;
#4884 = SURFACE_STYLE_FILL_AREA ( #657 ) ;
#4885 = DIRECTION ( 'NONE',  ( -0.000000000000000000, 0.000000000000000000, -1.000000000000000000 ) ) ;
#4886 = EDGE_CURVE ( 'NONE', #1445, #2884, #6465, .T. ) ;
#4887 = ORIENTED_EDGE ( 'NONE', *, *, #3332, .F. ) ;
#4888 =( NAMED_UNIT ( * ) PLANE_ANGLE_UNIT ( ) SI_UNIT ( $, .RADIAN. ) );
#4889 = VERTEX_POINT ( 'NONE', #1860 ) ;
#4890 = DIRECTION ( 'NONE',  ( 0.000000000000000000, 0.000000000000000000, -1.000000000000000000 ) ) ;
#4891 = CARTESIAN_POINT ( 'NONE',  ( -0.6750637627180168243, -1.250142696721682434, 1.422839986172752091 ) ) ;
#4892 = COLOUR_RGB ( '',0.1098039215686274495, 0.1098039215686274495, 0.1098039215686274495 ) ;
#4893 = CARTESIAN_POINT ( 'NONE',  ( -0.8406803038083928703, -0.07556594568320240679, -1.807036899956953935 ) ) ;
#4894 = DIRECTION ( 'NONE',  ( 1.000000000000000000, -0.000000000000000000, -0.000000000000000000 ) ) ;
#4895 = SURFACE_STYLE_USAGE ( .BOTH. , #2002 ) ;
#4896 = CARTESIAN_POINT ( 'NONE',  ( -1.330990512179975216, 1.720515457780193325, 0.1656843285208673966 ) ) ;
#4897 = ORIENTED_EDGE ( 'NONE', *, *, #6559, .F. ) ;
#4898 = CARTESIAN_POINT ( 'NONE',  ( -0.5899999999999999689, 2.000000000000000888, -1.450000000000000178 ) ) ;
#4899 = CARTESIAN_POINT ( 'NONE',  ( -1.489999999999999991, -1.800000000000000044, -1.349999999999999201 ) ) ;
#4900 = VERTEX_POINT ( 'NONE', #4183 ) ;
#4901 = CARTESIAN_POINT ( 'NONE',  ( -0.8406803038083915380, 1.809410006308077579, 0.03778297284161157704 ) ) ;
#4902 = CARTESIAN_POINT ( 'NONE',  ( -0.7399999999999998801, -1.300000000000695044, 1.308264122060941892 ) ) ;
#4903 = SURFACE_STYLE_USAGE ( .BOTH. , #2559 ) ;
#4904 = DIRECTION ( 'NONE',  ( -0.000000000000000000, -1.000000000000000000, -8.131516293641289172E-16 ) ) ;
#4905 = CARTESIAN_POINT ( 'NONE',  ( -0.1699999999999999567, -1.300000000000000044, 1.690047317545275707 ) ) ;
#4906 = STYLED_ITEM ( 'NONE', ( #1412 ), #3544 ) ;
#4907 = STYLED_ITEM ( 'NONE', ( #3477 ), #2525 ) ;
#4908 = EDGE_CURVE ( 'NONE', #6312, #588, #5362, .T. ) ;
#4909 = FACE_OUTER_BOUND ( 'NONE', #5384, .T. ) ;
#4910 = STYLED_ITEM ( 'NONE', ( #6467 ), #3837 ) ;
#4911 = ORIENTED_EDGE ( 'NONE', *, *, #3697, .F. ) ;
#4912 = DIRECTION ( 'NONE',  ( 0.000000000000000000, 0.000000000000000000, -1.000000000000000000 ) ) ;
#4913 = CARTESIAN_POINT ( 'NONE',  ( -0.6353128704865698140, -1.169747841294448198, -1.554685746639581145 ) ) ;
#4914 = CARTESIAN_POINT ( 'NONE',  ( -0.8406803038083915380, -1.804663793605829181, -0.1133489185248336278 ) ) ;
#4915 = PRESENTATION_STYLE_ASSIGNMENT (( #6134 ) ) ;
#4916 = CARTESIAN_POINT ( 'NONE',  ( -1.889999999999999902, 1.600000000000000311, 1.549999999999998490 ) ) ;
#4917 = ORIENTED_EDGE ( 'NONE', *, *, #2853, .T. ) ;
#4918 = ORIENTED_EDGE ( 'NONE', *, *, #2278, .F. ) ;
#4919 = CARTESIAN_POINT ( 'NONE',  ( 1.530591602633186772E-38, 1.262738081546925129, 1.636917814881603706 ) ) ;
#4920 = SURFACE_STYLE_USAGE ( .BOTH. , #288 ) ;
#4921 = ADVANCED_FACE ( 'NONE', ( #2010 ), #485, .T. ) ;
#4922 = DIRECTION ( 'NONE',  ( 0.000000000000000000, -1.000000000000000000, 1.548860246407865555E-16 ) ) ;
#4923 = VERTEX_POINT ( 'NONE', #3407 ) ;
#4924 = LINE ( 'NONE', #3850, #1795 ) ;
#4925 = VECTOR ( 'NONE', #7047, 1000.000000000000000 ) ;
#4926 = CARTESIAN_POINT ( 'NONE',  ( -1.889999999999999902, -1.199999999999999734, 1.649999999999999467 ) ) ;
#4927 = FILL_AREA_STYLE_COLOUR ( '', #1062 ) ;
#4928 = FACE_OUTER_BOUND ( 'NONE', #3475, .T. ) ;
#4929 = ORIENTED_EDGE ( 'NONE', *, *, #1783, .T. ) ;
#4930 = CARTESIAN_POINT ( 'NONE',  ( 0.000000000000000000, -1.849999999999999645, 1.549999999999999156 ) ) ;
#4931 = DIRECTION ( 'NONE',  ( 1.000000000000000000, -0.000000000000000000, -0.000000000000000000 ) ) ;
#4932 = ORIENTED_EDGE ( 'NONE', *, *, #5997, .F. ) ;
#4933 = CIRCLE ( 'NONE', #5547, 0.1000000000000009076 ) ;
#4934 = CARTESIAN_POINT ( 'NONE',  ( -1.939999999999999947, 1.070096189432334643, -1.575000000000000400 ) ) ;
#4935 = CARTESIAN_POINT ( 'NONE',  ( -1.889999999999999902, -0.7669872981077823226, 2.049999999999999378 ) ) ;
#4936 = TOROIDAL_SURFACE ( 'NONE', #6037, 0.1699999999999999567, 0.04999999999999998196 ) ;
#4937 = ORIENTED_EDGE ( 'NONE', *, *, #5806, .F. ) ;
#4938 = FILL_AREA_STYLE_COLOUR ( '', #4455 ) ;
#4939 = DIRECTION ( 'NONE',  ( 0.000000000000000000, -1.495451272393799296E-16, 1.000000000000000000 ) ) ;
#4940 = LINE ( 'NONE', #3880, #2702 ) ;
#4941 = ORIENTED_EDGE ( 'NONE', *, *, #1940, .T. ) ;
#4942 = ORIENTED_EDGE ( 'NONE', *, *, #7418, .F. ) ;
#4943 = LINE ( 'NONE', #3137, #1936 ) ;
#4944 = MECHANICAL_DESIGN_GEOMETRIC_PRESENTATION_REPRESENTATION (  '', ( #2766 ), #3251 ) ;
#4945 = EDGE_CURVE ( 'NONE', #1870, #5322, #2192, .T. ) ;
#4946 = STYLED_ITEM ( 'NONE', ( #1620 ), #1169 ) ;
#4947 =( GEOMETRIC_REPRESENTATION_CONTEXT ( 3 ) GLOBAL_UNCERTAINTY_ASSIGNED_CONTEXT ( ( #1875 ) ) GLOBAL_UNIT_ASSIGNED_CONTEXT ( ( #5954, #1379, #4842 ) ) REPRESENTATION_CONTEXT ( 'NONE', 'WORKASPACE' ) );
#4948 = FILL_AREA_STYLE_COLOUR ( '', #3805 ) ;
#4949 = FILL_AREA_STYLE_COLOUR ( '', #6055 ) ;
#4950 = LINE ( 'NONE', #882, #3848 ) ;
#4951 = TOROIDAL_SURFACE ( 'NONE', #5693, 2.104138126514910834, 0.2999999999999999889 ) ;
#4952 = FILL_AREA_STYLE_COLOUR ( '', #1700 ) ;
#4953 = CIRCLE ( 'NONE', #5327, 1.729109974682633943 ) ;
#4954 = ORIENTED_EDGE ( 'NONE', *, *, #2963, .T. ) ;
#4955 = DIRECTION ( 'NONE',  ( -1.000000000000000000, 0.000000000000000000, 0.000000000000000000 ) ) ;
#4956 = FACE_OUTER_BOUND ( 'NONE', #4317, .T. ) ;
#4957 = DIRECTION ( 'NONE',  ( 0.000000000000000000, 1.000000000000000000, -2.710505431213758620E-16 ) ) ;
#4958 = COLOUR_RGB ( '',0.8980392156862745390, 0.8980392156862745390, 0.8980392156862745390 ) ;
#4959 = EDGE_CURVE ( 'NONE', #5377, #6171, #956, .T. ) ;
#4960 =( NAMED_UNIT ( * ) SI_UNIT ( $, .STERADIAN. ) SOLID_ANGLE_UNIT ( ) );
#4961 = VERTEX_POINT ( 'NONE', #2762 ) ;
#4962 = EDGE_CURVE ( 'NONE', #7484, #6695, #3160, .T. ) ;
#4963 = AXIS2_PLACEMENT_3D ( 'NONE', #2146, #6793, #6837 ) ;
#4964 = LINE ( 'NONE', #4336, #3720 ) ;
#4965 = CARTESIAN_POINT ( 'NONE',  ( -1.939999999999999947, 1.750000000000000444, 1.349999999999998312 ) ) ;
#4966 = ORIENTED_EDGE ( 'NONE', *, *, #1872, .F. ) ;
#4967 = VECTOR ( 'NONE', #3338, 1000.000000000000000 ) ;
#4968 = SURFACE_STYLE_FILL_AREA ( #6154 ) ;
#4969 = PRESENTATION_STYLE_ASSIGNMENT (( #3267 ) ) ;
#4970 = AXIS2_PLACEMENT_3D ( 'NONE', #3479, #5306, #3558 ) ;
#4971 = CARTESIAN_POINT ( 'NONE',  ( -1.334753093972984361, -1.725847189408042048, 0.08360288727599420044 ) ) ;
#4972 = AXIS2_PLACEMENT_3D ( 'NONE', #2968, #698, #3040 ) ;
#4973 = CARTESIAN_POINT ( 'NONE',  ( -1.340000000000000080, 1.800000000000000044, -0.5323422472791546900 ) ) ;
#4974 = EDGE_LOOP ( 'NONE', ( #2129, #6259, #4696, #3051 ) ) ;
#4975 = ADVANCED_FACE ( 'NONE', ( #4546 ), #4342, .T. ) ;
#4976 = PRESENTATION_STYLE_ASSIGNMENT (( #6163 ) ) ;
#4977 = EDGE_LOOP ( 'NONE', ( #2084, #1587, #617, #1820 ) ) ;
#4978 = CARTESIAN_POINT ( 'NONE',  ( -1.315340151904196286, 1.658115844191423882, -0.4903806193033528604 ) ) ;
#4979 = FILL_AREA_STYLE ('',( #3240 ) ) ;
#4980 = CARTESIAN_POINT ( 'NONE',  ( -0.5899999999999999689, -2.000000000000000444, 1.549999999999998934 ) ) ;
#4981 = PRESENTATION_LAYER_ASSIGNMENT (  '', '', ( #6943 ) ) ;
#4982 = SURFACE_SIDE_STYLE ('',( #876 ) ) ;
#4983 = VECTOR ( 'NONE', #3607, 1000.000000000000000 ) ;
#4984 = VERTEX_POINT ( 'NONE', #5042 ) ;
#4985 = VERTEX_POINT ( 'NONE', #7391 ) ;
#4986 = PRESENTATION_STYLE_ASSIGNMENT (( #7342 ) ) ;
#4987 =( GEOMETRIC_REPRESENTATION_CONTEXT ( 3 ) GLOBAL_UNCERTAINTY_ASSIGNED_CONTEXT ( ( #2862 ) ) GLOBAL_UNIT_ASSIGNED_CONTEXT ( ( #6876, #2842, #7512 ) ) REPRESENTATION_CONTEXT ( 'NONE', 'WORKASPACE' ) );
#4988 = PLANE ( 'NONE',  #414 ) ;
#4989 = VECTOR ( 'NONE', #6214, 1000.000000000000000 ) ;
#4990 =( NAMED_UNIT ( * ) PLANE_ANGLE_UNIT ( ) SI_UNIT ( $, .RADIAN. ) );
#4991 = COLOUR_RGB ( '',0.1098039215686274495, 0.1098039215686274495, 0.1098039215686274495 ) ;
#4992 = UNCERTAINTY_MEASURE_WITH_UNIT (LENGTH_MEASURE( 1.000000000000000082E-05 ), #7530, 'distance_accuracy_value', 'NONE');
#4993 = CARTESIAN_POINT ( 'NONE',  ( 0.001096210706786277748, -1.349874768544851777, 1.549999999999999822 ) ) ;
#4994 = DIRECTION ( 'NONE',  ( 1.000000000000000000, 0.000000000000000000, -0.000000000000000000 ) ) ;
#4995 = VECTOR ( 'NONE', #6078, 1000.000000000000114 ) ;
#4996 = ORIENTED_EDGE ( 'NONE', *, *, #2197, .T. ) ;
#4997 = DIRECTION ( 'NONE',  ( 0.000000000000000000, 0.000000000000000000, -1.000000000000000000 ) ) ;
#4998 = DIRECTION ( 'NONE',  ( 0.000000000000000000, 0.000000000000000000, 1.000000000000000000 ) ) ;
#4999 = EDGE_CURVE ( 'NONE', #3748, #4088, #451, .T. ) ;
#5000 = VECTOR ( 'NONE', #2641, 1000.000000000000000 ) ;
#5001 = LINE ( 'NONE', #852, #5325 ) ;
#5002 = ADVANCED_FACE ( 'NONE', ( #4164 ), #2424, .F. ) ;
#5003 = FILL_AREA_STYLE ('',( #331 ) ) ;
#5004 = DIRECTION ( 'NONE',  ( 0.000000000000000000, -1.000000000000000000, 1.606225440719267599E-16 ) ) ;
#5005 = CARTESIAN_POINT ( 'NONE',  ( 0.000000000000000000, -2.000000000000000444, 1.449999999999999734 ) ) ;
#5006 = ORIENTED_EDGE ( 'NONE', *, *, #1094, .T. ) ;
#5007 = PRESENTATION_LAYER_ASSIGNMENT (  '', '', ( #6969 ) ) ;
#5008 =( LENGTH_UNIT ( ) NAMED_UNIT ( * ) SI_UNIT ( .MILLI., .METRE. ) );
#5009 = DIRECTION ( 'NONE',  ( 0.000000000000000000, 0.000000000000000000, -1.000000000000000000 ) ) ;
#5010 = AXIS2_PLACEMENT_3D ( 'NONE', #1350, #3679, #6564 ) ;
#5011 = FACE_OUTER_BOUND ( 'NONE', #2372, .T. ) ;
#5012 = CARTESIAN_POINT ( 'NONE',  ( -1.939999999999999947, -1.200000000000000178, -1.500000000000000000 ) ) ;
#5013 =( LENGTH_UNIT ( ) NAMED_UNIT ( * ) SI_UNIT ( .MILLI., .METRE. ) );
#5014 = SURFACE_STYLE_FILL_AREA ( #2277 ) ;
#5015 = VERTEX_POINT ( 'NONE', #2381 ) ;
#5016 = ORIENTED_EDGE ( 'NONE', *, *, #3233, .T. ) ;
#5017 = SURFACE_SIDE_STYLE ('',( #1065 ) ) ;
#5018 = ORIENTED_EDGE ( 'NONE', *, *, #1283, .F. ) ;
#5019 = CARTESIAN_POINT ( 'NONE',  ( -1.889999999999999902, -1.800000000000000044, -1.349999999999999201 ) ) ;
#5020 = CARTESIAN_POINT ( 'NONE',  ( -0.5899999999999999689, 0.000000000000000000, 0.000000000000000000 ) ) ;
#5021 = AXIS2_PLACEMENT_3D ( 'NONE', #2867, #6323, #3435 ) ;
#5022 =( NAMED_UNIT ( * ) PLANE_ANGLE_UNIT ( ) SI_UNIT ( $, .RADIAN. ) );
#5023 = MECHANICAL_DESIGN_GEOMETRIC_PRESENTATION_REPRESENTATION (  '', ( #6246 ), #647 ) ;
#5024 = DIRECTION ( 'NONE',  ( 0.000000000000000000, -3.794707603699268674E-15, 1.000000000000000000 ) ) ;
#5025 = ADVANCED_FACE ( 'NONE', ( #5851 ), #4579, .T. ) ;
#5026 = VERTEX_POINT ( 'NONE', #4695 ) ;
#5027 = ORIENTED_EDGE ( 'NONE', *, *, #4113, .T. ) ;
#5028 =( GEOMETRIC_REPRESENTATION_CONTEXT ( 3 ) GLOBAL_UNCERTAINTY_ASSIGNED_CONTEXT ( ( #6297 ) ) GLOBAL_UNIT_ASSIGNED_CONTEXT ( ( #1491, #5501, #2588 ) ) REPRESENTATION_CONTEXT ( 'NONE', 'WORKASPACE' ) );
#5029 = FACE_OUTER_BOUND ( 'NONE', #3261, .T. ) ;
#5030 = SURFACE_STYLE_FILL_AREA ( #6252 ) ;
#5031 = FILL_AREA_STYLE ('',( #2649 ) ) ;
#5032 = CIRCLE ( 'NONE', #5160, 0.2199999999999999178 ) ;
#5033 = CARTESIAN_POINT ( 'NONE',  ( -0.004706050795141321526, -1.350174440237885465, 1.549999999999999822 ) ) ;
#5034 = CIRCLE ( 'NONE', #1746, 0.2199999999999999178 ) ;
#5035 = ORIENTED_EDGE ( 'NONE', *, *, #3928, .T. ) ;
#5036 = CARTESIAN_POINT ( 'NONE',  ( -0.1699999999999999567, 1.300000000000000044, 1.690047317545275707 ) ) ;
#5037 = EDGE_CURVE ( 'NONE', #6369, #2902, #7201, .T. ) ;
#5038 = CYLINDRICAL_SURFACE ( 'NONE', #5187, 0.09999999999999961697 ) ;
#5039 = SURFACE_STYLE_FILL_AREA ( #5003 ) ;
#5040 = SURFACE_STYLE_FILL_AREA ( #1616 ) ;
#5041 = ADVANCED_FACE ( 'NONE', ( #2845 ), #7513, .T. ) ;
#5042 = CARTESIAN_POINT ( 'NONE',  ( -1.889999999999999902, -1.200000000000000178, -1.550000000000000266 ) ) ;
#5043 = EDGE_CURVE ( 'NONE', #94, #7018, #111, .T. ) ;
#5044 = VERTEX_POINT ( 'NONE', #4657 ) ;
#5045 = CARTESIAN_POINT ( 'NONE',  ( -1.939999999999999947, -0.7669872981077828777, -2.000000000000000000 ) ) ;
#5046 = DIRECTION ( 'NONE',  ( 0.000000000000000000, 0.000000000000000000, -1.000000000000000000 ) ) ;
#5047 = EDGE_CURVE ( 'NONE', #630, #5290, #6333, .T. ) ;
#5048 = FILL_AREA_STYLE_COLOUR ( '', #3774 ) ;
#5049 = DIRECTION ( 'NONE',  ( 1.000000000000000000, -0.000000000000000000, -0.000000000000000000 ) ) ;
#5050 = FILL_AREA_STYLE_COLOUR ( '', #6771 ) ;
#5051 = DIRECTION ( 'NONE',  ( 1.000000000000000000, 0.000000000000000000, -0.000000000000000000 ) ) ;
#5052 = COLOUR_RGB ( '',0.6666666666666666297, 0.6980392156862744724, 0.7686274509803920907 ) ;
#5053 = SURFACE_SIDE_STYLE ('',( #5014 ) ) ;
#5054 = VERTEX_POINT ( 'NONE', #5235 ) ;
#5055 =( LENGTH_UNIT ( ) NAMED_UNIT ( * ) SI_UNIT ( .MILLI., .METRE. ) );
#5056 = ORIENTED_EDGE ( 'NONE', *, *, #6242, .T. ) ;
#5057 =( NAMED_UNIT ( * ) SI_UNIT ( $, .STERADIAN. ) SOLID_ANGLE_UNIT ( ) );
#5058 = FACE_OUTER_BOUND ( 'NONE', #7470, .T. ) ;
#5059 = ORIENTED_EDGE ( 'NONE', *, *, #5768, .F. ) ;
#5060 =( LENGTH_UNIT ( ) NAMED_UNIT ( * ) SI_UNIT ( .MILLI., .METRE. ) );
#5061 = B_SPLINE_CURVE_WITH_KNOTS ( 'NONE', 3,
 ( #1841, #7189, #3143, #184, #7148, #5916 ),
 .UNSPECIFIED., .F., .F.,
 ( 4, 2, 4 ),
 ( 0.0005208966982194494560, 0.0005876548313997586714, 0.0006544129645800677783 ),
 .UNSPECIFIED. ) ;
#5062 = FILL_AREA_STYLE ('',( #2019 ) ) ;
#5063 = DIRECTION ( 'NONE',  ( -0.000000000000000000, 1.000000000000000000, -0.000000000000000000 ) ) ;
#5064 = ADVANCED_FACE ( 'NONE', ( #775 ), #1106, .F. ) ;
#5065 = ORIENTED_EDGE ( 'NONE', *, *, #4962, .T. ) ;
#5066 = ORIENTED_EDGE ( 'NONE', *, *, #3373, .T. ) ;
#5067 = EDGE_CURVE ( 'NONE', #2079, #424, #5458, .T. ) ;
#5068 = MECHANICAL_DESIGN_GEOMETRIC_PRESENTATION_REPRESENTATION (  '', ( #7404 ), #463 ) ;
#5069 = AXIS2_PLACEMENT_3D ( 'NONE', #6520, #6001, #3119 ) ;
#5070 = CARTESIAN_POINT ( 'NONE',  ( -2.067951531382569187E-22, 1.311271937266934140, 1.659689718041940987 ) ) ;
#5071 = DIRECTION ( 'NONE',  ( 0.000000000000000000, 1.548860246407865555E-16, 1.000000000000000000 ) ) ;
#5072 = UNCERTAINTY_MEASURE_WITH_UNIT (LENGTH_MEASURE( 1.000000000000000082E-05 ), #1730, 'distance_accuracy_value', 'NONE');
#5073 = CARTESIAN_POINT ( 'NONE',  ( 0.02392192474749050071, -1.257063958344319499, 1.549999999999999822 ) ) ;
#5074 = CARTESIAN_POINT ( 'NONE',  ( -0.6267694360889213279, -1.199999999999999734, 1.549999999999999822 ) ) ;
#5075 = AXIS2_PLACEMENT_3D ( 'NONE', #3494, #602, #1664 ) ;
#5076 = ORIENTED_EDGE ( 'NONE', *, *, #990, .T. ) ;
#5077 = MECHANICAL_DESIGN_GEOMETRIC_PRESENTATION_REPRESENTATION (  '', ( #7536 ), #5194 ) ;
#5078 = CYLINDRICAL_SURFACE ( 'NONE', #3930, 0.05000000000000002359 ) ;
#5079 = DIRECTION ( 'NONE',  ( -1.000000000000000000, 0.000000000000000000, 0.000000000000000000 ) ) ;
#5080 =( NAMED_UNIT ( * ) SI_UNIT ( $, .STERADIAN. ) SOLID_ANGLE_UNIT ( ) );
#5081 = DIRECTION ( 'NONE',  ( 0.000000000000000000, 0.000000000000000000, -1.000000000000000000 ) ) ;
#5082 = PRESENTATION_LAYER_ASSIGNMENT (  '', '', ( #344 ) ) ;
#5083 = UNCERTAINTY_MEASURE_WITH_UNIT (LENGTH_MEASURE( 1.000000000000000082E-05 ), #6953, 'distance_accuracy_value', 'NONE');
#5084 = DIRECTION ( 'NONE',  ( 1.000000000000000000, 0.000000000000000000, 0.000000000000000000 ) ) ;
#5085 = DIRECTION ( 'NONE',  ( 0.000000000000000000, 0.000000000000000000, -1.000000000000000000 ) ) ;
#5086 = AXIS2_PLACEMENT_3D ( 'NONE', #5502, #4393, #4998 ) ;
#5087 = FILL_AREA_STYLE ('',( #7216 ) ) ;
#5088 = VERTEX_POINT ( 'NONE', #4238 ) ;
#5089 = CARTESIAN_POINT ( 'NONE',  ( 0.000000000000000000, -1.349731163440865744, 1.572002678600757708 ) ) ;
#5090 = EDGE_CURVE ( 'NONE', #4984, #1972, #257, .T. ) ;
#5091 = DIRECTION ( 'NONE',  ( 0.000000000000000000, 0.000000000000000000, 1.000000000000000000 ) ) ;
#5092 = AXIS2_PLACEMENT_3D ( 'NONE', #3276, #2674, #3833 ) ;
#5093 = FILL_AREA_STYLE ('',( #1016 ) ) ;
#5094 = SURFACE_STYLE_FILL_AREA ( #3866 ) ;
#5095 = CARTESIAN_POINT ( 'NONE',  ( 0.04568344180985280112, 1.314819582158198052, 1.549999999999999822 ) ) ;
#5096 = DIRECTION ( 'NONE',  ( 0.000000000000000000, -0.8660254037844384856, -0.5000000000000003331 ) ) ;
#5097 = PRESENTATION_STYLE_ASSIGNMENT (( #4310 ) ) ;
#5098 = FILL_AREA_STYLE ('',( #6309 ) ) ;
#5099 = DIRECTION ( 'NONE',  ( -0.000000000000000000, -1.495451272393799296E-16, -1.000000000000000000 ) ) ;
#5100 = VERTEX_POINT ( 'NONE', #7106 ) ;
#5102 = AXIS2_PLACEMENT_3D ( 'NONE', #1720, #1646, #7552 ) ;
#5101 = FILL_AREA_STYLE_COLOUR ( '', #2951 ) ;
#5103 = VERTEX_POINT ( 'NONE', #734 ) ;
#5104 = ADVANCED_FACE ( 'NONE', ( #3037 ), #291, .T. ) ;
#5105 = CARTESIAN_POINT ( 'NONE',  ( -0.5900000000000000799, -2.099999999999999645, -0.04453361950222546606 ) ) ;
#5106 = FILL_AREA_STYLE ('',( #17 ) ) ;
#5107 = SURFACE_STYLE_FILL_AREA ( #3959 ) ;
#5108 =( GEOMETRIC_REPRESENTATION_CONTEXT ( 3 ) GLOBAL_UNCERTAINTY_ASSIGNED_CONTEXT ( ( #2412 ) ) GLOBAL_UNIT_ASSIGNED_CONTEXT ( ( #1011, #2728, #4432 ) ) REPRESENTATION_CONTEXT ( 'NONE', 'WORKASPACE' ) );
#5109 = MECHANICAL_DESIGN_GEOMETRIC_PRESENTATION_REPRESENTATION (  '', ( #7316 ), #6314 ) ;
#5110 = ORIENTED_EDGE ( 'NONE', *, *, #1544, .T. ) ;
#5111 = SURFACE_SIDE_STYLE ('',( #6775 ) ) ;
#5112 = VERTEX_POINT ( 'NONE', #6555 ) ;
#5113 = LINE ( 'NONE', #2296, #4781 ) ;
#5114 =( NAMED_UNIT ( * ) SI_UNIT ( $, .STERADIAN. ) SOLID_ANGLE_UNIT ( ) );
#5115 = MECHANICAL_DESIGN_GEOMETRIC_PRESENTATION_REPRESENTATION (  '', ( #502 ), #7087 ) ;
#5116 = CARTESIAN_POINT ( 'NONE',  ( -0.05200479122164094331, -1.313442981291163658, 1.549999937511751469 ) ) ;
#5117 = ORIENTED_EDGE ( 'NONE', *, *, #442, .F. ) ;
#5118 = LINE ( 'NONE', #7508, #1552 ) ;
#5119 = ORIENTED_EDGE ( 'NONE', *, *, #244, .T. ) ;
#5120 = CIRCLE ( 'NONE', #3180, 0.05000000000000002359 ) ;
#5121 = DIRECTION ( 'NONE',  ( 1.000000000000000000, 0.000000000000000000, 0.000000000000000000 ) ) ;
#5122 = COLOUR_RGB ( '',0.7921568627450980005, 0.8196078431372548767, 0.9333333333333333481 ) ;
#5123 = EDGE_CURVE ( 'NONE', #4351, #3483, #3070, .T. ) ;
#5124 = DIRECTION ( 'NONE',  ( -0.000000000000000000, 1.000000000000000000, -0.000000000000000000 ) ) ;
#5125 = SURFACE_SIDE_STYLE ('',( #1650 ) ) ;
#5126 = ORIENTED_EDGE ( 'NONE', *, *, #2076, .F. ) ;
#5127 = CIRCLE ( 'NONE', #4760, 0.1499999999999986622 ) ;
#5128 = COLOUR_RGB ( '',0.9686274509803921573, 0.8784313725490195957, 0.5999999999999999778 ) ;
#5129 = PRESENTATION_LAYER_ASSIGNMENT (  '', '', ( #7468 ) ) ;
#5130 = DIRECTION ( 'NONE',  ( 0.000000000000000000, -1.495451272393799296E-16, 1.000000000000000000 ) ) ;
#5131 =( GEOMETRIC_REPRESENTATION_CONTEXT ( 3 ) GLOBAL_UNCERTAINTY_ASSIGNED_CONTEXT ( ( #2715 ) ) GLOBAL_UNIT_ASSIGNED_CONTEXT ( ( #4435, #5583, #2700 ) ) REPRESENTATION_CONTEXT ( 'NONE', 'WORKASPACE' ) );
#5132 = CARTESIAN_POINT ( 'NONE',  ( -0.6387222758952125767, -1.150015413628476812, -1.562736617327941335 ) ) ;
#5133 = SURFACE_STYLE_FILL_AREA ( #5098 ) ;
#5134 = COLOUR_RGB ( '',0.1098039215686274495, 0.1098039215686274495, 0.1098039215686274495 ) ;
#5135 = EDGE_LOOP ( 'NONE', ( #3715, #5853, #3007, #3252 ) ) ;
#5136 = DIRECTION ( 'NONE',  ( 0.000000000000000000, 0.000000000000000000, -1.000000000000000000 ) ) ;
#5137 = ORIENTED_EDGE ( 'NONE', *, *, #3690, .T. ) ;
#5138 = SURFACE_SIDE_STYLE ('',( #3533 ) ) ;
#5139 = UNCERTAINTY_MEASURE_WITH_UNIT (LENGTH_MEASURE( 1.000000000000000082E-05 ), #1318, 'distance_accuracy_value', 'NONE');
#5140 = CARTESIAN_POINT ( 'NONE',  ( -1.939999999999999947, -1.600000000000000311, 1.499999999999998224 ) ) ;
#5141 = DIRECTION ( 'NONE',  ( -1.000000000000000000, 0.000000000000000000, 0.000000000000000000 ) ) ;
#5142 = EDGE_CURVE ( 'NONE', #1445, #5462, #5120, .T. ) ;
#5143 = VERTEX_POINT ( 'NONE', #1991 ) ;
#5144 = SURFACE_STYLE_USAGE ( .BOTH. , #1602 ) ;
#5145 = ORIENTED_EDGE ( 'NONE', *, *, #5677, .F. ) ;
#5146 = AXIS2_PLACEMENT_3D ( 'NONE', #1450, #3812, #1485 ) ;
#5147 = CARTESIAN_POINT ( 'NONE',  ( 0.05000000000000000278, 2.000000000000000444, 1.399999999999998357 ) ) ;
#5148 = FILL_AREA_STYLE ('',( #6945 ) ) ;
#5149 = UNCERTAINTY_MEASURE_WITH_UNIT (LENGTH_MEASURE( 1.000000000000000082E-05 ), #340, 'distance_accuracy_value', 'NONE');
#5150 = CARTESIAN_POINT ( 'NONE',  ( -0.6025531121194430684, 1.272357513209563029, -1.550000000000000488 ) ) ;
#5151 = MECHANICAL_DESIGN_GEOMETRIC_PRESENTATION_REPRESENTATION (  '', ( #4910 ), #1140 ) ;
#5152 = CARTESIAN_POINT ( 'NONE',  ( -0.02835714726908687700, 1.343543238759266734, 1.549999999999999822 ) ) ;
#5153 = EDGE_LOOP ( 'NONE', ( #2130, #5591, #3702, #5776 ) ) ;
#5154 = AXIS2_PLACEMENT_3D ( 'NONE', #7099, #321, #7230 ) ;
#5155 = SURFACE_STYLE_USAGE ( .BOTH. , #2797 ) ;
#5156 = CARTESIAN_POINT ( 'NONE',  ( 0.000000000000000000, -0.8535898384862269372, -2.049999999999999822 ) ) ;
#5157 = VERTEX_POINT ( 'NONE', #5419 ) ;
#5158 =( NAMED_UNIT ( * ) SI_UNIT ( $, .STERADIAN. ) SOLID_ANGLE_UNIT ( ) );
#5159 = DIRECTION ( 'NONE',  ( -1.000000000000000000, 0.000000000000000000, 0.000000000000000000 ) ) ;
#5160 = AXIS2_PLACEMENT_3D ( 'NONE', #159, #3045, #6519 ) ;
#5161 = UNCERTAINTY_MEASURE_WITH_UNIT (LENGTH_MEASURE( 1.000000000000000082E-05 ), #1536, 'distance_accuracy_value', 'NONE');
#5162 =( LENGTH_UNIT ( ) NAMED_UNIT ( * ) SI_UNIT ( .MILLI., .METRE. ) );
#5163 = VERTEX_POINT ( 'NONE', #2106 ) ;
#5164 = CARTESIAN_POINT ( 'NONE',  ( -1.489999999999999991, 1.599999999999999867, -1.549999999999998712 ) ) ;
#5165 = CARTESIAN_POINT ( 'NONE',  ( -1.889999999999999902, 1.599999999999999867, -1.349999999999999201 ) ) ;
#5166 = CARTESIAN_POINT ( 'NONE',  ( 0.05000000000000000278, 1.050000000000000044, 1.549999999999999822 ) ) ;
#5167 = CARTESIAN_POINT ( 'NONE',  ( -1.797507432172994636E-14, 1.349931384972484771, 1.549999999999999822 ) ) ;
#5168 = DIRECTION ( 'NONE',  ( -0.000000000000000000, -1.000000000000000000, -8.131516293641289172E-16 ) ) ;
#5169 = LINE ( 'NONE', #47, #1495 ) ;
#5170 = SURFACE_SIDE_STYLE ('',( #5133 ) ) ;
#5171 = LINE ( 'NONE', #2203, #2635 ) ;
#5172 = ORIENTED_EDGE ( 'NONE', *, *, #6387, .T. ) ;
#5173 = COLOUR_RGB ( '',0.1098039215686274495, 0.1098039215686274495, 0.1098039215686274495 ) ;
#5174 = FACE_OUTER_BOUND ( 'NONE', #1356, .T. ) ;
#5175 = VERTEX_POINT ( 'NONE', #1565 ) ;
#5176 = CARTESIAN_POINT ( 'NONE',  ( -0.5899999999999999689, 0.8535898384862271593, -2.050000000000000711 ) ) ;
#5177 = ORIENTED_EDGE ( 'NONE', *, *, #6260, .T. ) ;
#5178 = CARTESIAN_POINT ( 'NONE',  ( -1.939999999999999947, 1.200000000000000178, -1.649999999999999911 ) ) ;
#5179 = ORIENTED_EDGE ( 'NONE', *, *, #7126, .T. ) ;
#5180 =( GEOMETRIC_REPRESENTATION_CONTEXT ( 3 ) GLOBAL_UNCERTAINTY_ASSIGNED_CONTEXT ( ( #6814 ) ) GLOBAL_UNIT_ASSIGNED_CONTEXT ( ( #1767, #2389, #634 ) ) REPRESENTATION_CONTEXT ( 'NONE', 'WORKASPACE' ) );
#5181 = DIRECTION ( 'NONE',  ( -1.000000000000000000, 0.000000000000000000, 0.000000000000000000 ) ) ;
#5182 =( LENGTH_UNIT ( ) NAMED_UNIT ( * ) SI_UNIT ( .MILLI., .METRE. ) );
#5183 = DIRECTION ( 'NONE',  ( 4.099771871680701799E-16, 0.2836029092905777427, 0.9589418073282239829 ) ) ;
#5184 = AXIS2_PLACEMENT_3D ( 'NONE', #6009, #2703, #2633 ) ;
#5185 = VERTEX_POINT ( 'NONE', #3887 ) ;
#5186 = DIRECTION ( 'NONE',  ( 0.000000000000000000, -1.495451272393799296E-16, -1.000000000000000000 ) ) ;
#5187 = AXIS2_PLACEMENT_3D ( 'NONE', #2802, #5121, #2302 ) ;
#5188 = PRESENTATION_LAYER_ASSIGNMENT (  '', '', ( #3737 ) ) ;
#5189 = CARTESIAN_POINT ( 'NONE',  ( -0.003727111842754663763, 1.249876119409096153, 1.549999999999999822 ) ) ;
#5190 = LINE ( 'NONE', #1194, #3398 ) ;
#5191 = DIRECTION ( 'NONE',  ( 0.000000000000000000, -3.794707603699259997E-15, -1.000000000000000000 ) ) ;
#5192 = AXIS2_PLACEMENT_3D ( 'NONE', #1325, #1288, #4865 ) ;
#5193 = DIRECTION ( 'NONE',  ( 0.000000000000000000, 0.000000000000000000, -1.000000000000000000 ) ) ;
#5194 =( GEOMETRIC_REPRESENTATION_CONTEXT ( 3 ) GLOBAL_UNCERTAINTY_ASSIGNED_CONTEXT ( ( #1030 ) ) GLOBAL_UNIT_ASSIGNED_CONTEXT ( ( #3069, #5885, #1564 ) ) REPRESENTATION_CONTEXT ( 'NONE', 'WORKASPACE' ) );
#5195 = VERTEX_POINT ( 'NONE', #4426 ) ;
#5196 = ORIENTED_EDGE ( 'NONE', *, *, #6393, .F. ) ;
#5197 = FACE_OUTER_BOUND ( 'NONE', #4756, .T. ) ;
#5198 =( LENGTH_UNIT ( ) NAMED_UNIT ( * ) SI_UNIT ( .MILLI., .METRE. ) );
#5199 = STYLED_ITEM ( 'NONE', ( #3117 ), #6025 ) ;
#5200 = PRESENTATION_STYLE_ASSIGNMENT (( #6453 ) ) ;
#5201 = EDGE_CURVE ( 'NONE', #2996, #877, #2695, .T. ) ;
#5202 = LINE ( 'NONE', #1093, #6508 ) ;
#5203 = LINE ( 'NONE', #7520, #3944 ) ;
#5204 = CARTESIAN_POINT ( 'NONE',  ( -0.5899999999999998579, 0.1159679160405808068, 1.846361677041961302 ) ) ;
#5205 = EDGE_CURVE ( 'NONE', #2638, #1803, #5410, .T. ) ;
#5206 = STYLED_ITEM ( 'NONE', ( #7478 ), #6094 ) ;
#5207 = DIRECTION ( 'NONE',  ( 0.000000000000000000, -1.000000000000000000, 3.794707603699268674E-15 ) ) ;
#5208 = AXIS2_PLACEMENT_3D ( 'NONE', #4464, #5689, #5079 ) ;
#5209 = STYLED_ITEM ( 'NONE', ( #4598 ), #4718 ) ;
#5210 = B_SPLINE_CURVE_WITH_KNOTS ( 'NONE', 3,
 ( #5906, #4726, #4833, #207 ),
 .UNSPECIFIED., .F., .F.,
 ( 4, 4 ),
 ( 0.000000000000000000, 0.0001133489185248035664 ),
 .UNSPECIFIED. ) ;
#5211 = SURFACE_SIDE_STYLE ('',( #3914 ) ) ;
#5212 = FACE_OUTER_BOUND ( 'NONE', #80, .T. ) ;
#5213 = ORIENTED_EDGE ( 'NONE', *, *, #6006, .T. ) ;
#5214 =( NAMED_UNIT ( * ) PLANE_ANGLE_UNIT ( ) SI_UNIT ( $, .RADIAN. ) );
#5215 = UNCERTAINTY_MEASURE_WITH_UNIT (LENGTH_MEASURE( 1.000000000000000082E-05 ), #4640, 'distance_accuracy_value', 'NONE');
#5216 = EDGE_CURVE ( 'NONE', #4402, #3211, #4389, .T. ) ;
#5217 = AXIS2_PLACEMENT_3D ( 'NONE', #4867, #2150, #7483 ) ;
#5218 = FACE_OUTER_BOUND ( 'NONE', #2947, .T. ) ;
#5219 = EDGE_CURVE ( 'NONE', #3493, #2226, #6981, .T. ) ;
#5220 = VERTEX_POINT ( 'NONE', #4536 ) ;
#5221 = CARTESIAN_POINT ( 'NONE',  ( -1.889999999999999902, 0.7669872981077823226, 2.100000000000000977 ) ) ;
#5222 = MECHANICAL_DESIGN_GEOMETRIC_PRESENTATION_REPRESENTATION (  '', ( #5580 ), #2933 ) ;
#5223 = LINE ( 'NONE', #2326, #5638 ) ;
#5224 = CIRCLE ( 'NONE', #1822, 0.05000000000000002359 ) ;
#5225 = DIRECTION ( 'NONE',  ( 0.000000000000000000, 0.5000000000000063283, -0.8660254037844349329 ) ) ;
#5226 = AXIS2_PLACEMENT_3D ( 'NONE', #3064, #1908, #4279 ) ;
#5227 = DIRECTION ( 'NONE',  ( 1.000000000000000000, -0.000000000000000000, -0.000000000000000000 ) ) ;
#5228 = CARTESIAN_POINT ( 'NONE',  ( -1.939999999999999947, 1.599999999999999867, -1.349999999999999201 ) ) ;
#5229 = ORIENTED_EDGE ( 'NONE', *, *, #3928, .F. ) ;
#5230 = ORIENTED_EDGE ( 'NONE', *, *, #5806, .T. ) ;
#5231 =( LENGTH_UNIT ( ) NAMED_UNIT ( * ) SI_UNIT ( .MILLI., .METRE. ) );
#5232 = STYLED_ITEM ( 'NONE', ( #5200 ), #3077 ) ;
#5233 = CARTESIAN_POINT ( 'NONE',  ( -0.03697543960439871741, 1.262598196778577098, 1.549999999999999822 ) ) ;
#5234 = SURFACE_STYLE_USAGE ( .BOTH. , #6374 ) ;
#5235 = CARTESIAN_POINT ( 'NONE',  ( -0.5899999999999999689, 0.9545255768385706441, -1.875174172874262135 ) ) ;
#5236 = EDGE_LOOP ( 'NONE', ( #427, #1968, #2504, #3280 ) ) ;
#5237 = PRESENTATION_LAYER_ASSIGNMENT (  '', '', ( #5580 ) ) ;
#5238 = SURFACE_STYLE_USAGE ( .BOTH. , #5344 ) ;
#5239 = ADVANCED_FACE ( 'NONE', ( #6867 ), #6711, .F. ) ;
#5240 = VERTEX_POINT ( 'NONE', #359 ) ;
#5241 = CYLINDRICAL_SURFACE ( 'NONE', #6729, 0.1499999999999999667 ) ;
#5242 = CARTESIAN_POINT ( 'NONE',  ( 0.000000000000000000, -0.8535898384862272703, -2.050000000000000266 ) ) ;
#5243 = MECHANICAL_DESIGN_GEOMETRIC_PRESENTATION_REPRESENTATION (  '', ( #3658 ), #2080 ) ;
#5244 = EDGE_CURVE ( 'NONE', #7183, #5044, #2937, .T. ) ;
#5245 = PRESENTATION_LAYER_ASSIGNMENT (  '', '', ( #4621 ) ) ;
#5246 = AXIS2_PLACEMENT_3D ( 'NONE', #7134, #719, #172 ) ;
#5247 = CARTESIAN_POINT ( 'NONE',  ( -1.321292353250547613, 1.698393385109376430, 0.3296412328999711039 ) ) ;
#5248 = CARTESIAN_POINT ( 'NONE',  ( -1.889999999999999902, -1.600000000000000311, 1.349999999999998312 ) ) ;
#5249 = CARTESIAN_POINT ( 'NONE',  ( -1.889999999999999902, 0.7669872981077828777, -2.000000000000000000 ) ) ;
#5250 = CARTESIAN_POINT ( 'NONE',  ( -0.5899999999999999689, 1.008455638248163311, 1.781764566457534338 ) ) ;
#5251 = DIRECTION ( 'NONE',  ( -0.000000000000000000, -1.000000000000000000, -8.131516293641289172E-16 ) ) ;
#5252 = DIRECTION ( 'NONE',  ( -1.000000000000000000, 0.000000000000000000, 0.000000000000000000 ) ) ;
#5253 =( GEOMETRIC_REPRESENTATION_CONTEXT ( 3 ) GLOBAL_UNCERTAINTY_ASSIGNED_CONTEXT ( ( #946 ) ) GLOBAL_UNIT_ASSIGNED_CONTEXT ( ( #2494, #1407, #4227 ) ) REPRESENTATION_CONTEXT ( 'NONE', 'WORKASPACE' ) );
#5254 = VECTOR ( 'NONE', #2521, 1000.000000000000000 ) ;
#5255 = CARTESIAN_POINT ( 'NONE',  ( -0.5899999999999999689, 2.099999999999999645, 1.449999999999999734 ) ) ;
#5256 = LINE ( 'NONE', #4823, #7178 ) ;
#5257 = CARTESIAN_POINT ( 'NONE',  ( -0.5899999999999999689, 1.200000000000000178, -1.550000000000000266 ) ) ;
#5258 = DIRECTION ( 'NONE',  ( 1.000000000000000000, -0.000000000000000000, -0.000000000000000000 ) ) ;
#5259 = ADVANCED_FACE ( 'NONE', ( #959 ), #3285, .T. ) ;
#5260 = VERTEX_POINT ( 'NONE', #7023 ) ;
#5261 =( GEOMETRIC_REPRESENTATION_CONTEXT ( 3 ) GLOBAL_UNCERTAINTY_ASSIGNED_CONTEXT ( ( #3473 ) ) GLOBAL_UNIT_ASSIGNED_CONTEXT ( ( #1769, #4098, #6425 ) ) REPRESENTATION_CONTEXT ( 'NONE', 'WORKASPACE' ) );
#5262 = DIRECTION ( 'NONE',  ( 0.000000000000000000, 0.000000000000000000, 1.000000000000000000 ) ) ;
#5263 = FILL_AREA_STYLE ('',( #6989 ) ) ;
#5264 = EDGE_CURVE ( 'NONE', #1742, #4561, #2814, .T. ) ;
#5265 = FILL_AREA_STYLE ('',( #2718 ) ) ;
#5266 = ORIENTED_EDGE ( 'NONE', *, *, #5037, .T. ) ;
#5267 = ORIENTED_EDGE ( 'NONE', *, *, #2286, .T. ) ;
#5268 = SURFACE_SIDE_STYLE ('',( #6016 ) ) ;
#5269 = SURFACE_STYLE_USAGE ( .BOTH. , #6999 ) ;
#5270 = PRESENTATION_STYLE_ASSIGNMENT (( #1234 ) ) ;
#5271 = CARTESIAN_POINT ( 'NONE',  ( 0.000000000000000000, -1.200000000000000178, -1.649999999999999911 ) ) ;
#5272 = DIRECTION ( 'NONE',  ( 1.000000000000000000, 0.000000000000000000, 0.000000000000000000 ) ) ;
#5273 = ORIENTED_EDGE ( 'NONE', *, *, #6538, .T. ) ;
#5274 = ORIENTED_EDGE ( 'NONE', *, *, #5770, .T. ) ;
#5275 = EDGE_CURVE ( 'NONE', #2022, #2108, #2325, .T. ) ;
#5276 = CARTESIAN_POINT ( 'NONE',  ( -0.7399999999999998801, 1.300000000012557555, 1.308264122049154210 ) ) ;
#5277 = AXIS2_PLACEMENT_3D ( 'NONE', #1981, #2275, #1132 ) ;
#5278 = VECTOR ( 'NONE', #5463, 1000.000000000000000 ) ;
#5279 = CARTESIAN_POINT ( 'NONE',  ( -1.451436046657824219, 1.675280693840830004, -0.3357741694578458280 ) ) ;
#5280 = CARTESIAN_POINT ( 'NONE',  ( -0.6899999999999998357, -1.300000000000000044, 1.520047317545275778 ) ) ;
#5281 = EDGE_CURVE ( 'NONE', #4889, #6401, #3966, .T. ) ;
#5282 = CARTESIAN_POINT ( 'NONE',  ( 0.05000000000000000278, -2.000000000000000444, 1.399999999999998135 ) ) ;
#5283 = CARTESIAN_POINT ( 'NONE',  ( -0.8406803038083915380, -0.1133489185248101189, 1.804663793605830735 ) ) ;
#5284 = PRESENTATION_STYLE_ASSIGNMENT (( #1208 ) ) ;
#5285 = STYLED_ITEM ( 'NONE', ( #501 ), #4165 ) ;
#5286 = ORIENTED_EDGE ( 'NONE', *, *, #223, .T. ) ;
#5287 = EDGE_CURVE ( 'NONE', #252, #5175, #2946, .T. ) ;
#5288 = SURFACE_STYLE_USAGE ( .BOTH. , #5397 ) ;
#5289 = CARTESIAN_POINT ( 'NONE',  ( -1.889999999999999902, -1.800000000000000044, -1.349999999999999201 ) ) ;
#5290 = VERTEX_POINT ( 'NONE', #6438 ) ;
#5291 = LINE ( 'NONE', #4217, #5318 ) ;
#5292 = UNCERTAINTY_MEASURE_WITH_UNIT (LENGTH_MEASURE( 1.000000000000000082E-05 ), #7458, 'distance_accuracy_value', 'NONE');
#5293 = CARTESIAN_POINT ( 'NONE',  ( -0.6381527718985690045, 1.131098442462683096, -1.577525346713959831 ) ) ;
#5294 = CARTESIAN_POINT ( 'NONE',  ( -1.889999999999999902, -1.113397459621555674, 1.599999999999999867 ) ) ;
#5295 = B_SPLINE_CURVE_WITH_KNOTS ( 'NONE', 3,
 ( #2929, #594, #5250, #2352 ),
 .UNSPECIFIED., .F., .F.,
 ( 4, 4 ),
 ( 0.000000000000000000, 0.0003206487872063987915 ),
 .UNSPECIFIED. ) ;
#5296 =( LENGTH_UNIT ( ) NAMED_UNIT ( * ) SI_UNIT ( .MILLI., .METRE. ) );
#5297 = FILL_AREA_STYLE_COLOUR ( '', #2320 ) ;
#5298 = PLANE ( 'NONE',  #2663 ) ;
#5299 = UNCERTAINTY_MEASURE_WITH_UNIT (LENGTH_MEASURE( 1.000000000000000082E-05 ), #130, 'distance_accuracy_value', 'NONE');
#5300 = COLOUR_RGB ( '',0.9686274509803921573, 0.8784313725490195957, 0.5999999999999999778 ) ;
#5301 =( NAMED_UNIT ( * ) SI_UNIT ( $, .STERADIAN. ) SOLID_ANGLE_UNIT ( ) );
#5302 = ORIENTED_EDGE ( 'NONE', *, *, #5281, .T. ) ;
#5303 = EDGE_CURVE ( 'NONE', #3776, #5015, #1836, .T. ) ;
#5304 = ORIENTED_EDGE ( 'NONE', *, *, #5932, .T. ) ;
#5305 = UNCERTAINTY_MEASURE_WITH_UNIT (LENGTH_MEASURE( 1.000000000000000082E-05 ), #7070, 'distance_accuracy_value', 'NONE');
#5306 = DIRECTION ( 'NONE',  ( -1.000000000000000000, 0.000000000000000000, 0.000000000000000000 ) ) ;
#5307 = DIRECTION ( 'NONE',  ( 1.000000000000000000, 0.000000000000000000, -0.000000000000000000 ) ) ;
#5308 = ORIENTED_EDGE ( 'NONE', *, *, #5779, .F. ) ;
#5309 =( GEOMETRIC_REPRESENTATION_CONTEXT ( 3 ) GLOBAL_UNCERTAINTY_ASSIGNED_CONTEXT ( ( #506 ) ) GLOBAL_UNIT_ASSIGNED_CONTEXT ( ( #7403, #4480, #1098 ) ) REPRESENTATION_CONTEXT ( 'NONE', 'WORKASPACE' ) );
#5310 = FACE_OUTER_BOUND ( 'NONE', #2837, .T. ) ;
#5311 = ORIENTED_EDGE ( 'NONE', *, *, #4523, .T. ) ;
#5312 = SURFACE_SIDE_STYLE ('',( #158 ) ) ;
#5313 = PRESENTATION_LAYER_ASSIGNMENT (  '', '', ( #7404 ) ) ;
#5314 = AXIS2_PLACEMENT_3D ( 'NONE', #3224, #5084, #332 ) ;
#5315 = DIRECTION ( 'NONE',  ( -0.000000000000000000, 1.000000000000000000, -0.000000000000000000 ) ) ;
#5316 =( LENGTH_UNIT ( ) NAMED_UNIT ( * ) SI_UNIT ( .MILLI., .METRE. ) );
#5317 = EDGE_CURVE ( 'NONE', #2318, #3084, #1223, .T. ) ;
#5318 = VECTOR ( 'NONE', #7212, 1000.000000000000000 ) ;
#5319 = STYLED_ITEM ( 'NONE', ( #3246 ), #4420 ) ;
#5320 = DIRECTION ( 'NONE',  ( -1.000000000000000000, 0.000000000000000000, 0.000000000000000000 ) ) ;
#5321 = PRESENTATION_STYLE_ASSIGNMENT (( #4713 ) ) ;
#5322 = VERTEX_POINT ( 'NONE', #651 ) ;
#5323 = CARTESIAN_POINT ( 'NONE',  ( -1.315340151904196286, -1.681767428638178075, 0.4104079096006179594 ) ) ;
#5324 = CARTESIAN_POINT ( 'NONE',  ( -1.939999999999999947, -1.200000000000000178, -1.500000000000001332 ) ) ;
#5325 = VECTOR ( 'NONE', #4292, 1000.000000000000000 ) ;
#5326 = CARTESIAN_POINT ( 'NONE',  ( 0.000000000000000000, -0.7669872981077828777, -2.000000000000000000 ) ) ;
#5327 = AXIS2_PLACEMENT_3D ( 'NONE', #6203, #5556, #316 ) ;
#5328 =( NAMED_UNIT ( * ) PLANE_ANGLE_UNIT ( ) SI_UNIT ( $, .RADIAN. ) );
#5329 = SURFACE_STYLE_FILL_AREA ( #5404 ) ;
#5330 = EDGE_CURVE ( 'NONE', #5143, #3929, #4727, .T. ) ;
#5331 = CIRCLE ( 'NONE', #7175, 0.1500000000000003830 ) ;
#5332 = CARTESIAN_POINT ( 'NONE',  ( -0.8899999999999987921, -2.099999999999999645, -0.1318986559964981098 ) ) ;
#5333 = FILL_AREA_STYLE ('',( #5408 ) ) ;
#5334 = CARTESIAN_POINT ( 'NONE',  ( -1.340000000000000080, -1.800000000000000266, -0.5323422472791545790 ) ) ;
#5335 = CARTESIAN_POINT ( 'NONE',  ( 0.000000000000000000, 1.200000000000000178, -1.549999999999999822 ) ) ;
#5336 = LINE ( 'NONE', #138, #4681 ) ;
#5337 = EDGE_LOOP ( 'NONE', ( #2967, #4699, #353, #3196 ) ) ;
#5338 = ORIENTED_EDGE ( 'NONE', *, *, #4441, .T. ) ;
#5339 = COLOUR_RGB ( '',0.6666666666666666297, 0.6980392156862744724, 0.7686274509803920907 ) ;
#5340 = CARTESIAN_POINT ( 'NONE',  ( 0.05000000000000000278, 1.849999999999999645, 1.549999999999999156 ) ) ;
#5341 = DIRECTION ( 'NONE',  ( 1.000000000000000000, 0.000000000000000000, 0.000000000000000000 ) ) ;
#5342 = SURFACE_STYLE_USAGE ( .BOTH. , #5990 ) ;
#5343 = ORIENTED_EDGE ( 'NONE', *, *, #2636, .T. ) ;
#5344 = SURFACE_SIDE_STYLE ('',( #1843 ) ) ;
#5345 = VERTEX_POINT ( 'NONE', #23 ) ;
#5346 =( GEOMETRIC_REPRESENTATION_CONTEXT ( 3 ) GLOBAL_UNCERTAINTY_ASSIGNED_CONTEXT ( ( #890 ) ) GLOBAL_UNIT_ASSIGNED_CONTEXT ( ( #2701, #4437, #5624 ) ) REPRESENTATION_CONTEXT ( 'NONE', 'WORKASPACE' ) );
#5347 = CARTESIAN_POINT ( 'NONE',  ( -1.889999999999999902, 1.113397459621556340, -1.600000000000000533 ) ) ;
#5348 = FILL_AREA_STYLE ('',( #5927 ) ) ;
#5349 = COLOUR_RGB ( '',0.8980392156862745390, 0.8980392156862745390, 0.8980392156862745390 ) ;
#5350 = CARTESIAN_POINT ( 'NONE',  ( -0.5900000000000000799, -0.04453361950213800130, 2.100000000000000533 ) ) ;
#5351 = AXIS2_PLACEMENT_3D ( 'NONE', #5435, #3123, #167 ) ;
#5352 = VERTEX_POINT ( 'NONE', #2413 ) ;
#5353 = LINE ( 'NONE', #1855, #6947 ) ;
#5354 = DIRECTION ( 'NONE',  ( -1.000000000000000000, -0.000000000000000000, -0.000000000000000000 ) ) ;
#5355 = COLOUR_RGB ( '',0.1098039215686274495, 0.1098039215686274495, 0.1098039215686274495 ) ;
#5356 = VERTEX_POINT ( 'NONE', #7063 ) ;
#5357 = CARTESIAN_POINT ( 'NONE',  ( 0.000000000000000000, -1.050000000000000044, -1.549999999999999822 ) ) ;
#5358 = STYLED_ITEM ( 'NONE', ( #6400 ), #1770 ) ;
#5359 = UNCERTAINTY_MEASURE_WITH_UNIT (LENGTH_MEASURE( 1.000000000000000082E-05 ), #3491, 'distance_accuracy_value', 'NONE');
#5360 = LINE ( 'NONE', #2943, #2094 ) ;
#5361 =( GEOMETRIC_REPRESENTATION_CONTEXT ( 3 ) GLOBAL_UNCERTAINTY_ASSIGNED_CONTEXT ( ( #5299 ) ) GLOBAL_UNIT_ASSIGNED_CONTEXT ( ( #130, #6014, #4795 ) ) REPRESENTATION_CONTEXT ( 'NONE', 'WORKASPACE' ) );
#5362 = LINE ( 'NONE', #4508, #4478 ) ;
#5363 = AXIS2_PLACEMENT_3D ( 'NONE', #7504, #5760, #6399 ) ;
#5364 = EDGE_CURVE ( 'NONE', #105, #1163, #2258, .T. ) ;
#5365 = STYLED_ITEM ( 'NONE', ( #3673 ), #1699 ) ;
#5366 = STYLED_ITEM ( 'NONE', ( #6243 ), #6922 ) ;
#5367 = PLANE ( 'NONE',  #5246 ) ;
#5368 = CARTESIAN_POINT ( 'NONE',  ( -9.159660112896642225E-19, 1.250068615027515539, 1.549999999999999822 ) ) ;
#5369 =( LENGTH_UNIT ( ) NAMED_UNIT ( * ) SI_UNIT ( .MILLI., .METRE. ) );
#5370 = EDGE_CURVE ( 'NONE', #3421, #6646, #1187, .T. ) ;
#5371 = EDGE_CURVE ( 'NONE', #1179, #3672, #1672, .T. ) ;
#5372 =( NAMED_UNIT ( * ) PLANE_ANGLE_UNIT ( ) SI_UNIT ( $, .RADIAN. ) );
#5373 = DIRECTION ( 'NONE',  ( 0.000000000000000000, 0.000000000000000000, -1.000000000000000000 ) ) ;
#5374 = CIRCLE ( 'NONE', #6110, 0.09999999999999982514 ) ;
#5375 = DIRECTION ( 'NONE',  ( 0.000000000000000000, 0.000000000000000000, -1.000000000000000000 ) ) ;
#5376 = ORIENTED_EDGE ( 'NONE', *, *, #955, .T. ) ;
#5377 = VERTEX_POINT ( 'NONE', #5839 ) ;
#5378 = DIRECTION ( 'NONE',  ( 1.000000000000000000, 0.000000000000000000, -0.000000000000000000 ) ) ;
#5379 = COLOUR_RGB ( '',0.1098039215686274495, 0.1098039215686274495, 0.1098039215686274495 ) ;
#5380 = DIRECTION ( 'NONE',  ( 1.000000000000000000, 0.000000000000000000, 0.000000000000000000 ) ) ;
#5381 = CARTESIAN_POINT ( 'NONE',  ( 0.05000000000000000278, -1.050000000000000044, -1.549999999999999822 ) ) ;
#5382 = FILL_AREA_STYLE_COLOUR ( '', #2941 ) ;
#5383 = CARTESIAN_POINT ( 'NONE',  ( -0.6899999999999998357, -1.300000000000000044, 1.520047317545275778 ) ) ;
#5384 = EDGE_LOOP ( 'NONE', ( #341, #1753, #6040, #51, #433 ) ) ;
#5385 = DIRECTION ( 'NONE',  ( 0.000000000000000000, 0.000000000000000000, -1.000000000000000000 ) ) ;
#5386 = VERTEX_POINT ( 'NONE', #548 ) ;
#5387 = FILL_AREA_STYLE_COLOUR ( '', #6996 ) ;
#5388 = LINE ( 'NONE', #3115, #6053 ) ;
#5389 = B_SPLINE_CURVE_WITH_KNOTS ( 'NONE', 3,
 ( #2035, #6147, #7351, #5539, #4891, #921, #2653, #1457, #5574, #7386 ),
 .UNSPECIFIED., .F., .F.,
 ( 4, 2, 2, 2, 4 ),
 ( 6.896060671306799997E-05, 0.0001805576543228604603, 0.0002363561781277565888, 0.0002642554400302044634, 0.0002921547019326523921 ),
 .UNSPECIFIED. ) ;
#5390 = CARTESIAN_POINT ( 'NONE',  ( -1.334761272224439743, 1.725860402123363002, -0.08334426378240791800 ) ) ;
#5392 = SURFACE_STYLE_USAGE ( .BOTH. , #2434 ) ;
#5391 = VECTOR ( 'NONE', #5722, 1000.000000000000000 ) ;
#5393 = MECHANICAL_DESIGN_GEOMETRIC_PRESENTATION_REPRESENTATION (  '', ( #4663 ), #1260 ) ;
#5394 = FACE_OUTER_BOUND ( 'NONE', #2323, .T. ) ;
#5395 = SURFACE_STYLE_FILL_AREA ( #6522 ) ;
#5396 = VERTEX_POINT ( 'NONE', #1710 ) ;
#5397 = SURFACE_SIDE_STYLE ('',( #123 ) ) ;
#5398 = DIRECTION ( 'NONE',  ( 0.000000000000000000, 0.000000000000000000, 1.000000000000000000 ) ) ;
#5399 = VERTEX_POINT ( 'NONE', #6366 ) ;
#5400 = CARTESIAN_POINT ( 'NONE',  ( -1.939999999999999947, -1.599999999999999867, -1.500000000000000222 ) ) ;
#5401 = STYLED_ITEM ( 'NONE', ( #5321 ), #4248 ) ;
#5402 = DIRECTION ( 'NONE',  ( 1.000000000000000000, 0.000000000000000000, -0.000000000000000000 ) ) ;
#5403 = CIRCLE ( 'NONE', #193, 0.1499999999999986622 ) ;
#5404 = FILL_AREA_STYLE ('',( #1937 ) ) ;
#5405 = DIRECTION ( 'NONE',  ( -1.000000000000000000, 0.000000000000000000, 0.000000000000000000 ) ) ;
#5406 = CARTESIAN_POINT ( 'NONE',  ( -0.8406803038083927593, -0.1133489185245964981, -1.804663793605844280 ) ) ;
#5407 = DIRECTION ( 'NONE',  ( 0.000000000000000000, 0.9980333389415998457, 0.06268536002194975698 ) ) ;
#5408 = FILL_AREA_STYLE_COLOUR ( '', #2464 ) ;
#5409 = CARTESIAN_POINT ( 'NONE',  ( 0.05000000000000000278, 0.6747223250267422312, 1.800000000000001155 ) ) ;
#5410 = B_SPLINE_CURVE_WITH_KNOTS ( 'NONE', 3,
 ( #3925, #7346, #6253, #5683, #2068, #5116, #325, #6113, #7310, #7467, #1640, #2650, #1042, #4460, #441, #2755, #7423, #5033, #5647 ),
 .UNSPECIFIED., .F., .F.,
 ( 4, 3, 3, 3, 3, 3, 4 ),
 ( 0.0002986560692699475879, 0.0003058413318536121368, 0.0003152654038646564099, 0.0003321213381811628697, 0.0003489542962301164526, 0.0003661195408019984345, 0.0003802520365126526875 ),
 .UNSPECIFIED. ) ;
#5411 = ADVANCED_FACE ( 'NONE', ( #1148 ), #2330, .F. ) ;
#5412 = CARTESIAN_POINT ( 'NONE',  ( -0.05379829255226212248, 1.302177227567354878, 1.549999999999999822 ) ) ;
#5413 = VERTEX_POINT ( 'NONE', #6057 ) ;
#5414 = ORIENTED_EDGE ( 'NONE', *, *, #4441, .F. ) ;
#5415 = CARTESIAN_POINT ( 'NONE',  ( 0.000000000000000000, 1.250269354889525397, 1.572059638793404712 ) ) ;
#5416 = VECTOR ( 'NONE', #4250, 1000.000000000000000 ) ;
#5417 = DIRECTION ( 'NONE',  ( 1.000000000000000000, -0.000000000000000000, -0.000000000000000000 ) ) ;
#5418 = FILL_AREA_STYLE ('',( #3142 ) ) ;
#5419 = CARTESIAN_POINT ( 'NONE',  ( 0.000000000000000000, -2.099999999999999201, 1.449999999999999734 ) ) ;
#5420 = ORIENTED_EDGE ( 'NONE', *, *, #6862, .T. ) ;
#5421 = ORIENTED_EDGE ( 'NONE', *, *, #1041, .T. ) ;
#5422 = CARTESIAN_POINT ( 'NONE',  ( 0.000000000000000000, 0.6747223250267392336, -2.000000000000000888 ) ) ;
#5423 = CARTESIAN_POINT ( 'NONE',  ( -9.159660112896642225E-19, 1.250068615027515539, 1.549999999999999822 ) ) ;
#5424 = B_SPLINE_CURVE_WITH_KNOTS ( 'NONE', 3,
 ( #6961, #4693, #7029, #3972 ),
 .UNSPECIFIED., .F., .F.,
 ( 4, 4 ),
 ( 0.000000000000000000, 0.0003206487872063970026 ),
 .UNSPECIFIED. ) ;
#5425 =( LENGTH_UNIT ( ) NAMED_UNIT ( * ) SI_UNIT ( .MILLI., .METRE. ) );
#5426 = FACE_OUTER_BOUND ( 'NONE', #2481, .T. ) ;
#5427 = LINE ( 'NONE', #230, #1782 ) ;
#5428 = CARTESIAN_POINT ( 'NONE',  ( -1.321323162182138855, 1.698474542214570837, -0.3291523926732254357 ) ) ;
#5429 = VERTEX_POINT ( 'NONE', #837 ) ;
#5430 = SURFACE_STYLE_USAGE ( .BOTH. , #6608 ) ;
#5431 = EDGE_LOOP ( 'NONE', ( #1374, #3722, #952, #1087, #6811, #4278 ) ) ;
#5432 = EDGE_CURVE ( 'NONE', #872, #5054, #4875, .T. ) ;
#5433 = STYLED_ITEM ( 'NONE', ( #7429 ), #6098 ) ;
#5434 = AXIS2_PLACEMENT_3D ( 'NONE', #1180, #6431, #6360 ) ;
#5435 = CARTESIAN_POINT ( 'NONE',  ( 0.06000000000000000472, 1.850000000000000533, 1.399999999999999023 ) ) ;
#5436 = CARTESIAN_POINT ( 'NONE',  ( -0.000000000000000000, 1.310826538911783912, 1.659810166669147380 ) ) ;
#5437 = SURFACE_SIDE_STYLE ('',( #7016 ) ) ;
#5438 = PRESENTATION_STYLE_ASSIGNMENT (( #5479 ) ) ;
#5439 =( NAMED_UNIT ( * ) SI_UNIT ( $, .STERADIAN. ) SOLID_ANGLE_UNIT ( ) );
#5440 = TOROIDAL_SURFACE ( 'NONE', #7287, 0.1699999999999999567, 0.04999999999999998196 ) ;
#5441 = COLOUR_RGB ( '',0.1098039215686274495, 0.1098039215686274495, 0.1098039215686274495 ) ;
#5442 = MECHANICAL_DESIGN_GEOMETRIC_PRESENTATION_REPRESENTATION (  '', ( #344 ), #2415 ) ;
#5443 = CARTESIAN_POINT ( 'NONE',  ( -0.04773112946718865296, 1.275807758990870955, 1.549999998037300486 ) ) ;
#5444 = ADVANCED_FACE ( 'NONE', ( #1406 ), #1263, .T. ) ;
#5445 = CARTESIAN_POINT ( 'NONE',  ( -0.7400000000066218053, 1.273636088086525620, 1.334461496814305148 ) ) ;
#5446 = CARTESIAN_POINT ( 'NONE',  ( 0.000000000000000000, -1.199999999999999734, 1.549999999999999822 ) ) ;
#5447 = FILL_AREA_STYLE_COLOUR ( '', #4274 ) ;
#5448 = VERTEX_POINT ( 'NONE', #4191 ) ;
#5449 = ORIENTED_EDGE ( 'NONE', *, *, #2834, .T. ) ;
#5450 = EDGE_CURVE ( 'NONE', #7526, #5377, #3304, .T. ) ;
#5451 = DIRECTION ( 'NONE',  ( 0.000000000000000000, 1.000000000000000000, -3.794707603699259997E-15 ) ) ;
#5452 = VECTOR ( 'NONE', #6954, 1000.000000000000114 ) ;
#5453 = STYLED_ITEM ( 'NONE', ( #1295 ), #4488 ) ;
#5454 = DIRECTION ( 'NONE',  ( 1.000000000000000000, -0.000000000000000000, -0.000000000000000000 ) ) ;
#5455 = FILL_AREA_STYLE_COLOUR ( '', #3818 ) ;
#5456 = UNCERTAINTY_MEASURE_WITH_UNIT (LENGTH_MEASURE( 1.000000000000000082E-05 ), #387, 'distance_accuracy_value', 'NONE');
#5457 = CARTESIAN_POINT ( 'NONE',  ( 0.000000000000000000, 0.6747223250267422312, 2.000000000000001332 ) ) ;
#5458 = LINE ( 'NONE', #5956, #7330 ) ;
#5459 = AXIS2_PLACEMENT_3D ( 'NONE', #1012, #7433, #5698 ) ;
#5460 = VERTEX_POINT ( 'NONE', #1371 ) ;
#5461 = FILL_AREA_STYLE_COLOUR ( '', #4761 ) ;
#5462 = VERTEX_POINT ( 'NONE', #3700 ) ;
#5463 = DIRECTION ( 'NONE',  ( 0.000000000000000000, 0.000000000000000000, -1.000000000000000000 ) ) ;
#5464 =( NAMED_UNIT ( * ) SI_UNIT ( $, .STERADIAN. ) SOLID_ANGLE_UNIT ( ) );
#5465 =( GEOMETRIC_REPRESENTATION_CONTEXT ( 3 ) GLOBAL_UNCERTAINTY_ASSIGNED_CONTEXT ( ( #2264 ) ) GLOBAL_UNIT_ASSIGNED_CONTEXT ( ( #1921, #2113, #3789 ) ) REPRESENTATION_CONTEXT ( 'NONE', 'WORKASPACE' ) );
#5466 = DIRECTION ( 'NONE',  ( -1.000000000000000000, 0.000000000000000000, -0.000000000000000000 ) ) ;
#5467 = SURFACE_STYLE_USAGE ( .BOTH. , #6035 ) ;
#5468 = FILL_AREA_STYLE_COLOUR ( '', #1448 ) ;
#5469 =( GEOMETRIC_REPRESENTATION_CONTEXT ( 3 ) GLOBAL_UNCERTAINTY_ASSIGNED_CONTEXT ( ( #6212 ) ) GLOBAL_UNIT_ASSIGNED_CONTEXT ( ( #7320, #194, #6185 ) ) REPRESENTATION_CONTEXT ( 'NONE', 'WORKASPACE' ) );
#5470 = EDGE_CURVE ( 'NONE', #1702, #5527, #1229, .T. ) ;
#5471 = STYLED_ITEM ( 'NONE', ( #149 ), #2771 ) ;
#5472 = ORIENTED_EDGE ( 'NONE', *, *, #543, .T. ) ;
#5473 = DIRECTION ( 'NONE',  ( -1.000000000000000000, -0.000000000000000000, -0.000000000000000000 ) ) ;
#5474 = DIRECTION ( 'NONE',  ( 0.000000000000000000, 0.000000000000000000, -1.000000000000000000 ) ) ;
#5475 = EDGE_LOOP ( 'NONE', ( #5177, #893, #1084, #1474 ) ) ;
#5476 = FILL_AREA_STYLE ('',( #1535 ) ) ;
#5477 = CARTESIAN_POINT ( 'NONE',  ( 0.000000000000000000, 1.250268836559134566, 1.572002678600757708 ) ) ;
#5478 = CARTESIAN_POINT ( 'NONE',  ( -1.330977749127254750, -1.720486828232586918, 0.1659015554910265589 ) ) ;
#5480 = MECHANICAL_DESIGN_GEOMETRIC_PRESENTATION_REPRESENTATION (  '', ( #2571 ), #3175 ) ;
#5479 = SURFACE_STYLE_USAGE ( .BOTH. , #2637 ) ;
#5481 = PRESENTATION_LAYER_ASSIGNMENT (  '', '', ( #5605 ) ) ;
#5482 = DIRECTION ( 'NONE',  ( 0.000000000000000000, 0.000000000000000000, -1.000000000000000000 ) ) ;
#5483 = ORIENTED_EDGE ( 'NONE', *, *, #5487, .F. ) ;
#5484 = DIRECTION ( 'NONE',  ( -0.000000000000000000, -1.000000000000000000, -0.000000000000000000 ) ) ;
#5485 = LINE ( 'NONE', #282, #2620 ) ;
#5486 = DIRECTION ( 'NONE',  ( 0.000000000000000000, 0.9589418073282237609, 0.2836029092905780757 ) ) ;
#5487 = EDGE_CURVE ( 'NONE', #7425, #1627, #3027, .T. ) ;
#5488 = AXIS2_PLACEMENT_3D ( 'NONE', #6288, #5183, #1116 ) ;
#5489 =( NAMED_UNIT ( * ) SI_UNIT ( $, .STERADIAN. ) SOLID_ANGLE_UNIT ( ) );
#5490 = ORIENTED_EDGE ( 'NONE', *, *, #2790, .T. ) ;
#5491 = ORIENTED_EDGE ( 'NONE', *, *, #6620, .F. ) ;
#5492 = DIRECTION ( 'NONE',  ( 0.000000000000000000, -1.548860246407865308E-16, -1.000000000000000000 ) ) ;
#5493 = CIRCLE ( 'NONE', #730, 1.877069063257455372 ) ;
#5494 =( LENGTH_UNIT ( ) NAMED_UNIT ( * ) SI_UNIT ( .MILLI., .METRE. ) );
#5495 = VECTOR ( 'NONE', #54, 1000.000000000000000 ) ;
#5496 = DIRECTION ( 'NONE',  ( 0.000000000000000000, 0.000000000000000000, -1.000000000000000000 ) ) ;
#5497 = SURFACE_STYLE_USAGE ( .BOTH. , #3184 ) ;
#5498 =( NAMED_UNIT ( * ) PLANE_ANGLE_UNIT ( ) SI_UNIT ( $, .RADIAN. ) );
#5499 = SURFACE_STYLE_FILL_AREA ( #6070 ) ;
#5500 = ORIENTED_EDGE ( 'NONE', *, *, #3317, .T. ) ;
#5501 =( NAMED_UNIT ( * ) PLANE_ANGLE_UNIT ( ) SI_UNIT ( $, .RADIAN. ) );
#5502 = CARTESIAN_POINT ( 'NONE',  ( -0.5899999999999999689, -0.7669872981077828777, -2.000000000000000000 ) ) ;
#5503 = DIRECTION ( 'NONE',  ( 1.000000000000000000, -0.000000000000000000, -0.000000000000000000 ) ) ;
#5504 = CARTESIAN_POINT ( 'NONE',  ( 0.000000000000000000, -1.849999999999999867, -1.549999999999999822 ) ) ;
#5505 =( NAMED_UNIT ( * ) SI_UNIT ( $, .STERADIAN. ) SOLID_ANGLE_UNIT ( ) );
#5506 = CARTESIAN_POINT ( 'NONE',  ( -0.5899999999999999689, 0.1318986559964682725, 2.100000000000000533 ) ) ;
#5507 = ORIENTED_EDGE ( 'NONE', *, *, #6664, .F. ) ;
#5508 = CYLINDRICAL_SURFACE ( 'NONE', #1164, 0.1499999999999986622 ) ;
#5509 = PLANE ( 'NONE',  #2626 ) ;
#5510 = VERTEX_POINT ( 'NONE', #5335 ) ;
#5511 = EDGE_CURVE ( 'NONE', #2598, #2601, #137, .T. ) ;
#5512 = CIRCLE ( 'NONE', #6244, 0.2000000000000000944 ) ;
#5513 = CARTESIAN_POINT ( 'NONE',  ( -0.000000000000000000, 1.335776667754191793, 1.636611613414588717 ) ) ;
#5514 =( NAMED_UNIT ( * ) SI_UNIT ( $, .STERADIAN. ) SOLID_ANGLE_UNIT ( ) );
#5515 =( NAMED_UNIT ( * ) PLANE_ANGLE_UNIT ( ) SI_UNIT ( $, .RADIAN. ) );
#5516 = SURFACE_STYLE_FILL_AREA ( #4866 ) ;
#5517 =( GEOMETRIC_REPRESENTATION_CONTEXT ( 3 ) GLOBAL_UNCERTAINTY_ASSIGNED_CONTEXT ( ( #6752 ) ) GLOBAL_UNIT_ASSIGNED_CONTEXT ( ( #4321, #1337, #109 ) ) REPRESENTATION_CONTEXT ( 'NONE', 'WORKASPACE' ) );
#5518 = EDGE_CURVE ( 'NONE', #6315, #5921, #4940, .T. ) ;
#5519 =( NAMED_UNIT ( * ) PLANE_ANGLE_UNIT ( ) SI_UNIT ( $, .RADIAN. ) );
#5520 = AXIS2_PLACEMENT_3D ( 'NONE', #2973, #4706, #5860 ) ;
#5521 = EDGE_LOOP ( 'NONE', ( #4168, #6871, #3322, #2299, #503 ) ) ;
#5522 = FACE_OUTER_BOUND ( 'NONE', #3463, .T. ) ;
#5523 = LINE ( 'NONE', #3771, #2210 ) ;
#5524 = DIRECTION ( 'NONE',  ( 1.000000000000000000, 0.000000000000000000, -0.000000000000000000 ) ) ;
#5525 = CARTESIAN_POINT ( 'NONE',  ( -0.5899999999999999689, -0.9545255768385699779, -1.875174172874262579 ) ) ;
#5526 = CIRCLE ( 'NONE', #1500, 0.09999999999999982514 ) ;
#5527 = VERTEX_POINT ( 'NONE', #3321 ) ;
#5528 = EDGE_LOOP ( 'NONE', ( #1107, #4316, #3039, #27 ) ) ;
#5529 = DIRECTION ( 'NONE',  ( -1.000000000000000000, 0.000000000000000000, 0.000000000000000000 ) ) ;
#5530 = VECTOR ( 'NONE', #3861, 1000.000000000000000 ) ;
#5531 = ADVANCED_FACE ( 'NONE', ( #6663 ), #431, .F. ) ;
#5532 = EDGE_CURVE ( 'NONE', #333, #4859, #7338, .T. ) ;
#5533 = CARTESIAN_POINT ( 'NONE',  ( -1.889999999999999902, -0.7669872981077823226, 2.000000000000000000 ) ) ;
#5534 = UNCERTAINTY_MEASURE_WITH_UNIT (LENGTH_MEASURE( 1.000000000000000082E-05 ), #2671, 'distance_accuracy_value', 'NONE');
#5535 = CARTESIAN_POINT ( 'NONE',  ( 0.03776039423443022097, -1.330642241371688073, 1.549999999999999822 ) ) ;
#5536 = DIRECTION ( 'NONE',  ( -1.000000000000000000, -0.000000000000000000, -0.000000000000000000 ) ) ;
#5537 = ORIENTED_EDGE ( 'NONE', *, *, #7547, .T. ) ;
#5538 = SURFACE_STYLE_FILL_AREA ( #6676 ) ;
#5539 = CARTESIAN_POINT ( 'NONE',  ( -0.6874916141519011870, -1.248761417989320943, 1.408484849664090044 ) ) ;
#5540 = COLOUR_RGB ( '',0.6666666666666666297, 0.6980392156862744724, 0.7686274509803920907 ) ;
#5541 = DIRECTION ( 'NONE',  ( 1.000000000000000000, 0.000000000000000000, -0.000000000000000000 ) ) ;
#5542 = UNCERTAINTY_MEASURE_WITH_UNIT (LENGTH_MEASURE( 1.000000000000000082E-05 ), #6, 'distance_accuracy_value', 'NONE');
#5543 = LINE ( 'NONE', #4397, #3766 ) ;
#5544 = ORIENTED_EDGE ( 'NONE', *, *, #2011, .T. ) ;
#5545 = SURFACE_STYLE_USAGE ( .BOTH. , #3228 ) ;
#5546 = ORIENTED_EDGE ( 'NONE', *, *, #4015, .F. ) ;
#5547 = AXIS2_PLACEMENT_3D ( 'NONE', #5249, #4782, #4665 ) ;
#5548 = CARTESIAN_POINT ( 'NONE',  ( 0.000000000000000000, 0.7669872981077828777, -2.000000000000000000 ) ) ;
#5549 = DIRECTION ( 'NONE',  ( 1.000000000000000000, -0.000000000000000000, -0.000000000000000000 ) ) ;
#5550 = EDGE_CURVE ( 'NONE', #150, #3560, #2675, .T. ) ;
#5551 = ORIENTED_EDGE ( 'NONE', *, *, #4886, .F. ) ;
#5552 = AXIS2_PLACEMENT_3D ( 'NONE', #3790, #924, #7319 ) ;
#5553 = VERTEX_POINT ( 'NONE', #1599 ) ;
#5554 =( NAMED_UNIT ( * ) PLANE_ANGLE_UNIT ( ) SI_UNIT ( $, .RADIAN. ) );
#5555 = CIRCLE ( 'NONE', #3492, 0.1499999999999999667 ) ;
#5556 = DIRECTION ( 'NONE',  ( 1.000000000000000000, -0.000000000000000000, -0.000000000000000000 ) ) ;
#5557 = TOROIDAL_SURFACE ( 'NONE', #4221, 1.877069063257455372, 0.1499999999999999944 ) ;
#5558 = SURFACE_SIDE_STYLE ('',( #4383 ) ) ;
#5559 = EDGE_CURVE ( 'NONE', #5686, #1483, #3686, .T. ) ;
#5560 = ORIENTED_EDGE ( 'NONE', *, *, #2520, .T. ) ;
#5561 = ORIENTED_EDGE ( 'NONE', *, *, #4339, .F. ) ;
#5562 =( LENGTH_UNIT ( ) NAMED_UNIT ( * ) SI_UNIT ( .MILLI., .METRE. ) );
#5563 = ADVANCED_FACE ( 'NONE', ( #2747 ), #5596, .F. ) ;
#5564 = VECTOR ( 'NONE', #7317, 1000.000000000000114 ) ;
#5565 = AXIS2_PLACEMENT_3D ( 'NONE', #3341, #5657, #2765 ) ;
#5566 = STYLED_ITEM ( 'NONE', ( #4387 ), #4422 ) ;
#5567 = CARTESIAN_POINT ( 'NONE',  ( 0.000000000000000000, -1.050000000000000044, -1.549999999999999822 ) ) ;
#5568 = AXIS2_PLACEMENT_3D ( 'NONE', #2879, #5615, #7510 ) ;
#5569 = DIRECTION ( 'NONE',  ( 1.000000000000000000, 0.000000000000000000, -0.000000000000000000 ) ) ;
#5570 = MECHANICAL_DESIGN_GEOMETRIC_PRESENTATION_REPRESENTATION (  '', ( #4839 ), #702 ) ;
#5571 = CARTESIAN_POINT ( 'NONE',  ( -0.6967857154202962144, -1.353014129308979241, 1.296214007346116581 ) ) ;
#5572 =( GEOMETRIC_REPRESENTATION_CONTEXT ( 3 ) GLOBAL_UNCERTAINTY_ASSIGNED_CONTEXT ( ( #3781 ) ) GLOBAL_UNIT_ASSIGNED_CONTEXT ( ( #5835, #2491, #249 ) ) REPRESENTATION_CONTEXT ( 'NONE', 'WORKASPACE' ) );
#5573 = ORIENTED_EDGE ( 'NONE', *, *, #1394, .T. ) ;
#5574 = CARTESIAN_POINT ( 'NONE',  ( -0.6400000000002959988, -1.293116714857181160, 1.443942127292518141 ) ) ;
#5575 = PLANE ( 'NONE',  #2898 ) ;
#5576 = LINE ( 'NONE', #448, #250 ) ;
#5577 = FILL_AREA_STYLE ('',( #1497 ) ) ;
#5578 = CARTESIAN_POINT ( 'NONE',  ( -1.889999999999999902, -0.8535898384862276034, -2.050000000000000266 ) ) ;
#5579 = EDGE_LOOP ( 'NONE', ( #4037, #5708, #5059, #3662, #6629 ) ) ;
#5580 = STYLED_ITEM ( 'NONE', ( #4466 ), #3167 ) ;
#5581 = PLANE ( 'NONE',  #3825 ) ;
#5582 = CARTESIAN_POINT ( 'NONE',  ( 0.000000000000000000, 1.199999999999999734, 1.549999999999999822 ) ) ;
#5583 =( NAMED_UNIT ( * ) PLANE_ANGLE_UNIT ( ) SI_UNIT ( $, .RADIAN. ) );
#5584 = PRESENTATION_STYLE_ASSIGNMENT (( #6690 ) ) ;
#5585 =( NAMED_UNIT ( * ) PLANE_ANGLE_UNIT ( ) SI_UNIT ( $, .RADIAN. ) );
#5586 = LINE ( 'NONE', #7285, #2893 ) ;
#5587 = EDGE_CURVE ( 'NONE', #3870, #6200, #5127, .T. ) ;
#5588 = AXIS2_PLACEMENT_3D ( 'NONE', #4300, #2604, #5398 ) ;
#5589 = FACE_OUTER_BOUND ( 'NONE', #6666, .T. ) ;
#5590 = ORIENTED_EDGE ( 'NONE', *, *, #4408, .F. ) ;
#5591 = ORIENTED_EDGE ( 'NONE', *, *, #1249, .T. ) ;
#5592 = FACE_OUTER_BOUND ( 'NONE', #2978, .T. ) ;
#5593 = ORIENTED_EDGE ( 'NONE', *, *, #7476, .T. ) ;
#5594 = FILL_AREA_STYLE ('',( #7223 ) ) ;
#5595 = SURFACE_STYLE_FILL_AREA ( #6102 ) ;
#5596 = PLANE ( 'NONE',  #866 ) ;
#5597 = EDGE_CURVE ( 'NONE', #2022, #5510, #5716, .T. ) ;
#5598 = COLOUR_RGB ( '',0.1098039215686274495, 0.1098039215686274495, 0.1098039215686274495 ) ;
#5599 = ORIENTED_EDGE ( 'NONE', *, *, #2553, .T. ) ;
#5600 =( NAMED_UNIT ( * ) SI_UNIT ( $, .STERADIAN. ) SOLID_ANGLE_UNIT ( ) );
#5601 = EDGE_LOOP ( 'NONE', ( #4608, #6104, #764, #5172 ) ) ;
#5602 = PRESENTATION_LAYER_ASSIGNMENT (  '', '', ( #6451 ) ) ;
#5603 = ADVANCED_FACE ( 'NONE', ( #507 ), #7428, .F. ) ;
#5604 = ADVANCED_FACE ( 'NONE', ( #1693 ), #1172, .T. ) ;
#5605 = STYLED_ITEM ( 'NONE', ( #6948 ), #5259 ) ;
#5606 = COLOUR_RGB ( '',0.1098039215686274495, 0.1098039215686274495, 0.1098039215686274495 ) ;
#5607 = UNCERTAINTY_MEASURE_WITH_UNIT (LENGTH_MEASURE( 1.000000000000000082E-05 ), #7132, 'distance_accuracy_value', 'NONE');
#5608 = CARTESIAN_POINT ( 'NONE',  ( -1.939999999999999947, 0.7669872981077823226, 2.050000000000000266 ) ) ;
#5609 = DIRECTION ( 'NONE',  ( 0.000000000000000000, 0.000000000000000000, 1.000000000000000000 ) ) ;
#5610 = EDGE_CURVE ( 'NONE', #2622, #4687, #2827, .T. ) ;
#5611 = ORIENTED_EDGE ( 'NONE', *, *, #4020, .F. ) ;
#5612 = DIRECTION ( 'NONE',  ( -0.000000000000000000, -1.000000000000000000, -0.000000000000000000 ) ) ;
#5613 = DIRECTION ( 'NONE',  ( 1.000000000000000000, -0.000000000000000000, -0.000000000000000000 ) ) ;
#5614 = AXIS2_PLACEMENT_3D ( 'NONE', #3584, #684, #6020 ) ;
#5615 = DIRECTION ( 'NONE',  ( -1.000000000000000000, 0.000000000000000000, 0.000000000000000000 ) ) ;
#5616 =( LENGTH_UNIT ( ) NAMED_UNIT ( * ) SI_UNIT ( .MILLI., .METRE. ) );
#5617 = SURFACE_SIDE_STYLE ('',( #3258 ) ) ;
#5618 = DIRECTION ( 'NONE',  ( 0.000000000000000000, 0.000000000000000000, 1.000000000000000000 ) ) ;
#5619 = ORIENTED_EDGE ( 'NONE', *, *, #4020, .T. ) ;
#5620 = VECTOR ( 'NONE', #6521, 1000.000000000000000 ) ;
#5621 = CARTESIAN_POINT ( 'NONE',  ( 0.000000000000000000, -1.278604465589044281, 1.653526542405187261 ) ) ;
#5622 = FILL_AREA_STYLE_COLOUR ( '', #6013 ) ;
#5623 =( GEOMETRIC_REPRESENTATION_CONTEXT ( 3 ) GLOBAL_UNCERTAINTY_ASSIGNED_CONTEXT ( ( #4069 ) ) GLOBAL_UNIT_ASSIGNED_CONTEXT ( ( #4171, #4059, #5816 ) ) REPRESENTATION_CONTEXT ( 'NONE', 'WORKASPACE' ) );
#5624 =( NAMED_UNIT ( * ) SI_UNIT ( $, .STERADIAN. ) SOLID_ANGLE_UNIT ( ) );
#5625 = CARTESIAN_POINT ( 'NONE',  ( 0.02605351579804620135, 1.341200766768410713, 1.549999999999999822 ) ) ;
#5626 = DIRECTION ( 'NONE',  ( 0.000000000000000000, 0.4999999999999970579, 0.8660254037844402619 ) ) ;
#5627 =( LENGTH_UNIT ( ) NAMED_UNIT ( * ) SI_UNIT ( .MILLI., .METRE. ) );
#5628 = EDGE_CURVE ( 'NONE', #5240, #4961, #5353, .T. ) ;
#5629 = MECHANICAL_DESIGN_GEOMETRIC_PRESENTATION_REPRESENTATION (  '', ( #6236 ), #6626 ) ;
#5630 = DIRECTION ( 'NONE',  ( -0.000000000000000000, -1.548860246407865555E-16, 1.000000000000000000 ) ) ;
#5631 = ORIENTED_EDGE ( 'NONE', *, *, #4908, .F. ) ;
#5632 = SURFACE_STYLE_USAGE ( .BOTH. , #4630 ) ;
#5633 = VERTEX_POINT ( 'NONE', #789 ) ;
#5634 = FILL_AREA_STYLE_COLOUR ( '', #1954 ) ;
#5635 = PLANE ( 'NONE',  #896 ) ;
#5636 = ORIENTED_EDGE ( 'NONE', *, *, #673, .T. ) ;
#5637 = SURFACE_STYLE_FILL_AREA ( #6202 ) ;
#5638 = VECTOR ( 'NONE', #6286, 1000.000000000000114 ) ;
#5639 = DIRECTION ( 'NONE',  ( 1.000000000000000000, 0.000000000000000000, 0.000000000000000000 ) ) ;
#5640 = ORIENTED_EDGE ( 'NONE', *, *, #5750, .F. ) ;
#5641 = ORIENTED_EDGE ( 'NONE', *, *, #2677, .T. ) ;
#5642 = VECTOR ( 'NONE', #2991, 1000.000000000000000 ) ;
#5643 = CARTESIAN_POINT ( 'NONE',  ( -0.000000000000000000, 1.349380687828294567, 1.593859570119408486 ) ) ;
#5644 = CYLINDRICAL_SURFACE ( 'NONE', #2901, 0.1000000000000002554 ) ;
#5645 = DIRECTION ( 'NONE',  ( -0.000000000000000000, -0.9980333389416010670, -0.06268536002193318690 ) ) ;
#5646 = EDGE_CURVE ( 'NONE', #6159, #3759, #6694, .T. ) ;
#5647 = CARTESIAN_POINT ( 'NONE',  ( 1.975206554762960543E-16, -1.349931384972484549, 1.549999999999999822 ) ) ;
#5648 = COLOUR_RGB ( '',0.9686274509803921573, 0.8784313725490195957, 0.5999999999999999778 ) ;
#5649 = SURFACE_STYLE_USAGE ( .BOTH. , #3250 ) ;
#5650 = ORIENTED_EDGE ( 'NONE', *, *, #1362, .T. ) ;
#5651 = FILL_AREA_STYLE_COLOUR ( '', #2549 ) ;
#5652 = CARTESIAN_POINT ( 'NONE',  ( -0.5899999999999999689, 0.7669872981077823226, 2.000000000000000000 ) ) ;
#5653 = PRESENTATION_STYLE_ASSIGNMENT (( #6300 ) ) ;
#5654 = ORIENTED_EDGE ( 'NONE', *, *, #4568, .F. ) ;
#5655 = AXIS2_PLACEMENT_3D ( 'NONE', #1588, #462, #5207 ) ;
#5656 = DIRECTION ( 'NONE',  ( -1.000000000000000000, 0.000000000000000000, 0.000000000000000000 ) ) ;
#5657 = DIRECTION ( 'NONE',  ( 1.000000000000000000, 0.000000000000000000, 0.000000000000000000 ) ) ;
#5658 = ADVANCED_FACE ( 'NONE', ( #3049 ), #1892, .F. ) ;
#5659 = SURFACE_SIDE_STYLE ('',( #3344 ) ) ;
#5660 = LINE ( 'NONE', #6267, #2064 ) ;
#5661 = CARTESIAN_POINT ( 'NONE',  ( 0.006223078614768756678, 1.250771664904390956, 1.549999999999999822 ) ) ;
#5662 =( NAMED_UNIT ( * ) SI_UNIT ( $, .STERADIAN. ) SOLID_ANGLE_UNIT ( ) );
#5663 = DIRECTION ( 'NONE',  ( 1.000000000000000000, -0.000000000000000000, -0.000000000000000000 ) ) ;
#5664 = VECTOR ( 'NONE', #6303, 1000.000000000000000 ) ;
#5665 = FACE_OUTER_BOUND ( 'NONE', #7329, .T. ) ;
#5666 = ORIENTED_EDGE ( 'NONE', *, *, #2216, .F. ) ;
#5667 = PRESENTATION_STYLE_ASSIGNMENT (( #3458 ) ) ;
#5668 = ORIENTED_EDGE ( 'NONE', *, *, #2188, .T. ) ;
#5669 = CARTESIAN_POINT ( 'NONE',  ( -1.489999999999999991, -1.800000000000000266, 0.1799033327499715840 ) ) ;
#5670 = EDGE_LOOP ( 'NONE', ( #5636, #819, #7384, #6389 ) ) ;
#5671 = UNCERTAINTY_MEASURE_WITH_UNIT (LENGTH_MEASURE( 1.000000000000000082E-05 ), #6184, 'distance_accuracy_value', 'NONE');
#5672 = CARTESIAN_POINT ( 'NONE',  ( -1.939999999999999947, -1.199999999999999734, 1.649999999999999467 ) ) ;
#5673 = PRESENTATION_LAYER_ASSIGNMENT (  '', '', ( #3589 ) ) ;
#5674 = DIRECTION ( 'NONE',  ( 0.000000000000000000, -1.000000000000000000, -3.794707603699268674E-15 ) ) ;
#5675 = EDGE_LOOP ( 'NONE', ( #500, #6853, #550, #5500 ) ) ;
#5676 = ORIENTED_EDGE ( 'NONE', *, *, #6445, .T. ) ;
#5677 = EDGE_CURVE ( 'NONE', #4230, #3278, #2357, .T. ) ;
#5678 = COLOUR_RGB ( '',0.9686274509803921573, 0.8784313725490195957, 0.5999999999999999778 ) ;
#5679 = PRESENTATION_LAYER_ASSIGNMENT (  '', '', ( #6407 ) ) ;
#5680 = DIRECTION ( 'NONE',  ( 1.000000000000000000, -0.000000000000000000, -0.000000000000000000 ) ) ;
#5681 = UNCERTAINTY_MEASURE_WITH_UNIT (LENGTH_MEASURE( 1.000000000000000082E-05 ), #1258, 'distance_accuracy_value', 'NONE');
#5682 = CARTESIAN_POINT ( 'NONE',  ( -0.5899999999999999689, 2.000000000000000888, -1.450000000000000178 ) ) ;
#5683 = CARTESIAN_POINT ( 'NONE',  ( -0.05326030924625983765, -1.307199409094092601, 1.549999999999999822 ) ) ;
#5684 = PRESENTATION_STYLE_ASSIGNMENT (( #5649 ) ) ;
#5685 = PRESENTATION_LAYER_ASSIGNMENT (  '', '', ( #7159 ) ) ;
#5686 = VERTEX_POINT ( 'NONE', #2479 ) ;
#5687 = AXIS2_PLACEMENT_3D ( 'NONE', #145, #3669, #1876 ) ;
#5688 = DIRECTION ( 'NONE',  ( -1.000000000000000000, 0.000000000000000000, 0.000000000000000000 ) ) ;
#5689 = DIRECTION ( 'NONE',  ( 0.000000000000000000, 0.000000000000000000, -1.000000000000000000 ) ) ;
#5690 = ORIENTED_EDGE ( 'NONE', *, *, #6972, .F. ) ;
#5691 = SURFACE_SIDE_STYLE ('',( #6751 ) ) ;
#5692 = LINE ( 'NONE', #520, #7180 ) ;
#5693 = AXIS2_PLACEMENT_3D ( 'NONE', #2760, #1085, #7551 ) ;
#5694 = UNCERTAINTY_MEASURE_WITH_UNIT (LENGTH_MEASURE( 1.000000000000000082E-05 ), #4167, 'distance_accuracy_value', 'NONE');
#5695 = SURFACE_STYLE_FILL_AREA ( #2656 ) ;
#5696 = CYLINDRICAL_SURFACE ( 'NONE', #4127, 0.1000000000000006994 ) ;
#5697 = AXIS2_PLACEMENT_3D ( 'NONE', #3189, #5613, #7314 ) ;
#5698 = DIRECTION ( 'NONE',  ( 0.000000000000000000, 0.000000000000000000, -1.000000000000000000 ) ) ;
#5699 = ORIENTED_EDGE ( 'NONE', *, *, #5550, .F. ) ;
#5700 = CARTESIAN_POINT ( 'NONE',  ( -0.000000000000000000, -1.340349749421021697, 1.626063469885635770 ) ) ;
#5701 = DIRECTION ( 'NONE',  ( 0.000000000000000000, -1.000000000000000000, 0.000000000000000000 ) ) ;
#5702 = VECTOR ( 'NONE', #875, 1000.000000000000000 ) ;
#5703 = CARTESIAN_POINT ( 'NONE',  ( -0.8900000000000000133, -0.1318986559962219141, -2.100000000000016520 ) ) ;
#5704 = DIRECTION ( 'NONE',  ( 0.000000000000000000, -1.548860246407865555E-16, 1.000000000000000000 ) ) ;
#5705 = EDGE_CURVE ( 'NONE', #3031, #67, #91, .T. ) ;
#5706 =( NAMED_UNIT ( * ) SI_UNIT ( $, .STERADIAN. ) SOLID_ANGLE_UNIT ( ) );
#5707 = PRESENTATION_STYLE_ASSIGNMENT (( #5632 ) ) ;
#5708 = ORIENTED_EDGE ( 'NONE', *, *, #1005, .T. ) ;
#5710 = AXIS2_PLACEMENT_3D ( 'NONE', #6182, #2725, #2187 ) ;
#5709 = CARTESIAN_POINT ( 'NONE',  ( -1.489999999999999991, -1.800000000000000266, 0.5323422472791536908 ) ) ;
#5711 =( NAMED_UNIT ( * ) SI_UNIT ( $, .STERADIAN. ) SOLID_ANGLE_UNIT ( ) );
#5712 = ORIENTED_EDGE ( 'NONE', *, *, #5798, .F. ) ;
#5713 = PLANE ( 'NONE',  #5075 ) ;
#5714 = SURFACE_STYLE_FILL_AREA ( #538 ) ;
#5715 = FILL_AREA_STYLE ('',( #6983 ) ) ;
#5716 = LINE ( 'NONE', #7455, #1113 ) ;
#5717 = AXIS2_PLACEMENT_3D ( 'NONE', #3719, #6036, #266 ) ;
#5718 = VECTOR ( 'NONE', #3608, 1000.000000000000000 ) ;
#5719 = ORIENTED_EDGE ( 'NONE', *, *, #3965, .F. ) ;
#5720 =( NAMED_UNIT ( * ) PLANE_ANGLE_UNIT ( ) SI_UNIT ( $, .RADIAN. ) );
#5721 = ORIENTED_EDGE ( 'NONE', *, *, #6481, .F. ) ;
#5722 = DIRECTION ( 'NONE',  ( 0.000000000000000000, 0.000000000000000000, -1.000000000000000000 ) ) ;
#5723 = SURFACE_STYLE_FILL_AREA ( #5263 ) ;
#5724 = COLOUR_RGB ( '',0.1098039215686274495, 0.1098039215686274495, 0.1098039215686274495 ) ;
#5725 =( NAMED_UNIT ( * ) PLANE_ANGLE_UNIT ( ) SI_UNIT ( $, .RADIAN. ) );
#5726 = FILL_AREA_STYLE_COLOUR ( '', #1109 ) ;
#5727 = ORIENTED_EDGE ( 'NONE', *, *, #951, .F. ) ;
#5728 = CARTESIAN_POINT ( 'NONE',  ( -0.5899999999999999689, -0.7669872981077828777, -2.100000000000000977 ) ) ;
#5729 = ORIENTED_EDGE ( 'NONE', *, *, #4209, .F. ) ;
#5730 =( GEOMETRIC_REPRESENTATION_CONTEXT ( 3 ) GLOBAL_UNCERTAINTY_ASSIGNED_CONTEXT ( ( #2648 ) ) GLOBAL_UNIT_ASSIGNED_CONTEXT ( ( #6745, #2141, #3326 ) ) REPRESENTATION_CONTEXT ( 'NONE', 'WORKASPACE' ) );
#5731 =( GEOMETRIC_REPRESENTATION_CONTEXT ( 3 ) GLOBAL_UNCERTAINTY_ASSIGNED_CONTEXT ( ( #4527 ) ) GLOBAL_UNIT_ASSIGNED_CONTEXT ( ( #479, #3286, #6832 ) ) REPRESENTATION_CONTEXT ( 'NONE', 'WORKASPACE' ) );
#5732 = DIRECTION ( 'NONE',  ( 0.000000000000000000, -8.031127203596336765E-17, 1.000000000000000000 ) ) ;
#5733 = MECHANICAL_DESIGN_GEOMETRIC_PRESENTATION_REPRESENTATION (  '', ( #1467 ), #2457 ) ;
#5734 = LINE ( 'NONE', #6877, #3277 ) ;
#5735 = ORIENTED_EDGE ( 'NONE', *, *, #6977, .F. ) ;
#5736 = VECTOR ( 'NONE', #2057, 1000.000000000000000 ) ;
#5737 = MECHANICAL_DESIGN_GEOMETRIC_PRESENTATION_REPRESENTATION (  '', ( #3902 ), #4510 ) ;
#5738 = CARTESIAN_POINT ( 'NONE',  ( 0.000000000000000000, 2.099999999999999645, -1.450000000000000178 ) ) ;
#5739 =( GEOMETRIC_REPRESENTATION_CONTEXT ( 3 ) GLOBAL_UNCERTAINTY_ASSIGNED_CONTEXT ( ( #438 ) ) GLOBAL_UNIT_ASSIGNED_CONTEXT ( ( #4528, #567, #5749 ) ) REPRESENTATION_CONTEXT ( 'NONE', 'WORKASPACE' ) );
#5740 = CYLINDRICAL_SURFACE ( 'NONE', #6689, 0.05000000000000002359 ) ;
#5741 = CARTESIAN_POINT ( 'NONE',  ( 0.01615735911465283198, 1.346762054242752749, 1.549999999999999822 ) ) ;
#5742 = DIRECTION ( 'NONE',  ( 1.000000000000000000, 0.000000000000000000, 0.000000000000000000 ) ) ;
#5743 = PRESENTATION_STYLE_ASSIGNMENT (( #7521 ) ) ;
#5744 =( GEOMETRIC_REPRESENTATION_CONTEXT ( 3 ) GLOBAL_UNCERTAINTY_ASSIGNED_CONTEXT ( ( #1637 ) ) GLOBAL_UNIT_ASSIGNED_CONTEXT ( ( #644, #2401, #4716 ) ) REPRESENTATION_CONTEXT ( 'NONE', 'WORKASPACE' ) );
#5745 = FILL_AREA_STYLE_COLOUR ( '', #439 ) ;
#5746 = EDGE_LOOP ( 'NONE', ( #5343, #234, #19, #4296, #4601 ) ) ;
#5747 = ORIENTED_EDGE ( 'NONE', *, *, #4773, .T. ) ;
#5748 = FILL_AREA_STYLE ('',( #2824 ) ) ;
#5749 =( NAMED_UNIT ( * ) SI_UNIT ( $, .STERADIAN. ) SOLID_ANGLE_UNIT ( ) );
#5750 = EDGE_CURVE ( 'NONE', #3713, #3359, #6526, .T. ) ;
#5751 = DIRECTION ( 'NONE',  ( 1.000000000000000000, 0.000000000000000000, 0.000000000000000000 ) ) ;
#5752 = VERTEX_POINT ( 'NONE', #1211 ) ;
#5753 = FILL_AREA_STYLE ('',( #7415 ) ) ;
#5754 = VERTEX_POINT ( 'NONE', #640 ) ;
#5755 = CIRCLE ( 'NONE', #6986, 2.104138126514910834 ) ;
#5756 = MECHANICAL_DESIGN_GEOMETRIC_PRESENTATION_REPRESENTATION (  '', ( #532 ), #6987 ) ;
#5757 = DIRECTION ( 'NONE',  ( -0.000000000000000000, -0.000000000000000000, 1.000000000000000000 ) ) ;
#5758 = SURFACE_STYLE_USAGE ( .BOTH. , #4073 ) ;
#5759 = DIRECTION ( 'NONE',  ( -1.000000000000000000, 0.000000000000000000, 0.000000000000000000 ) ) ;
#5760 = DIRECTION ( 'NONE',  ( -1.000000000000000000, 0.000000000000000000, 0.000000000000000000 ) ) ;
#5761 = TOROIDAL_SURFACE ( 'NONE', #4307, 0.1699999999999999567, 0.04999999999999998196 ) ;
#5762 = ORIENTED_EDGE ( 'NONE', *, *, #5330, .T. ) ;
#5763 = MECHANICAL_DESIGN_GEOMETRIC_PRESENTATION_REPRESENTATION (  '', ( #1141 ), #5028 ) ;
#5764 = EDGE_CURVE ( 'NONE', #944, #1161, #4620, .T. ) ;
#5765 = SURFACE_STYLE_FILL_AREA ( #2460 ) ;
#5766 = DIRECTION ( 'NONE',  ( 1.000000000000000000, 0.000000000000000000, 0.000000000000000000 ) ) ;
#5767 = EDGE_CURVE ( 'NONE', #1189, #3365, #3413, .T. ) ;
#5768 = EDGE_CURVE ( 'NONE', #3031, #3748, #6326, .T. ) ;
#5769 = CARTESIAN_POINT ( 'NONE',  ( -0.01684183586419716466, 1.251652946433580382, 1.549999999999999822 ) ) ;
#5770 = EDGE_CURVE ( 'NONE', #545, #4961, #674, .T. ) ;
#5771 =( NAMED_UNIT ( * ) SI_UNIT ( $, .STERADIAN. ) SOLID_ANGLE_UNIT ( ) );
#5772 = AXIS2_PLACEMENT_3D ( 'NONE', #2858, #4104, #3017 ) ;
#5773 = UNCERTAINTY_MEASURE_WITH_UNIT (LENGTH_MEASURE( 1.000000000000000082E-05 ), #6903, 'distance_accuracy_value', 'NONE');
#5774 = PLANE ( 'NONE',  #1569 ) ;
#5775 = VECTOR ( 'NONE', #1257, 1000.000000000000000 ) ;
#5776 = ORIENTED_EDGE ( 'NONE', *, *, #2153, .F. ) ;
#5777 = SURFACE_STYLE_FILL_AREA ( #490 ) ;
#5778 =( NAMED_UNIT ( * ) PLANE_ANGLE_UNIT ( ) SI_UNIT ( $, .RADIAN. ) );
#5779 = EDGE_CURVE ( 'NONE', #3440, #7048, #3016, .T. ) ;
#5780 = PLANE ( 'NONE',  #6296 ) ;
#5781 = SURFACE_STYLE_FILL_AREA ( #1206 ) ;
#5782 = CARTESIAN_POINT ( 'NONE',  ( -1.340000000000000080, 0.000000000000000000, 1.727069063257455461 ) ) ;
#5783 = FILL_AREA_STYLE_COLOUR ( '', #6478 ) ;
#5784 = EDGE_CURVE ( 'NONE', #483, #7321, #750, .T. ) ;
#5785 = DIRECTION ( 'NONE',  ( 0.000000000000000000, 0.000000000000000000, -1.000000000000000000 ) ) ;
#5786 = FILL_AREA_STYLE_COLOUR ( '', #2257 ) ;
#5787 = CARTESIAN_POINT ( 'NONE',  ( -1.489999999999999769, -1.800000000000000266, 0.4453569927758687652 ) ) ;
#5788 = AXIS2_PLACEMENT_3D ( 'NONE', #4470, #5656, #2809 ) ;
#5789 = SURFACE_STYLE_FILL_AREA ( #641 ) ;
#5790 = ORIENTED_EDGE ( 'NONE', *, *, #6158, .F. ) ;
#5791 = CARTESIAN_POINT ( 'NONE',  ( -0.6387222758952130208, 1.150015413628476368, 1.562736617327941113 ) ) ;
#5792 = PRESENTATION_STYLE_ASSIGNMENT (( #2746 ) ) ;
#5793 =( BOUNDED_SURFACE ( )  B_SPLINE_SURFACE ( 3, 2, ( 
 ( #4208, #5204, #7011 ),
 ( #6386, #3046, #670 ),
 ( #5350, #1247, #1282 ),
 ( #1209, #1170, #87 ) ),
 .UNSPECIFIED., .F., .F., .F. ) 
 B_SPLINE_SURFACE_WITH_KNOTS ( ( 4, 4 ),
 ( 3, 3 ),
 ( 0.001268555391236392445, 0.001535423663854092961 ),
 ( 0.000000000000000000, 1.000000000000000000 ),
 .UNSPECIFIED. ) 
 GEOMETRIC_REPRESENTATION_ITEM ( )  RATIONAL_B_SPLINE_SURFACE ( (
 ( 1.000000000000000000, 0.7630199824727256219, 1.000000000000000000),
 ( 1.000000000000000000, 0.7689853311879638609, 1.000000000000000000),
 ( 1.000000000000000000, 0.7689109364608971431, 1.000000000000000000),
 ( 1.000000000000000000, 0.7630199824727257329, 1.000000000000000000) ) ) 
 REPRESENTATION_ITEM ( '' )  SURFACE ( )  );
#5794 = VERTEX_POINT ( 'NONE', #3087 ) ;
#5795 = DIRECTION ( 'NONE',  ( 1.000000000000000000, -0.000000000000000000, -0.000000000000000000 ) ) ;
#5796 = CARTESIAN_POINT ( 'NONE',  ( -0.8900000000000000133, -2.100000000000014300, 0.1318986559962578575 ) ) ;
#5797 = EDGE_CURVE ( 'NONE', #268, #4558, #1777, .T. ) ;
#5798 = EDGE_CURVE ( 'NONE', #5909, #2120, #3055, .T. ) ;
#5799 = ORIENTED_EDGE ( 'NONE', *, *, #211, .F. ) ;
#5800 = ORIENTED_EDGE ( 'NONE', *, *, #2338, .F. ) ;
#5801 = CARTESIAN_POINT ( 'NONE',  ( -1.939999999999999947, -1.070096189432333755, 1.574999999999999956 ) ) ;
#5802 = DIRECTION ( 'NONE',  ( -1.000000000000000000, -0.000000000000000000, -0.000000000000000000 ) ) ;
#5803 = STYLED_ITEM ( 'NONE', ( #1392 ), #857 ) ;
#5804 = CARTESIAN_POINT ( 'NONE',  ( -1.889999999999999902, 0.7669872981077828777, -2.100000000000000977 ) ) ;
#5805 = SURFACE_STYLE_FILL_AREA ( #4871 ) ;
#5806 = EDGE_CURVE ( 'NONE', #2282, #545, #1844, .T. ) ;
#5807 =( LENGTH_UNIT ( ) NAMED_UNIT ( * ) SI_UNIT ( .MILLI., .METRE. ) );
#5808 = CIRCLE ( 'NONE', #1909, 0.09999999999999917288 ) ;
#5809 = MECHANICAL_DESIGN_GEOMETRIC_PRESENTATION_REPRESENTATION (  '', ( #1910 ), #3139 ) ;
#5810 = ORIENTED_EDGE ( 'NONE', *, *, #292, .T. ) ;
#5811 = CARTESIAN_POINT ( 'NONE',  ( 0.000000000000000000, 0.7669872981077823226, 2.100000000000000977 ) ) ;
#5812 = VERTEX_POINT ( 'NONE', #6688 ) ;
#5813 = CARTESIAN_POINT ( 'NONE',  ( -1.489999999999999991, -1.199999999999999734, 1.649999999999999467 ) ) ;
#5814 = CYLINDRICAL_SURFACE ( 'NONE', #5565, 0.09999999999999917288 ) ;
#5815 = SURFACE_STYLE_FILL_AREA ( #7518 ) ;
#5816 =( NAMED_UNIT ( * ) SI_UNIT ( $, .STERADIAN. ) SOLID_ANGLE_UNIT ( ) );
#5817 = CIRCLE ( 'NONE', #235, 1.729109974682633943 ) ;
#5818 = CARTESIAN_POINT ( 'NONE',  ( -0.5199999999999999067, -1.300000000000000044, 1.740047317545275751 ) ) ;
#5819 = SURFACE_SIDE_STYLE ('',( #4588 ) ) ;
#5820 = CARTESIAN_POINT ( 'NONE',  ( -1.939999999999999947, -1.070096189432333755, 1.574999999999999956 ) ) ;
#5821 = PRESENTATION_LAYER_ASSIGNMENT (  '', '', ( #4839 ) ) ;
#5822 = PRESENTATION_LAYER_ASSIGNMENT (  '', '', ( #704 ) ) ;
#5823 = EDGE_CURVE ( 'NONE', #7249, #268, #7328, .T. ) ;
#5824 = CARTESIAN_POINT ( 'NONE',  ( -1.489999999999999991, -1.800000000000000266, -0.1802839741540290808 ) ) ;
#5825 =( LENGTH_UNIT ( ) NAMED_UNIT ( * ) SI_UNIT ( .MILLI., .METRE. ) );
#5826 = ORIENTED_EDGE ( 'NONE', *, *, #6006, .F. ) ;
#5827 = UNCERTAINTY_MEASURE_WITH_UNIT (LENGTH_MEASURE( 1.000000000000000082E-05 ), #6398, 'distance_accuracy_value', 'NONE');
#5828 = AXIS2_PLACEMENT_3D ( 'NONE', #6279, #6898, #3994 ) ;
#5829 =( NAMED_UNIT ( * ) SI_UNIT ( $, .STERADIAN. ) SOLID_ANGLE_UNIT ( ) );
#5830 = ORIENTED_EDGE ( 'NONE', *, *, #4252, .F. ) ;
#5831 = PRESENTATION_LAYER_ASSIGNMENT (  '', '', ( #489 ) ) ;
#5832 = EDGE_CURVE ( 'NONE', #2427, #2713, #5493, .T. ) ;
#5833 = DIRECTION ( 'NONE',  ( -1.000000000000000000, -0.000000000000000000, -0.000000000000000000 ) ) ;
#5834 = PRESENTATION_LAYER_ASSIGNMENT (  '', '', ( #6192 ) ) ;
#5835 =( LENGTH_UNIT ( ) NAMED_UNIT ( * ) SI_UNIT ( .MILLI., .METRE. ) );
#5836 = ADVANCED_FACE ( 'NONE', ( #3824 ), #2085, .T. ) ;
#5837 = VECTOR ( 'NONE', #5354, 1000.000000000000000 ) ;
#5838 = FILL_AREA_STYLE ('',( #6325 ) ) ;
#5839 = CARTESIAN_POINT ( 'NONE',  ( -1.315340151904195842, 0.000000000000000000, -1.729109974682633943 ) ) ;
#5840 = CARTESIAN_POINT ( 'NONE',  ( -1.939999999999999947, -1.600000000000000311, 1.499999999999998224 ) ) ;
#5841 = ORIENTED_EDGE ( 'NONE', *, *, #904, .F. ) ;
#5842 = EDGE_LOOP ( 'NONE', ( #6891, #3187, #2053, #231, #5887 ) ) ;
#5843 = DIRECTION ( 'NONE',  ( 0.000000000000000000, 0.4999999999999998335, -0.8660254037844387076 ) ) ;
#5844 = EDGE_CURVE ( 'NONE', #6447, #1661, #6725, .T. ) ;
#5845 = ADVANCED_FACE ( 'NONE', ( #3161 ), #933, .F. ) ;
#5846 = PRESENTATION_LAYER_ASSIGNMENT (  '', '', ( #5232 ) ) ;
#5847 = FILL_AREA_STYLE_COLOUR ( '', #5678 ) ;
#5848 =( LENGTH_UNIT ( ) NAMED_UNIT ( * ) SI_UNIT ( .MILLI., .METRE. ) );
#5849 = AXIS2_PLACEMENT_3D ( 'NONE', #4403, #236, #4863 ) ;
#5850 = CARTESIAN_POINT ( 'NONE',  ( 0.000000000000000000, 0.8535898384862267152, 2.050000000000000266 ) ) ;
#5851 = FACE_OUTER_BOUND ( 'NONE', #5153, .T. ) ;
#5852 = EDGE_CURVE ( 'NONE', #676, #1600, #2810, .T. ) ;
#5853 = ORIENTED_EDGE ( 'NONE', *, *, #593, .F. ) ;
#5854 = CARTESIAN_POINT ( 'NONE',  ( 0.05000000000000000278, 0.6747223250267392336, -2.000000000000000888 ) ) ;
#5855 = ORIENTED_EDGE ( 'NONE', *, *, #2681, .T. ) ;
#5856 = CARTESIAN_POINT ( 'NONE',  ( -1.939999999999999947, 0.7669872981077828777, -2.049999999999999822 ) ) ;
#5857 = STYLED_ITEM ( 'NONE', ( #1003 ), #1763 ) ;
#5858 = AXIS2_PLACEMENT_3D ( 'NONE', #6537, #3582, #4725 ) ;
#5859 = CARTESIAN_POINT ( 'NONE',  ( 0.05000000000000000278, 0.6747223250267422312, 1.800000000000001155 ) ) ;
#5860 = DIRECTION ( 'NONE',  ( 0.000000000000000000, 0.000000000000000000, 1.000000000000000000 ) ) ;
#5862 = AXIS2_PLACEMENT_3D ( 'NONE', #7298, #2785, #351 ) ;
#5861 = FILL_AREA_STYLE ('',( #49 ) ) ;
#5863 = VECTOR ( 'NONE', #401, 1000.000000000000000 ) ;
#5864 = AXIS2_PLACEMENT_3D ( 'NONE', #2017, #4348, #3735 ) ;
#5865 = FILL_AREA_STYLE ('',( #3013 ) ) ;
#5866 = ORIENTED_EDGE ( 'NONE', *, *, #7505, .F. ) ;
#5867 = ADVANCED_FACE ( 'NONE', ( #2811 ), #5780, .F. ) ;
#5868 = DIRECTION ( 'NONE',  ( 1.000000000000000000, -0.000000000000000000, -0.000000000000000000 ) ) ;
#5869 = VERTEX_POINT ( 'NONE', #5166 ) ;
#5870 = STYLED_ITEM ( 'NONE', ( #3799 ), #7058 ) ;
#5871 = CARTESIAN_POINT ( 'NONE',  ( 0.05000000000000000278, -1.849999999999999867, -1.549999999999999822 ) ) ;
#5872 = EDGE_CURVE ( 'NONE', #4433, #4923, #3747, .T. ) ;
#5873 = FILL_AREA_STYLE_COLOUR ( '', #832 ) ;
#5874 = MECHANICAL_DESIGN_GEOMETRIC_PRESENTATION_REPRESENTATION (  '', ( #7218 ), #2961 ) ;
#5875 = CARTESIAN_POINT ( 'NONE',  ( -1.489999999999999991, -1.599999999999999867, -1.349999999999999201 ) ) ;
#5876 = SURFACE_SIDE_STYLE ('',( #3619 ) ) ;
#5877 = DIRECTION ( 'NONE',  ( 1.000000000000000000, 0.000000000000000000, -0.000000000000000000 ) ) ;
#5878 = CARTESIAN_POINT ( 'NONE',  ( -1.939999999999999947, 0.7669872981077828777, -2.049999999999999822 ) ) ;
#5879 = CARTESIAN_POINT ( 'NONE',  ( -0.8899999999999999023, 0.000000000000000000, 0.000000000000000000 ) ) ;
#5880 = ORIENTED_EDGE ( 'NONE', *, *, #3317, .F. ) ;
#5881 = ORIENTED_EDGE ( 'NONE', *, *, #5872, .T. ) ;
#5882 = SURFACE_SIDE_STYLE ('',( #6371 ) ) ;
#5883 = LINE ( 'NONE', #4841, #3998 ) ;
#5884 = ADVANCED_FACE ( 'NONE', ( #4552 ), #3144, .T. ) ;
#5885 =( NAMED_UNIT ( * ) PLANE_ANGLE_UNIT ( ) SI_UNIT ( $, .RADIAN. ) );
#5886 =( GEOMETRIC_REPRESENTATION_CONTEXT ( 3 ) GLOBAL_UNCERTAINTY_ASSIGNED_CONTEXT ( ( #449 ) ) GLOBAL_UNIT_ASSIGNED_CONTEXT ( ( #3553, #2999, #7026 ) ) REPRESENTATION_CONTEXT ( 'NONE', 'WORKASPACE' ) );
#5887 = ORIENTED_EDGE ( 'NONE', *, *, #3467, .T. ) ;
#5888 = ORIENTED_EDGE ( 'NONE', *, *, #2935, .T. ) ;
#5889 = CARTESIAN_POINT ( 'NONE',  ( 0.000000000000000000, -2.100000000000000089, -1.450000000000000178 ) ) ;
#5890 = LINE ( 'NONE', #4813, #2776 ) ;
#5891 = CARTESIAN_POINT ( 'NONE',  ( -1.330988861732018691, 1.720507750855037488, -0.1656998043180768765 ) ) ;
#5892 = CARTESIAN_POINT ( 'NONE',  ( -1.489999999999999991, -1.200000000000000178, -1.550000000000000266 ) ) ;
#5893 = SURFACE_STYLE_USAGE ( .BOTH. , #5819 ) ;
#5894 = SURFACE_STYLE_FILL_AREA ( #5861 ) ;
#5895 = STYLED_ITEM ( 'NONE', ( #6767 ), #4190 ) ;
#5896 = ADVANCED_FACE ( 'NONE', ( #2155 ), #824, .F. ) ;
#5897 = SURFACE_STYLE_USAGE ( .BOTH. , #2514 ) ;
#5898 =( GEOMETRIC_REPRESENTATION_CONTEXT ( 3 ) GLOBAL_UNCERTAINTY_ASSIGNED_CONTEXT ( ( #53 ) ) GLOBAL_UNIT_ASSIGNED_CONTEXT ( ( #5198, #7006, #2347 ) ) REPRESENTATION_CONTEXT ( 'NONE', 'WORKASPACE' ) );
#5899 = ORIENTED_EDGE ( 'NONE', *, *, #6680, .T. ) ;
#5900 = CARTESIAN_POINT ( 'NONE',  ( -0.5899999999999999689, -2.100000000000000089, -1.450000000000000178 ) ) ;
#5901 = UNCERTAINTY_MEASURE_WITH_UNIT (LENGTH_MEASURE( 1.000000000000000082E-05 ), #854, 'distance_accuracy_value', 'NONE');
#5902 = SURFACE_SIDE_STYLE ('',( #4107 ) ) ;
#5903 = SURFACE_SIDE_STYLE ('',( #1363 ) ) ;
#5904 = MECHANICAL_DESIGN_GEOMETRIC_PRESENTATION_REPRESENTATION (  '', ( #1638 ), #318 ) ;
#5905 = CARTESIAN_POINT ( 'NONE',  ( 0.06000000000000000472, -1.050000000000000044, 1.549999999999999822 ) ) ;
#5906 = CARTESIAN_POINT ( 'NONE',  ( -0.8406803038083915380, 0.1133489185248035686, -1.804663793605831179 ) ) ;
#5907 = FILL_AREA_STYLE ('',( #4646 ) ) ;
#5908 = SURFACE_SIDE_STYLE ('',( #6144 ) ) ;
#5909 = VERTEX_POINT ( 'NONE', #632 ) ;
#5910 = ADVANCED_FACE ( 'NONE', ( #1766 ), #1245, .T. ) ;
#5911 = VERTEX_POINT ( 'NONE', #3788 ) ;
#5912 = DIRECTION ( 'NONE',  ( 1.000000000000000000, -0.000000000000000000, -0.000000000000000000 ) ) ;
#5913 = VECTOR ( 'NONE', #3600, 1000.000000000000000 ) ;
#5914 = CARTESIAN_POINT ( 'NONE',  ( -9.659257778674560150E-15, -1.250068615027514429, 1.549999999999999822 ) ) ;
#5915 = PRESENTATION_STYLE_ASSIGNMENT (( #731 ) ) ;
#5916 = CARTESIAN_POINT ( 'NONE',  ( 0.000000000000000000, -1.300000000000000044, 1.659689717982965051 ) ) ;
#5917 = CARTESIAN_POINT ( 'NONE',  ( -0.6389076999508317423, -1.146298602064329319, 1.565091649258328443 ) ) ;
#5918 = SURFACE_STYLE_FILL_AREA ( #3514 ) ;
#5919 = ORIENTED_EDGE ( 'NONE', *, *, #1773, .F. ) ;
#5920 = AXIS2_PLACEMENT_3D ( 'NONE', #3693, #5484, #1797 ) ;
#5921 = VERTEX_POINT ( 'NONE', #2690 ) ;
#5922 = CARTESIAN_POINT ( 'NONE',  ( -0.6451492699785071894, 1.324050758673384287, 1.405022962260442876 ) ) ;
#5923 = CARTESIAN_POINT ( 'NONE',  ( -0.5899999999999999689, -0.8535898384862263821, 2.049999999999999822 ) ) ;
#5924 =( NAMED_UNIT ( * ) SI_UNIT ( $, .STERADIAN. ) SOLID_ANGLE_UNIT ( ) );
#5925 = DIRECTION ( 'NONE',  ( 0.000000000000000000, -0.8660254037844385966, 0.5000000000000002220 ) ) ;
#5926 = AXIS2_PLACEMENT_3D ( 'NONE', #2962, #1756, #2918 ) ;
#5927 = FILL_AREA_STYLE_COLOUR ( '', #6617 ) ;
#5928 = DIRECTION ( 'NONE',  ( 1.000000000000000000, 0.000000000000000000, 0.000000000000000000 ) ) ;
#5929 = SURFACE_STYLE_USAGE ( .BOTH. , #6976 ) ;
#5930 = EDGE_CURVE ( 'NONE', #3836, #676, #7156, .T. ) ;
#5931 = MECHANICAL_DESIGN_GEOMETRIC_PRESENTATION_REPRESENTATION (  '', ( #7040 ), #4467 ) ;
#5932 = EDGE_CURVE ( 'NONE', #6256, #1842, #2654, .T. ) ;
#5933 = MECHANICAL_DESIGN_GEOMETRIC_PRESENTATION_REPRESENTATION (  '', ( #3982 ), #3857 ) ;
#5934 =( NAMED_UNIT ( * ) PLANE_ANGLE_UNIT ( ) SI_UNIT ( $, .RADIAN. ) );
#5935 = CARTESIAN_POINT ( 'NONE',  ( -0.5899999999999999689, -0.1318986559964706595, 2.100000000000000533 ) ) ;
#5936 = ORIENTED_EDGE ( 'NONE', *, *, #1859, .F. ) ;
#5937 =( NAMED_UNIT ( * ) PLANE_ANGLE_UNIT ( ) SI_UNIT ( $, .RADIAN. ) );
#5938 = CARTESIAN_POINT ( 'NONE',  ( -0.6326133483349961617, 1.180812502319865676, -1.551858062313938635 ) ) ;
#5939 =( GEOMETRIC_REPRESENTATION_CONTEXT ( 3 ) GLOBAL_UNCERTAINTY_ASSIGNED_CONTEXT ( ( #4458 ) ) GLOBAL_UNIT_ASSIGNED_CONTEXT ( ( #591, #7157, #2928 ) ) REPRESENTATION_CONTEXT ( 'NONE', 'WORKASPACE' ) );
#5940 = SURFACE_STYLE_USAGE ( .BOTH. , #5903 ) ;
#5941 = VECTOR ( 'NONE', #6372, 1000.000000000000000 ) ;
#5942 = PRESENTATION_LAYER_ASSIGNMENT (  '', '', ( #6662 ) ) ;
#5943 = FACE_OUTER_BOUND ( 'NONE', #4486, .T. ) ;
#5944 = VECTOR ( 'NONE', #4759, 1000.000000000000000 ) ;
#5945 = FACE_OUTER_BOUND ( 'NONE', #3835, .T. ) ;
#5946 = FILL_AREA_STYLE_COLOUR ( '', #1352 ) ;
#5947 = STYLED_ITEM ( 'NONE', ( #584 ), #3273 ) ;
#5948 = EDGE_LOOP ( 'NONE', ( #1150, #5599, #5762, #1428, #2033, #6173 ) ) ;
#5949 = PRESENTATION_LAYER_ASSIGNMENT (  '', '', ( #1679 ) ) ;
#5950 = ORIENTED_EDGE ( 'NONE', *, *, #800, .T. ) ;
#5951 = DIRECTION ( 'NONE',  ( 1.000000000000000000, 0.000000000000000000, 0.000000000000000000 ) ) ;
#5952 = AXIS2_PLACEMENT_3D ( 'NONE', #5271, #4012, #77 ) ;
#5953 = CARTESIAN_POINT ( 'NONE',  ( -1.489999999999999991, 1.599999999999999867, -1.349999999999999201 ) ) ;
#5954 =( LENGTH_UNIT ( ) NAMED_UNIT ( * ) SI_UNIT ( .MILLI., .METRE. ) );
#5955 = CARTESIAN_POINT ( 'NONE',  ( 0.05000000000000000278, -0.8479274057836261314, -1.900000000000002354 ) ) ;
#5956 = CARTESIAN_POINT ( 'NONE',  ( 0.000000000000000000, 0.8535898384862263821, 2.049999999999999822 ) ) ;
#5957 = VERTEX_POINT ( 'NONE', #6033 ) ;
#5958 = ORIENTED_EDGE ( 'NONE', *, *, #7252, .T. ) ;
#5959 = VECTOR ( 'NONE', #1167, 1000.000000000000000 ) ;
#5960 = SURFACE_SIDE_STYLE ('',( #780 ) ) ;
#5961 = CARTESIAN_POINT ( 'NONE',  ( -1.334775520489824396, 1.725883425434802776, 0.08281665797712985111 ) ) ;
#5962 = SURFACE_SIDE_STYLE ('',( #3640 ) ) ;
#5963 = LINE ( 'NONE', #5282, #5986 ) ;
#5964 = AXIS2_PLACEMENT_3D ( 'NONE', #2595, #4894, #2433 ) ;
#5965 = CARTESIAN_POINT ( 'NONE',  ( -1.315340151904196286, 1.681767428638177186, -0.4104079096006186256 ) ) ;
#5966 = MECHANICAL_DESIGN_GEOMETRIC_PRESENTATION_REPRESENTATION (  '', ( #871 ), #5131 ) ;
#5967 = PRESENTATION_LAYER_ASSIGNMENT (  '', '', ( #6209 ) ) ;
#5968 = ORIENTED_EDGE ( 'NONE', *, *, #220, .F. ) ;
#5969 = DIRECTION ( 'NONE',  ( -1.000000000000000000, 0.000000000000000000, 1.807003620809174632E-16 ) ) ;
#5970 = CARTESIAN_POINT ( 'NONE',  ( 0.05000000000000000278, 0.8479274057836300171, 1.900000000000001243 ) ) ;
#5971 = ORIENTED_EDGE ( 'NONE', *, *, #4671, .T. ) ;
#5972 =( NAMED_UNIT ( * ) SI_UNIT ( $, .STERADIAN. ) SOLID_ANGLE_UNIT ( ) );
#5973 = STYLED_ITEM ( 'NONE', ( #1225 ), #1785 ) ;
#5974 = PRESENTATION_STYLE_ASSIGNMENT (( #3536 ) ) ;
#5975 = COLOUR_RGB ( '',0.1098039215686274495, 0.1098039215686274495, 0.1098039215686274495 ) ;
#5976 = PRESENTATION_LAYER_ASSIGNMENT (  '', '', ( #1594 ) ) ;
#5977 = AXIS2_PLACEMENT_3D ( 'NONE', #6503, #4154, #3659 ) ;
#5978 = DIRECTION ( 'NONE',  ( -4.456451673248910669E-19, 0.06268536002194979861, -0.9980333389416000678 ) ) ;
#5979 = CARTESIAN_POINT ( 'NONE',  ( -1.489999999999999991, 1.799999999999999600, -1.349999999999999201 ) ) ;
#5980 = SURFACE_SIDE_STYLE ('',( #724 ) ) ;
#5981 = COLOUR_RGB ( '',0.1098039215686274495, 0.1098039215686274495, 0.1098039215686274495 ) ;
#5982 = LINE ( 'NONE', #4767, #7213 ) ;
#5983 = ORIENTED_EDGE ( 'NONE', *, *, #4022, .F. ) ;
#5984 = EDGE_LOOP ( 'NONE', ( #4929, #6218, #6842, #3226 ) ) ;
#5985 = DIRECTION ( 'NONE',  ( 0.000000000000000000, 0.000000000000000000, 1.000000000000000000 ) ) ;
#5986 = VECTOR ( 'NONE', #668, 1000.000000000000000 ) ;
#5987 = DIRECTION ( 'NONE',  ( 0.000000000000000000, 0.000000000000000000, -1.000000000000000000 ) ) ;
#5988 = FILL_AREA_STYLE ('',( #5455 ) ) ;
#5989 = PRESENTATION_STYLE_ASSIGNMENT (( #733 ) ) ;
#5990 = SURFACE_SIDE_STYLE ('',( #847 ) ) ;
#5991 = EDGE_LOOP ( 'NONE', ( #16, #4419, #686, #1894, #6879 ) ) ;
#5992 = EDGE_CURVE ( 'NONE', #2631, #5448, #2774, .T. ) ;
#5993 = DIRECTION ( 'NONE',  ( 0.000000000000000000, 0.000000000000000000, 1.000000000000000000 ) ) ;
#5994 = ORIENTED_EDGE ( 'NONE', *, *, #7124, .T. ) ;
#5995 = CARTESIAN_POINT ( 'NONE',  ( 0.000000000000000000, -1.850000000000000533, 1.549999999999999156 ) ) ;
#5996 = DIRECTION ( 'NONE',  ( -0.000000000000000000, 1.000000000000000000, -0.000000000000000000 ) ) ;
#5997 = EDGE_CURVE ( 'NONE', #6227, #830, #6074, .T. ) ;
#5998 = LINE ( 'NONE', #3370, #1670 ) ;
#5999 = CIRCLE ( 'NONE', #5021, 1.727069063257455461 ) ;
#6000 = MECHANICAL_DESIGN_GEOMETRIC_PRESENTATION_REPRESENTATION (  '', ( #6857 ), #7242 ) ;
#6001 = DIRECTION ( 'NONE',  ( 1.000000000000000000, -0.000000000000000000, -0.000000000000000000 ) ) ;
#6002 = PRESENTATION_STYLE_ASSIGNMENT (( #1351 ) ) ;
#6003 = ORIENTED_EDGE ( 'NONE', *, *, #7495, .F. ) ;
#6004 = COLOUR_RGB ( '',0.9686274509803921573, 0.8784313725490195957, 0.5999999999999999778 ) ;
#6005 = ORIENTED_EDGE ( 'NONE', *, *, #1591, .F. ) ;
#6006 = EDGE_CURVE ( 'NONE', #5322, #3198, #7037, .T. ) ;
#6007 = CIRCLE ( 'NONE', #2726, 0.1000000000000009076 ) ;
#6008 = EDGE_CURVE ( 'NONE', #5356, #1391, #5001, .T. ) ;
#6009 = CARTESIAN_POINT ( 'NONE',  ( -1.889999999999999902, 1.200000000000000178, -1.649999999999999911 ) ) ;
#6010 =( NAMED_UNIT ( * ) SI_UNIT ( $, .STERADIAN. ) SOLID_ANGLE_UNIT ( ) );
#6011 = VECTOR ( 'NONE', #5868, 1000.000000000000000 ) ;
#6012 = EDGE_CURVE ( 'NONE', #1627, #2672, #2000, .T. ) ;
#6013 = COLOUR_RGB ( '',0.6666666666666666297, 0.6980392156862744724, 0.7686274509803920907 ) ;
#6014 =( NAMED_UNIT ( * ) PLANE_ANGLE_UNIT ( ) SI_UNIT ( $, .RADIAN. ) );
#6015 = CARTESIAN_POINT ( 'NONE',  ( -0.02571960678814888893, -1.255060560852277129, 1.549999999999999822 ) ) ;
#6016 = SURFACE_STYLE_FILL_AREA ( #1157 ) ;
#6017 = LINE ( 'NONE', #1865, #3095 ) ;
#6018 = DIRECTION ( 'NONE',  ( 0.000000000000000000, 0.5000000000000003331, 0.8660254037844384856 ) ) ;
#6019 =( NAMED_UNIT ( * ) SI_UNIT ( $, .STERADIAN. ) SOLID_ANGLE_UNIT ( ) );
#6020 = DIRECTION ( 'NONE',  ( 0.000000000000000000, 0.000000000000000000, 1.000000000000000000 ) ) ;
#6021 = CARTESIAN_POINT ( 'NONE',  ( -1.489999999999999991, 1.800000000000000044, -1.349999999999999201 ) ) ;
#6022 = EDGE_LOOP ( 'NONE', ( #5110, #3030, #6940, #1409 ) ) ;
#6023 = VERTEX_POINT ( 'NONE', #297 ) ;
#6024 = DIRECTION ( 'NONE',  ( 0.000000000000000000, 0.000000000000000000, -1.000000000000000000 ) ) ;
#6025 = ADVANCED_FACE ( 'NONE', ( #4956 ), #5575, .F. ) ;
#6026 = LINE ( 'NONE', #6475, #11 ) ;
#6027 = SURFACE_SIDE_STYLE ('',( #2540 ) ) ;
#6028 = DIRECTION ( 'NONE',  ( 1.000000000000000000, -0.000000000000000000, -0.000000000000000000 ) ) ;
#6029 = VERTEX_POINT ( 'NONE', #1459 ) ;
#6030 = CARTESIAN_POINT ( 'NONE',  ( 0.05000000000000000278, 1.050000000000000044, 1.549999999999999822 ) ) ;
#6031 = VERTEX_POINT ( 'NONE', #6717 ) ;
#6032 = DIRECTION ( 'NONE',  ( -1.000000000000000000, 0.000000000000000000, 0.000000000000000000 ) ) ;
#6033 = CARTESIAN_POINT ( 'NONE',  ( 0.05000000000000000278, -0.6747223250267392336, -2.000000000000000888 ) ) ;
#6034 =( NAMED_UNIT ( * ) SI_UNIT ( $, .STERADIAN. ) SOLID_ANGLE_UNIT ( ) );
#6035 = SURFACE_SIDE_STYLE ('',( #3602 ) ) ;
#6036 = DIRECTION ( 'NONE',  ( -1.000000000000000000, 0.000000000000000000, 0.000000000000000000 ) ) ;
#6037 = AXIS2_PLACEMENT_3D ( 'NONE', #709, #1927, #3570 ) ;
#6038 = ORIENTED_EDGE ( 'NONE', *, *, #1384, .T. ) ;
#6039 = DIRECTION ( 'NONE',  ( 0.9863939238321436376, 2.013306935865723228E-17, 0.1643989873053574302 ) ) ;
#6040 = ORIENTED_EDGE ( 'NONE', *, *, #1184, .F. ) ;
#6041 = ADVANCED_FACE ( 'NONE', ( #3819, #2594 ), #4951, .F. ) ;
#6042 = MECHANICAL_DESIGN_GEOMETRIC_PRESENTATION_REPRESENTATION (  '', ( #4705 ), #2890 ) ;
#6043 = SURFACE_STYLE_FILL_AREA ( #2128 ) ;
#6044 = PRESENTATION_STYLE_ASSIGNMENT (( #378 ) ) ;
#6045 = LINE ( 'NONE', #4375, #2218 ) ;
#6046 =( LENGTH_UNIT ( ) NAMED_UNIT ( * ) SI_UNIT ( .MILLI., .METRE. ) );
#6047 = VECTOR ( 'NONE', #4904, 1000.000000000000000 ) ;
#6048 = CIRCLE ( 'NONE', #2767, 0.09999999999999917288 ) ;
#6049 = DIRECTION ( 'NONE',  ( 1.000000000000000000, 0.000000000000000000, 0.000000000000000000 ) ) ;
#6050 = ORIENTED_EDGE ( 'NONE', *, *, #2868, .T. ) ;
#6051 = CARTESIAN_POINT ( 'NONE',  ( -1.489999999999999991, -1.113397459621555674, 1.599999999999999867 ) ) ;
#6052 =( NAMED_UNIT ( * ) PLANE_ANGLE_UNIT ( ) SI_UNIT ( $, .RADIAN. ) );
#6053 = VECTOR ( 'NONE', #1960, 1000.000000000000000 ) ;
#6054 = CARTESIAN_POINT ( 'NONE',  ( -1.489999999999999991, 1.800000000000000044, -1.349999999999999201 ) ) ;
#6055 = COLOUR_RGB ( '',0.8980392156862745390, 0.8980392156862745390, 0.8980392156862745390 ) ;
#6056 = DIRECTION ( 'NONE',  ( 0.000000000000000000, -1.000000000000000000, -1.548860246407865801E-16 ) ) ;
#6057 = CARTESIAN_POINT ( 'NONE',  ( 0.000000000000000000, 0.8479274057836261314, -1.900000000000002354 ) ) ;
#6058 = SURFACE_SIDE_STYLE ('',( #3871 ) ) ;
#6059 = ORIENTED_EDGE ( 'NONE', *, *, #4319, .T. ) ;
#6060 = ORIENTED_EDGE ( 'NONE', *, *, #5201, .T. ) ;
#6061 = DIRECTION ( 'NONE',  ( 0.000000000000000000, 1.000000000000000000, 3.794707603699259997E-15 ) ) ;
#6062 = VECTOR ( 'NONE', #5639, 1000.000000000000000 ) ;
#6063 = EDGE_CURVE ( 'NONE', #5869, #3786, #5998, .T. ) ;
#6064 = SURFACE_STYLE_USAGE ( .BOTH. , #1517 ) ;
#6065 = CARTESIAN_POINT ( 'NONE',  ( -1.939999999999999947, 0.7669872981077823226, 2.050000000000000266 ) ) ;
#6066 = UNCERTAINTY_MEASURE_WITH_UNIT (LENGTH_MEASURE( 1.000000000000000082E-05 ), #93, 'distance_accuracy_value', 'NONE');
#6067 = FACE_OUTER_BOUND ( 'NONE', #6546, .T. ) ;
#6068 = DIRECTION ( 'NONE',  ( -1.000000000000000000, 0.000000000000000000, 0.000000000000000000 ) ) ;
#6069 = EDGE_CURVE ( 'NONE', #4088, #67, #4590, .T. ) ;
#6070 = FILL_AREA_STYLE ('',( #3750 ) ) ;
#6071 = EDGE_LOOP ( 'NONE', ( #1335, #4427, #2515, #802 ) ) ;
#6072 = DIRECTION ( 'NONE',  ( 1.000000000000000000, -0.000000000000000000, -0.000000000000000000 ) ) ;
#6073 = AXIS2_PLACEMENT_3D ( 'NONE', #409, #3334, #1048 ) ;
#6074 = LINE ( 'NONE', #4430, #7542 ) ;
#6075 = CARTESIAN_POINT ( 'NONE',  ( -0.5899999999999999689, 0.7669872981077823226, 2.100000000000000977 ) ) ;
#6076 = EDGE_CURVE ( 'NONE', #6768, #660, #6175, .T. ) ;
#6077 = UNCERTAINTY_MEASURE_WITH_UNIT (LENGTH_MEASURE( 1.000000000000000082E-05 ), #3414, 'distance_accuracy_value', 'NONE');
#6078 = DIRECTION ( 'NONE',  ( -0.000000000000000000, -0.5000000000000003331, -0.8660254037844384856 ) ) ;
#6079 = DIRECTION ( 'NONE',  ( 0.000000000000000000, 0.000000000000000000, -1.000000000000000000 ) ) ;
#6080 = COLOUR_RGB ( '',0.8980392156862745390, 0.8980392156862745390, 0.8980392156862745390 ) ;
#6081 = ORIENTED_EDGE ( 'NONE', *, *, #760, .T. ) ;
#6082 =( NAMED_UNIT ( * ) PLANE_ANGLE_UNIT ( ) SI_UNIT ( $, .RADIAN. ) );
#6083 = CARTESIAN_POINT ( 'NONE',  ( -0.5899999999999999689, -0.7669872981077828777, -2.100000000000000977 ) ) ;
#6084 = ORIENTED_EDGE ( 'NONE', *, *, #1859, .T. ) ;
#6086 = MECHANICAL_DESIGN_GEOMETRIC_PRESENTATION_REPRESENTATION (  '', ( #606 ), #7067 ) ;
#6085 =( NAMED_UNIT ( * ) PLANE_ANGLE_UNIT ( ) SI_UNIT ( $, .RADIAN. ) );
#6087 = LINE ( 'NONE', #865, #5837 ) ;
#6088 = DIRECTION ( 'NONE',  ( 0.000000000000000000, -1.000000000000000000, -5.421010862427526114E-16 ) ) ;
#6089 = FILL_AREA_STYLE_COLOUR ( '', #110 ) ;
#6091 = AXIS2_PLACEMENT_3D ( 'NONE', #6758, #377, #337 ) ;
#6090 = CARTESIAN_POINT ( 'NONE',  ( -1.889999999999999902, -1.200000000000000178, -1.649999999999999911 ) ) ;
#6092 = DIRECTION ( 'NONE',  ( -1.000000000000000000, -0.000000000000000000, -0.000000000000000000 ) ) ;
#6093 = EDGE_CURVE ( 'NONE', #2866, #6029, #2839, .T. ) ;
#6094 = ADVANCED_FACE ( 'NONE', ( #3934 ), #5038, .F. ) ;
#6095 = MECHANICAL_DESIGN_GEOMETRIC_PRESENTATION_REPRESENTATION (  '', ( #978 ), #5730 ) ;
#6096 = VECTOR ( 'NONE', #549, 1000.000000000000000 ) ;
#6097 = ORIENTED_EDGE ( 'NONE', *, *, #1807, .F. ) ;
#6098 = ADVANCED_FACE ( 'NONE', ( #7388 ), #7365, .F. ) ;
#6099 = STYLED_ITEM ( 'NONE', ( #2095 ), #6649 ) ;
#6100 = CARTESIAN_POINT ( 'NONE',  ( -1.489999999999999991, -1.200000000000000178, -1.649999999999999911 ) ) ;
#6101 = DIRECTION ( 'NONE',  ( 0.000000000000000000, 0.8660254037844384856, -0.5000000000000003331 ) ) ;
#6102 = FILL_AREA_STYLE ('',( #6738 ) ) ;
#6103 = CARTESIAN_POINT ( 'NONE',  ( 0.06000000000000000472, -1.050000000000000044, -1.549999999999999822 ) ) ;
#6104 = ORIENTED_EDGE ( 'NONE', *, *, #1978, .F. ) ;
#6105 = VECTOR ( 'NONE', #1512, 1000.000000000000000 ) ;
#6106 = ORIENTED_EDGE ( 'NONE', *, *, #7126, .F. ) ;
#6107 = CARTESIAN_POINT ( 'NONE',  ( 0.000000000000000000, 1.300000000000000044, 1.659689717982965051 ) ) ;
#6108 = AXIS2_PLACEMENT_3D ( 'NONE', #5548, #864, #2126 ) ;
#6109 = CARTESIAN_POINT ( 'NONE',  ( 1.240062641022265667E-38, 1.321621346734076274, 1.653341818079903547 ) ) ;
#6110 = AXIS2_PLACEMENT_3D ( 'NONE', #6090, #1976, #2009 ) ;
#6111 =( NAMED_UNIT ( * ) SI_UNIT ( $, .STERADIAN. ) SOLID_ANGLE_UNIT ( ) );
#6112 =( NAMED_UNIT ( * ) SI_UNIT ( $, .STERADIAN. ) SOLID_ANGLE_UNIT ( ) );
#6113 = CARTESIAN_POINT ( 'NONE',  ( -0.04903604957376053036, -1.321718219288360752, 1.549999937511751469 ) ) ;
#6114 = FACE_OUTER_BOUND ( 'NONE', #7024, .T. ) ;
#6115 = VERTEX_POINT ( 'NONE', #1938 ) ;
#6116 = DIRECTION ( 'NONE',  ( 1.000000000000000000, 0.000000000000000000, 0.000000000000000000 ) ) ;
#6117 = EDGE_CURVE ( 'NONE', #776, #1742, #1418, .T. ) ;
#6118 = FILL_AREA_STYLE ('',( #4854 ) ) ;
#6119 = FILL_AREA_STYLE ('',( #4927 ) ) ;
#6120 = EDGE_LOOP ( 'NONE', ( #840, #3235, #3041, #5666 ) ) ;
#6121 = CARTESIAN_POINT ( 'NONE',  ( -0.5199999999999999067, 1.300000000000000044, 1.520047317545275778 ) ) ;
#6122 = ORIENTED_EDGE ( 'NONE', *, *, #4113, .F. ) ;
#6123 = COLOUR_RGB ( '',0.9686274509803921573, 0.8784313725490195957, 0.5999999999999999778 ) ;
#6124 = DIRECTION ( 'NONE',  ( 1.000000000000000000, -0.000000000000000000, -0.000000000000000000 ) ) ;
#6125 =( NAMED_UNIT ( * ) SI_UNIT ( $, .STERADIAN. ) SOLID_ANGLE_UNIT ( ) );
#6126 = CARTESIAN_POINT ( 'NONE',  ( -1.889999999999999902, -0.8535898384862264932, 2.049999999999999822 ) ) ;
#6127 = DIRECTION ( 'NONE',  ( 0.000000000000000000, 0.06268536002193562939, 0.9980333389416007339 ) ) ;
#6128 = ADVANCED_FACE ( 'NONE', ( #4690 ), #570, .T. ) ;
#6129 = VECTOR ( 'NONE', #1421, 1000.000000000000000 ) ;
#6130 = ORIENTED_EDGE ( 'NONE', *, *, #5587, .F. ) ;
#6131 = CARTESIAN_POINT ( 'NONE',  ( -0.5899999999999999689, -2.099999999999999201, 1.449999999999999734 ) ) ;
#6132 = ORIENTED_EDGE ( 'NONE', *, *, #5852, .T. ) ;
#6133 = SURFACE_SIDE_STYLE ('',( #4450 ) ) ;
#6134 = SURFACE_STYLE_USAGE ( .BOTH. , #3739 ) ;
#6135 = FILL_AREA_STYLE_COLOUR ( '', #2461 ) ;
#6136 = VECTOR ( 'NONE', #3181, 1000.000000000000000 ) ;
#6137 = ORIENTED_EDGE ( 'NONE', *, *, #3147, .F. ) ;
#6138 = VERTEX_POINT ( 'NONE', #6051 ) ;
#6139 = SURFACE_SIDE_STYLE ('',( #7302 ) ) ;
#6140 =( NAMED_UNIT ( * ) PLANE_ANGLE_UNIT ( ) SI_UNIT ( $, .RADIAN. ) );
#6141 = UNCERTAINTY_MEASURE_WITH_UNIT (LENGTH_MEASURE( 1.000000000000000082E-05 ), #2066, 'distance_accuracy_value', 'NONE');
#6142 = CARTESIAN_POINT ( 'NONE',  ( 0.04825166065065883414, -1.298995169213212453, 1.549999999999999822 ) ) ;
#6143 = CARTESIAN_POINT ( 'NONE',  ( -1.939999999999999947, 1.599999999999999867, -1.499999999999998668 ) ) ;
#6144 = SURFACE_STYLE_FILL_AREA ( #2069 ) ;
#6145 = EDGE_LOOP ( 'NONE', ( #7434, #3169, #6860, #6568 ) ) ;
#6146 = LINE ( 'NONE', #295, #70 ) ;
#6147 = CARTESIAN_POINT ( 'NONE',  ( -0.7400000000030184655, -1.273853771019234138, 1.334245188956289851 ) ) ;
#6148 = TOROIDAL_SURFACE ( 'NONE', #910, 1.877069063257455372, 0.1499999999999999944 ) ;
#6149 = SURFACE_SIDE_STYLE ('',( #815 ) ) ;
#6150 = UNCERTAINTY_MEASURE_WITH_UNIT (LENGTH_MEASURE( 1.000000000000000082E-05 ), #853, 'distance_accuracy_value', 'NONE');
#6151 = CARTESIAN_POINT ( 'NONE',  ( -0.5899999999999999689, 2.000000000000000444, 1.549999999999999600 ) ) ;
#6152 = ORIENTED_EDGE ( 'NONE', *, *, #2853, .F. ) ;
#6153 =( NAMED_UNIT ( * ) SI_UNIT ( $, .STERADIAN. ) SOLID_ANGLE_UNIT ( ) );
#6154 = FILL_AREA_STYLE ('',( #971 ) ) ;
#6155 = CYLINDRICAL_SURFACE ( 'NONE', #6808, 0.1999999999999996503 ) ;
#6156 = CARTESIAN_POINT ( 'NONE',  ( -0.5899999999999999689, 2.000000000000000888, -1.450000000000000178 ) ) ;
#6157 = SURFACE_SIDE_STYLE ('',( #7251 ) ) ;
#6158 = EDGE_CURVE ( 'NONE', #2628, #765, #833, .T. ) ;
#6159 = VERTEX_POINT ( 'NONE', #6958 ) ;
#6160 = EDGE_CURVE ( 'NONE', #6695, #5794, #2526, .T. ) ;
#6161 = ADVANCED_FACE ( 'NONE', ( #4119 ), #4349, .T. ) ;
#6162 = ORIENTED_EDGE ( 'NONE', *, *, #1978, .T. ) ;
#6163 = SURFACE_STYLE_USAGE ( .BOTH. , #1439 ) ;
#6164 = VERTEX_POINT ( 'NONE', #583 ) ;
#6165 = DIRECTION ( 'NONE',  ( 0.000000000000000000, 0.000000000000000000, -1.000000000000000000 ) ) ;
#6166 = CARTESIAN_POINT ( 'NONE',  ( -0.8406803038083915380, -1.809410006308077579, -0.03778297284161102193 ) ) ;
#6167 = PRESENTATION_LAYER_ASSIGNMENT (  '', '', ( #2655 ) ) ;
#6168 = ADVANCED_FACE ( 'NONE', ( #4346 ), #6769, .F. ) ;
#6169 = MECHANICAL_DESIGN_GEOMETRIC_PRESENTATION_REPRESENTATION (  '', ( #4355 ), #229 ) ;
#6170 = CARTESIAN_POINT ( 'NONE',  ( -0.5899999999999999689, 1.199999999999999734, 1.549999999999999822 ) ) ;
#6171 = VERTEX_POINT ( 'NONE', #4978 ) ;
#6172 = PRESENTATION_STYLE_ASSIGNMENT (( #3358 ) ) ;
#6173 = ORIENTED_EDGE ( 'NONE', *, *, #3791, .T. ) ;
#6174 =( GEOMETRIC_REPRESENTATION_CONTEXT ( 3 ) GLOBAL_UNCERTAINTY_ASSIGNED_CONTEXT ( ( #4676 ) ) GLOBAL_UNIT_ASSIGNED_CONTEXT ( ( #1203, #3521, #82 ) ) REPRESENTATION_CONTEXT ( 'NONE', 'WORKASPACE' ) );
#6175 = CIRCLE ( 'NONE', #5568, 0.05000000000000100198 ) ;
#6176 = DIRECTION ( 'NONE',  ( 0.000000000000000000, 0.000000000000000000, 1.000000000000000000 ) ) ;
#6177 = VECTOR ( 'NONE', #7427, 1000.000000000000000 ) ;
#6178 = AXIS2_PLACEMENT_3D ( 'NONE', #5409, #4226, #7139 ) ;
#6179 = ORIENTED_EDGE ( 'NONE', *, *, #7207, .T. ) ;
#6180 = CARTESIAN_POINT ( 'NONE',  ( -0.5899999999999999689, -2.099999999999999201, 0.1318986559964987482 ) ) ;
#6181 =( NAMED_UNIT ( * ) PLANE_ANGLE_UNIT ( ) SI_UNIT ( $, .RADIAN. ) );
#6182 = CARTESIAN_POINT ( 'NONE',  ( -0.5899999999999999689, 2.000000000000000888, -1.450000000000000178 ) ) ;
#6183 = CIRCLE ( 'NONE', #127, 0.1500000000000003830 ) ;
#6184 =( LENGTH_UNIT ( ) NAMED_UNIT ( * ) SI_UNIT ( .MILLI., .METRE. ) );
#6185 =( NAMED_UNIT ( * ) SI_UNIT ( $, .STERADIAN. ) SOLID_ANGLE_UNIT ( ) );
#6186 = ORIENTED_EDGE ( 'NONE', *, *, #6237, .T. ) ;
#6187 = STYLED_ITEM ( 'NONE', ( #3590 ), #3369 ) ;
#6188 = DIRECTION ( 'NONE',  ( -0.000000000000000000, -1.000000000000000000, -0.000000000000000000 ) ) ;
#6189 =( LENGTH_UNIT ( ) NAMED_UNIT ( * ) SI_UNIT ( .MILLI., .METRE. ) );
#6190 =( NAMED_UNIT ( * ) PLANE_ANGLE_UNIT ( ) SI_UNIT ( $, .RADIAN. ) );
#6191 = CARTESIAN_POINT ( 'NONE',  ( -0.5899999999999999689, 2.000000000000000444, 1.549999999999999600 ) ) ;
#6192 = STYLED_ITEM ( 'NONE', ( #2040 ), #7364 ) ;
#6193 = CARTESIAN_POINT ( 'NONE',  ( 0.000000000000000000, -1.199999999999999734, 1.549999999999999822 ) ) ;
#6194 = AXIS2_PLACEMENT_3D ( 'NONE', #7144, #5529, #6667 ) ;
#6195 = ORIENTED_EDGE ( 'NONE', *, *, #1591, .T. ) ;
#6196 = AXIS2_PLACEMENT_3D ( 'NONE', #7149, #3670, #4845 ) ;
#6197 = VERTEX_POINT ( 'NONE', #1029 ) ;
#6198 = LINE ( 'NONE', #3168, #3419 ) ;
#6199 = EDGE_CURVE ( 'NONE', #531, #906, #1061, .T. ) ;
#6200 = VERTEX_POINT ( 'NONE', #3830 ) ;
#6201 = UNCERTAINTY_MEASURE_WITH_UNIT (LENGTH_MEASURE( 1.000000000000000082E-05 ), #6229, 'distance_accuracy_value', 'NONE');
#6202 = FILL_AREA_STYLE ('',( #2212 ) ) ;
#6203 = CARTESIAN_POINT ( 'NONE',  ( -1.315340151904195842, 0.000000000000000000, 0.000000000000000000 ) ) ;
#6204 =( LENGTH_UNIT ( ) NAMED_UNIT ( * ) SI_UNIT ( .MILLI., .METRE. ) );
#6205 = PRESENTATION_LAYER_ASSIGNMENT (  '', '', ( #978 ) ) ;
#6206 = ORIENTED_EDGE ( 'NONE', *, *, #915, .F. ) ;
#6207 = CARTESIAN_POINT ( 'NONE',  ( -0.5899999999999999689, -0.1318986559964630823, -2.100000000000000977 ) ) ;
#6208 = ORIENTED_EDGE ( 'NONE', *, *, #4744, .F. ) ;
#6209 = STYLED_ITEM ( 'NONE', ( #7555 ), #423 ) ;
#6210 = FILL_AREA_STYLE ('',( #2647 ) ) ;
#6211 = CIRCLE ( 'NONE', #1465, 0.2199999999999999178 ) ;
#6212 = UNCERTAINTY_MEASURE_WITH_UNIT (LENGTH_MEASURE( 1.000000000000000082E-05 ), #7320, 'distance_accuracy_value', 'NONE');
#6213 = CARTESIAN_POINT ( 'NONE',  ( 1.975206554762960543E-16, -1.349931384972484549, 1.549999999999999822 ) ) ;
#6214 = DIRECTION ( 'NONE',  ( 1.000000000000000000, -0.000000000000000000, -0.000000000000000000 ) ) ;
#6215 = STYLED_ITEM ( 'NONE', ( #3984 ), #667 ) ;
#6216 = AXIS2_PLACEMENT_3D ( 'NONE', #2361, #1214, #4218 ) ;
#6217 = DIRECTION ( 'NONE',  ( 1.000000000000000000, 0.000000000000000000, -0.000000000000000000 ) ) ;
#6218 = ORIENTED_EDGE ( 'NONE', *, *, #5364, .F. ) ;
#6219 = CARTESIAN_POINT ( 'NONE',  ( -0.6899999999999998357, 1.300000000000000044, 1.520047317545275778 ) ) ;
#6220 = DIRECTION ( 'NONE',  ( 0.000000000000000000, -1.000000000000000000, 0.000000000000000000 ) ) ;
#6221 = AXIS2_PLACEMENT_3D ( 'NONE', #3869, #977, #530 ) ;
#6222 = SURFACE_STYLE_FILL_AREA ( #1571 ) ;
#6223 =( NAMED_UNIT ( * ) PLANE_ANGLE_UNIT ( ) SI_UNIT ( $, .RADIAN. ) );
#6224 = UNCERTAINTY_MEASURE_WITH_UNIT (LENGTH_MEASURE( 1.000000000000000082E-05 ), #6257, 'distance_accuracy_value', 'NONE');
#6225 = PRESENTATION_STYLE_ASSIGNMENT (( #3896 ) ) ;
#6226 = PRESENTATION_STYLE_ASSIGNMENT (( #6878 ) ) ;
#6227 = VERTEX_POINT ( 'NONE', #3770 ) ;
#6228 = VECTOR ( 'NONE', #3195, 1000.000000000000114 ) ;
#6229 =( LENGTH_UNIT ( ) NAMED_UNIT ( * ) SI_UNIT ( .MILLI., .METRE. ) );
#6230 = LINE ( 'NONE', #6083, #3343 ) ;
#6231 = DIRECTION ( 'NONE',  ( -1.000000000000000000, 0.000000000000000000, 0.000000000000000000 ) ) ;
#6232 = SURFACE_STYLE_USAGE ( .BOTH. , #7396 ) ;
#6233 = LINE ( 'NONE', #3906, #2015 ) ;
#6234 = DIRECTION ( 'NONE',  ( -0.000000000000000000, -1.000000000000000000, -0.000000000000000000 ) ) ;
#6235 = DIRECTION ( 'NONE',  ( 0.000000000000000000, 0.000000000000000000, -1.000000000000000000 ) ) ;
#6236 = STYLED_ITEM ( 'NONE', ( #6691 ), #131 ) ;
#6237 = EDGE_CURVE ( 'NONE', #7543, #5957, #6406, .T. ) ;
#6238 = ORIENTED_EDGE ( 'NONE', *, *, #1809, .F. ) ;
#6239 = EDGE_LOOP ( 'NONE', ( #2332, #6293 ) ) ;
#6240 = SURFACE_STYLE_FILL_AREA ( #3875 ) ;
#6241 = ORIENTED_EDGE ( 'NONE', *, *, #1645, .F. ) ;
#6242 = EDGE_CURVE ( 'NONE', #4985, #5100, #3130, .T. ) ;
#6243 = PRESENTATION_STYLE_ASSIGNMENT (( #7411 ) ) ;
#6244 = AXIS2_PLACEMENT_3D ( 'NONE', #2577, #1231, #1838 ) ;
#6245 = PLANE ( 'NONE',  #587 ) ;
#6246 = STYLED_ITEM ( 'NONE', ( #3330 ), #2446 ) ;
#6247 = EDGE_LOOP ( 'NONE', ( #803, #5640, #5229, #3883 ) ) ;
#6248 = ORIENTED_EDGE ( 'NONE', *, *, #3841, .T. ) ;
#6249 = CIRCLE ( 'NONE', #1739, 0.04999999999999969746 ) ;
#6250 = AXIS2_PLACEMENT_3D ( 'NONE', #1997, #6072, #4890 ) ;
#6251 = CARTESIAN_POINT ( 'NONE',  ( -0.8406516964877221998, -0.03778297284160404834, 1.808224717252046476 ) ) ;
#6252 = FILL_AREA_STYLE ('',( #4949 ) ) ;
#6253 = CARTESIAN_POINT ( 'NONE',  ( -0.05361779582365484159, -1.304819615744879036, 1.549999999999999822 ) ) ;
#6254 = PRESENTATION_LAYER_ASSIGNMENT (  '', '', ( #2001 ) ) ;
#6255 = FACE_OUTER_BOUND ( 'NONE', #5521, .T. ) ;
#6256 = VERTEX_POINT ( 'NONE', #6735 ) ;
#6257 =( LENGTH_UNIT ( ) NAMED_UNIT ( * ) SI_UNIT ( .MILLI., .METRE. ) );
#6258 =( NAMED_UNIT ( * ) SI_UNIT ( $, .STERADIAN. ) SOLID_ANGLE_UNIT ( ) );
#6259 = ORIENTED_EDGE ( 'NONE', *, *, #1824, .F. ) ;
#6260 = EDGE_CURVE ( 'NONE', #1906, #1972, #108, .T. ) ;
#6261 = FILL_AREA_STYLE_COLOUR ( '', #7553 ) ;
#6262 = FILL_AREA_STYLE ('',( #2191 ) ) ;
#6263 = ORIENTED_EDGE ( 'NONE', *, *, #6393, .T. ) ;
#6264 = SURFACE_SIDE_STYLE ('',( #6881 ) ) ;
#6265 = DIRECTION ( 'NONE',  ( 0.000000000000000000, -0.000000000000000000, -1.000000000000000000 ) ) ;
#6266 = CARTESIAN_POINT ( 'NONE',  ( -1.939999999999999947, 0.7669872981077828777, -2.050000000000001155 ) ) ;
#6267 = CARTESIAN_POINT ( 'NONE',  ( 0.05000000000000000278, -0.6747223250267422312, 2.000000000000001332 ) ) ;
#6268 = CARTESIAN_POINT ( 'NONE',  ( 0.01073352456642492035, 1.348226485013221287, 1.549999999999999822 ) ) ;
#6269 = CIRCLE ( 'NONE', #1647, 0.1000000000000011297 ) ;
#6270 = FACE_OUTER_BOUND ( 'NONE', #2160, .T. ) ;
#6271 = EDGE_CURVE ( 'NONE', #5510, #944, #6701, .T. ) ;
#6272 = ORIENTED_EDGE ( 'NONE', *, *, #6008, .T. ) ;
#6273 = CARTESIAN_POINT ( 'NONE',  ( -1.463396127544780656, -1.653475953778871244, -0.4190605795536271327 ) ) ;
#6274 = DIRECTION ( 'NONE',  ( -0.000000000000000000, 2.710505431213758620E-16, 1.000000000000000000 ) ) ;
#6275 = ORIENTED_EDGE ( 'NONE', *, *, #3769, .F. ) ;
#6276 = CARTESIAN_POINT ( 'NONE',  ( -0.5899999999999999689, 2.099999999999999645, -1.450000000000000178 ) ) ;
#6277 = UNCERTAINTY_MEASURE_WITH_UNIT (LENGTH_MEASURE( 1.000000000000000082E-05 ), #86, 'distance_accuracy_value', 'NONE');
#6278 = SURFACE_SIDE_STYLE ('',( #5637 ) ) ;
#6279 = CARTESIAN_POINT ( 'NONE',  ( -0.5899999999999999689, 2.000000000000000888, -1.450000000000000178 ) ) ;
#6280 = PRESENTATION_STYLE_ASSIGNMENT (( #1632 ) ) ;
#6281 = ORIENTED_EDGE ( 'NONE', *, *, #2997, .F. ) ;
#6282 = FILL_AREA_STYLE_COLOUR ( '', #2591 ) ;
#6283 = ORIENTED_EDGE ( 'NONE', *, *, #6977, .T. ) ;
#6284 = VECTOR ( 'NONE', #3510, 1000.000000000000227 ) ;
#6285 =( GEOMETRIC_REPRESENTATION_CONTEXT ( 3 ) GLOBAL_UNCERTAINTY_ASSIGNED_CONTEXT ( ( #7528 ) ) GLOBAL_UNIT_ASSIGNED_CONTEXT ( ( #4431, #7390, #4960 ) ) REPRESENTATION_CONTEXT ( 'NONE', 'WORKASPACE' ) );
#6286 = DIRECTION ( 'NONE',  ( 0.000000000000000000, -0.4999999999999997224, 0.8660254037844388186 ) ) ;
#6287 =( NAMED_UNIT ( * ) PLANE_ANGLE_UNIT ( ) SI_UNIT ( $, .RADIAN. ) );
#6288 = CARTESIAN_POINT ( 'NONE',  ( -1.339999999999999414, -1.800000000000000488, 0.5323422472791539128 ) ) ;
#6289 =( NAMED_UNIT ( * ) SI_UNIT ( $, .STERADIAN. ) SOLID_ANGLE_UNIT ( ) );
#6290 = EDGE_LOOP ( 'NONE', ( #5641, #4897, #2668, #6403 ) ) ;
#6291 =( LENGTH_UNIT ( ) NAMED_UNIT ( * ) SI_UNIT ( .MILLI., .METRE. ) );
#6292 = FACE_OUTER_BOUND ( 'NONE', #294, .T. ) ;
#6293 = ORIENTED_EDGE ( 'NONE', *, *, #166, .T. ) ;
#6294 = PRESENTATION_LAYER_ASSIGNMENT (  '', '', ( #5319 ) ) ;
#6295 =( NAMED_UNIT ( * ) SI_UNIT ( $, .STERADIAN. ) SOLID_ANGLE_UNIT ( ) );
#6296 = AXIS2_PLACEMENT_3D ( 'NONE', #6266, #560, #4623 ) ;
#6297 = UNCERTAINTY_MEASURE_WITH_UNIT (LENGTH_MEASURE( 1.000000000000000082E-05 ), #1491, 'distance_accuracy_value', 'NONE');
#6298 = CARTESIAN_POINT ( 'NONE',  ( -0.8406802951305157867, 1.809379432042868441, 0.03826977840984559925 ) ) ;
#6299 = CARTESIAN_POINT ( 'NONE',  ( -1.889999999999999902, 1.199999999999999734, 1.649999999999999467 ) ) ;
#6300 = SURFACE_STYLE_USAGE ( .BOTH. , #5125 ) ;
#6301 = CIRCLE ( 'NONE', #7296, 0.1499999999999999667 ) ;
#6302 = ORIENTED_EDGE ( 'NONE', *, *, #3170, .F. ) ;
#6303 = DIRECTION ( 'NONE',  ( 0.000000000000000000, -1.000000000000000000, -3.794707603699268674E-15 ) ) ;
#6304 = FILL_AREA_STYLE_COLOUR ( '', #6420 ) ;
#6305 = AXIS2_PLACEMENT_3D ( 'NONE', #4219, #1780, #3054 ) ;
#6306 = ADVANCED_FACE ( 'NONE', ( #5522 ), #314, .T. ) ;
#6307 = DIRECTION ( 'NONE',  ( -7.228014483236691625E-16, -0.06268536002181898659, -0.9980333389416081724 ) ) ;
#6308 = CARTESIAN_POINT ( 'NONE',  ( 0.02253424624787319502, 1.256612585665429993, 1.549999999999999822 ) ) ;
#6309 = FILL_AREA_STYLE_COLOUR ( '', #7477 ) ;
#6310 = COLOUR_RGB ( '',0.1098039215686274495, 0.1098039215686274495, 0.1098039215686274495 ) ;
#6311 = PLANE ( 'NONE',  #1890 ) ;
#6312 = VERTEX_POINT ( 'NONE', #1067 ) ;
#6314 =( GEOMETRIC_REPRESENTATION_CONTEXT ( 3 ) GLOBAL_UNCERTAINTY_ASSIGNED_CONTEXT ( ( #7130 ) ) GLOBAL_UNIT_ASSIGNED_CONTEXT ( ( #5562, #6708, #913 ) ) REPRESENTATION_CONTEXT ( 'NONE', 'WORKASPACE' ) );
#6313 = CARTESIAN_POINT ( 'NONE',  ( -1.321327640398240799, -1.698489159180770036, 0.3290904946364685557 ) ) ;
#6315 = VERTEX_POINT ( 'NONE', #6276 ) ;
#6316 = FACE_OUTER_BOUND ( 'NONE', #1712, .T. ) ;
#6317 = LINE ( 'NONE', #3430, #2912 ) ;
#6318 = EDGE_CURVE ( 'NONE', #6514, #4878, #1696, .T. ) ;
#6319 = CIRCLE ( 'NONE', #7185, 0.09999999999999917288 ) ;
#6320 = AXIS2_PLACEMENT_3D ( 'NONE', #4093, #3010, #6971 ) ;
#6321 = ORIENTED_EDGE ( 'NONE', *, *, #5784, .F. ) ;
#6322 = EDGE_LOOP ( 'NONE', ( #1644, #589, #4800, #2744 ) ) ;
#6323 = DIRECTION ( 'NONE',  ( -1.000000000000000000, 0.000000000000000000, 0.000000000000000000 ) ) ;
#6324 = FACE_OUTER_BOUND ( 'NONE', #5528, .T. ) ;
#6325 = FILL_AREA_STYLE_COLOUR ( '', #6772 ) ;
#6326 = CIRCLE ( 'NONE', #1338, 0.04999999999999991257 ) ;
#6327 = DIRECTION ( 'NONE',  ( 0.000000000000000000, -1.000000000000000000, 8.131516293641289172E-16 ) ) ;
#6328 = FILL_AREA_STYLE ('',( #2414 ) ) ;
#6329 = ORIENTED_EDGE ( 'NONE', *, *, #1940, .F. ) ;
#6330 = FILL_AREA_STYLE_COLOUR ( '', #4783 ) ;
#6331 = DIRECTION ( 'NONE',  ( 0.000000000000000000, -1.000000000000000000, 1.495451272393799296E-16 ) ) ;
#6332 = EDGE_CURVE ( 'NONE', #5220, #4035, #2841, .T. ) ;
#6333 = CIRCLE ( 'NONE', #3059, 0.1000000000000011297 ) ;
#6334 = CARTESIAN_POINT ( 'NONE',  ( -0.05276744787120721952, 1.290057567190620258, 1.549999999999999822 ) ) ;
#6335 = MECHANICAL_DESIGN_GEOMETRIC_PRESENTATION_REPRESENTATION (  '', ( #5857 ), #860 ) ;
#6336 = VECTOR ( 'NONE', #2989, 1000.000000000000000 ) ;
#6337 = CARTESIAN_POINT ( 'NONE',  ( -0.5900000000000000799, 2.099999999999999201, 0.1318986559964993865 ) ) ;
#6338 = CARTESIAN_POINT ( 'NONE',  ( -1.489999999999999991, -0.8535898384862276034, -2.050000000000000266 ) ) ;
#6339 = CARTESIAN_POINT ( 'NONE',  ( -1.939999999999999947, 1.200000000000000178, -1.499999999999998668 ) ) ;
#6340 = ORIENTED_EDGE ( 'NONE', *, *, #1207, .F. ) ;
#6341 = VECTOR ( 'NONE', #6327, 1000.000000000000000 ) ;
#6342 = CARTESIAN_POINT ( 'NONE',  ( -0.8406516964877221998, -1.016275356298555638E-15, 1.808224717252046476 ) ) ;
#6343 = CARTESIAN_POINT ( 'NONE',  ( -0.000000000000000000, -1.264115016089126575, 1.636401426128563541 ) ) ;
#6344 = MECHANICAL_DESIGN_GEOMETRIC_PRESENTATION_REPRESENTATION (  '', ( #5366 ), #3303 ) ;
#6345 = DIRECTION ( 'NONE',  ( 0.000000000000000000, 0.000000000000000000, 1.000000000000000000 ) ) ;
#6346 = DIRECTION ( 'NONE',  ( 0.000000000000000000, 0.000000000000000000, 1.000000000000000000 ) ) ;
#6347 = DIRECTION ( 'NONE',  ( 0.000000000000000000, 0.000000000000000000, 1.000000000000000000 ) ) ;
#6348 = FACE_OUTER_BOUND ( 'NONE', #3882, .T. ) ;
#6349 =( LENGTH_UNIT ( ) NAMED_UNIT ( * ) SI_UNIT ( .MILLI., .METRE. ) );
#6350 = STYLED_ITEM ( 'NONE', ( #5974 ), #7012 ) ;
#6351 = FACE_OUTER_BOUND ( 'NONE', #4819, .T. ) ;
#6352 = VECTOR ( 'NONE', #5124, 1000.000000000000000 ) ;
#6353 = ADVANCED_FACE ( 'NONE', ( #4526 ), #5713, .T. ) ;
#6354 = CARTESIAN_POINT ( 'NONE',  ( -1.490000000000000213, -1.630201072457980294, 0.4821249457939821847 ) ) ;
#6355 = LINE ( 'NONE', #5289, #310 ) ;
#6356 = VERTEX_POINT ( 'NONE', #4106 ) ;
#6357 = ADVANCED_FACE ( 'NONE', ( #6316 ), #6429, .T. ) ;
#6358 = CARTESIAN_POINT ( 'NONE',  ( -0.5900000000000000799, -2.099999999999999201, 0.1318986559962578298 ) ) ;
#6359 = EDGE_LOOP ( 'NONE', ( #7075, #6600, #3997, #2757 ) ) ;
#6360 = DIRECTION ( 'NONE',  ( 0.000000000000000000, 0.000000000000000000, 1.000000000000000000 ) ) ;
#6361 = EDGE_LOOP ( 'NONE', ( #3387, #3816, #4911, #3644 ) ) ;
#6362 = VECTOR ( 'NONE', #5757, 1000.000000000000000 ) ;
#6363 = CARTESIAN_POINT ( 'NONE',  ( -1.939999999999999947, 0.7669872981077828777, -2.000000000000000000 ) ) ;
#6364 = UNCERTAINTY_MEASURE_WITH_UNIT (LENGTH_MEASURE( 1.000000000000000082E-05 ), #827, 'distance_accuracy_value', 'NONE');
#6365 = SURFACE_STYLE_FILL_AREA ( #2369 ) ;
#6366 = CARTESIAN_POINT ( 'NONE',  ( 0.000000000000000000, -1.050000000000000044, 1.549999999999999822 ) ) ;
#6367 = AXIS2_PLACEMENT_3D ( 'NONE', #3347, #5663, #7259 ) ;
#6368 = ORIENTED_EDGE ( 'NONE', *, *, #3706, .F. ) ;
#6369 = VERTEX_POINT ( 'NONE', #5900 ) ;
#6370 = PRESENTATION_LAYER_ASSIGNMENT (  '', '', ( #2488 ) ) ;
#6371 = SURFACE_STYLE_FILL_AREA ( #1120 ) ;
#6372 = DIRECTION ( 'NONE',  ( 0.000000000000000000, -1.000000000000000000, 0.000000000000000000 ) ) ;
#6373 =( NAMED_UNIT ( * ) PLANE_ANGLE_UNIT ( ) SI_UNIT ( $, .RADIAN. ) );
#6374 = SURFACE_SIDE_STYLE ('',( #4083 ) ) ;
#6375 = AXIS2_PLACEMENT_3D ( 'NONE', #3572, #7525, #3530 ) ;
#6376 = CARTESIAN_POINT ( 'NONE',  ( -1.889999999999999902, 0.7669872981077828777, -2.100000000000000977 ) ) ;
#6377 = PRESENTATION_LAYER_ASSIGNMENT (  '', '', ( #3105 ) ) ;
#6378 = DIRECTION ( 'NONE',  ( 0.000000000000000000, 0.000000000000000000, 1.000000000000000000 ) ) ;
#6379 = ORIENTED_EDGE ( 'NONE', *, *, #6417, .T. ) ;
#6380 = ORIENTED_EDGE ( 'NONE', *, *, #3086, .F. ) ;
#6381 = CARTESIAN_POINT ( 'NONE',  ( -0.7399999999981626830, 1.307316672117935230, 1.300993668342734777 ) ) ;
#6382 =( NAMED_UNIT ( * ) SI_UNIT ( $, .STERADIAN. ) SOLID_ANGLE_UNIT ( ) );
#6383 = DIRECTION ( 'NONE',  ( 1.000000000000000000, 0.000000000000000000, -0.000000000000000000 ) ) ;
#6384 =( LENGTH_UNIT ( ) NAMED_UNIT ( * ) SI_UNIT ( .MILLI., .METRE. ) );
#6385 = SURFACE_STYLE_FILL_AREA ( #1222 ) ;
#6386 = CARTESIAN_POINT ( 'NONE',  ( -0.5900000000000000799, 0.04342193307426934351, 2.100000000000000977 ) ) ;
#6387 = EDGE_CURVE ( 'NONE', #1776, #4581, #4824, .T. ) ;
#6388 =( LENGTH_UNIT ( ) NAMED_UNIT ( * ) SI_UNIT ( .MILLI., .METRE. ) );
#6389 = ORIENTED_EDGE ( 'NONE', *, *, #2907, .T. ) ;
#6390 =( NAMED_UNIT ( * ) SI_UNIT ( $, .STERADIAN. ) SOLID_ANGLE_UNIT ( ) );
#6391 = CARTESIAN_POINT ( 'NONE',  ( -0.6372932636518867655, 1.124106412419525469, -1.584172660477847439 ) ) ;
#6392 =( NAMED_UNIT ( * ) PLANE_ANGLE_UNIT ( ) SI_UNIT ( $, .RADIAN. ) );
#6393 = EDGE_CURVE ( 'NONE', #4538, #6171, #336, .T. ) ;
#6394 = ADVANCED_FACE ( 'NONE', ( #1975 ), #239, .T. ) ;
#6395 = ORIENTED_EDGE ( 'NONE', *, *, #3170, .T. ) ;
#6396 = EDGE_CURVE ( 'NONE', #3776, #209, #5555, .T. ) ;
#6397 = CARTESIAN_POINT ( 'NONE',  ( -0.5899999999999999689, -1.199999999999999734, 1.549999999999999822 ) ) ;
#6398 =( LENGTH_UNIT ( ) NAMED_UNIT ( * ) SI_UNIT ( .MILLI., .METRE. ) );
#6399 = DIRECTION ( 'NONE',  ( 0.000000000000000000, 0.000000000000000000, 1.000000000000000000 ) ) ;
#6400 = PRESENTATION_STYLE_ASSIGNMENT (( #3439 ) ) ;
#6401 = VERTEX_POINT ( 'NONE', #5357 ) ;
#6402 = PRESENTATION_LAYER_ASSIGNMENT (  '', '', ( #4818 ) ) ;
#6403 = ORIENTED_EDGE ( 'NONE', *, *, #2060, .T. ) ;
#6404 = SURFACE_STYLE_USAGE ( .BOTH. , #5882 ) ;
#6405 = SURFACE_STYLE_FILL_AREA ( #6998 ) ;
#6406 = CIRCLE ( 'NONE', #1529, 0.1999999999999996503 ) ;
#6407 = STYLED_ITEM ( 'NONE', ( #3938 ), #856 ) ;
#6408 = CARTESIAN_POINT ( 'NONE',  ( -0.5899999999999999689, 0.000000000000000000, 0.000000000000000000 ) ) ;
#6409 =( NAMED_UNIT ( * ) SI_UNIT ( $, .STERADIAN. ) SOLID_ANGLE_UNIT ( ) );
#6410 = CARTESIAN_POINT ( 'NONE',  ( -0.6326133483349969389, -1.180812502319865009, 1.551858062313937747 ) ) ;
#6411 = VECTOR ( 'NONE', #2606, 1000.000000000000000 ) ;
#6412 = CARTESIAN_POINT ( 'NONE',  ( 0.000000000000000000, 1.199999999999999734, 1.549999999999999822 ) ) ;
#6413 = EDGE_LOOP ( 'NONE', ( #2643, #6329, #7500, #2707 ) ) ;
#6414 = DIRECTION ( 'NONE',  ( 0.000000000000000000, -1.000000000000000000, -5.421010862427527100E-16 ) ) ;
#6415 = ORIENTED_EDGE ( 'NONE', *, *, #383, .F. ) ;
#6416 =( NAMED_UNIT ( * ) SI_UNIT ( $, .STERADIAN. ) SOLID_ANGLE_UNIT ( ) );
#6417 = EDGE_CURVE ( 'NONE', #2628, #5413, #5291, .T. ) ;
#6418 = MECHANICAL_DESIGN_GEOMETRIC_PRESENTATION_REPRESENTATION (  '', ( #5199 ), #473 ) ;
#6419 = DIRECTION ( 'NONE',  ( 0.000000000000000000, 0.000000000000000000, -1.000000000000000000 ) ) ;
#6420 = COLOUR_RGB ( '',0.1098039215686274495, 0.1098039215686274495, 0.1098039215686274495 ) ;
#6421 = CARTESIAN_POINT ( 'NONE',  ( -1.489999999999999991, 1.200000000000000178, -1.649999999999999911 ) ) ;
#6422 = STYLED_ITEM ( 'NONE', ( #1220 ), #4475 ) ;
#6423 = SURFACE_STYLE_USAGE ( .BOTH. , #669 ) ;
#6424 = SURFACE_SIDE_STYLE ('',( #4097 ) ) ;
#6425 =( NAMED_UNIT ( * ) SI_UNIT ( $, .STERADIAN. ) SOLID_ANGLE_UNIT ( ) );
#6426 = DIRECTION ( 'NONE',  ( 1.000000000000000000, 0.000000000000000000, 0.000000000000000000 ) ) ;
#6427 = SURFACE_STYLE_FILL_AREA ( #1775 ) ;
#6428 = ORIENTED_EDGE ( 'NONE', *, *, #6076, .F. ) ;
#6429 = PLANE ( 'NONE',  #4578 ) ;
#6430 = LINE ( 'NONE', #5324, #5495 ) ;
#6431 = DIRECTION ( 'NONE',  ( -1.000000000000000000, -0.000000000000000000, -0.000000000000000000 ) ) ;
#6432 = EDGE_CURVE ( 'NONE', #7457, #5240, #3921, .T. ) ;
#6433 = CARTESIAN_POINT ( 'NONE',  ( -0.6568623068477084104, 1.261881869669708056, 1.440591840868662654 ) ) ;
#6434 = SURFACE_STYLE_USAGE ( .BOTH. , #3026 ) ;
#6435 = UNCERTAINTY_MEASURE_WITH_UNIT (LENGTH_MEASURE( 1.000000000000000082E-05 ), #5369, 'distance_accuracy_value', 'NONE');
#6436 = AXIS2_PLACEMENT_3D ( 'NONE', #2645, #5378, #2497 ) ;
#6437 = FILL_AREA_STYLE_COLOUR ( '', #6960 ) ;
#6438 = CARTESIAN_POINT ( 'NONE',  ( -0.5899999999999999689, 0.8535898384862271593, -2.050000000000000711 ) ) ;
#6439 = CARTESIAN_POINT ( 'NONE',  ( 0.06000000000000000472, 1.849999999999999645, 1.549999999999999156 ) ) ;
#6440 = ORIENTED_EDGE ( 'NONE', *, *, #7548, .T. ) ;
#6441 = ORIENTED_EDGE ( 'NONE', *, *, #6870, .F. ) ;
#6442 =( GEOMETRIC_REPRESENTATION_CONTEXT ( 3 ) GLOBAL_UNCERTAINTY_ASSIGNED_CONTEXT ( ( #576 ) ) GLOBAL_UNIT_ASSIGNED_CONTEXT ( ( #3746, #3711, #6112 ) ) REPRESENTATION_CONTEXT ( 'NONE', 'WORKASPACE' ) );
#6443 = SURFACE_STYLE_USAGE ( .BOTH. , #4269 ) ;
#6444 = UNCERTAINTY_MEASURE_WITH_UNIT (LENGTH_MEASURE( 1.000000000000000082E-05 ), #3361, 'distance_accuracy_value', 'NONE');
#6445 = EDGE_CURVE ( 'NONE', #3244, #1613, #2279, .T. ) ;
#6446 = CARTESIAN_POINT ( 'NONE',  ( 0.000000000000000000, -1.113397459621555896, -1.600000000000000311 ) ) ;
#6447 = VERTEX_POINT ( 'NONE', #5400 ) ;
#6448 = VERTEX_POINT ( 'NONE', #5871 ) ;
#6449 =( NAMED_UNIT ( * ) PLANE_ANGLE_UNIT ( ) SI_UNIT ( $, .RADIAN. ) );
#6450 = VECTOR ( 'NONE', #7506, 1000.000000000000000 ) ;
#6451 = STYLED_ITEM ( 'NONE', ( #4976 ), #6719 ) ;
#6452 =( LENGTH_UNIT ( ) NAMED_UNIT ( * ) SI_UNIT ( .MILLI., .METRE. ) );
#6453 = SURFACE_STYLE_USAGE ( .BOTH. , #561 ) ;
#6454 = CARTESIAN_POINT ( 'NONE',  ( -0.6330644189661074339, 1.113397459621555674, 1.599999999999999867 ) ) ;
#6456 = AXIS2_PLACEMENT_3D ( 'NONE', #6991, #1750, #3438 ) ;
#6455 = SURFACE_STYLE_USAGE ( .BOTH. , #7083 ) ;
#6457 = MECHANICAL_DESIGN_GEOMETRIC_PRESENTATION_REPRESENTATION (  '', ( #4149 ), #3426 ) ;
#6458 = CARTESIAN_POINT ( 'NONE',  ( -1.939999999999999947, 1.600000000000000311, 1.349999999999998312 ) ) ;
#6459 = CARTESIAN_POINT ( 'NONE',  ( -0.5899999999999999689, 0.000000000000000000, 0.000000000000000000 ) ) ;
#6460 = EDGE_LOOP ( 'NONE', ( #5076, #928, #5119, #2070, #3401, #2706 ) ) ;
#6461 = VECTOR ( 'NONE', #6930, 1000.000000000000000 ) ;
#6462 = CARTESIAN_POINT ( 'NONE',  ( 0.05000000000000000278, 0.6747223250267422312, 1.800000000000001155 ) ) ;
#6463 = CARTESIAN_POINT ( 'NONE',  ( -0.6389076999508310761, 1.146298602064330208, -1.565091649258329110 ) ) ;
#6464 = EDGE_CURVE ( 'NONE', #3508, #5356, #5808, .T. ) ;
#6465 = LINE ( 'NONE', #2444, #5944 ) ;
#6466 = CARTESIAN_POINT ( 'NONE',  ( -0.5899999999999999689, -1.199999999999999734, 1.549999999999999822 ) ) ;
#6467 = PRESENTATION_STYLE_ASSIGNMENT (( #1292 ) ) ;
#6468 = B_SPLINE_CURVE_WITH_KNOTS ( 'NONE', 3,
 ( #685, #4077, #7064, #4156, #6470, #1265, #3585, #5152, #1118, #4835, #7261, #1297, #7096, #1905, #1984, #177, #4443, #5412, #7181 ),
 .UNSPECIFIED., .F., .F.,
 ( 4, 3, 3, 3, 3, 3, 4 ),
 ( 0.0002142485099106780525, 0.0002204526737609142169, 0.0002377166674143040112, 0.0002551187670043230434, 0.0002724447531165569603, 0.0002893987501399410047, 0.0002958942663271627396 ),
 .UNSPECIFIED. ) ;
#6469 = PRESENTATION_STYLE_ASSIGNMENT (( #2453 ) ) ;
#6470 = CARTESIAN_POINT ( 'NONE',  ( -0.01198237783602885270, 1.349476587998821975, 1.549999999999999822 ) ) ;
#6471 = EDGE_LOOP ( 'NONE', ( #465, #2061, #3609, #4128 ) ) ;
#6472 = VERTEX_POINT ( 'NONE', #2399 ) ;
#6473 = DIRECTION ( 'NONE',  ( 0.000000000000000000, 0.4999999999999998890, 0.8660254037844385966 ) ) ;
#6474 = AXIS2_PLACEMENT_3D ( 'NONE', #4643, #5181, #6944 ) ;
#6475 = CARTESIAN_POINT ( 'NONE',  ( -1.889999999999999902, -0.7669872981077828777, -2.100000000000000977 ) ) ;
#6476 = DIRECTION ( 'NONE',  ( 0.000000000000000000, 0.000000000000000000, -1.000000000000000000 ) ) ;
#6477 = CARTESIAN_POINT ( 'NONE',  ( -0.6378580885631444097, -1.154919124881871761, 1.560737943679389561 ) ) ;
#6478 = COLOUR_RGB ( '',0.6666666666666666297, 0.6980392156862744724, 0.7686274509803920907 ) ;
#6479 = CIRCLE ( 'NONE', #5154, 0.1499999999999999667 ) ;
#6480 = ORIENTED_EDGE ( 'NONE', *, *, #4408, .T. ) ;
#6481 = EDGE_CURVE ( 'NONE', #776, #7526, #7402, .T. ) ;
#6482 = ORIENTED_EDGE ( 'NONE', *, *, #2915, .F. ) ;
#6483 = DIRECTION ( 'NONE',  ( 1.000000000000000000, -0.000000000000000000, -0.000000000000000000 ) ) ;
#6484 = CARTESIAN_POINT ( 'NONE',  ( -1.315340151904196286, 1.658115844191424104, 0.4903806193033519722 ) ) ;
#6485 =( NAMED_UNIT ( * ) SI_UNIT ( $, .STERADIAN. ) SOLID_ANGLE_UNIT ( ) );
#6486 = DIRECTION ( 'NONE',  ( 0.000000000000000000, 0.000000000000000000, 1.000000000000000000 ) ) ;
#6487 = PRESENTATION_LAYER_ASSIGNMENT (  '', '', ( #74 ) ) ;
#6488 = LINE ( 'NONE', #50, #4925 ) ;
#6489 = AXIS2_PLACEMENT_3D ( 'NONE', #2122, #304, #6648 ) ;
#6490 = DIRECTION ( 'NONE',  ( -0.000000000000000000, -0.5000000000000003331, -0.8660254037844384856 ) ) ;
#6491 = LINE ( 'NONE', #1893, #964 ) ;
#6492 = ORIENTED_EDGE ( 'NONE', *, *, #7140, .T. ) ;
#6493 = PRESENTATION_STYLE_ASSIGNMENT (( #199 ) ) ;
#6494 = UNCERTAINTY_MEASURE_WITH_UNIT (LENGTH_MEASURE( 1.000000000000000082E-05 ), #3293, 'distance_accuracy_value', 'NONE');
#6495 = LINE ( 'NONE', #6982, #4282 ) ;
#6496 = DIRECTION ( 'NONE',  ( 0.000000000000000000, 0.000000000000000000, 1.000000000000000000 ) ) ;
#6497 = STYLED_ITEM ( 'NONE', ( #7246 ), #2118 ) ;
#6498 = CARTESIAN_POINT ( 'NONE',  ( 0.05000000000000000278, -1.050000000000000044, -1.549999999999999822 ) ) ;
#6499 = PLANE ( 'NONE',  #1723 ) ;
#6500 = CARTESIAN_POINT ( 'NONE',  ( -0.6507383391884946633, 1.267683243318894037, 1.445999435029330149 ) ) ;
#6501 = CARTESIAN_POINT ( 'NONE',  ( -0.5899999999999999689, 1.200000000000000178, -1.550000000000000266 ) ) ;
#6502 = SURFACE_STYLE_USAGE ( .BOTH. , #1828 ) ;
#6503 = CARTESIAN_POINT ( 'NONE',  ( -1.315340151904195842, 0.000000000000000000, 0.000000000000000000 ) ) ;
#6504 = SURFACE_STYLE_USAGE ( .BOTH. , #6058 ) ;
#6505 = VERTEX_POINT ( 'NONE', #4935 ) ;
#6506 = ORIENTED_EDGE ( 'NONE', *, *, #6779, .T. ) ;
#6507 = DIRECTION ( 'NONE',  ( -1.000000000000000000, 0.000000000000000000, 0.000000000000000000 ) ) ;
#6508 = VECTOR ( 'NONE', #2311, 1000.000000000000114 ) ;
#6509 = LINE ( 'NONE', #1303, #2354 ) ;
#6510 = UNCERTAINTY_MEASURE_WITH_UNIT (LENGTH_MEASURE( 1.000000000000000082E-05 ), #6540, 'distance_accuracy_value', 'NONE');
#6511 = PLANE ( 'NONE',  #3253 ) ;
#6512 = ORIENTED_EDGE ( 'NONE', *, *, #5832, .F. ) ;
#6513 = PRESENTATION_LAYER_ASSIGNMENT (  '', '', ( #5433 ) ) ;
#6514 = VERTEX_POINT ( 'NONE', #1538 ) ;
#6515 = FILL_AREA_STYLE_COLOUR ( '', #421 ) ;
#6516 = CARTESIAN_POINT ( 'NONE',  ( -1.439680159963729222, 1.701567811908595518, -0.1722222898330761365 ) ) ;
#6517 = PLANE ( 'NONE',  #2640 ) ;
#6518 = CIRCLE ( 'NONE', #932, 0.05000000000000002359 ) ;
#6519 = DIRECTION ( 'NONE',  ( 0.000000000000000000, 0.000000000000000000, -1.000000000000000000 ) ) ;
#6520 = CARTESIAN_POINT ( 'NONE',  ( -1.939999999999999947, -1.200000000000000178, -1.649999999999999911 ) ) ;
#6521 = DIRECTION ( 'NONE',  ( 1.000000000000000000, -0.000000000000000000, -0.000000000000000000 ) ) ;
#6522 = FILL_AREA_STYLE ('',( #3083 ) ) ;
#6523 = STYLED_ITEM ( 'NONE', ( #456 ), #5896 ) ;
#6524 = ORIENTED_EDGE ( 'NONE', *, *, #34, .F. ) ;
#6525 = TOROIDAL_SURFACE ( 'NONE', #7549, 0.1700000000000000122, 0.04999999999999998196 ) ;
#6526 = LINE ( 'NONE', #1774, #4516 ) ;
#6527 = CARTESIAN_POINT ( 'NONE',  ( -9.159660112896642225E-19, 1.250068615027515539, 1.549999999999999822 ) ) ;
#6528 = ORIENTED_EDGE ( 'NONE', *, *, #6782, .T. ) ;
#6529 =( NAMED_UNIT ( * ) PLANE_ANGLE_UNIT ( ) SI_UNIT ( $, .RADIAN. ) );
#6530 = CARTESIAN_POINT ( 'NONE',  ( -0.6390148226006483467, 1.138111155174783118, -1.570858369963917145 ) ) ;
#6531 = DIRECTION ( 'NONE',  ( 0.000000000000000000, 0.4999999999999966138, 0.8660254037844407060 ) ) ;
#6532 = MECHANICAL_DESIGN_GEOMETRIC_PRESENTATION_REPRESENTATION (  '', ( #4591 ), #6826 ) ;
#6533 = SURFACE_STYLE_USAGE ( .BOTH. , #4222 ) ;
#6534 = SURFACE_STYLE_USAGE ( .BOTH. , #582 ) ;
#6535 = STYLED_ITEM ( 'NONE', ( #97 ), #4816 ) ;
#6536 = CARTESIAN_POINT ( 'NONE',  ( 0.05000000000000000278, 0.8479274057836300171, 1.900000000000001243 ) ) ;
#6537 = CARTESIAN_POINT ( 'NONE',  ( 0.05000000000000000278, -1.850000000000000977, -1.399999999999999689 ) ) ;
#6538 = EDGE_CURVE ( 'NONE', #906, #4442, #7397, .T. ) ;
#6539 = VECTOR ( 'NONE', #6572, 1000.000000000000000 ) ;
#6540 =( LENGTH_UNIT ( ) NAMED_UNIT ( * ) SI_UNIT ( .MILLI., .METRE. ) );
#6541 = EDGE_CURVE ( 'NONE', #2996, #536, #3232, .T. ) ;
#6542 = DIRECTION ( 'NONE',  ( 0.000000000000000000, 0.000000000000000000, -1.000000000000000000 ) ) ;
#6543 = EDGE_CURVE ( 'NONE', #788, #1298, #5586, .T. ) ;
#6544 = COLOUR_RGB ( '',0.9686274509803921573, 0.8784313725490195957, 0.5999999999999999778 ) ;
#6545 = LINE ( 'NONE', #4916, #2940 ) ;
#6546 = EDGE_LOOP ( 'NONE', ( #2249, #6637, #6684, #6980 ) ) ;
#6547 = ORIENTED_EDGE ( 'NONE', *, *, #3617, .F. ) ;
#6548 = CARTESIAN_POINT ( 'NONE',  ( -0.6267694360889212168, 1.199999999999999734, 1.549999999999999822 ) ) ;
#6549 =( GEOMETRIC_REPRESENTATION_CONTEXT ( 3 ) GLOBAL_UNCERTAINTY_ASSIGNED_CONTEXT ( ( #6905 ) ) GLOBAL_UNIT_ASSIGNED_CONTEXT ( ( #7030, #4694, #4733 ) ) REPRESENTATION_CONTEXT ( 'NONE', 'WORKASPACE' ) );
#6550 = MECHANICAL_DESIGN_GEOMETRIC_PRESENTATION_REPRESENTATION (  '', ( #498 ), #1449 ) ;
#6551 = CARTESIAN_POINT ( 'NONE',  ( -0.1699999999999999567, 1.300000000000000044, 1.640047317545275884 ) ) ;
#6552 = SURFACE_STYLE_FILL_AREA ( #4235 ) ;
#6553 = DIRECTION ( 'NONE',  ( 0.000000000000000000, 0.000000000000000000, 1.000000000000000000 ) ) ;
#6554 = SHAPE_DEFINITION_REPRESENTATION ( #7357, #1692 ) ;
#6555 = CARTESIAN_POINT ( 'NONE',  ( -1.889999999999999902, 0.7669872981077823226, 2.100000000000000977 ) ) ;
#6556 = EDGE_CURVE ( 'NONE', #7048, #6628, #417, .T. ) ;
#6557 = ORIENTED_EDGE ( 'NONE', *, *, #1237, .F. ) ;
#6558 = ORIENTED_EDGE ( 'NONE', *, *, #1783, .F. ) ;
#6559 = EDGE_CURVE ( 'NONE', #4179, #1287, #339, .T. ) ;
#6560 = COLOUR_RGB ( '',0.1098039215686274495, 0.1098039215686274495, 0.1098039215686274495 ) ;
#6561 = LINE ( 'NONE', #4290, #5278 ) ;
#6562 = LINE ( 'NONE', #1243, #3383 ) ;
#6563 = FILL_AREA_STYLE ('',( #7007 ) ) ;
#6564 = DIRECTION ( 'NONE',  ( 0.000000000000000000, 0.000000000000000000, 1.000000000000000000 ) ) ;
#6565 = SURFACE_SIDE_STYLE ('',( #785 ) ) ;
#6566 = MECHANICAL_DESIGN_GEOMETRIC_PRESENTATION_REPRESENTATION (  '', ( #5605 ), #7456 ) ;
#6567 = MECHANICAL_DESIGN_GEOMETRIC_PRESENTATION_REPRESENTATION (  '', ( #7205 ), #5361 ) ;
#6568 = ORIENTED_EDGE ( 'NONE', *, *, #5303, .F. ) ;
#6569 = CARTESIAN_POINT ( 'NONE',  ( -0.1699999999999999567, -1.300000000000000044, 1.640047317545275884 ) ) ;
#6570 = SURFACE_SIDE_STYLE ('',( #4256 ) ) ;
#6571 = VECTOR ( 'NONE', #1868, 1000.000000000000000 ) ;
#6572 = DIRECTION ( 'NONE',  ( 1.000000000000000000, -0.000000000000000000, -0.000000000000000000 ) ) ;
#6573 = CARTESIAN_POINT ( 'NONE',  ( -1.340000000000000080, 1.800000000000000044, -0.5323422472791546900 ) ) ;
#6574 = STYLED_ITEM ( 'NONE', ( #1372 ), #1840 ) ;
#6575 = FACE_OUTER_BOUND ( 'NONE', #6359, .T. ) ;
#6576 = PRESENTATION_LAYER_ASSIGNMENT (  '', '', ( #3663 ) ) ;
#6577 = VECTOR ( 'NONE', #3696, 1000.000000000000000 ) ;
#6578 = DIRECTION ( 'NONE',  ( 0.000000000000000000, 0.000000000000000000, 1.000000000000000000 ) ) ;
#6579 = MECHANICAL_DESIGN_GEOMETRIC_PRESENTATION_REPRESENTATION (  '', ( #1961 ), #7084 ) ;
#6580 = EDGE_CURVE ( 'NONE', #2120, #5911, #3306, .T. ) ;
#6581 =( GEOMETRIC_REPRESENTATION_CONTEXT ( 3 ) GLOBAL_UNCERTAINTY_ASSIGNED_CONTEXT ( ( #2870 ) ) GLOBAL_UNIT_ASSIGNED_CONTEXT ( ( #4341, #6727, #3164 ) ) REPRESENTATION_CONTEXT ( 'NONE', 'WORKASPACE' ) );
#6582 = ADVANCED_FACE ( 'NONE', ( #6726 ), #5440, .T. ) ;
#6583 = CARTESIAN_POINT ( 'NONE',  ( -0.002210054184892286302, -1.249990122916337709, 1.549999999999999822 ) ) ;
#6584 = CARTESIAN_POINT ( 'NONE',  ( -0.5900000000000132916, -0.1159679160403650905, -1.846361677041973293 ) ) ;
#6585 = FACE_OUTER_BOUND ( 'NONE', #525, .T. ) ;
#6586 = LINE ( 'NONE', #1370, #7424 ) ;
#6587 = AXIS2_PLACEMENT_3D ( 'NONE', #1814, #5252, #4627 ) ;
#6588 = ADVANCED_FACE ( 'NONE', ( #3763 ), #936, .F. ) ;
#6589 = CARTESIAN_POINT ( 'NONE',  ( -1.889999999999999902, 1.113397459621555674, 1.599999999999999867 ) ) ;
#6590 = ORIENTED_EDGE ( 'NONE', *, *, #951, .T. ) ;
#6591 = ORIENTED_EDGE ( 'NONE', *, *, #6117, .T. ) ;
#6592 = CARTESIAN_POINT ( 'NONE',  ( -1.489999999999999991, -1.113397459621555674, 1.599999999999999867 ) ) ;
#6593 = PRESENTATION_LAYER_ASSIGNMENT (  '', '', ( #3080 ) ) ;
#6594 = CARTESIAN_POINT ( 'NONE',  ( -0.5899999999999999689, 0.000000000000000000, 0.000000000000000000 ) ) ;
#6595 = UNCERTAINTY_MEASURE_WITH_UNIT (LENGTH_MEASURE( 1.000000000000000082E-05 ), #5825, 'distance_accuracy_value', 'NONE');
#6596 = FILL_AREA_STYLE_COLOUR ( '', #4102 ) ;
#6597 = ORIENTED_EDGE ( 'NONE', *, *, #7186, .F. ) ;
#6598 = EDGE_CURVE ( 'NONE', #2638, #3031, #468, .T. ) ;
#6599 = CARTESIAN_POINT ( 'NONE',  ( -0.6571341187984631738, -1.338864786027407883, 1.368937255765314998 ) ) ;
#6600 = ORIENTED_EDGE ( 'NONE', *, *, #7539, .F. ) ;
#6601 = FACE_OUTER_BOUND ( 'NONE', #2911, .T. ) ;
#6602 =( NAMED_UNIT ( * ) PLANE_ANGLE_UNIT ( ) SI_UNIT ( $, .RADIAN. ) );
#6603 = AXIS2_PLACEMENT_3D ( 'NONE', #7426, #2183, #4540 ) ;
#6604 = DIRECTION ( 'NONE',  ( 0.000000000000000000, -0.4999999999999965583, -0.8660254037844405950 ) ) ;
#6605 = FILL_AREA_STYLE_COLOUR ( '', #3913 ) ;
#6606 = ADVANCED_FACE ( 'NONE', ( #5943 ), #5367, .F. ) ;
#6607 = ORIENTED_EDGE ( 'NONE', *, *, #312, .F. ) ;
#6608 = SURFACE_SIDE_STYLE ('',( #4860 ) ) ;
#6609 = CARTESIAN_POINT ( 'NONE',  ( -1.489999999999999991, 0.000000000000000000, 0.000000000000000000 ) ) ;
#6610 = PRESENTATION_LAYER_ASSIGNMENT (  '', '', ( #65 ) ) ;
#6611 = EDGE_LOOP ( 'NONE', ( #4869, #6084, #6721, #879 ) ) ;
#6612 = DIRECTION ( 'NONE',  ( -4.118754811103286139E-17, 0.06268536002195004841, -0.9980333389415999568 ) ) ;
#6613 = SURFACE_STYLE_FILL_AREA ( #308 ) ;
#6614 = CARTESIAN_POINT ( 'NONE',  ( -0.6025531121194392936, -1.272357513209563473, -1.550000000000000266 ) ) ;
#6615 = MANIFOLD_SOLID_BREP ( 'Split1[2]', #2574 ) ;
#6616 = DIRECTION ( 'NONE',  ( -1.445602896647339114E-15, 0.9589418073282237609, -0.2836029092905780757 ) ) ;
#6617 = COLOUR_RGB ( '',0.1098039215686274495, 0.1098039215686274495, 0.1098039215686274495 ) ;
#6618 = EDGE_CURVE ( 'NONE', #6401, #4859, #1366, .T. ) ;
#6619 = VECTOR ( 'NONE', #6039, 1000.000000000000227 ) ;
#6620 = EDGE_CURVE ( 'NONE', #4351, #7543, #4868, .T. ) ;
#6621 = LINE ( 'NONE', #829, #1704 ) ;
#6622 = ORIENTED_EDGE ( 'NONE', *, *, #5610, .F. ) ;
#6623 = CARTESIAN_POINT ( 'NONE',  ( -0.5900000000000000799, 0.04453361950221323973, -2.100000000000000977 ) ) ;
#6624 = EDGE_CURVE ( 'NONE', #4900, #1151, #1862, .T. ) ;
#6625 = CARTESIAN_POINT ( 'NONE',  ( 0.000000000000000000, 2.000000000000000888, -1.399999999999998357 ) ) ;
#6626 =( GEOMETRIC_REPRESENTATION_CONTEXT ( 3 ) GLOBAL_UNCERTAINTY_ASSIGNED_CONTEXT ( ( #566 ) ) GLOBAL_UNIT_ASSIGNED_CONTEXT ( ( #7250, #4405, #3867 ) ) REPRESENTATION_CONTEXT ( 'NONE', 'WORKASPACE' ) );
#6627 =( LENGTH_UNIT ( ) NAMED_UNIT ( * ) SI_UNIT ( .MILLI., .METRE. ) );
#6628 = VERTEX_POINT ( 'NONE', #4150 ) ;
#6629 = ORIENTED_EDGE ( 'NONE', *, *, #5205, .T. ) ;
#6630 = FILL_AREA_STYLE_COLOUR ( '', #2678 ) ;
#6631 = ADVANCED_FACE ( 'NONE', ( #99 ), #2405, .F. ) ;
#6632 = COLOUR_RGB ( '',0.1098039215686274495, 0.1098039215686274495, 0.1098039215686274495 ) ;
#6633 = DIRECTION ( 'NONE',  ( 0.000000000000000000, 0.000000000000000000, 1.000000000000000000 ) ) ;
#6634 = DIRECTION ( 'NONE',  ( -1.000000000000000000, 0.000000000000000000, 0.000000000000000000 ) ) ;
#6635 = CARTESIAN_POINT ( 'NONE',  ( -0.8406803038083915380, 0.1133489185248080788, 1.804663793605830957 ) ) ;
#6636 = PRESENTATION_STYLE_ASSIGNMENT (( #217 ) ) ;
#6637 = ORIENTED_EDGE ( 'NONE', *, *, #4671, .F. ) ;
#6638 = SURFACE_STYLE_FILL_AREA ( #1310 ) ;
#6639 = EDGE_LOOP ( 'NONE', ( #6152, #6440, #7278, #260 ) ) ;
#6640 = DIRECTION ( 'NONE',  ( 1.000000000000000000, 0.000000000000000000, 0.000000000000000000 ) ) ;
#6641 = CARTESIAN_POINT ( 'NONE',  ( -1.889999999999999902, 0.8535898384862270483, 2.050000000000000266 ) ) ;
#6642 = SURFACE_SIDE_STYLE ('',( #227 ) ) ;
#6643 = CARTESIAN_POINT ( 'NONE',  ( -0.5899999999999999689, -0.8535898384862263821, 2.049999999999999822 ) ) ;
#6644 = COLOUR_RGB ( '',0.9686274509803921573, 0.8784313725490195957, 0.5999999999999999778 ) ;
#6645 = PRODUCT_DEFINITION ( 'UNKNOWN', '', #1941, #2793 ) ;
#6646 = VERTEX_POINT ( 'NONE', #3314 ) ;
#6647 = CARTESIAN_POINT ( 'NONE',  ( -1.939999999999999947, 1.199999999999999734, 1.649999999999999467 ) ) ;
#6648 = DIRECTION ( 'NONE',  ( 0.000000000000000000, 0.9980333389415998457, -0.06268536002194975698 ) ) ;
#6649 = ADVANCED_FACE ( 'NONE', ( #280 ), #6766, .T. ) ;
#6650 = EDGE_LOOP ( 'NONE', ( #6003, #3991, #1714, #6713 ) ) ;
#6651 = COLOUR_RGB ( '',0.1098039215686274495, 0.1098039215686274495, 0.1098039215686274495 ) ;
#6652 = SURFACE_STYLE_FILL_AREA ( #5476 ) ;
#6653 = FILL_AREA_STYLE_COLOUR ( '', #2186 ) ;
#6654 = SURFACE_SIDE_STYLE ('',( #1977 ) ) ;
#6655 = PRESENTATION_LAYER_ASSIGNMENT (  '', '', ( #1910 ) ) ;
#6656 =( GEOMETRIC_REPRESENTATION_CONTEXT ( 3 ) GLOBAL_UNCERTAINTY_ASSIGNED_CONTEXT ( ( #4692 ) ) GLOBAL_UNIT_ASSIGNED_CONTEXT ( ( #3215, #7421, #6111 ) ) REPRESENTATION_CONTEXT ( 'NONE', 'WORKASPACE' ) );
#6657 = SURFACE_STYLE_FILL_AREA ( #4344 ) ;
#6658 = ORIENTED_EDGE ( 'NONE', *, *, #3072, .T. ) ;
#6659 = DIRECTION ( 'NONE',  ( 0.000000000000000000, 1.000000000000000000, 1.606225440719267599E-16 ) ) ;
#6660 = DIRECTION ( 'NONE',  ( -0.000000000000000000, -1.495451272393799296E-16, -1.000000000000000000 ) ) ;
#6661 = PRESENTATION_LAYER_ASSIGNMENT (  '', '', ( #7040 ) ) ;
#6662 = STYLED_ITEM ( 'NONE', ( #4915 ), #4648 ) ;
#6663 = FACE_OUTER_BOUND ( 'NONE', #1373, .T. ) ;
#6664 = EDGE_CURVE ( 'NONE', #3933, #944, #6621, .T. ) ;
#6665 = ORIENTED_EDGE ( 'NONE', *, *, #4641, .T. ) ;
#6666 = EDGE_LOOP ( 'NONE', ( #2644, #2051, #148, #3681 ) ) ;
#6667 = DIRECTION ( 'NONE',  ( 0.000000000000000000, 0.000000000000000000, 1.000000000000000000 ) ) ;
#6668 = VECTOR ( 'NONE', #2530, 1000.000000000000000 ) ;
#6669 =( NAMED_UNIT ( * ) SI_UNIT ( $, .STERADIAN. ) SOLID_ANGLE_UNIT ( ) );
#6670 =( NAMED_UNIT ( * ) PLANE_ANGLE_UNIT ( ) SI_UNIT ( $, .RADIAN. ) );
#6671 = UNCERTAINTY_MEASURE_WITH_UNIT (LENGTH_MEASURE( 1.000000000000000082E-05 ), #986, 'distance_accuracy_value', 'NONE');
#6672 = CARTESIAN_POINT ( 'NONE',  ( 0.03382063528713982054, -1.334688591048295958, 1.549999999999999822 ) ) ;
#6673 = MECHANICAL_DESIGN_GEOMETRIC_PRESENTATION_REPRESENTATION (  '', ( #2431 ), #3632 ) ;
#6674 = SURFACE_STYLE_USAGE ( .BOTH. , #3112 ) ;
#6675 = ORIENTED_EDGE ( 'NONE', *, *, #3898, .T. ) ;
#6676 = FILL_AREA_STYLE ('',( #5387 ) ) ;
#6677 = CARTESIAN_POINT ( 'NONE',  ( -0.5899999999999999689, 0.9545255768385688677, 1.875174172874263245 ) ) ;
#6678 = PRESENTATION_LAYER_ASSIGNMENT (  '', '', ( #4485 ) ) ;
#6679 = SURFACE_STYLE_USAGE ( .BOTH. , #2075 ) ;
#6680 = EDGE_CURVE ( 'NONE', #5869, #765, #6198, .T. ) ;
#6681 = CYLINDRICAL_SURFACE ( 'NONE', #5552, 0.05000000000000002359 ) ;
#6682 = AXIS2_PLACEMENT_3D ( 'NONE', #6299, #6753, #5618 ) ;
#6683 = CIRCLE ( 'NONE', #6194, 1.727069063257455461 ) ;
#6684 = ORIENTED_EDGE ( 'NONE', *, *, #6464, .T. ) ;
#6685 = CARTESIAN_POINT ( 'NONE',  ( 0.000000000000000000, 0.8535898384862271593, -2.050000000000000711 ) ) ;
#6686 = SURFACE_STYLE_USAGE ( .BOTH. , #3301 ) ;
#6687 = ORIENTED_EDGE ( 'NONE', *, *, #3605, .T. ) ;
#6689 = AXIS2_PLACEMENT_3D ( 'NONE', #5280, #83, #2388 ) ;
#6688 = CARTESIAN_POINT ( 'NONE',  ( -1.889999999999999902, 1.600000000000000311, 1.499999999999999778 ) ) ;
#6690 = SURFACE_STYLE_USAGE ( .BOTH. , #3231 ) ;
#6691 = PRESENTATION_STYLE_ASSIGNMENT (( #4903 ) ) ;
#6692 =( NAMED_UNIT ( * ) SI_UNIT ( $, .STERADIAN. ) SOLID_ANGLE_UNIT ( ) );
#6694 = CIRCLE ( 'NONE', #5351, 0.1499999999999999667 ) ;
#6693 = CARTESIAN_POINT ( 'NONE',  ( -0.8899999999999999023, 0.1318986559964683281, 2.100000000000000533 ) ) ;
#6695 = VERTEX_POINT ( 'NONE', #985 ) ;
#6696 = AXIS2_PLACEMENT_3D ( 'NONE', #3110, #3185, #4358 ) ;
#6697 =( GEOMETRIC_REPRESENTATION_CONTEXT ( 3 ) GLOBAL_UNCERTAINTY_ASSIGNED_CONTEXT ( ( #3389 ) ) GLOBAL_UNIT_ASSIGNED_CONTEXT ( ( #1791, #1832, #1673 ) ) REPRESENTATION_CONTEXT ( 'NONE', 'WORKASPACE' ) );
#6698 = FILL_AREA_STYLE ('',( #5634 ) ) ;
#6699 = VERTEX_POINT ( 'NONE', #2609 ) ;
#6700 = AXIS2_PLACEMENT_3D ( 'NONE', #2436, #7044, #3489 ) ;
#6701 = LINE ( 'NONE', #3205, #4094 ) ;
#6702 = FACE_OUTER_BOUND ( 'NONE', #6361, .T. ) ;
#6703 = FACE_OUTER_BOUND ( 'NONE', #2998, .T. ) ;
#6704 = COLOUR_RGB ( '',0.1098039215686274495, 0.1098039215686274495, 0.1098039215686274495 ) ;
#6705 = ORIENTED_EDGE ( 'NONE', *, *, #7505, .T. ) ;
#6706 = AXIS2_PLACEMENT_3D ( 'NONE', #6815, #3319, #4635 ) ;
#6707 = ORIENTED_EDGE ( 'NONE', *, *, #4575, .F. ) ;
#6708 =( NAMED_UNIT ( * ) PLANE_ANGLE_UNIT ( ) SI_UNIT ( $, .RADIAN. ) );
#6709 = FILL_AREA_STYLE ('',( #4948 ) ) ;
#6710 = CARTESIAN_POINT ( 'NONE',  ( 0.02506206907820954927, -1.342240252918484256, 1.549999999999999822 ) ) ;
#6711 = PLANE ( 'NONE',  #2452 ) ;
#6712 = FILL_AREA_STYLE ('',( #7312 ) ) ;
#6713 = ORIENTED_EDGE ( 'NONE', *, *, #2076, .T. ) ;
#6714 = CARTESIAN_POINT ( 'NONE',  ( -0.5899999999999999689, -2.100000000000000089, -1.450000000000000178 ) ) ;
#6715 = DIRECTION ( 'NONE',  ( 0.000000000000000000, 0.000000000000000000, 1.000000000000000000 ) ) ;
#6716 = EDGE_CURVE ( 'NONE', #5356, #5157, #3237, .T. ) ;
#6717 = CARTESIAN_POINT ( 'NONE',  ( -1.889999999999999902, 1.070096189432336198, 1.575000000000001288 ) ) ;
#6718 = DIRECTION ( 'NONE',  ( 0.000000000000000000, 0.000000000000000000, -1.000000000000000000 ) ) ;
#6719 = ADVANCED_FACE ( 'NONE', ( #4909 ), #2449, .T. ) ;
#6720 = ADVANCED_FACE ( 'NONE', ( #2409 ), #1866, .T. ) ;
#6721 = ORIENTED_EDGE ( 'NONE', *, *, #7548, .F. ) ;
#6722 = DIRECTION ( 'NONE',  ( 1.000000000000000000, -0.000000000000000000, -0.000000000000000000 ) ) ;
#6723 = DIRECTION ( 'NONE',  ( 0.000000000000000000, 0.000000000000000000, -1.000000000000000000 ) ) ;
#6724 = AXIS2_PLACEMENT_3D ( 'NONE', #1635, #1183, #609 ) ;
#6725 = LINE ( 'NONE', #825, #4765 ) ;
#6726 = FACE_OUTER_BOUND ( 'NONE', #6239, .T. ) ;
#6727 =( NAMED_UNIT ( * ) PLANE_ANGLE_UNIT ( ) SI_UNIT ( $, .RADIAN. ) );
#6728 = MECHANICAL_DESIGN_GEOMETRIC_PRESENTATION_REPRESENTATION (  '', ( #4175 ), #305 ) ;
#6729 = AXIS2_PLACEMENT_3D ( 'NONE', #2970, #4741, #116 ) ;
#6730 = ORIENTED_EDGE ( 'NONE', *, *, #7304, .T. ) ;
#6731 = VERTEX_POINT ( 'NONE', #5979 ) ;
#6732 =( NAMED_UNIT ( * ) SI_UNIT ( $, .STERADIAN. ) SOLID_ANGLE_UNIT ( ) );
#6733 = COLOUR_RGB ( '',0.1098039215686274495, 0.1098039215686274495, 0.1098039215686274495 ) ;
#6734 = ORIENTED_EDGE ( 'NONE', *, *, #4853, .T. ) ;
#6735 = CARTESIAN_POINT ( 'NONE',  ( -1.889999999999999902, 0.8535898384862270483, 2.050000000000000266 ) ) ;
#6736 = SURFACE_STYLE_USAGE ( .BOTH. , #6133 ) ;
#6737 = CONICAL_SURFACE ( 'NONE', #1145, 1.699999999999999956, 0.1651486774146269931 ) ;
#6738 = FILL_AREA_STYLE_COLOUR ( '', #828 ) ;
#6739 =( LENGTH_UNIT ( ) NAMED_UNIT ( * ) SI_UNIT ( .MILLI., .METRE. ) );
#6740 = EDGE_LOOP ( 'NONE', ( #5338, #6590, #1025, #2833, #4521, #4166, #1701, #4618, #1277, #1725 ) ) ;
#6741 = EDGE_LOOP ( 'NONE', ( #7206, #5472 ) ) ;
#6742 = SURFACE_STYLE_FILL_AREA ( #6210 ) ;
#6743 = UNCERTAINTY_MEASURE_WITH_UNIT (LENGTH_MEASURE( 1.000000000000000082E-05 ), #5627, 'distance_accuracy_value', 'NONE');
#6744 = DIRECTION ( 'NONE',  ( -1.000000000000000000, -0.000000000000000000, -0.000000000000000000 ) ) ;
#6745 =( LENGTH_UNIT ( ) NAMED_UNIT ( * ) SI_UNIT ( .MILLI., .METRE. ) );
#6746 = SURFACE_SIDE_STYLE ('',( #7469 ) ) ;
#6747 = VERTEX_POINT ( 'NONE', #4152 ) ;
#6748 = SURFACE_STYLE_FILL_AREA ( #3254 ) ;
#6749 = CYLINDRICAL_SURFACE ( 'NONE', #4232, 0.04999999999999969746 ) ;
#6750 = MANIFOLD_SOLID_BREP ( 'Split1[1]', #8 ) ;
#6751 = SURFACE_STYLE_FILL_AREA ( #6874 ) ;
#6752 = UNCERTAINTY_MEASURE_WITH_UNIT (LENGTH_MEASURE( 1.000000000000000082E-05 ), #4321, 'distance_accuracy_value', 'NONE');
#6753 = DIRECTION ( 'NONE',  ( 1.000000000000000000, -0.000000000000000000, -0.000000000000000000 ) ) ;
#6754 = VERTEX_POINT ( 'NONE', #610 ) ;
#6755 = CARTESIAN_POINT ( 'NONE',  ( -1.939999999999999947, 0.7669872981077828777, -2.050000000000001155 ) ) ;
#6756 = ADVANCED_FACE ( 'NONE', ( #6585 ), #681, .F. ) ;
#6757 =( LENGTH_UNIT ( ) NAMED_UNIT ( * ) SI_UNIT ( .MILLI., .METRE. ) );
#6758 = CARTESIAN_POINT ( 'NONE',  ( 0.000000000000000000, -2.000000000000000888, -1.450000000000000178 ) ) ;
#6759 = CARTESIAN_POINT ( 'NONE',  ( -1.889999999999999902, -0.8102885682970026870, 2.024999999999999023 ) ) ;
#6760 = CARTESIAN_POINT ( 'NONE',  ( -1.315340151904195842, -1.658115844191424104, -0.4903806193033528604 ) ) ;
#6761 =( NAMED_UNIT ( * ) PLANE_ANGLE_UNIT ( ) SI_UNIT ( $, .RADIAN. ) );
#6762 = ORIENTED_EDGE ( 'NONE', *, *, #279, .F. ) ;
#6763 = CARTESIAN_POINT ( 'NONE',  ( -1.889999999999999902, -0.7669872981077823226, 2.000000000000000000 ) ) ;
#6764 = VECTOR ( 'NONE', #1719, 1000.000000000000114 ) ;
#6765 = ORIENTED_EDGE ( 'NONE', *, *, #1781, .T. ) ;
#6766 = CYLINDRICAL_SURFACE ( 'NONE', #7461, 0.2000000000000000944 ) ;
#6767 = PRESENTATION_STYLE_ASSIGNMENT (( #2131 ) ) ;
#6768 = VERTEX_POINT ( 'NONE', #3804 ) ;
#6769 = PLANE ( 'NONE',  #7153 ) ;
#6770 = LINE ( 'NONE', #874, #6577 ) ;
#6771 = COLOUR_RGB ( '',0.9686274509803921573, 0.8784313725490195957, 0.5999999999999999778 ) ;
#6772 = COLOUR_RGB ( '',0.1098039215686274495, 0.1098039215686274495, 0.1098039215686274495 ) ;
#6773 = DIRECTION ( 'NONE',  ( 0.000000000000000000, 0.000000000000000000, 1.000000000000000000 ) ) ;
#6774 = ORIENTED_EDGE ( 'NONE', *, *, #7136, .T. ) ;
#6775 = SURFACE_STYLE_FILL_AREA ( #5753 ) ;
#6776 = ORIENTED_EDGE ( 'NONE', *, *, #5090, .T. ) ;
#6777 = AXIS2_PLACEMENT_3D ( 'NONE', #44, #3043, #4780 ) ;
#6778 = CIRCLE ( 'NONE', #5697, 0.09999999999999982514 ) ;
#6779 = EDGE_CURVE ( 'NONE', #6115, #1013, #2394, .T. ) ;
#6780 = PRESENTATION_LAYER_ASSIGNMENT (  '', '', ( #1505 ) ) ;
#6781 = CARTESIAN_POINT ( 'NONE',  ( 0.000000000000000000, 1.349732330792616120, 1.571874396366713666 ) ) ;
#6782 = EDGE_CURVE ( 'NONE', #5377, #3836, #5523, .T. ) ;
#6783 = FILL_AREA_STYLE ('',( #3842 ) ) ;
#6784 = CARTESIAN_POINT ( 'NONE',  ( 0.01992839727696162078, -1.344763729886548465, 1.549999999999999822 ) ) ;
#6785 = B_SPLINE_CURVE_WITH_KNOTS ( 'NONE', 3,
 ( #6342, #1761, #4737, #4776 ),
 .UNSPECIFIED., .F., .F.,
 ( 4, 4 ),
 ( 0.0001133489185248090958, 0.0002266978370496181916 ),
 .UNSPECIFIED. ) ;
#6786 = B_SPLINE_CURVE_WITH_KNOTS ( 'NONE', 3,
 ( #4652, #203, #2523, #6334, #3057, #4267, #4829, #5443, #2917, #245, #5233, #1677, #7550, #1121, #5769, #173, #552, #5189, #5368 ),
 .UNSPECIFIED., .F., .F.,
 ( 4, 3, 3, 3, 3, 3, 4 ),
 ( 0.0002958942663271627396, 0.0003058652296187611250, 0.0003152567407496117470, 0.0003321870056507044691, 0.0003490952781585581486, 0.0003663190555939314637, 0.0003774969609514010316 ),
 .UNSPECIFIED. ) ;
#6787 = VECTOR ( 'NONE', #2184, 1000.000000000000114 ) ;
#6788 = DIRECTION ( 'NONE',  ( 0.000000000000000000, 1.000000000000000000, 2.710505431213758620E-16 ) ) ;
#6789 = MECHANICAL_DESIGN_GEOMETRIC_PRESENTATION_REPRESENTATION (  '', ( #5209 ), #3864 ) ;
#6790 = EDGE_LOOP ( 'NONE', ( #6060, #3271, #2204, #4338 ) ) ;
#6791 =( NAMED_UNIT ( * ) SI_UNIT ( $, .STERADIAN. ) SOLID_ANGLE_UNIT ( ) );
#6792 = CARTESIAN_POINT ( 'NONE',  ( 0.05000000000000000278, -2.000000000000000444, 1.399999999999998135 ) ) ;
#6793 = DIRECTION ( 'NONE',  ( 2.527713580004890695E-16, 0.2836029092905777982, -0.9589418073282238719 ) ) ;
#6794 = ADVANCED_FACE ( 'NONE', ( #315 ), #283, .F. ) ;
#6795 = CARTESIAN_POINT ( 'NONE',  ( 0.05000000000000000278, -2.000000000000000888, -1.399999999999998579 ) ) ;
#6796 = EDGE_LOOP ( 'NONE', ( #1633, #1334, #4418, #5302 ) ) ;
#6797 = CIRCLE ( 'NONE', #7056, 0.1500000000000008271 ) ;
#6798 = DIRECTION ( 'NONE',  ( 0.000000000000000000, -1.000000000000000000, 0.000000000000000000 ) ) ;
#6799 = EDGE_CURVE ( 'NONE', #2427, #6731, #248, .T. ) ;
#6800 = DIRECTION ( 'NONE',  ( 0.000000000000000000, 0.000000000000000000, -1.000000000000000000 ) ) ;
#6801 = CARTESIAN_POINT ( 'NONE',  ( 0.04734290235225380172, 1.309523111224152991, 1.549999999999999822 ) ) ;
#6802 = TOROIDAL_SURFACE ( 'NONE', #4970, 1.877069063257455372, 0.1499999999999999944 ) ;
#6803 = DIRECTION ( 'NONE',  ( -0.000000000000000000, 1.000000000000000000, 2.710505431213758620E-16 ) ) ;
#6804 = CIRCLE ( 'NONE', #3166, 0.1499999999999999667 ) ;
#6805 = LINE ( 'NONE', #4589, #6461 ) ;
#6806 = ORIENTED_EDGE ( 'NONE', *, *, #4537, .F. ) ;
#6807 = ORIENTED_EDGE ( 'NONE', *, *, #3203, .T. ) ;
#6808 = AXIS2_PLACEMENT_3D ( 'NONE', #494, #4404, #2812 ) ;
#6809 =( NAMED_UNIT ( * ) PLANE_ANGLE_UNIT ( ) SI_UNIT ( $, .RADIAN. ) );
#6810 = PRESENTATION_LAYER_ASSIGNMENT (  '', '', ( #2571 ) ) ;
#6811 = ORIENTED_EDGE ( 'NONE', *, *, #6870, .T. ) ;
#6812 = DIRECTION ( 'NONE',  ( 0.000000000000000000, -1.606225440719267599E-16, 1.000000000000000000 ) ) ;
#6813 = CLOSED_SHELL ( 'NONE', ( #5658, #261, #1411, #5867, #2234, #4303, #3853, #2825, #5836, #5411, #2536, #6889, #4742, #2525, #3106, #7164, #5259, #2531, #2118, #4488, #4081, #1022, #5444, #5239, #1555, #90 ) ) ;
#6814 = UNCERTAINTY_MEASURE_WITH_UNIT (LENGTH_MEASURE( 1.000000000000000082E-05 ), #1767, 'distance_accuracy_value', 'NONE');
#6815 = CARTESIAN_POINT ( 'NONE',  ( -1.939999999999999947, -1.600000000000000311, 1.349999999999998312 ) ) ;
#6816 = PRESENTATION_STYLE_ASSIGNMENT (( #4489 ) ) ;
#6817 = EDGE_CURVE ( 'NONE', #3178, #7457, #3192, .T. ) ;
#6818 = STYLED_ITEM ( 'NONE', ( #2029 ), #5104 ) ;
#6819 = ORIENTED_EDGE ( 'NONE', *, *, #1171, .F. ) ;
#6820 = FILL_AREA_STYLE ('',( #6282 ) ) ;
#6821 = ORIENTED_EDGE ( 'NONE', *, *, #3468, .F. ) ;
#6822 = AXIS2_PLACEMENT_3D ( 'NONE', #5228, #615, #4570 ) ;
#6823 = VECTOR ( 'NONE', #3828, 1000.000000000000000 ) ;
#6824 = LINE ( 'NONE', #512, #4305 ) ;
#6825 = PRESENTATION_LAYER_ASSIGNMENT (  '', '', ( #3422 ) ) ;
#6826 =( GEOMETRIC_REPRESENTATION_CONTEXT ( 3 ) GLOBAL_UNCERTAINTY_ASSIGNED_CONTEXT ( ( #2400 ) ) GLOBAL_UNIT_ASSIGNED_CONTEXT ( ( #434, #5720, #5600 ) ) REPRESENTATION_CONTEXT ( 'NONE', 'WORKASPACE' ) );
#6827 = UNCERTAINTY_MEASURE_WITH_UNIT (LENGTH_MEASURE( 1.000000000000000082E-05 ), #4033, 'distance_accuracy_value', 'NONE');
#6828 = CARTESIAN_POINT ( 'NONE',  ( 0.05000000000000000278, -1.050000000000000044, 1.549999999999999822 ) ) ;
#6829 = SURFACE_SIDE_STYLE ('',( #3363 ) ) ;
#6830 = COLOUR_RGB ( '',0.9686274509803921573, 0.8784313725490195957, 0.5999999999999999778 ) ;
#6831 = MECHANICAL_DESIGN_GEOMETRIC_PRESENTATION_REPRESENTATION (  '', ( #1117 ), #5739 ) ;
#6832 =( NAMED_UNIT ( * ) SI_UNIT ( $, .STERADIAN. ) SOLID_ANGLE_UNIT ( ) );
#6833 = ORIENTED_EDGE ( 'NONE', *, *, #4945, .F. ) ;
#6834 = LINE ( 'NONE', #1568, #585 ) ;
#6835 = ORIENTED_EDGE ( 'NONE', *, *, #761, .F. ) ;
#6836 = AXIS2_PLACEMENT_3D ( 'NONE', #2562, #1399, #276 ) ;
#6837 = DIRECTION ( 'NONE',  ( 0.000000000000000000, 0.9589418073282237609, 0.2836029092905780757 ) ) ;
#6838 =( NAMED_UNIT ( * ) SI_UNIT ( $, .STERADIAN. ) SOLID_ANGLE_UNIT ( ) );
#6839 = DIRECTION ( 'NONE',  ( 1.000000000000000000, 0.000000000000000000, 0.000000000000000000 ) ) ;
#6840 = EDGE_CURVE ( 'NONE', #6200, #2622, #6770, .T. ) ;
#6841 = DIRECTION ( 'NONE',  ( 0.000000000000000000, -1.776356839400250465E-15, 1.000000000000000000 ) ) ;
#6842 = ORIENTED_EDGE ( 'NONE', *, *, #7398, .F. ) ;
#6843 = VECTOR ( 'NONE', #2931, 1000.000000000000000 ) ;
#6844 = SURFACE_SIDE_STYLE ('',( #5777 ) ) ;
#6845 = SURFACE_SIDE_STYLE ('',( #1091 ) ) ;
#6846 = CARTESIAN_POINT ( 'NONE',  ( 0.03812137589218186906, 1.329642407346664168, 1.549999999999999822 ) ) ;
#6847 =( NAMED_UNIT ( * ) PLANE_ANGLE_UNIT ( ) SI_UNIT ( $, .RADIAN. ) );
#6848 = PLANE ( 'NONE',  #4766 ) ;
#6849 =( NAMED_UNIT ( * ) PLANE_ANGLE_UNIT ( ) SI_UNIT ( $, .RADIAN. ) );
#6850 = ORIENTED_EDGE ( 'NONE', *, *, #6799, .T. ) ;
#6851 = DIRECTION ( 'NONE',  ( -1.000000000000000000, -0.000000000000000000, 0.000000000000000000 ) ) ;
#6852 =( NAMED_UNIT ( * ) PLANE_ANGLE_UNIT ( ) SI_UNIT ( $, .RADIAN. ) );
#6853 = ORIENTED_EDGE ( 'NONE', *, *, #5330, .F. ) ;
#6854 = PRESENTATION_STYLE_ASSIGNMENT (( #6936 ) ) ;
#6855 = CARTESIAN_POINT ( 'NONE',  ( -0.5946613495367725211, -1.850415197882375296, 0.03903711216599924788 ) ) ;
#6856 = AXIS2_PLACEMENT_3D ( 'NONE', #2420, #5380, #656 ) ;
#6857 = STYLED_ITEM ( 'NONE', ( #445 ), #2516 ) ;
#6858 = SURFACE_SIDE_STYLE ('',( #5107 ) ) ;
#6859 = ORIENTED_EDGE ( 'NONE', *, *, #3298, .F. ) ;
#6860 = ORIENTED_EDGE ( 'NONE', *, *, #3149, .T. ) ;
#6861 = PRESENTATION_LAYER_ASSIGNMENT (  '', '', ( #3335 ) ) ;
#6862 = EDGE_CURVE ( 'NONE', #4138, #7526, #4277, .T. ) ;
#6863 = DIRECTION ( 'NONE',  ( -1.000000000000000000, 0.000000000000000000, 0.000000000000000000 ) ) ;
#6864 = LINE ( 'NONE', #4002, #1192 ) ;
#6865 = LINE ( 'NONE', #1639, #2082 ) ;
#6866 = AXIS2_PLACEMENT_3D ( 'NONE', #7448, #2780, #5136 ) ;
#6867 = FACE_OUTER_BOUND ( 'NONE', #6873, .T. ) ;
#6868 = CIRCLE ( 'NONE', #2162, 0.04999999999999926725 ) ;
#6869 =( LENGTH_UNIT ( ) NAMED_UNIT ( * ) SI_UNIT ( .MILLI., .METRE. ) );
#6870 = EDGE_CURVE ( 'NONE', #7249, #4230, #3206, .T. ) ;
#6871 = ORIENTED_EDGE ( 'NONE', *, *, #5597, .F. ) ;
#6872 = LINE ( 'NONE', #6792, #3627 ) ;
#6873 = EDGE_LOOP ( 'NONE', ( #841, #2308, #607, #1845 ) ) ;
#6874 = FILL_AREA_STYLE ('',( #6261 ) ) ;
#6875 =( NAMED_UNIT ( * ) PLANE_ANGLE_UNIT ( ) SI_UNIT ( $, .RADIAN. ) );
#6876 =( LENGTH_UNIT ( ) NAMED_UNIT ( * ) SI_UNIT ( .MILLI., .METRE. ) );
#6877 = CARTESIAN_POINT ( 'NONE',  ( -0.5899999999999999689, -0.7669872981077833218, 2.100000000000000089 ) ) ;
#6878 = SURFACE_STYLE_USAGE ( .BOTH. , #6654 ) ;
#6879 = ORIENTED_EDGE ( 'NONE', *, *, #5767, .F. ) ;
#6880 = MECHANICAL_DESIGN_GEOMETRIC_PRESENTATION_REPRESENTATION (  '', ( #3589 ), #3000 ) ;
#6881 = SURFACE_STYLE_FILL_AREA ( #4548 ) ;
#6882 = LINE ( 'NONE', #7437, #1914 ) ;
#6883 = EDGE_CURVE ( 'NONE', #6200, #3384, #7295, .T. ) ;
#6884 = CARTESIAN_POINT ( 'NONE',  ( -0.1699999999999999567, 1.300000000000000044, 1.640047317545275884 ) ) ;
#6885 = CARTESIAN_POINT ( 'NONE',  ( 0.02140711179751984480, 1.344358846652127903, 1.549999999999999822 ) ) ;
#6886 = CARTESIAN_POINT ( 'NONE',  ( -1.889999999999999902, 0.7669872981077828777, -2.000000000000000000 ) ) ;
#6887 = ADVANCED_FACE ( 'NONE', ( #6702 ), #355, .F. ) ;
#6888 = SURFACE_STYLE_FILL_AREA ( #2243 ) ;
#6889 = ADVANCED_FACE ( 'NONE', ( #1596 ), #1104, .F. ) ;
#6890 = AXIS2_PLACEMENT_3D ( 'NONE', #6421, #1886, #1316 ) ;
#6891 = ORIENTED_EDGE ( 'NONE', *, *, #5067, .F. ) ;
#6892 =( NAMED_UNIT ( * ) SI_UNIT ( $, .STERADIAN. ) SOLID_ANGLE_UNIT ( ) );
#6893 = PLANE ( 'NONE',  #3814 ) ;
#6894 = VERTEX_POINT ( 'NONE', #7497 ) ;
#6895 = CARTESIAN_POINT ( 'NONE',  ( -0.6331729586907353102, 1.179637516621019566, 1.551546824421993209 ) ) ;
#6896 = UNCERTAINTY_MEASURE_WITH_UNIT (LENGTH_MEASURE( 1.000000000000000082E-05 ), #3782, 'distance_accuracy_value', 'NONE');
#6897 = FILL_AREA_STYLE_COLOUR ( '', #2593 ) ;
#6898 = DIRECTION ( 'NONE',  ( 1.000000000000000000, 0.000000000000000000, 0.000000000000000000 ) ) ;
#6899 = PRESENTATION_LAYER_ASSIGNMENT (  '', '', ( #4820 ) ) ;
#6900 = ORIENTED_EDGE ( 'NONE', *, *, #3690, .F. ) ;
#6901 = ORIENTED_EDGE ( 'NONE', *, *, #4482, .T. ) ;
#6902 = PRESENTATION_LAYER_ASSIGNMENT (  '', '', ( #2766 ) ) ;
#6903 =( LENGTH_UNIT ( ) NAMED_UNIT ( * ) SI_UNIT ( .MILLI., .METRE. ) );
#6904 = SURFACE_SIDE_STYLE ('',( #5723 ) ) ;
#6905 = UNCERTAINTY_MEASURE_WITH_UNIT (LENGTH_MEASURE( 1.000000000000000082E-05 ), #7030, 'distance_accuracy_value', 'NONE');
#6906 = FACE_OUTER_BOUND ( 'NONE', #688, .T. ) ;
#6907 = EDGE_CURVE ( 'NONE', #5460, #7263, #278, .T. ) ;
#6908 = DIRECTION ( 'NONE',  ( 1.000000000000000000, -0.000000000000000000, -0.000000000000000000 ) ) ;
#6909 = SURFACE_STYLE_USAGE ( .BOTH. , #2875 ) ;
#6910 = COLOUR_RGB ( '',0.1098039215686274495, 0.1098039215686274495, 0.1098039215686274495 ) ;
#6911 = VERTEX_POINT ( 'NONE', #1553 ) ;
#6912 = CIRCLE ( 'NONE', #3987, 0.04999999999999991257 ) ;
#6913 = CARTESIAN_POINT ( 'NONE',  ( -0.04377939496045607504, -1.269820539683436111, 1.549999999999999822 ) ) ;
#6914 = VECTOR ( 'NONE', #5503, 1000.000000000000000 ) ;
#6915 = UNCERTAINTY_MEASURE_WITH_UNIT (LENGTH_MEASURE( 1.000000000000000082E-05 ), #5848, 'distance_accuracy_value', 'NONE');
#6916 = CARTESIAN_POINT ( 'NONE',  ( -1.889999999999999902, 0.7669872981077823226, 2.000000000000000000 ) ) ;
#6917 = FACE_OUTER_BOUND ( 'NONE', #2846, .T. ) ;
#6918 = PRESENTATION_LAYER_ASSIGNMENT (  '', '', ( #947 ) ) ;
#6919 = PRESENTATION_STYLE_ASSIGNMENT (( #1125 ) ) ;
#6920 = MECHANICAL_DESIGN_GEOMETRIC_PRESENTATION_REPRESENTATION (  '', ( #6662 ), #3385 ) ;
#6921 = ORIENTED_EDGE ( 'NONE', *, *, #182, .T. ) ;
#6922 = ADVANCED_FACE ( 'NONE', ( #3878 ), #3355, .T. ) ;
#6923 = CARTESIAN_POINT ( 'NONE',  ( -0.000000000000000000, -1.264223332245807851, 1.636611613414588717 ) ) ;
#6924 = CARTESIAN_POINT ( 'NONE',  ( -2.067951531382569187E-22, -1.288728062733065727, 1.659689718041940987 ) ) ;
#6925 = EDGE_CURVE ( 'NONE', #2108, #3933, #603, .T. ) ;
#6926 = PRESENTATION_LAYER_ASSIGNMENT (  '', '', ( #1674 ) ) ;
#6927 = LINE ( 'NONE', #6884, #3174 ) ;
#6928 = CARTESIAN_POINT ( 'NONE',  ( 0.04811121542268445572, 1.303866973681416352, 1.549999999999999822 ) ) ;
#6929 = DIRECTION ( 'NONE',  ( 0.000000000000000000, 0.4999999999999998335, -0.8660254037844387076 ) ) ;
#6930 = DIRECTION ( 'NONE',  ( 0.000000000000000000, 0.4999999999999998335, -0.8660254037844387076 ) ) ;
#6931 = DIRECTION ( 'NONE',  ( 0.000000000000000000, 0.4999999999999952816, -0.8660254037844413721 ) ) ;
#6932 = MECHANICAL_DESIGN_GEOMETRIC_PRESENTATION_REPRESENTATION (  '', ( #3403 ), #134 ) ;
#6934 = CIRCLE ( 'NONE', #5588, 0.2000000000000000944 ) ;
#6933 = CARTESIAN_POINT ( 'NONE',  ( -1.489999999999999991, -1.800000000000000266, -0.08991653416261403964 ) ) ;
#6935 = ORIENTED_EDGE ( 'NONE', *, *, #990, .F. ) ;
#6936 = SURFACE_STYLE_USAGE ( .BOTH. , #504 ) ;
#6937 = CARTESIAN_POINT ( 'NONE',  ( -0.8406802951305324401, -1.809379432042861113, -0.03826977840991200447 ) ) ;
#6938 =( NAMED_UNIT ( * ) PLANE_ANGLE_UNIT ( ) SI_UNIT ( $, .RADIAN. ) );
#6939 = STYLED_ITEM ( 'NONE', ( #1581 ), #2921 ) ;
#6940 = ORIENTED_EDGE ( 'NONE', *, *, #6063, .F. ) ;
#6941 = SURFACE_SIDE_STYLE ('',( #368 ) ) ;
#6942 = EDGE_LOOP ( 'NONE', ( #6005, #198, #1907, #302, #4308, #5561, #4117, #4811 ) ) ;
#6943 = STYLED_ITEM ( 'NONE', ( #265 ), #3106 ) ;
#6944 = DIRECTION ( 'NONE',  ( 0.000000000000000000, 0.000000000000000000, 1.000000000000000000 ) ) ;
#6945 = FILL_AREA_STYLE_COLOUR ( '', #4719 ) ;
#6946 = SURFACE_STYLE_FILL_AREA ( #5838 ) ;
#6947 = VECTOR ( 'NONE', #3571, 1000.000000000000000 ) ;
#6948 = PRESENTATION_STYLE_ASSIGNMENT (( #4041 ) ) ;
#6949 = CIRCLE ( 'NONE', #24, 0.1000000000000011297 ) ;
#6950 = DIRECTION ( 'NONE',  ( 0.000000000000000000, 0.000000000000000000, 1.000000000000000000 ) ) ;
#6951 = ORIENTED_EDGE ( 'NONE', *, *, #7208, .T. ) ;
#6952 = ORIENTED_EDGE ( 'NONE', *, *, #2276, .F. ) ;
#6953 =( LENGTH_UNIT ( ) NAMED_UNIT ( * ) SI_UNIT ( .MILLI., .METRE. ) );
#6954 = DIRECTION ( 'NONE',  ( 0.000000000000000000, -0.5000000000000003331, 0.8660254037844384856 ) ) ;
#6955 = PRESENTATION_LAYER_ASSIGNMENT (  '', '', ( #3658 ) ) ;
#6956 = CARTESIAN_POINT ( 'NONE',  ( 0.05000000000000000278, 0.6747223250267392336, -2.000000000000000888 ) ) ;
#6957 = AXIS2_PLACEMENT_3D ( 'NONE', #1641, #6217, #5609 ) ;
#6958 = CARTESIAN_POINT ( 'NONE',  ( 0.06000000000000000472, 2.000000000000000444, 1.399999999999998357 ) ) ;
#6959 = CARTESIAN_POINT ( 'NONE',  ( -0.5199999999999999067, 1.300000000000000044, 1.520047317545275778 ) ) ;
#6960 = COLOUR_RGB ( '',0.1098039215686274495, 0.1098039215686274495, 0.1098039215686274495 ) ;
#6961 = CARTESIAN_POINT ( 'NONE',  ( -0.5899999999999999689, 0.9545255768385706441, -1.875174172874262135 ) ) ;
#6962 = CARTESIAN_POINT ( 'NONE',  ( -1.889999999999999902, 1.199999999999999734, 1.549999999999999822 ) ) ;
#6963 = FILL_AREA_STYLE_COLOUR ( '', #3779 ) ;
#6964 = EDGE_LOOP ( 'NONE', ( #6900, #508, #1576, #4918 ) ) ;
#6965 = VECTOR ( 'NONE', #7225, 1000.000000000000000 ) ;
#6966 = ORIENTED_EDGE ( 'NONE', *, *, #6318, .F. ) ;
#6967 = EDGE_CURVE ( 'NONE', #2108, #5921, #1963, .T. ) ;
#6968 = DIRECTION ( 'NONE',  ( -1.000000000000000000, 0.000000000000000000, 0.000000000000000000 ) ) ;
#6969 = STYLED_ITEM ( 'NONE', ( #4477 ), #7195 ) ;
#6970 = SURFACE_STYLE_FILL_AREA ( #5093 ) ;
#6971 = DIRECTION ( 'NONE',  ( 0.000000000000000000, 0.000000000000000000, -1.000000000000000000 ) ) ;
#6972 = EDGE_CURVE ( 'NONE', #7271, #1052, #6430, .T. ) ;
#6973 = CARTESIAN_POINT ( 'NONE',  ( 0.03205090014209018012, 1.263139993572321096, 1.549999999999999822 ) ) ;
#6974 = EDGE_CURVE ( 'NONE', #6699, #2022, #7125, .T. ) ;
#6975 =( LENGTH_UNIT ( ) NAMED_UNIT ( * ) SI_UNIT ( .MILLI., .METRE. ) );
#6976 = SURFACE_SIDE_STYLE ('',( #6888 ) ) ;
#6977 = EDGE_CURVE ( 'NONE', #872, #630, #5360, .T. ) ;
#6978 = CARTESIAN_POINT ( 'NONE',  ( -1.334775520489824396, -1.725883425434802554, -0.08281665797707828125 ) ) ;
#6979 = DIRECTION ( 'NONE',  ( -1.000000000000000000, 0.000000000000000000, 0.000000000000000000 ) ) ;
#6980 = ORIENTED_EDGE ( 'NONE', *, *, #6716, .T. ) ;
#6981 = B_SPLINE_CURVE_WITH_KNOTS ( 'NONE', 3,
 ( #5074, #4499, #2224, #3845 ),
 .UNSPECIFIED., .F., .F.,
 ( 4, 4 ),
 ( 0.000000000000000000, 0.0002260000371904981493 ),
 .UNSPECIFIED. ) ;
#6982 = CARTESIAN_POINT ( 'NONE',  ( 0.000000000000000000, 1.199999999999999734, 1.549999999999999822 ) ) ;
#6983 = FILL_AREA_STYLE_COLOUR ( '', #949 ) ;
#6984 = ORIENTED_EDGE ( 'NONE', *, *, #3298, .T. ) ;
#6985 =( NAMED_UNIT ( * ) SI_UNIT ( $, .STERADIAN. ) SOLID_ANGLE_UNIT ( ) );
#6986 = AXIS2_PLACEMENT_3D ( 'NONE', #770, #3141, #2463 ) ;
#6987 =( GEOMETRIC_REPRESENTATION_CONTEXT ( 3 ) GLOBAL_UNCERTAINTY_ASSIGNED_CONTEXT ( ( #1425 ) ) GLOBAL_UNIT_ASSIGNED_CONTEXT ( ( #2877, #4045, #1190 ) ) REPRESENTATION_CONTEXT ( 'NONE', 'WORKASPACE' ) );
#6988 = CARTESIAN_POINT ( 'NONE',  ( -0.8406803038083915380, -0.1133489185248101189, 1.804663793605830735 ) ) ;
#6989 = FILL_AREA_STYLE_COLOUR ( '', #7168 ) ;
#6990 = UNCERTAINTY_MEASURE_WITH_UNIT (LENGTH_MEASURE( 1.000000000000000082E-05 ), #5060, 'distance_accuracy_value', 'NONE');
#6991 = CARTESIAN_POINT ( 'NONE',  ( -1.889999999999999902, -0.7669872981077828777, -2.000000000000000000 ) ) ;
#6992 = VECTOR ( 'NONE', #7502, 1000.000000000000000 ) ;
#6993 =( NAMED_UNIT ( * ) SI_UNIT ( $, .STERADIAN. ) SOLID_ANGLE_UNIT ( ) );
#6994 = ORIENTED_EDGE ( 'NONE', *, *, #3136, .T. ) ;
#6995 = ORIENTED_EDGE ( 'NONE', *, *, #5216, .F. ) ;
#6996 = COLOUR_RGB ( '',0.1098039215686274495, 0.1098039215686274495, 0.1098039215686274495 ) ;
#6997 = FILL_AREA_STYLE_COLOUR ( '', #4539 ) ;
#6998 = FILL_AREA_STYLE ('',( #2335 ) ) ;
#6999 = SURFACE_SIDE_STYLE ('',( #4010 ) ) ;
#7000 = AXIS2_PLACEMENT_3D ( 'NONE', #6459, #4178, #3462 ) ;
#7001 = CARTESIAN_POINT ( 'NONE',  ( -0.6368542758591808628, -1.163163500296017006, 1.556574207442604774 ) ) ;
#7002 = ORIENTED_EDGE ( 'NONE', *, *, #5287, .F. ) ;
#7003 = CARTESIAN_POINT ( 'NONE',  ( -1.889999999999999902, 1.800000000000000488, 1.349999999999998312 ) ) ;
#7004 = EDGE_LOOP ( 'NONE', ( #4240, #313, #1667, #4564, #509, #1634 ) ) ;
#7005 = FILL_AREA_STYLE ('',( #6515 ) ) ;
#7006 =( NAMED_UNIT ( * ) PLANE_ANGLE_UNIT ( ) SI_UNIT ( $, .RADIAN. ) );
#7007 = FILL_AREA_STYLE_COLOUR ( '', #3256 ) ;
#7008 = FILL_AREA_STYLE_COLOUR ( '', #3773 ) ;
#7009 = SURFACE_STYLE_USAGE ( .BOTH. , #5312 ) ;
#7010 = CARTESIAN_POINT ( 'NONE',  ( 0.06000000000000000472, -2.000000000000000888, -1.399999999999998579 ) ) ;
#7011 = CARTESIAN_POINT ( 'NONE',  ( -0.8406803038083927593, 0.1133489185248078429, 1.804663793605830735 ) ) ;
#7012 = ADVANCED_FACE ( 'NONE', ( #1779 ), #4143, .F. ) ;
#7013 = PRESENTATION_STYLE_ASSIGNMENT (( #5897 ) ) ;
#7014 = PRESENTATION_LAYER_ASSIGNMENT (  '', '', ( #2135 ) ) ;
#7015 = DIRECTION ( 'NONE',  ( -1.000000000000000000, 0.000000000000000000, 0.000000000000000000 ) ) ;
#7016 = SURFACE_STYLE_FILL_AREA ( #2359 ) ;
#7017 = CARTESIAN_POINT ( 'NONE',  ( -0.6308969225661740232, 1.187183323765749421, -1.550612518109335092 ) ) ;
#7018 = VERTEX_POINT ( 'NONE', #4181 ) ;
#7019 = LINE ( 'NONE', #4151, #5642 ) ;
#7020 = PRESENTATION_LAYER_ASSIGNMENT (  '', '', ( #1638 ) ) ;
#7021 = CARTESIAN_POINT ( 'NONE',  ( -0.5199999999999999067, 1.300000000000000044, 1.520047317545275778 ) ) ;
#7022 = FACE_BOUND ( 'NONE', #4836, .T. ) ;
#7023 = CARTESIAN_POINT ( 'NONE',  ( -1.939999999999999947, 1.070096189432334643, -1.575000000000000400 ) ) ;
#7024 = EDGE_LOOP ( 'NONE', ( #373, #188, #2293, #3953 ) ) ;
#7025 = ORIENTED_EDGE ( 'NONE', *, *, #2355, .T. ) ;
#7026 =( NAMED_UNIT ( * ) SI_UNIT ( $, .STERADIAN. ) SOLID_ANGLE_UNIT ( ) );
#7027 = AXIS2_PLACEMENT_3D ( 'NONE', #7119, #1966, #1888 ) ;
#7028 = SURFACE_STYLE_USAGE ( .BOTH. , #5268 ) ;
#7029 = CARTESIAN_POINT ( 'NONE',  ( -0.6063454782903945350, 1.061278032723606435, -1.690273495448622931 ) ) ;
#7030 =( LENGTH_UNIT ( ) NAMED_UNIT ( * ) SI_UNIT ( .MILLI., .METRE. ) );
#7031 =( NAMED_UNIT ( * ) SI_UNIT ( $, .STERADIAN. ) SOLID_ANGLE_UNIT ( ) );
#7032 = VECTOR ( 'NONE', #6028, 1000.000000000000000 ) ;
#7033 = ORIENTED_EDGE ( 'NONE', *, *, #4339, .T. ) ;
#7034 = FILL_AREA_STYLE_COLOUR ( '', #6080 ) ;
#7035 = ORIENTED_EDGE ( 'NONE', *, *, #3411, .T. ) ;
#7036 =( NAMED_UNIT ( * ) PLANE_ANGLE_UNIT ( ) SI_UNIT ( $, .RADIAN. ) );
#7037 = CIRCLE ( 'NONE', #1074, 0.1499999999999999667 ) ;
#7038 = EDGE_CURVE ( 'NONE', #987, #3296, #6495, .T. ) ;
#7039 = CARTESIAN_POINT ( 'NONE',  ( -1.489999999999999991, 1.800000000000000266, -0.09048937164038105274 ) ) ;
#7040 = STYLED_ITEM ( 'NONE', ( #4743 ), #1228 ) ;
#7041 = SURFACE_STYLE_FILL_AREA ( #3079 ) ;
#7042 =( GEOMETRIC_REPRESENTATION_CONTEXT ( 3 ) GLOBAL_UNCERTAINTY_ASSIGNED_CONTEXT ( ( #6141 ) ) GLOBAL_UNIT_ASSIGNED_CONTEXT ( ( #2066, #4990, #2027 ) ) REPRESENTATION_CONTEXT ( 'NONE', 'WORKASPACE' ) );
#7043 = LINE ( 'NONE', #85, #2486 ) ;
#7044 = DIRECTION ( 'NONE',  ( 1.000000000000000000, 0.000000000000000000, 0.000000000000000000 ) ) ;
#7045 = CARTESIAN_POINT ( 'NONE',  ( 0.05000000000000000278, -0.6747223250267392336, -2.000000000000000888 ) ) ;
#7046 = EDGE_CURVE ( 'NONE', #2427, #4538, #4399, .T. ) ;
#7047 = DIRECTION ( 'NONE',  ( 1.000000000000000000, 0.000000000000000000, 0.000000000000000000 ) ) ;
#7048 = VERTEX_POINT ( 'NONE', #1504 ) ;
#7049 = PLANE ( 'NONE',  #6375 ) ;
#7050 = ORIENTED_EDGE ( 'NONE', *, *, #6160, .T. ) ;
#7051 = UNCERTAINTY_MEASURE_WITH_UNIT (LENGTH_MEASURE( 1.000000000000000082E-05 ), #3634, 'distance_accuracy_value', 'NONE');
#7052 = DIRECTION ( 'NONE',  ( -0.000000000000000000, 1.000000000000000000, 0.000000000000000000 ) ) ;
#7053 = MECHANICAL_DESIGN_GEOMETRIC_PRESENTATION_REPRESENTATION (  '', ( #6535 ), #3507 ) ;
#7054 = DIRECTION ( 'NONE',  ( 0.000000000000000000, 0.000000000000000000, 1.000000000000000000 ) ) ;
#7055 = SURFACE_SIDE_STYLE ('',( #3499 ) ) ;
#7056 = AXIS2_PLACEMENT_3D ( 'NONE', #3444, #5159, #2803 ) ;
#7057 = CARTESIAN_POINT ( 'NONE',  ( -0.5899999999999999689, 0.8535898384862271593, -2.050000000000000711 ) ) ;
#7058 = ADVANCED_FACE ( 'NONE', ( #6575 ), #3730, .T. ) ;
#7059 = CIRCLE ( 'NONE', #6682, 0.09999999999999982514 ) ;
#7060 = ADVANCED_FACE ( 'NONE', ( #5589 ), #3268, .T. ) ;
#7061 = FACE_OUTER_BOUND ( 'NONE', #3726, .T. ) ;
#7062 = CIRCLE ( 'NONE', #6436, 0.1499999999999999667 ) ;
#7063 = CARTESIAN_POINT ( 'NONE',  ( -0.5899999999999999689, -2.099999999999999201, 1.449999999999999734 ) ) ;
#7064 = CARTESIAN_POINT ( 'NONE',  ( -0.004165491164380257134, 1.350019899434746540, 1.549999999999999822 ) ) ;
#7065 = ORIENTED_EDGE ( 'NONE', *, *, #6972, .T. ) ;
#7066 = ORIENTED_EDGE ( 'NONE', *, *, #6907, .F. ) ;
#7067 =( GEOMETRIC_REPRESENTATION_CONTEXT ( 3 ) GLOBAL_UNCERTAINTY_ASSIGNED_CONTEXT ( ( #6150 ) ) GLOBAL_UNIT_ASSIGNED_CONTEXT ( ( #853, #3118, #6485 ) ) REPRESENTATION_CONTEXT ( 'NONE', 'WORKASPACE' ) );
#7068 = CYLINDRICAL_SURFACE ( 'NONE', #6856, 0.1000000000000002554 ) ;
#7069 = AXIS2_PLACEMENT_3D ( 'NONE', #5703, #3453, #6307 ) ;
#7070 =( LENGTH_UNIT ( ) NAMED_UNIT ( * ) SI_UNIT ( .MILLI., .METRE. ) );
#7071 = UNCERTAINTY_MEASURE_WITH_UNIT (LENGTH_MEASURE( 1.000000000000000082E-05 ), #1416, 'distance_accuracy_value', 'NONE');
#7072 = SURFACE_STYLE_USAGE ( .BOTH. , #7235 ) ;
#7073 = ORIENTED_EDGE ( 'NONE', *, *, #372, .T. ) ;
#7074 = CARTESIAN_POINT ( 'NONE',  ( -1.939999999999999947, -1.200000000000000178, -1.500000000000000000 ) ) ;
#7075 = ORIENTED_EDGE ( 'NONE', *, *, #2351, .T. ) ;
#7076 = CARTESIAN_POINT ( 'NONE',  ( -0.6399999999848599019, 1.315114842666592621, 1.424051187359357540 ) ) ;
#7077 = AXIS2_PLACEMENT_3D ( 'NONE', #514, #4076, #2909 ) ;
#7078 = VECTOR ( 'NONE', #3661, 1000.000000000000000 ) ;
#7079 = CARTESIAN_POINT ( 'NONE',  ( -1.330970837337709822, 1.720481940542453403, 0.1660504139601933216 ) ) ;
#7080 = CARTESIAN_POINT ( 'NONE',  ( 0.000000000000000000, 1.199999999999999734, 1.549999999999999822 ) ) ;
#7081 = LINE ( 'NONE', #4133, #7248 ) ;
#7082 = FACE_OUTER_BOUND ( 'NONE', #2777, .T. ) ;
#7084 =( GEOMETRIC_REPRESENTATION_CONTEXT ( 3 ) GLOBAL_UNCERTAINTY_ASSIGNED_CONTEXT ( ( #1271 ) ) GLOBAL_UNIT_ASSIGNED_CONTEXT ( ( #6627, #2532, #5489 ) ) REPRESENTATION_CONTEXT ( 'NONE', 'WORKASPACE' ) );
#7083 = SURFACE_SIDE_STYLE ('',( #5894 ) ) ;
#7085 = MECHANICAL_DESIGN_GEOMETRIC_PRESENTATION_REPRESENTATION (  '', ( #1472 ), #3190 ) ;
#7086 = SURFACE_STYLE_FILL_AREA ( #5865 ) ;
#7087 =( GEOMETRIC_REPRESENTATION_CONTEXT ( 3 ) GLOBAL_UNCERTAINTY_ASSIGNED_CONTEXT ( ( #7307 ) ) GLOBAL_UNIT_ASSIGNED_CONTEXT ( ( #4822, #5934, #3683 ) ) REPRESENTATION_CONTEXT ( 'NONE', 'WORKASPACE' ) );
#7088 = CARTESIAN_POINT ( 'NONE',  ( 0.000000000000000000, -1.050000000000000044, 1.549999999999999822 ) ) ;
#7089 = CARTESIAN_POINT ( 'NONE',  ( -0.1699999999999999567, 1.300000000000000044, 1.740047317545275751 ) ) ;
#7090 = ORIENTED_EDGE ( 'NONE', *, *, #2355, .F. ) ;
#7091 = PRESENTATION_LAYER_ASSIGNMENT (  '', '', ( #3550 ) ) ;
#7092 = CARTESIAN_POINT ( 'NONE',  ( -0.003315260645922544179, -1.250004166157644425, 1.549999999999999822 ) ) ;
#7093 = CARTESIAN_POINT ( 'NONE',  ( -0.1699999999999999567, -1.300000000000000044, 1.740047317545275751 ) ) ;
#7094 = PRESENTATION_STYLE_ASSIGNMENT (( #6434 ) ) ;
#7095 = CARTESIAN_POINT ( 'NONE',  ( -1.489999999999999991, 0.7669872981077828777, -2.100000000000000977 ) ) ;
#7096 = CARTESIAN_POINT ( 'NONE',  ( -0.04819960933149710497, 1.322659408910274337, 1.549999999999999822 ) ) ;
#7097 = ORIENTED_EDGE ( 'NONE', *, *, #6396, .F. ) ;
#7098 = EDGE_LOOP ( 'NONE', ( #6241, #6597, #472, #1856 ) ) ;
#7099 = CARTESIAN_POINT ( 'NONE',  ( 0.06000000000000000472, -1.850000000000000533, 1.399999999999999023 ) ) ;
#7100 = MECHANICAL_DESIGN_GEOMETRIC_PRESENTATION_REPRESENTATION (  '', ( #4050 ), #3688 ) ;
#7101 = DIRECTION ( 'NONE',  ( -1.000000000000000000, -0.000000000000000000, -0.000000000000000000 ) ) ;
#7102 = DIRECTION ( 'NONE',  ( 1.000000000000000000, 0.000000000000000000, 0.000000000000000000 ) ) ;
#7103 = CARTESIAN_POINT ( 'NONE',  ( 0.000000000000000000, 2.000000000000000444, 1.449999999999999734 ) ) ;
#7104 = DIRECTION ( 'NONE',  ( -0.000000000000000000, 0.000000000000000000, -1.000000000000000000 ) ) ;
#7105 = MECHANICAL_DESIGN_GEOMETRIC_PRESENTATION_REPRESENTATION (  '', ( #65 ), #1021 ) ;
#7106 = CARTESIAN_POINT ( 'NONE',  ( -0.7399999999999998801, 1.300000000000000044, 1.520047317545275778 ) ) ;
#7107 = EDGE_CURVE ( 'NONE', #7376, #4984, #5374, .T. ) ;
#7108 = COLOUR_RGB ( '',0.9686274509803921573, 0.8784313725490195957, 0.5999999999999999778 ) ;
#7109 = ORIENTED_EDGE ( 'NONE', *, *, #1453, .F. ) ;
#7110 = SURFACE_STYLE_USAGE ( .BOTH. , #3561 ) ;
#7111 = EDGE_LOOP ( 'NONE', ( #470, #1956, #5179, #3103, #6283, #3074 ) ) ;
#7112 = DIRECTION ( 'NONE',  ( -1.000000000000000000, -0.000000000000000000, -0.000000000000000000 ) ) ;
#7113 = DIRECTION ( 'NONE',  ( 1.000000000000000000, 0.000000000000000000, -0.000000000000000000 ) ) ;
#7114 =( GEOMETRIC_REPRESENTATION_CONTEXT ( 3 ) GLOBAL_UNCERTAINTY_ASSIGNED_CONTEXT ( ( #5534 ) ) GLOBAL_UNIT_ASSIGNED_CONTEXT ( ( #2671, #6852, #2822 ) ) REPRESENTATION_CONTEXT ( 'NONE', 'WORKASPACE' ) );
#7115 = CARTESIAN_POINT ( 'NONE',  ( -1.321327640398230807, 1.698489159180767150, -0.3290904946365033057 ) ) ;
#7116 = CYLINDRICAL_SURFACE ( 'NONE', #5964, 0.04999999999999926725 ) ;
#7117 = CARTESIAN_POINT ( 'NONE',  ( -1.939999999999999947, 1.070096189432334643, -1.575000000000000400 ) ) ;
#7118 = CARTESIAN_POINT ( 'NONE',  ( 0.000000000000000000, -1.199999999999999734, 1.649999999999999467 ) ) ;
#7119 = CARTESIAN_POINT ( 'NONE',  ( -1.939999999999999947, 0.7669872981077823226, 2.000000000000000000 ) ) ;
#7120 = LINE ( 'NONE', #2975, #6843 ) ;
#7121 = AXIS2_PLACEMENT_3D ( 'NONE', #6594, #7102, #5496 ) ;
#7122 = PRESENTATION_STYLE_ASSIGNMENT (( #4137 ) ) ;
#7123 = ORIENTED_EDGE ( 'NONE', *, *, #4962, .F. ) ;
#7124 = EDGE_CURVE ( 'NONE', #912, #6472, #6045, .T. ) ;
#7125 = B_SPLINE_CURVE_WITH_KNOTS ( 'NONE', 3,
 ( #4793, #3053, #6391, #5293, #6530, #6463, #4677, #1176, #96, #5938, #7017, #7131, #3495 ),
 .UNSPECIFIED., .F., .F.,
 ( 4, 3, 3, 3, 4 ),
 ( 0.000000000000000000, 2.905729115789874815E-05, 5.824914696034188313E-05, 8.608381990495710156E-05, 0.0001060717522531151271 ),
 .UNSPECIFIED. ) ;
#7126 = EDGE_CURVE ( 'NONE', #2416, #1600, #4304, .T. ) ;
#7127 = DIRECTION ( 'NONE',  ( 0.000000000000000000, 0.000000000000000000, -1.000000000000000000 ) ) ;
#7128 = VERTEX_POINT ( 'NONE', #3202 ) ;
#7129 = EDGE_CURVE ( 'NONE', #7281, #488, #3076, .T. ) ;
#7130 = UNCERTAINTY_MEASURE_WITH_UNIT (LENGTH_MEASURE( 1.000000000000000082E-05 ), #5562, 'distance_accuracy_value', 'NONE');
#7131 = CARTESIAN_POINT ( 'NONE',  ( -0.6289004486204854416, 1.193632610482219247, -1.550000000000000488 ) ) ;
#7132 =( LENGTH_UNIT ( ) NAMED_UNIT ( * ) SI_UNIT ( .MILLI., .METRE. ) );
#7133 = PRESENTATION_LAYER_ASSIGNMENT (  '', '', ( #2513 ) ) ;
#7134 = CARTESIAN_POINT ( 'NONE',  ( -1.889999999999999902, 1.113397459621556340, -1.600000000000000533 ) ) ;
#7135 = CARTESIAN_POINT ( 'NONE',  ( -0.009058964108702216578, -1.250077148190020582, 1.549999999999999822 ) ) ;
#7136 = EDGE_CURVE ( 'NONE', #4563, #3847, #902, .T. ) ;
#7137 = PRESENTATION_STYLE_ASSIGNMENT (( #4830 ) ) ;
#7138 = FILL_AREA_STYLE ('',( #1293 ) ) ;
#7139 = DIRECTION ( 'NONE',  ( 0.000000000000000000, 0.000000000000000000, 1.000000000000000000 ) ) ;
#7140 = EDGE_CURVE ( 'NONE', #1776, #3870, #6805, .T. ) ;
#7141 = LINE ( 'NONE', #6021, #7202 ) ;
#7142 = ORIENTED_EDGE ( 'NONE', *, *, #5767, .T. ) ;
#7143 = ORIENTED_EDGE ( 'NONE', *, *, #2188, .F. ) ;
#7144 = CARTESIAN_POINT ( 'NONE',  ( -1.340000000000000080, 0.000000000000000000, 0.000000000000000000 ) ) ;
#7145 = CARTESIAN_POINT ( 'NONE',  ( 0.000000000000000000, 1.300000000000000044, 1.659689717982965051 ) ) ;
#7146 = FILL_AREA_STYLE_COLOUR ( '', #3380 ) ;
#7147 = UNCERTAINTY_MEASURE_WITH_UNIT (LENGTH_MEASURE( 1.000000000000000082E-05 ), #7498, 'distance_accuracy_value', 'NONE');
#7148 = CARTESIAN_POINT ( 'NONE',  ( -2.067951531382569187E-22, -1.322660899953902236, 1.659689718041941431 ) ) ;
#7149 = CARTESIAN_POINT ( 'NONE',  ( 0.000000000000000000, 0.000000000000000000, 0.000000000000000000 ) ) ;
#7150 = SURFACE_SIDE_STYLE ('',( #4325 ) ) ;
#7151 = VERTEX_POINT ( 'NONE', #7443 ) ;
#7152 = CYLINDRICAL_SURFACE ( 'NONE', #3423, 0.1000000000000006994 ) ;
#7153 = AXIS2_PLACEMENT_3D ( 'NONE', #5019, #6659, #6812 ) ;
#7154 = EDGE_LOOP ( 'NONE', ( #5016, #1353, #5790, #6379 ) ) ;
#7155 = PLANE ( 'NONE',  #7546 ) ;
#7156 = B_SPLINE_CURVE_WITH_KNOTS ( 'NONE', 3,
 ( #886, #4365, #4893, #782 ),
 .UNSPECIFIED., .F., .F.,
 ( 4, 4 ),
 ( 0.0001133489185248035664, 0.0002266978370496071328 ),
 .UNSPECIFIED. ) ;
#7157 =( NAMED_UNIT ( * ) PLANE_ANGLE_UNIT ( ) SI_UNIT ( $, .RADIAN. ) );
#7158 = FILL_AREA_STYLE ('',( #1315 ) ) ;
#7159 = STYLED_ITEM ( 'NONE', ( #6854 ), #6353 ) ;
#7160 = COLOUR_RGB ( '',0.1098039215686274495, 0.1098039215686274495, 0.1098039215686274495 ) ;
#7161 = PLANE ( 'NONE',  #4095 ) ;
#7162 = CARTESIAN_POINT ( 'NONE',  ( -1.939999999999999947, -0.8102885682970057957, -2.025000000000000355 ) ) ;
#7163 = EDGE_CURVE ( 'NONE', #1514, #5088, #1689, .T. ) ;
#7164 = ADVANCED_FACE ( 'NONE', ( #1584 ), #6848, .F. ) ;
#7165 = PRESENTATION_STYLE_ASSIGNMENT (( #3048 ) ) ;
#7166 = ORIENTED_EDGE ( 'NONE', *, *, #1055, .F. ) ;
#7167 = VECTOR ( 'NONE', #1492, 1000.000000000000000 ) ;
#7168 = COLOUR_RGB ( '',0.9686274509803921573, 0.8784313725490195957, 0.5999999999999999778 ) ;
#7169 = FILL_AREA_STYLE_COLOUR ( '', #255 ) ;
#7170 = FACE_OUTER_BOUND ( 'NONE', #544, .T. ) ;
#7171 = DIRECTION ( 'NONE',  ( -1.000000000000000000, 0.000000000000000000, 0.000000000000000000 ) ) ;
#7172 = FILL_AREA_STYLE ('',( #5873 ) ) ;
#7173 = CIRCLE ( 'NONE', #5208, 0.05000000000000002359 ) ;
#7174 = CARTESIAN_POINT ( 'NONE',  ( -0.05379829255224726631, -1.296872677026850607, 1.549999999999999822 ) ) ;
#7175 = AXIS2_PLACEMENT_3D ( 'NONE', #7454, #1631, #2864 ) ;
#7176 = CARTESIAN_POINT ( 'NONE',  ( -1.489999999999999991, 1.200000000000000178, -1.649999999999999911 ) ) ;
#7177 =( NAMED_UNIT ( * ) PLANE_ANGLE_UNIT ( ) SI_UNIT ( $, .RADIAN. ) );
#7178 = VECTOR ( 'NONE', #1324, 1000.000000000000000 ) ;
#7179 = CARTESIAN_POINT ( 'NONE',  ( -0.5899999999999999689, 0.000000000000000000, 0.000000000000000000 ) ) ;
#7180 = VECTOR ( 'NONE', #5732, 1000.000000000000000 ) ;
#7181 = CARTESIAN_POINT ( 'NONE',  ( -0.05379829255532259102, 1.299999999999825961, 1.549999999999999822 ) ) ;
#7182 = ORIENTED_EDGE ( 'NONE', *, *, #3636, .T. ) ;
#7183 = VERTEX_POINT ( 'NONE', #419 ) ;
#7184 = LINE ( 'NONE', #180, #1328 ) ;
#7185 = AXIS2_PLACEMENT_3D ( 'NONE', #5005, #1528, #7355 ) ;
#7186 = EDGE_CURVE ( 'NONE', #6699, #5911, #2738, .T. ) ;
#7187 = AXIS2_PLACEMENT_3D ( 'NONE', #4353, #6507, #5985 ) ;
#7188 =( NAMED_UNIT ( * ) PLANE_ANGLE_UNIT ( ) SI_UNIT ( $, .RADIAN. ) );
#7189 = CARTESIAN_POINT ( 'NONE',  ( 0.000000000000000000, -1.349730645110474025, 1.572059638793404712 ) ) ;
#7190 = ORIENTED_EDGE ( 'NONE', *, *, #292, .F. ) ;
#7191 = SURFACE_STYLE_USAGE ( .BOTH. , #4241 ) ;
#7192 = ORIENTED_EDGE ( 'NONE', *, *, #5646, .T. ) ;
#7193 =( GEOMETRIC_REPRESENTATION_CONTEXT ( 3 ) GLOBAL_UNCERTAINTY_ASSIGNED_CONTEXT ( ( #5542 ) ) GLOBAL_UNIT_ASSIGNED_CONTEXT ( ( #6, #666, #6382 ) ) REPRESENTATION_CONTEXT ( 'NONE', 'WORKASPACE' ) );
#7194 = PRESENTATION_STYLE_ASSIGNMENT (( #3638 ) ) ;
#7195 = ADVANCED_FACE ( 'NONE', ( #1097 ), #1020, .F. ) ;
#7196 = SURFACE_STYLE_USAGE ( .BOTH. , #6149 ) ;
#7197 = FILL_AREA_STYLE ('',( #4750 ) ) ;
#7198 = CARTESIAN_POINT ( 'NONE',  ( -1.334753093972984583, 1.725847189408042048, -0.08360288727599478331 ) ) ;
#7199 = ADVANCED_FACE ( 'NONE', ( #5665 ), #5793, .F. ) ;
#7200 = ORIENTED_EDGE ( 'NONE', *, *, #2576, .T. ) ;
#7201 = CIRCLE ( 'NONE', #3892, 0.09999999999999917288 ) ;
#7202 = VECTOR ( 'NONE', #1333, 1000.000000000000000 ) ;
#7203 = DIRECTION ( 'NONE',  ( 0.000000000000000000, 0.000000000000000000, -1.000000000000000000 ) ) ;
#7204 = FACE_OUTER_BOUND ( 'NONE', #6740, .T. ) ;
#7205 = STYLED_ITEM ( 'NONE', ( #3614 ), #6606 ) ;
#7206 = ORIENTED_EDGE ( 'NONE', *, *, #2259, .F. ) ;
#7207 = EDGE_CURVE ( 'NONE', #5957, #1308, #3490, .T. ) ;
#7208 = EDGE_CURVE ( 'NONE', #5088, #4194, #7120, .T. ) ;
#7209 = SURFACE_SIDE_STYLE ('',( #4968 ) ) ;
#7210 = CARTESIAN_POINT ( 'NONE',  ( -0.000000000000000000, 1.278215065825573760, 1.653175241280382624 ) ) ;
#7211 = SURFACE_SIDE_STYLE ('',( #4301 ) ) ;
#7212 = DIRECTION ( 'NONE',  ( -1.000000000000000000, -0.000000000000000000, -0.000000000000000000 ) ) ;
#7213 = VECTOR ( 'NONE', #2613, 1000.000000000000000 ) ;
#7214 = DIRECTION ( 'NONE',  ( 0.000000000000000000, 0.000000000000000000, 1.000000000000000000 ) ) ;
#7215 = MECHANICAL_DESIGN_GEOMETRIC_PRESENTATION_REPRESENTATION (  '', ( #1593 ), #3904 ) ;
#7216 = FILL_AREA_STYLE_COLOUR ( '', #4958 ) ;
#7217 = EDGE_CURVE ( 'NONE', #5260, #6312, #1889, .T. ) ;
#7218 = STYLED_ITEM ( 'NONE', ( #707 ), #7199 ) ;
#7219 = DIRECTION ( 'NONE',  ( 0.000000000000000000, 0.5000000000000063283, -0.8660254037844349329 ) ) ;
#7220 = EDGE_LOOP ( 'NONE', ( #4105, #7035, #2614, #1522 ) ) ;
#7221 = CARTESIAN_POINT ( 'NONE',  ( -0.5900000000000000799, 0.1318986559964629712, -2.100000000000000977 ) ) ;
#7222 = DIRECTION ( 'NONE',  ( -0.000000000000000000, -1.000000000000000000, 0.000000000000000000 ) ) ;
#7223 = FILL_AREA_STYLE_COLOUR ( '', #7340 ) ;
#7224 = DIRECTION ( 'NONE',  ( 0.000000000000000000, 1.000000000000000000, 5.421010862427514281E-16 ) ) ;
#7225 = DIRECTION ( 'NONE',  ( 0.000000000000000000, 1.000000000000000000, 3.794707603699259997E-15 ) ) ;
#7226 = PRESENTATION_LAYER_ASSIGNMENT (  '', '', ( #7218 ) ) ;
#7227 = FILL_AREA_STYLE ('',( #5447 ) ) ;
#7228 = VERTEX_POINT ( 'NONE', #2315 ) ;
#7229 = ORIENTED_EDGE ( 'NONE', *, *, #5432, .F. ) ;
#7230 = DIRECTION ( 'NONE',  ( 0.000000000000000000, 0.000000000000000000, 1.000000000000000000 ) ) ;
#7231 = EDGE_CURVE ( 'NONE', #4179, #4530, #399, .T. ) ;
#7232 = SURFACE_SIDE_STYLE ('',( #3001 ) ) ;
#7233 = LINE ( 'NONE', #213, #6136 ) ;
#7234 = UNCERTAINTY_MEASURE_WITH_UNIT (LENGTH_MEASURE( 1.000000000000000082E-05 ), #1403, 'distance_accuracy_value', 'NONE');
#7235 = SURFACE_SIDE_STYLE ('',( #4884 ) ) ;
#7236 = FILL_AREA_STYLE ('',( #2503 ) ) ;
#7237 = ADVANCED_FACE ( 'NONE', ( #1853 ), #3603, .F. ) ;
#7238 = ORIENTED_EDGE ( 'NONE', *, *, #4689, .T. ) ;
#7239 = PRESENTATION_STYLE_ASSIGNMENT (( #6674 ) ) ;
#7240 = ORIENTED_EDGE ( 'NONE', *, *, #1255, .F. ) ;
#7241 = LINE ( 'NONE', #6075, #1691 ) ;
#7242 =( GEOMETRIC_REPRESENTATION_CONTEXT ( 3 ) GLOBAL_UNCERTAINTY_ASSIGNED_CONTEXT ( ( #3854 ) ) GLOBAL_UNIT_ASSIGNED_CONTEXT ( ( #6291, #2758, #3890 ) ) REPRESENTATION_CONTEXT ( 'NONE', 'WORKASPACE' ) );
#7243 = SURFACE_STYLE_FILL_AREA ( #7197 ) ;
#7244 = CARTESIAN_POINT ( 'NONE',  ( -1.939999999999999947, -1.200000000000000178, -1.500000000000001332 ) ) ;
#7245 = EDGE_LOOP ( 'NONE', ( #4447, #2585, #1508, #4030 ) ) ;
#7246 = PRESENTATION_STYLE_ASSIGNMENT (( #5430 ) ) ;
#7247 = DIRECTION ( 'NONE',  ( 0.000000000000000000, -1.000000000000000000, -0.000000000000000000 ) ) ;
#7248 = VECTOR ( 'NONE', #4060, 1000.000000000000000 ) ;
#7249 = VERTEX_POINT ( 'NONE', #10 ) ;
#7250 =( LENGTH_UNIT ( ) NAMED_UNIT ( * ) SI_UNIT ( .MILLI., .METRE. ) );
#7251 = SURFACE_STYLE_FILL_AREA ( #4406 ) ;
#7252 = EDGE_CURVE ( 'NONE', #660, #5185, #2512, .T. ) ;
#7253 = SURFACE_STYLE_FILL_AREA ( #309 ) ;
#7254 = PRESENTATION_LAYER_ASSIGNMENT (  '', '', ( #5285 ) ) ;
#7255 = MECHANICAL_DESIGN_GEOMETRIC_PRESENTATION_REPRESENTATION (  '', ( #2001 ), #5898 ) ;
#7256 = FILL_AREA_STYLE_COLOUR ( '', #2816 ) ;
#7257 = EDGE_LOOP ( 'NONE', ( #2721, #5137, #7097, #2587 ) ) ;
#7258 = DIRECTION ( 'NONE',  ( -1.000000000000000000, 0.000000000000000000, 0.000000000000000000 ) ) ;
#7259 = DIRECTION ( 'NONE',  ( 0.000000000000000000, 0.000000000000000000, -1.000000000000000000 ) ) ;
#7260 =( LENGTH_UNIT ( ) NAMED_UNIT ( * ) SI_UNIT ( .MILLI., .METRE. ) );
#7261 = CARTESIAN_POINT ( 'NONE',  ( -0.04189066002454655546, 1.332478942904072650, 1.549999999999999822 ) ) ;
#7262 = EDGE_LOOP ( 'NONE', ( #1993, #5420, #5721, #6591, #4335, #3967 ) ) ;
#7263 = VERTEX_POINT ( 'NONE', #855 ) ;
#7264 = CARTESIAN_POINT ( 'NONE',  ( -1.489999999999999991, -1.800000000000000266, -0.5323422472791545790 ) ) ;
#7265 = ADVANCED_FACE ( 'NONE', ( #4928 ), #2657, .T. ) ;
#7266 = CARTESIAN_POINT ( 'NONE',  ( 0.000000000000000000, 1.340387029567062571, 1.625982617151070064 ) ) ;
#7267 = FACE_OUTER_BOUND ( 'NONE', #3995, .T. ) ;
#7268 =( LENGTH_UNIT ( ) NAMED_UNIT ( * ) SI_UNIT ( .MILLI., .METRE. ) );
#7269 = VECTOR ( 'NONE', #5049, 1000.000000000000000 ) ;
#7270 = DIRECTION ( 'NONE',  ( 0.000000000000000000, -1.548860246407865555E-16, -1.000000000000000000 ) ) ;
#7271 = VERTEX_POINT ( 'NONE', #7244 ) ;
#7272 = CARTESIAN_POINT ( 'NONE',  ( -0.5899999999999999689, -0.7669872981077833218, 2.100000000000000089 ) ) ;
#7273 = LINE ( 'NONE', #2145, #7167 ) ;
#7274 = DIRECTION ( 'NONE',  ( 0.000000000000000000, 0.06268536002193671186, -0.9980333389416007339 ) ) ;
#7275 = FILL_AREA_STYLE_COLOUR ( '', #2032 ) ;
#7276 = SURFACE_STYLE_FILL_AREA ( #4295 ) ;
#7277 = VECTOR ( 'NONE', #5099, 1000.000000000000000 ) ;
#7278 = ORIENTED_EDGE ( 'NONE', *, *, #4886, .T. ) ;
#7279 = FILL_AREA_STYLE ('',( #2555 ) ) ;
#7280 = FILL_AREA_STYLE_COLOUR ( '', #5648 ) ;
#7281 = VERTEX_POINT ( 'NONE', #5506 ) ;
#7282 = EDGE_CURVE ( 'NONE', #6171, #2631, #569, .T. ) ;
#7283 = STYLED_ITEM ( 'NONE', ( #3171 ), #6128 ) ;
#7284 =( NAMED_UNIT ( * ) SI_UNIT ( $, .STERADIAN. ) SOLID_ANGLE_UNIT ( ) );
#7285 = CARTESIAN_POINT ( 'NONE',  ( -1.889999999999999902, 1.113397459621556340, -1.600000000000000533 ) ) ;
#7286 = SURFACE_SIDE_STYLE ('',( #7253 ) ) ;
#7287 = AXIS2_PLACEMENT_3D ( 'NONE', #1436, #2666, #275 ) ;
#7288 = PRESENTATION_LAYER_ASSIGNMENT (  '', '', ( #5566 ) ) ;
#7289 = APPLICATION_CONTEXT ( 'automotive_design' ) ;
#7290 = DIRECTION ( 'NONE',  ( 0.000000000000000000, 5.654342256568348053E-16, -1.000000000000000000 ) ) ;
#7291 = STYLED_ITEM ( 'NONE', ( #4092 ), #5910 ) ;
#7292 = ORIENTED_EDGE ( 'NONE', *, *, #450, .F. ) ;
#7293 = SURFACE_SIDE_STYLE ('',( #7371 ) ) ;
#7294 = MECHANICAL_DESIGN_GEOMETRIC_PRESENTATION_REPRESENTATION (  '', ( #475 ), #6174 ) ;
#7295 = LINE ( 'NONE', #2055, #6105 ) ;
#7296 = AXIS2_PLACEMENT_3D ( 'NONE', #1982, #5877, #3583 ) ;
#7297 =( LENGTH_UNIT ( ) NAMED_UNIT ( * ) SI_UNIT ( .MILLI., .METRE. ) );
#7298 = CARTESIAN_POINT ( 'NONE',  ( -0.5899999999999999689, 2.000000000000000888, -1.450000000000000178 ) ) ;
#7299 = EDGE_CURVE ( 'NONE', #6646, #2865, #3047, .T. ) ;
#7300 = EDGE_LOOP ( 'NONE', ( #115, #1618, #3061, #3310, #4199, #2554, #1916, #3351, #5881, #727, #3229, #2194, #3532, #4788, #4409, #4086, #911, #5304, #1932, #6395, #5676, #4078, #5035, #2687 ) ) ;
#7301 = VERTEX_POINT ( 'NONE', #4247 ) ;
#7302 = SURFACE_STYLE_FILL_AREA ( #2024 ) ;
#7303 = STYLED_ITEM ( 'NONE', ( #5653 ), #4921 ) ;
#7304 = EDGE_CURVE ( 'NONE', #5345, #5143, #5543, .T. ) ;
#7305 = SURFACE_STYLE_FILL_AREA ( #6709 ) ;
#7306 = SURFACE_SIDE_STYLE ('',( #5030 ) ) ;
#7307 = UNCERTAINTY_MEASURE_WITH_UNIT (LENGTH_MEASURE( 1.000000000000000082E-05 ), #4822, 'distance_accuracy_value', 'NONE');
#7308 = MECHANICAL_DESIGN_GEOMETRIC_PRESENTATION_REPRESENTATION (  '', ( #489 ), #7435 ) ;
#7309 = DIRECTION ( 'NONE',  ( 1.000000000000000000, 0.000000000000000000, 0.000000000000000000 ) ) ;
#7310 = CARTESIAN_POINT ( 'NONE',  ( -0.04617956756691331960, -1.326743700169316753, 1.549999999999999822 ) ) ;
#7311 = AXIS2_PLACEMENT_3D ( 'NONE', #6412, #5272, #4124 ) ;
#7312 = FILL_AREA_STYLE_COLOUR ( '', #1586 ) ;
#7313 = ORIENTED_EDGE ( 'NONE', *, *, #372, .F. ) ;
#7314 = DIRECTION ( 'NONE',  ( 0.000000000000000000, 0.000000000000000000, 1.000000000000000000 ) ) ;
#7315 = VECTOR ( 'NONE', #3593, 1000.000000000000000 ) ;
#7316 = STYLED_ITEM ( 'NONE', ( #4986 ), #2756 ) ;
#7317 = DIRECTION ( 'NONE',  ( 0.000000000000000000, 0.4999999999999953371, -0.8660254037844413721 ) ) ;
#7318 = FACE_OUTER_BOUND ( 'NONE', #1119, .T. ) ;
#7319 = DIRECTION ( 'NONE',  ( -1.000000000000000000, 0.000000000000000000, 0.000000000000000000 ) ) ;
#7320 =( LENGTH_UNIT ( ) NAMED_UNIT ( * ) SI_UNIT ( .MILLI., .METRE. ) );
#7321 = VERTEX_POINT ( 'NONE', #818 ) ;
#7322 = SURFACE_SIDE_STYLE ('',( #375 ) ) ;
#7323 = SURFACE_STYLE_FILL_AREA ( #376 ) ;
#7324 = ORIENTED_EDGE ( 'NONE', *, *, #3740, .T. ) ;
#7326 =( GEOMETRIC_REPRESENTATION_CONTEXT ( 3 ) GLOBAL_UNCERTAINTY_ASSIGNED_CONTEXT ( ( #3257 ) ) GLOBAL_UNIT_ASSIGNED_CONTEXT ( ( #3599, #3717, #6034 ) ) REPRESENTATION_CONTEXT ( 'NONE', 'WORKASPACE' ) );
#7325 = DIRECTION ( 'NONE',  ( -1.000000000000000000, 0.000000000000000000, 0.000000000000000000 ) ) ;
#7327 =( NAMED_UNIT ( * ) PLANE_ANGLE_UNIT ( ) SI_UNIT ( $, .RADIAN. ) );
#7328 = CIRCLE ( 'NONE', #1240, 0.3000000000000000999 ) ;
#7329 = EDGE_LOOP ( 'NONE', ( #6807, #4942, #1760, #2478, #3768 ) ) ;
#7330 = VECTOR ( 'NONE', #1953, 1000.000000000000114 ) ;
#7331 = SURFACE_SIDE_STYLE ('',( #4784 ) ) ;
#7332 = ORIENTED_EDGE ( 'NONE', *, *, #1781, .F. ) ;
#7333 =( GEOMETRIC_REPRESENTATION_CONTEXT ( 3 ) GLOBAL_UNCERTAINTY_ASSIGNED_CONTEXT ( ( #2942 ) ) GLOBAL_UNIT_ASSIGNED_CONTEXT ( ( #5316, #1426, #817 ) ) REPRESENTATION_CONTEXT ( 'NONE', 'WORKASPACE' ) );
#7334 = PRESENTATION_LAYER_ASSIGNMENT (  '', '', ( #3895 ) ) ;
#7335 = SURFACE_SIDE_STYLE ('',( #3316 ) ) ;
#7336 = CARTESIAN_POINT ( 'NONE',  ( 0.000000000000000000, -1.850000000000000977, -1.399999999999999689 ) ) ;
#7337 = PRESENTATION_LAYER_ASSIGNMENT (  '', '', ( #4272 ) ) ;
#7338 = LINE ( 'NONE', #6103, #2590 ) ;
#7339 = VERTEX_POINT ( 'NONE', #3082 ) ;
#7340 = COLOUR_RGB ( '',0.8980392156862745390, 0.8980392156862745390, 0.8980392156862745390 ) ;
#7341 = ORIENTED_EDGE ( 'NONE', *, *, #201, .F. ) ;
#7342 = SURFACE_STYLE_USAGE ( .BOTH. , #6139 ) ;
#7343 = CARTESIAN_POINT ( 'NONE',  ( -1.797507432172994636E-14, 1.349931384972484771, 1.549999999999999822 ) ) ;
#7344 = MECHANICAL_DESIGN_GEOMETRIC_PRESENTATION_REPRESENTATION (  '', ( #6350 ), #5744 ) ;
#7345 = CARTESIAN_POINT ( 'NONE',  ( 0.002191171958155054868, -1.349783055477490556, 1.549999999999999822 ) ) ;
#7346 = CARTESIAN_POINT ( 'NONE',  ( -0.05379829255224870266, -1.302406493930579945, 1.549999999999999822 ) ) ;
#7347 = PLANE ( 'NONE',  #613 ) ;
#7348 = VECTOR ( 'NONE', #4008, 1000.000000000000000 ) ;
#7349 = EDGE_LOOP ( 'NONE', ( #863, #579, #5018, #601 ) ) ;
#7350 = FILL_AREA_STYLE ('',( #4501 ) ) ;
#7351 = CARTESIAN_POINT ( 'NONE',  ( -0.7213817943764408991, -1.254812389687115282, 1.365394917577562151 ) ) ;
#7352 = COLOUR_RGB ( '',0.1098039215686274495, 0.1098039215686274495, 0.1098039215686274495 ) ;
#7353 = CARTESIAN_POINT ( 'NONE',  ( -1.889999999999999902, -1.599999999999999867, -1.349999999999999201 ) ) ;
#7354 =( NAMED_UNIT ( * ) PLANE_ANGLE_UNIT ( ) SI_UNIT ( $, .RADIAN. ) );
#7355 = DIRECTION ( 'NONE',  ( 0.000000000000000000, 0.000000000000000000, -1.000000000000000000 ) ) ;
#7356 = ORIENTED_EDGE ( 'NONE', *, *, #3698, .T. ) ;
#7357 = PRODUCT_DEFINITION_SHAPE ( 'NONE', 'NONE',  #6645 ) ;
#7358 = CARTESIAN_POINT ( 'NONE',  ( 0.05000000000000000278, -1.050000000000000044, -1.549999999999999822 ) ) ;
#7359 = PRESENTATION_LAYER_ASSIGNMENT (  '', '', ( #4663 ) ) ;
#7360 = CARTESIAN_POINT ( 'NONE',  ( -0.8900000000000000133, 2.099999999999999201, 0.1318986559964986649 ) ) ;
#7361 = PLANE ( 'NONE',  #3009 ) ;
#7362 = VECTOR ( 'NONE', #6660, 1000.000000000000000 ) ;
#7363 = ORIENTED_EDGE ( 'NONE', *, *, #3075, .T. ) ;
#7364 = ADVANCED_FACE ( 'NONE', ( #4333 ), #1462, .F. ) ;
#7365 =( BOUNDED_SURFACE ( )  B_SPLINE_SURFACE ( 3, 2, ( 
 ( #3128, #6584, #5406 ),
 ( #3733, #72, #32 ),
 ( #6623, #3554, #621 ),
 ( #7221, #247, #1368 ) ),
 .UNSPECIFIED., .F., .F., .F. ) 
 B_SPLINE_SURFACE_WITH_KNOTS ( ( 4, 4 ),
 ( 3, 3 ),
 ( 0.001268555391236640510, 0.001535423663854084938 ),
 ( 0.000000000000000000, 1.000000000000000000 ),
 .UNSPECIFIED. ) 
 GEOMETRIC_REPRESENTATION_ITEM ( )  RATIONAL_B_SPLINE_SURFACE ( (
 ( 1.000000000000000000, 0.7630199824727424973, 1.000000000000000000),
 ( 1.000000000000000000, 0.7689853311879640829, 1.000000000000000000),
 ( 1.000000000000000000, 0.7689109364608894825, 1.000000000000000000),
 ( 1.000000000000000000, 0.7630199824727262881, 1.000000000000000000) ) ) 
 REPRESENTATION_ITEM ( '' )  SURFACE ( )  );
#7366 = ORIENTED_EDGE ( 'NONE', *, *, #4945, .T. ) ;
#7367 = EDGE_CURVE ( 'NONE', #6448, #3198, #3897, .T. ) ;
#7368 = DIRECTION ( 'NONE',  ( 1.000000000000000000, -0.000000000000000000, -0.000000000000000000 ) ) ;
#7369 = FILL_AREA_STYLE ('',( #7408 ) ) ;
#7370 = VERTEX_POINT ( 'NONE', #3939 ) ;
#7371 = SURFACE_STYLE_FILL_AREA ( #391 ) ;
#7372 = UNCERTAINTY_MEASURE_WITH_UNIT (LENGTH_MEASURE( 1.000000000000000082E-05 ), #1387, 'distance_accuracy_value', 'NONE');
#7373 = DIRECTION ( 'NONE',  ( 1.000000000000000000, 0.000000000000000000, 0.000000000000000000 ) ) ;
#7374 = ORIENTED_EDGE ( 'NONE', *, *, #3725, .T. ) ;
#7375 = PRESENTATION_STYLE_ASSIGNMENT (( #5144 ) ) ;
#7376 = VERTEX_POINT ( 'NONE', #2806 ) ;
#7377 = EDGE_CURVE ( 'NONE', #906, #7376, #2693, .T. ) ;
#7378 = EDGE_CURVE ( 'NONE', #150, #7370, #968, .T. ) ;
#7379 = FILL_AREA_STYLE_COLOUR ( '', #1376 ) ;
#7380 = PLANE ( 'NONE',  #1915 ) ;
#7381 = UNCERTAINTY_MEASURE_WITH_UNIT (LENGTH_MEASURE( 1.000000000000000082E-05 ), #1653, 'distance_accuracy_value', 'NONE');
#7382 = CARTESIAN_POINT ( 'NONE',  ( 0.03975337370510707152, -1.272687631532242847, 1.549999999999999822 ) ) ;
#7383 = FILL_AREA_STYLE ('',( #4952 ) ) ;
#7384 = ORIENTED_EDGE ( 'NONE', *, *, #6237, .F. ) ;
#7385 = CARTESIAN_POINT ( 'NONE',  ( -0.5199999999999999067, -1.300000000000000044, 1.520047317545275778 ) ) ;
#7386 = CARTESIAN_POINT ( 'NONE',  ( -0.6399999999999997913, -1.299999999997653921, 1.437718188028045407 ) ) ;
#7387 =( GEOMETRIC_REPRESENTATION_CONTEXT ( 3 ) GLOBAL_UNCERTAINTY_ASSIGNED_CONTEXT ( ( #521 ) ) GLOBAL_UNIT_ASSIGNED_CONTEXT ( ( #1652, #2269, #6416 ) ) REPRESENTATION_CONTEXT ( 'NONE', 'WORKASPACE' ) );
#7388 = FACE_OUTER_BOUND ( 'NONE', #642, .T. ) ;
#7389 = LINE ( 'NONE', #2037, #957 ) ;
#7390 =( NAMED_UNIT ( * ) PLANE_ANGLE_UNIT ( ) SI_UNIT ( $, .RADIAN. ) );
#7391 = CARTESIAN_POINT ( 'NONE',  ( -0.5199999999999999067, 1.300000000000000044, 1.740047317545275751 ) ) ;
#7392 = ORIENTED_EDGE ( 'NONE', *, *, #1475, .F. ) ;
#7393 = DIRECTION ( 'NONE',  ( 0.000000000000000000, 0.000000000000000000, -1.000000000000000000 ) ) ;
#7394 = DIRECTION ( 'NONE',  ( 1.000000000000000000, 0.000000000000000000, 0.000000000000000000 ) ) ;
#7395 = PRESENTATION_STYLE_ASSIGNMENT (( #5 ) ) ;
#7396 = SURFACE_SIDE_STYLE ('',( #5094 ) ) ;
#7397 = LINE ( 'NONE', #901, #3138 ) ;
#7398 = EDGE_CURVE ( 'NONE', #1842, #105, #7059, .T. ) ;
#7399 = CARTESIAN_POINT ( 'NONE',  ( -0.1699999999999999845, 1.300000000000000044, 1.520047317545275778 ) ) ;
#7400 = DIRECTION ( 'NONE',  ( 1.000000000000000000, -0.000000000000000000, -0.000000000000000000 ) ) ;
#7401 = ORIENTED_EDGE ( 'NONE', *, *, #1154, .T. ) ;
#7402 = B_SPLINE_CURVE_WITH_KNOTS ( 'NONE', 3,
 ( #677, #5323, #2088, #5478, #4971, #3868, #3798, #4474, #2157, #6760 ),
 .UNSPECIFIED., .F., .F.,
 ( 4, 2, 2, 2, 4 ),
 ( 0.000000000000000000, 0.0002501508901134585081, 0.0005003017802269170162, 0.0007504526703403755243, 0.001000603560453834032 ),
 .UNSPECIFIED. ) ;
#7403 =( LENGTH_UNIT ( ) NAMED_UNIT ( * ) SI_UNIT ( .MILLI., .METRE. ) );
#7404 = STYLED_ITEM ( 'NONE', ( #4448 ), #6306 ) ;
#7405 = MECHANICAL_DESIGN_GEOMETRIC_PRESENTATION_REPRESENTATION (  '', ( #5803 ), #3245 ) ;
#7406 = ORIENTED_EDGE ( 'NONE', *, *, #1255, .T. ) ;
#7407 =( NAMED_UNIT ( * ) PLANE_ANGLE_UNIT ( ) SI_UNIT ( $, .RADIAN. ) );
#7408 = FILL_AREA_STYLE_COLOUR ( '', #4668 ) ;
#7409 = ORIENTED_EDGE ( 'NONE', *, *, #7252, .F. ) ;
#7410 =( NAMED_UNIT ( * ) PLANE_ANGLE_UNIT ( ) SI_UNIT ( $, .RADIAN. ) );
#7411 = SURFACE_STYLE_USAGE ( .BOTH. , #6278 ) ;
#7412 = STYLED_ITEM ( 'NONE', ( #4373 ), #6588 ) ;
#7413 = SURFACE_STYLE_USAGE ( .BOTH. , #4982 ) ;
#7414 = ORIENTED_EDGE ( 'NONE', *, *, #3295, .T. ) ;
#7415 = FILL_AREA_STYLE_COLOUR ( '', #3264 ) ;
#7416 = VERTEX_POINT ( 'NONE', #4507 ) ;
#7417 = VECTOR ( 'NONE', #2270, 1000.000000000000000 ) ;
#7418 = EDGE_CURVE ( 'NONE', #7281, #2866, #5734, .T. ) ;
#7419 = MECHANICAL_DESIGN_GEOMETRIC_PRESENTATION_REPRESENTATION (  '', ( #6422 ), #1796 ) ;
#7420 = PRESENTATION_STYLE_ASSIGNMENT (( #6064 ) ) ;
#7421 =( NAMED_UNIT ( * ) PLANE_ANGLE_UNIT ( ) SI_UNIT ( $, .RADIAN. ) );
#7422 = DIRECTION ( 'NONE',  ( 0.000000000000000000, 0.06268536002193310364, -0.9980333389416009560 ) ) ;
#7423 = CARTESIAN_POINT ( 'NONE',  ( -0.009489140803430932969, -1.349762305869325107, 1.549999999999999822 ) ) ;
#7424 = VECTOR ( 'NONE', #3699, 1000.000000000000000 ) ;
#7425 = VERTEX_POINT ( 'NONE', #486 ) ;
#7426 = CARTESIAN_POINT ( 'NONE',  ( 0.000000000000000000, 1.199999999999999734, 1.649999999999999467 ) ) ;
#7427 = DIRECTION ( 'NONE',  ( 1.000000000000000000, -0.000000000000000000, -0.000000000000000000 ) ) ;
#7428 =( BOUNDED_SURFACE ( )  B_SPLINE_SURFACE ( 3, 2, ( 
 ( #1064, #6354, #5709 ),
 ( #7494, #3461, #5787 ),
 ( #6313, #3352, #4632 ),
 ( #1136, #2821, #5669 ),
 ( #1101, #2857, #3990 ),
 ( #6978, #7524, #6933 ),
 ( #4484, #2207, #5824 ),
 ( #534, #1734, #2247 ),
 ( #2895, #6273, #2280 ),
 ( #4559, #14, #4593 ) ),
 .UNSPECIFIED., .F., .F., .T. ) 
 B_SPLINE_SURFACE_WITH_KNOTS ( ( 4, 2, 2, 2, 4 ),
 ( 3, 3 ),
 ( 0.0003979952809598936970, 0.0006720056495498921050, 0.0009460160181398904588, 0.001220026386729888921, 0.001494036755319887166 ),
 ( 0.000000000000000000, 1.000000000000000000 ),
 .UNSPECIFIED. ) 
 GEOMETRIC_REPRESENTATION_ITEM ( )  RATIONAL_B_SPLINE_SURFACE ( (
 ( 1.000000000000000000, 0.6463748961301957197, 1.000000000000000000),
 ( 1.000000000000000000, 0.7087472819424111004, 1.000000000000000000),
 ( 1.000000000000000000, 0.7506530617551413487, 1.000000000000000000),
 ( 1.000000000000000000, 0.8059282159384398847, 1.000000000000000000),
 ( 1.000000000000000000, 0.8192404023327219953, 1.000000000000000000),
 ( 1.000000000000000000, 0.8192979104083997210, 1.000000000000000000),
 ( 1.000000000000000000, 0.8058642782705637275, 1.000000000000000000),
 ( 1.000000000000000000, 0.7504117710735072055, 1.000000000000000000),
 ( 1.000000000000000000, 0.7085493722546961637, 1.000000000000000000),
 ( 1.000000000000000000, 0.6463748961301957197, 1.000000000000000000) ) ) 
 REPRESENTATION_ITEM ( '' )  SURFACE ( )  );
#7429 = PRESENTATION_STYLE_ASSIGNMENT (( #3333 ) ) ;
#7430 = DIRECTION ( 'NONE',  ( 0.000000000000000000, 1.000000000000000000, -3.794707603699259997E-15 ) ) ;
#7431 = AXIS2_PLACEMENT_3D ( 'NONE', #5672, #1032, #3356 ) ;
#7432 = SURFACE_SIDE_STYLE ('',( #5695 ) ) ;
#7433 = DIRECTION ( 'NONE',  ( -0.000000000000000000, -1.000000000000000000, -0.000000000000000000 ) ) ;
#7434 = ORIENTED_EDGE ( 'NONE', *, *, #6396, .T. ) ;
#7435 =( GEOMETRIC_REPRESENTATION_CONTEXT ( 3 ) GLOBAL_UNCERTAINTY_ASSIGNED_CONTEXT ( ( #6915 ) ) GLOBAL_UNIT_ASSIGNED_CONTEXT ( ( #5848, #6875, #7479 ) ) REPRESENTATION_CONTEXT ( 'NONE', 'WORKASPACE' ) );
#7436 = DIRECTION ( 'NONE',  ( 1.000000000000000000, -0.000000000000000000, -0.000000000000000000 ) ) ;
#7437 = CARTESIAN_POINT ( 'NONE',  ( 0.05000000000000000278, 0.6747223250267422312, 2.000000000000001332 ) ) ;
#7438 = CARTESIAN_POINT ( 'NONE',  ( 0.000000000000000000, -0.7669872981077833218, 2.100000000000000089 ) ) ;
#7439 = DIRECTION ( 'NONE',  ( -0.000000000000000000, 1.000000000000000000, 1.495451272393799296E-16 ) ) ;
#7440 = CARTESIAN_POINT ( 'NONE',  ( 0.05000000000000000278, 1.050000000000000044, 1.549999999999999822 ) ) ;
#7441 = EDGE_CURVE ( 'NONE', #6754, #5157, #6319, .T. ) ;
#7442 = VECTOR ( 'NONE', #5492, 1000.000000000000000 ) ;
#7443 = CARTESIAN_POINT ( 'NONE',  ( 0.05000000000000000278, -1.050000000000000044, 1.549999999999999822 ) ) ;
#7444 = FILL_AREA_STYLE ('',( #5745 ) ) ;
#7445 = ADVANCED_FACE ( 'NONE', ( #6917 ), #5696, .T. ) ;
#7446 = ORIENTED_EDGE ( 'NONE', *, *, #573, .F. ) ;
#7447 = VECTOR ( 'NONE', #899, 1000.000000000000000 ) ;
#7448 = CARTESIAN_POINT ( 'NONE',  ( -0.5899999999999999689, 0.7669872981077828777, -2.000000000000000000 ) ) ;
#7449 = ORIENTED_EDGE ( 'NONE', *, *, #4252, .T. ) ;
#7450 = CARTESIAN_POINT ( 'NONE',  ( -0.6374634273887355151, 1.159808969246015620, 1.557840283594577491 ) ) ;
#7451 = UNCERTAINTY_MEASURE_WITH_UNIT (LENGTH_MEASURE( 1.000000000000000082E-05 ), #4512, 'distance_accuracy_value', 'NONE');
#7452 = CARTESIAN_POINT ( 'NONE',  ( -0.8406803038083927593, -1.804663793605829181, -0.1133489185248345577 ) ) ;
#7453 = ADVANCED_FACE ( 'NONE', ( #1086 ), #6802, .F. ) ;
#7454 = CARTESIAN_POINT ( 'NONE',  ( -1.939999999999999947, -1.599999999999999867, -1.349999999999999201 ) ) ;
#7455 = CARTESIAN_POINT ( 'NONE',  ( -0.5899999999999999689, 1.200000000000000178, -1.550000000000000266 ) ) ;
#7456 =( GEOMETRIC_REPRESENTATION_CONTEXT ( 3 ) GLOBAL_UNCERTAINTY_ASSIGNED_CONTEXT ( ( #4161 ) ) GLOBAL_UNIT_ASSIGNED_CONTEXT ( ( #64, #5725, #5301 ) ) REPRESENTATION_CONTEXT ( 'NONE', 'WORKASPACE' ) );
#7457 = VERTEX_POINT ( 'NONE', #4545 ) ;
#7458 =( LENGTH_UNIT ( ) NAMED_UNIT ( * ) SI_UNIT ( .MILLI., .METRE. ) );
#7459 = VERTEX_POINT ( 'NONE', #2339 ) ;
#7460 = CIRCLE ( 'NONE', #6957, 0.1999999999999998723 ) ;
#7461 = AXIS2_PLACEMENT_3D ( 'NONE', #343, #7368, #3801 ) ;
#7462 = CARTESIAN_POINT ( 'NONE',  ( -1.939999999999999947, -0.7669872981077828777, -2.050000000000001155 ) ) ;
#7463 = STYLED_ITEM ( 'NONE', ( #1557 ), #5531 ) ;
#7464 = AXIS2_PLACEMENT_3D ( 'NONE', #4849, #2586, #5993 ) ;
#7465 = UNCERTAINTY_MEASURE_WITH_UNIT (LENGTH_MEASURE( 1.000000000000000082E-05 ), #1361, 'distance_accuracy_value', 'NONE');
#7466 = DIRECTION ( 'NONE',  ( -1.000000000000000000, 0.000000000000000000, 0.000000000000000000 ) ) ;
#7467 = CARTESIAN_POINT ( 'NONE',  ( -0.04262755976528961183, -1.331097136703024875, 1.549999999999999822 ) ) ;
#7468 = STYLED_ITEM ( 'NONE', ( #2992 ), #6756 ) ;
#7469 = SURFACE_STYLE_FILL_AREA ( #6712 ) ;
#7470 = EDGE_LOOP ( 'NONE', ( #1359, #3243, #5483, #4941 ) ) ;
#7471 = ADVANCED_FACE ( 'NONE', ( #658 ), #5774, .F. ) ;
#7472 = FACE_OUTER_BOUND ( 'NONE', #4385, .T. ) ;
#7473 = CARTESIAN_POINT ( 'NONE',  ( -1.939999999999999947, -1.750000000000000000, 1.349999999999998312 ) ) ;
#7474 = VERTEX_POINT ( 'NONE', #6446 ) ;
#7475 = AXIS2_PLACEMENT_3D ( 'NONE', #6458, #5320, #1818 ) ;
#7476 = EDGE_CURVE ( 'NONE', #5553, #3493, #267, .T. ) ;
#7477 = COLOUR_RGB ( '',0.6666666666666666297, 0.6980392156862744724, 0.7686274509803920907 ) ;
#7478 = PRESENTATION_STYLE_ASSIGNMENT (( #4576 ) ) ;
#7479 =( NAMED_UNIT ( * ) SI_UNIT ( $, .STERADIAN. ) SOLID_ANGLE_UNIT ( ) );
#7480 = EDGE_CURVE ( 'NONE', #5869, #3113, #37, .T. ) ;
#7481 = CARTESIAN_POINT ( 'NONE',  ( -0.5900000000000000799, 2.099999999999999645, -0.04342193307427927307 ) ) ;
#7482 = DIRECTION ( 'NONE',  ( 0.000000000000000000, 0.8660254037844407060, -0.4999999999999965583 ) ) ;
#7483 = DIRECTION ( 'NONE',  ( 0.000000000000000000, 0.000000000000000000, -1.000000000000000000 ) ) ;
#7484 = VERTEX_POINT ( 'NONE', #1681 ) ;
#7485 = CARTESIAN_POINT ( 'NONE',  ( 0.000000000000000000, -1.259682900725930921, 1.626170748967327384 ) ) ;
#7486 = CARTESIAN_POINT ( 'NONE',  ( -0.000000000000000000, -1.250619312171704856, 1.593859570119408486 ) ) ;
#7487 = DIRECTION ( 'NONE',  ( 0.000000000000000000, 0.000000000000000000, -1.000000000000000000 ) ) ;
#7488 = FACE_OUTER_BOUND ( 'NONE', #3988, .T. ) ;
#7489 = CARTESIAN_POINT ( 'NONE',  ( -9.159660112896642225E-19, 1.250068615027515539, 1.549999999999999822 ) ) ;
#7490 = DIRECTION ( 'NONE',  ( 1.000000000000000000, 0.000000000000000000, 0.000000000000000000 ) ) ;
#7491 = LINE ( 'NONE', #12, #4560 ) ;
#7492 = MECHANICAL_DESIGN_GEOMETRIC_PRESENTATION_REPRESENTATION (  '', ( #4906 ), #883 ) ;
#7493 = EDGE_LOOP ( 'NONE', ( #1530, #4067, #2786, #2166 ) ) ;
#7494 = CARTESIAN_POINT ( 'NONE',  ( -1.315340249733749189, -1.681810481936861335, 0.4102622767046795182 ) ) ;
#7495 = EDGE_CURVE ( 'NONE', #4961, #7474, #1683, .T. ) ;
#7496 = EDGE_LOOP ( 'NONE', ( #5619, #1642, #139, #3809 ) ) ;
#7497 = CARTESIAN_POINT ( 'NONE',  ( 0.000000000000000000, -1.300000000000000044, 1.659689717982965051 ) ) ;
#7498 =( LENGTH_UNIT ( ) NAMED_UNIT ( * ) SI_UNIT ( .MILLI., .METRE. ) );
#7499 = PRESENTATION_LAYER_ASSIGNMENT (  '', '', ( #6857 ) ) ;
#7500 = ORIENTED_EDGE ( 'NONE', *, *, #3428, .F. ) ;
#7501 = ORIENTED_EDGE ( 'NONE', *, *, #5067, .T. ) ;
#7502 = DIRECTION ( 'NONE',  ( -1.000000000000000000, -0.000000000000000000, -0.000000000000000000 ) ) ;
#7503 = SURFACE_SIDE_STYLE ('',( #1707 ) ) ;
#7504 = CARTESIAN_POINT ( 'NONE',  ( -1.489999999999999991, 0.000000000000000000, 0.000000000000000000 ) ) ;
#7505 = EDGE_CURVE ( 'NONE', #4442, #1906, #146, .T. ) ;
#7506 = DIRECTION ( 'NONE',  ( 0.000000000000000000, 1.000000000000000000, 0.000000000000000000 ) ) ;
#7507 = ORIENTED_EDGE ( 'NONE', *, *, #5550, .T. ) ;
#7508 = CARTESIAN_POINT ( 'NONE',  ( -0.5899999999999999689, 2.099999999999999645, -1.450000000000000178 ) ) ;
#7509 = ORIENTED_EDGE ( 'NONE', *, *, #2567, .T. ) ;
#7510 = DIRECTION ( 'NONE',  ( 0.000000000000000000, 0.000000000000000000, 1.000000000000000000 ) ) ;
#7511 = CARTESIAN_POINT ( 'NONE',  ( -1.889999999999999902, 0.8535898384862273813, -2.050000000000000711 ) ) ;
#7512 =( NAMED_UNIT ( * ) SI_UNIT ( $, .STERADIAN. ) SOLID_ANGLE_UNIT ( ) );
#7513 = CYLINDRICAL_SURFACE ( 'NONE', #2578, 0.05000000000000002359 ) ;
#7514 = ORIENTED_EDGE ( 'NONE', *, *, #5764, .T. ) ;
#7515 = PRESENTATION_LAYER_ASSIGNMENT (  '', '', ( #88 ) ) ;
#7516 = DIRECTION ( 'NONE',  ( -1.000000000000000000, 0.000000000000000000, 0.000000000000000000 ) ) ;
#7517 = FILL_AREA_STYLE ('',( #2850 ) ) ;
#7518 = FILL_AREA_STYLE ('',( #7008 ) ) ;
#7519 = CARTESIAN_POINT ( 'NONE',  ( 0.007236069280362882571, 1.349170795001607859, 1.549999999999999822 ) ) ;
#7520 = CARTESIAN_POINT ( 'NONE',  ( 0.000000000000000000, -2.000000000000000888, -1.399999999999998579 ) ) ;
#7521 = SURFACE_STYLE_USAGE ( .BOTH. , #5170 ) ;
#7522 = PRESENTATION_LAYER_ASSIGNMENT (  '', '', ( #3239 ) ) ;
#7523 = SURFACE_SIDE_STYLE ('',( #4520 ) ) ;
#7524 = CARTESIAN_POINT ( 'NONE',  ( -1.438321722290228255, -1.708626404447719738, -0.08462461926401884660 ) ) ;
#7525 = DIRECTION ( 'NONE',  ( 0.000000000000000000, 0.8660254037844412611, 0.4999999999999955591 ) ) ;
#7526 = VERTEX_POINT ( 'NONE', #556 ) ;
#7527 = CARTESIAN_POINT ( 'NONE',  ( -0.6330644189661074339, 1.113397459621555674, 1.599999999999999867 ) ) ;
#7528 = UNCERTAINTY_MEASURE_WITH_UNIT (LENGTH_MEASURE( 1.000000000000000082E-05 ), #4431, 'distance_accuracy_value', 'NONE');
#7529 =( NAMED_UNIT ( * ) PLANE_ANGLE_UNIT ( ) SI_UNIT ( $, .RADIAN. ) );
#7530 =( LENGTH_UNIT ( ) NAMED_UNIT ( * ) SI_UNIT ( .MILLI., .METRE. ) );
#7531 =( GEOMETRIC_REPRESENTATION_CONTEXT ( 3 ) GLOBAL_UNCERTAINTY_ASSIGNED_CONTEXT ( ( #6494 ) ) GLOBAL_UNIT_ASSIGNED_CONTEXT ( ( #3293, #7354, #2727 ) ) REPRESENTATION_CONTEXT ( 'NONE', 'WORKASPACE' ) );
#7532 = ORIENTED_EDGE ( 'NONE', *, *, #6840, .T. ) ;
#7533 = LINE ( 'NONE', #4072, #5775 ) ;
#7534 = EDGE_LOOP ( 'NONE', ( #4386, #3134, #3826, #5308, #1834, #6321, #4525, #653, #3960, #4617, #726, #2138, #2662, #4367, #179, #125, #6762, #5719, #1482, #3145, #2174, #5826, #481, #1108 ) ) ;
#7535 =( GEOMETRIC_REPRESENTATION_CONTEXT ( 3 ) GLOBAL_UNCERTAINTY_ASSIGNED_CONTEXT ( ( #1789 ) ) GLOBAL_UNIT_ASSIGNED_CONTEXT ( ( #4032, #5214, #6390 ) ) REPRESENTATION_CONTEXT ( 'NONE', 'WORKASPACE' ) );
#7536 = STYLED_ITEM ( 'NONE', ( #5989 ), #533 ) ;
#7537 = CARTESIAN_POINT ( 'NONE',  ( -0.8406803038083915380, -0.07556594568320706973, 1.807036899956953935 ) ) ;
#7538 = DIRECTION ( 'NONE',  ( 0.000000000000000000, 0.000000000000000000, -1.000000000000000000 ) ) ;
#7539 = EDGE_CURVE ( 'NONE', #1946, #2598, #2303, .T. ) ;
#7540 = SURFACE_STYLE_FILL_AREA ( #5265 ) ;
#7541 = DIRECTION ( 'NONE',  ( -1.000000000000000000, 0.000000000000000000, 0.000000000000000000 ) ) ;
#7542 = VECTOR ( 'NONE', #1423, 1000.000000000000000 ) ;
#7543 = VERTEX_POINT ( 'NONE', #5955 ) ;
#7544 = CARTESIAN_POINT ( 'NONE',  ( -1.939999999999999947, 0.8102885682970052406, 2.025000000000000355 ) ) ;
#7545 = DIRECTION ( 'NONE',  ( -0.000000000000000000, -1.000000000000000000, -8.131516293641289172E-16 ) ) ;
#7546 = AXIS2_PLACEMENT_3D ( 'NONE', #4244, #1847, #4779 ) ;
#7547 = EDGE_CURVE ( 'NONE', #2622, #5812, #1415, .T. ) ;
#7548 = EDGE_CURVE ( 'NONE', #5462, #1445, #5224, .T. ) ;
#7549 = AXIS2_PLACEMENT_3D ( 'NONE', #7021, #2869, #611 ) ;
#7550 = CARTESIAN_POINT ( 'NONE',  ( -0.02746159541525728179, 1.256329064196724188, 1.549999999999999822 ) ) ;
#7551 = DIRECTION ( 'NONE',  ( 0.000000000000000000, 0.000000000000000000, -1.000000000000000000 ) ) ;
#7552 = DIRECTION ( 'NONE',  ( 0.000000000000000000, 0.000000000000000000, -1.000000000000000000 ) ) ;
#7553 = COLOUR_RGB ( '',0.1098039215686274495, 0.1098039215686274495, 0.1098039215686274495 ) ;
#7554 = UNCERTAINTY_MEASURE_WITH_UNIT (LENGTH_MEASURE( 1.000000000000000082E-05 ), #5494, 'distance_accuracy_value', 'NONE');
#7555 = PRESENTATION_STYLE_ASSIGNMENT (( #4049 ) ) ;
#7556 = CARTESIAN_POINT ( 'NONE',  ( -0.6349882762469161168, -1.171997532311540358, 1.553581456212336454 ) ) ;
#7557 = MECHANICAL_DESIGN_GEOMETRIC_PRESENTATION_REPRESENTATION (  '', ( #704 ), #2904 ) ;
#7558 = ORIENTED_EDGE ( 'NONE', *, *, #2430, .F. ) ;
#7559 = LINE ( 'NONE', #7003, #3767 ) ;
ENDSEC;
END-ISO-10303-21;
